node_id,label,kind,in_corpus,modularity_class,year,cited_by_within_corpus,references_made,primary_topic,source,type,subfield,field,domain,doi
W2184854514,The Sonification Handbook,publication,True,6,2011.0,183,27,Hearing Loss and Rehabilitation,,book,Cognitive Neuroscience,Neuroscience,Life Sciences,
W9119819,An introduction to interactive sonification,publication,True,6,2005.0,19,4,Music Technology and Sound Studies,Journal of Biomechanics,article,Computer Vision and Pattern Recognition,Computer Science,Physical Sciences,https://doi.org/10.1016/s0021-9290(96)00147-9
W35899286,W35899286,reference_only,False,0,,3,0,,,,,,,
W1499933681,An introduction to auditory display,publication,True,1,1994.0,58,0,Tactile and Sensory Interactions,Medical Entomology and Zoology,article,Cognitive Neuroscience,Neuroscience,Life Sciences,
W1549940068,W1549940068,reference_only,False,1,,12,0,,,,,,,
W1565485882,W1565485882,reference_only,False,0,,2,0,,,,,,,
W1577214156,W1577214156,reference_only,False,0,,4,0,,,,,,,
W1577234506,W1577234506,reference_only,False,6,,4,0,,,,,,,
W1584263795,A comparision of audio & visual analysis of complex time-series data sets,publication,True,6,2005.0,6,11,Music Technology and Sound Studies,,article,Computer Vision and Pattern Recognition,Computer Science,Physical Sciences,
W1593337933,W1593337933,reference_only,False,6,,18,0,,,,,,,
W1596196963,Sonification for Exploratory Data Analysis,publication,True,6,2002.0,33,0,Music and Audio Processing,PUB – Publications at Bielefeld University (Bielefeld University),dissertation,Signal Processing,Computer Science,Physical Sciences,
W1599105370,W1599105370,reference_only,False,6,,9,0,,,,,,,
W1633004679,W1633004679,reference_only,False,6,,5,0,,,,,,,
W1837978202,W1837978202,reference_only,False,6,,9,0,,,,,,,
W1964538581,W1964538581,reference_only,False,1,,50,0,,,,,,,
W2030402194,W2030402194,reference_only,False,1,,6,0,,,,,,,
W2037001540,"Auditory Display: Sonification, Audification, and Auditory Interfaces",publication,True,19,1995.0,149,0,Music Technology and Sound Studies,Computer Music Journal,article,Computer Vision and Pattern Recognition,Computer Science,Physical Sciences,https://doi.org/10.2307/3680606
W2054745332,Data sonification: do you see what I hear?,publication,True,0,1995.0,5,5,Tactile and Sensory Interactions,IEEE Software,article,Cognitive Neuroscience,Neuroscience,Life Sciences,https://doi.org/10.1109/52.368264
W2059929791,W2059929791,reference_only,False,8,,5,0,,,,,,,
W2097327863,Finding Trading Patterns in Stock Market Data,publication,True,1,2004.0,9,11,Virtual Reality Applications and Impacts,IEEE Computer Graphics and Applications,article,Human-Computer Interaction,Computer Science,Physical Sciences,https://doi.org/10.1109/mcg.2004.28
W2116428736,W2116428736,reference_only,False,6,,2,0,,,,,,,
W2118320651,W2118320651,reference_only,False,0,,8,0,,,,,,,
W2122848099,Easy listening to sleep recordings: tools and examples,publication,True,0,2004.0,11,2,EEG and Brain-Computer Interfaces,Sleep Medicine,article,Cognitive Neuroscience,Neuroscience,Life Sciences,https://doi.org/10.1016/j.sleep.2004.07.010
W2482049660,Ecolological Psychoacoustics and Auditory Displays,publication,True,1,2004.0,5,68,Multisensory perception and integration,Elsevier eBooks,book-chapter,Experimental and Cognitive Psychology,Psychology,Social Sciences,https://doi.org/10.1016/b978-012515851-0/50007-2
W2556247670,W2556247670,reference_only,False,3,,2,0,,,,,,,
W2564720963,W2564720963,reference_only,False,6,,4,0,,,,,,,
W2913521326,Using sonification,publication,True,19,1999.0,55,10,Tactile and Sensory Interactions,Multimedia Systems,article,Cognitive Neuroscience,Neuroscience,Life Sciences,https://doi.org/10.1007/s005300050108
W3015699726,W3015699726,reference_only,False,6,,3,0,,,,,,,
W2139598342,SONIFICATION SANDBOX: A GRAPHICAL TOOLKIT FOR AUDITORY GRAPHS,publication,True,1,2003.0,32,6,Tactile and Sensory Interactions,,article,Cognitive Neuroscience,Neuroscience,Life Sciences,
W50688157,W50688157,reference_only,False,1,,9,0,,,,,,,
W59450186,W59450186,reference_only,False,1,,7,0,,,,,,,
W1272508706,W1272508706,reference_only,False,1,,9,0,,,,,,,
W2091784785,Magnitude estimation of conceptual data dimensions for use in sonification.,publication,True,1,2002.0,46,71,Tactile and Sensory Interactions,Journal of Experimental Psychology Applied,article,Cognitive Neuroscience,Neuroscience,Life Sciences,https://doi.org/10.1037//1076-898x.8.4.211
W2153314286,PSYCHOPHYSICAL SCALING OF SONIFICATION MAPPINGS: A COMPARISION OF VISUALLY IMPAIRED AND SIGHTED LISTENERS,publication,True,1,2001.0,19,10,Tactile and Sensory Interactions,,article,Cognitive Neuroscience,Neuroscience,Life Sciences,
W2282832571,W2282832571,reference_only,False,1,,6,0,,,,,,,
W1963987467,Observation of sonified movements engages a basal ganglia frontocortical network,publication,True,35,2013.0,33,44,Tactile and Sensory Interactions,BMC Neuroscience,article,Cognitive Neuroscience,Neuroscience,Life Sciences,https://doi.org/10.1186/1471-2202-14-32
W324445496,W324445496,reference_only,False,35,,7,0,,,,,,,
W624465380,W624465380,reference_only,False,6,,41,0,,,,,,,
W1508978536,W1508978536,reference_only,False,3,,4,0,,,,,,,
W1763512962,W1763512962,reference_only,False,35,,2,0,,,,,,,
W1965859210,W1965859210,reference_only,False,35,,15,0,,,,,,,
W1966714841,W1966714841,reference_only,False,35,,4,0,,,,,,,
W1969824733,W1969824733,reference_only,False,35,,2,0,,,,,,,
W1985825333,W1985825333,reference_only,False,35,,7,0,,,,,,,
W1989249702,W1989249702,reference_only,False,35,,3,0,,,,,,,
W2000917789,W2000917789,reference_only,False,35,,2,0,,,,,,,
W2001461756,Movement Sonification: Effects on Perception and Action,publication,True,35,2005.0,70,23,Multisensory perception and integration,IEEE Multimedia,article,Experimental and Cognitive Psychology,Psychology,Social Sciences,https://doi.org/10.1109/mmul.2005.31
W2003696225,W2003696225,reference_only,False,35,,3,0,,,,,,,
W2007428019,W2007428019,reference_only,False,35,,4,0,,,,,,,
W2016740912,W2016740912,reference_only,False,35,,3,0,,,,,,,
W2018294866,W2018294866,reference_only,False,35,,2,0,,,,,,,
W2021446056,Multimodal motion processing in area V5/MT: Evidence from an artificial class of audio-visual events,publication,True,35,2008.0,16,30,Multisensory perception and integration,Brain Research,article,Experimental and Cognitive Psychology,Psychology,Social Sciences,https://doi.org/10.1016/j.brainres.2008.10.067
W2032635843,W2032635843,reference_only,False,35,,16,0,,,,,,,
W2035979817,W2035979817,reference_only,False,35,,2,0,,,,,,,
W2036959900,W2036959900,reference_only,False,0,,2,0,,,,,,,
W2060618445,W2060618445,reference_only,False,0,,2,0,,,,,,,
W2071511860,W2071511860,reference_only,False,35,,11,0,,,,,,,
W2075243918,W2075243918,reference_only,False,26,,2,0,,,,,,,
W2086420066,W2086420066,reference_only,False,35,,4,0,,,,,,,
W2087586617,W2087586617,reference_only,False,35,,3,0,,,,,,,
W2092384978,W2092384978,reference_only,False,35,,7,0,,,,,,,
W2097481326,W2097481326,reference_only,False,35,,10,0,,,,,,,
W2098395732,THE SOUND OF ONE ARM SWINGING: A MODEL FOR MULTIDIMENSIONAL AUDITORY DISPLAY OF PHYSICAL MOTION,publication,True,35,2006.0,11,3,Music Technology and Sound Studies,,article,Computer Vision and Pattern Recognition,Computer Science,Physical Sciences,
W2105927585,W2105927585,reference_only,False,35,,2,0,,,,,,,
W2110189908,W2110189908,reference_only,False,35,,4,0,,,,,,,
W2110235231,W2110235231,reference_only,False,35,,11,0,,,,,,,
W2111754927,W2111754927,reference_only,False,35,,4,0,,,,,,,
W2120019338,W2120019338,reference_only,False,35,,2,0,,,,,,,
W2129409783,W2129409783,reference_only,False,35,,3,0,,,,,,,
W2138346266,W2138346266,reference_only,False,35,,2,0,,,,,,,
W2140354221,W2140354221,reference_only,False,35,,15,0,,,,,,,
W2146449656,W2146449656,reference_only,False,35,,5,0,,,,,,,
W2146881061,W2146881061,reference_only,False,35,,2,0,,,,,,,
W2147910317,W2147910317,reference_only,False,35,,2,0,,,,,,,
W2163266267,W2163266267,reference_only,False,35,,2,0,,,,,,,
W2163727435,W2163727435,reference_only,False,35,,2,0,,,,,,,
W2170183406,W2170183406,reference_only,False,35,,4,0,,,,,,,
W2497667219,W2497667219,reference_only,False,35,,2,0,,,,,,,
W2771677576,W2771677576,reference_only,False,35,,12,0,,,,,,,
W2912596165,Auditory displays,publication,True,6,2001.0,27,0,Tactile and Sensory Interactions,,book,Cognitive Neuroscience,Neuroscience,Life Sciences,
W2017967298,Navigation System for the Blind: Auditory Display Modes and Guidance,publication,True,8,1998.0,19,24,Tactile and Sensory Interactions,PRESENCE Virtual and Augmented Reality,article,Cognitive Neuroscience,Neuroscience,Life Sciences,https://doi.org/10.1162/105474698565677
W12181516,W12181516,reference_only,False,8,,4,0,,,,,,,
W1480195359,W1480195359,reference_only,False,8,,5,0,,,,,,,
W1499158096,W1499158096,reference_only,False,8,,10,0,,,,,,,
W1519073454,W1519073454,reference_only,False,8,,8,0,,,,,,,
W1567005570,W1567005570,reference_only,False,8,,2,0,,,,,,,
W1794929904,W1794929904,reference_only,False,8,,17,0,,,,,,,
W1969071914,W1969071914,reference_only,False,8,,4,0,,,,,,,
W1978967446,W1978967446,reference_only,False,8,,7,0,,,,,,,
W1994277068,W1994277068,reference_only,False,8,,2,0,,,,,,,
W1999261091,W1999261091,reference_only,False,8,,6,0,,,,,,,
W2006144938,Localization using nonindividualized head-related transfer functions,publication,True,8,1993.0,50,0,Hearing Loss and Rehabilitation,The Journal of the Acoustical Society of America,article,Cognitive Neuroscience,Neuroscience,Life Sciences,https://doi.org/10.1121/1.407089
W2033278145,W2033278145,reference_only,False,8,,4,0,,,,,,,
W2060234739,W2060234739,reference_only,False,8,,2,0,,,,,,,
W2072813844,W2072813844,reference_only,False,8,,34,0,,,,,,,
W2078990298,W2078990298,reference_only,False,8,,2,0,,,,,,,
W2105974999,W2105974999,reference_only,False,8,,3,0,,,,,,,
W2129901565,W2129901565,reference_only,False,8,,3,0,,,,,,,
W2132791902,W2132791902,reference_only,False,8,,2,0,,,,,,,
W2149819384,W2149819384,reference_only,False,8,,2,0,,,,,,,
W2168989928,W2168989928,reference_only,False,8,,3,0,,,,,,,
W2171137378,W2171137378,reference_only,False,8,,3,0,,,,,,,
W2171834532,W2171834532,reference_only,False,0,,39,0,,,,,,,
W3010566033,W3010566033,reference_only,False,8,,2,0,,,,,,,
W4213129550,W4213129550,reference_only,False,8,,14,0,,,,,,,
W2105118209,Testing the effectiveness of sonified graphs for education: A programmatic research project,publication,True,1,2001.0,25,13,Tactile and Sensory Interactions,,article,Cognitive Neuroscience,Neuroscience,Life Sciences,
W72858213,W72858213,reference_only,False,1,,3,0,,,,,,,
W77612647,W77612647,reference_only,False,1,,2,0,,,,,,,
W1661994657,W1661994657,reference_only,False,1,,2,0,,,,,,,
W1972170794,W1972170794,reference_only,False,1,,2,0,,,,,,,
W1980561265,Musical versus Visual Graphs: Cross-Modal Equivalence in Perception of Time Series Data,publication,True,1,1995.0,28,8,Music and Audio Processing,Human Factors The Journal of the Human Factors and Ergonomics Society,article,Signal Processing,Computer Science,Physical Sciences,https://doi.org/10.1518/001872095779049264
W1981231610,W1981231610,reference_only,False,1,,7,0,,,,,,,
W2012487898,W2012487898,reference_only,False,1,,5,0,,,,,,,
W2035010057,W2035010057,reference_only,False,1,,4,0,,,,,,,
W2086919225,W2086919225,reference_only,False,1,,3,0,,,,,,,
W2111197100,W2111197100,reference_only,False,1,,40,0,,,,,,,
W2128940305,W2128940305,reference_only,False,6,,15,0,,,,,,,
W2155635068,W2155635068,reference_only,False,1,,12,0,,,,,,,
W3010796970,W3010796970,reference_only,False,1,,4,0,,,,,,,
W2041121121,A Systematic Review of Mapping Strategies for the Sonification of Physical Quantities,publication,True,0,2013.0,97,179,Tactile and Sensory Interactions,PLoS ONE,review,Cognitive Neuroscience,Neuroscience,Life Sciences,https://doi.org/10.1371/journal.pone.0082491
W7250848,Responsive Sensate Environments: Past and Future Directions,publication,True,1,2005.0,2,7,3D Surveying and Cultural Heritage,,book-chapter,Geology,Earth and Planetary Sciences,Physical Sciences,https://doi.org/10.1007/1-4020-3698-1_34
W10282353,MULTIMODAL CONVERGENT INFORMATION ENHANCES PERCEPTION ACCURACY OF HUMAN MOVEMENT PATTERNS,publication,True,35,2001.0,4,1,Multisensory perception and integration,Medical economics,article,Experimental and Cognitive Psychology,Psychology,Social Sciences,
W12144851,The sonification of EMG data,publication,True,6,2006.0,11,4,EEG and Brain-Computer Interfaces,International Conference on Auditory Display,article,Cognitive Neuroscience,Neuroscience,Life Sciences,https://doi.org/10.1016/s0006-8993(02)02904-9
W45011409,W45011409,reference_only,False,1,,14,0,,,,,,,
W51043520,W51043520,reference_only,False,0,,6,0,,,,,,,
W69473232,Improving Running Mechanics by Use of Interactive Sonification,publication,True,35,2010.0,11,3,Music Technology and Sound Studies,,article,Computer Vision and Pattern Recognition,Computer Science,Physical Sciences,
W81775368,Operating Theatre Patient Monitoring: The Effects of Self Paced Distracter Tasks and Experimental Control on Sonification Evaluations,publication,True,19,2003.0,5,3,Healthcare Technology and Patient Monitoring,,article,Surgery,Medicine,Health Sciences,
W123554387,W123554387,reference_only,False,6,,8,0,,,,,,,
W125391426,W125391426,reference_only,False,3,,3,0,,,,,,,
W130543029,W130543029,reference_only,False,6,,5,0,,,,,,,
W138213906,W138213906,reference_only,False,0,,2,0,,,,,,,
W139777397,W139777397,reference_only,False,6,,15,0,,,,,,,
W167948671,W167948671,reference_only,False,6,,65,0,,,,,,,
W187194956,Model-based Target Sonification on Mobile Devices,publication,True,1,2004.0,3,8,Tactile and Sensory Interactions,,article,Cognitive Neuroscience,Neuroscience,Life Sciences,
W322246522,W322246522,reference_only,False,1,,9,0,,,,,,,
W354426099,W354426099,reference_only,False,35,,6,0,,,,,,,
W392012835,W392012835,reference_only,False,0,,11,0,,,,,,,
W778850012,W778850012,reference_only,False,0,,4,0,,,,,,,
W989926022,W989926022,reference_only,False,0,,2,0,,,,,,,
W1482297266,W1482297266,reference_only,False,0,,10,0,,,,,,,
W1500008800,Ecological Interface Design for Anaesthesia Monitoring,publication,True,19,2000.0,5,17,Healthcare Technology and Patient Monitoring,AJIS. Australasian journal of information systems/AJIS. Australian journal of information systems/Australian journal of information systems,article,Surgery,Medicine,Health Sciences,https://doi.org/10.3127/ajis.v7i2.268
W1502818505,W1502818505,reference_only,False,0,,15,0,,,,,,,
W1517677814,W1517677814,reference_only,False,35,,7,0,,,,,,,
W1518770379,W1518770379,reference_only,False,19,,8,0,,,,,,,
W1522070413,W1522070413,reference_only,False,6,,9,0,,,,,,,
W1526642635,W1526642635,reference_only,False,0,,6,0,,,,,,,
W1532335443,Sonification Abstraite/Sonification Concrète: An 'Aesthetic Perspective Space' for Classifying Auditory Displays in the Ars Musica Domain,publication,True,5,2013.0,18,17,Tactile and Sensory Interactions,arXiv (Cornell University),preprint,Cognitive Neuroscience,Neuroscience,Life Sciences,https://doi.org/10.48550/arxiv.1311.5426
W1533878625,W1533878625,reference_only,False,0,,10,0,,,,,,,
W1548228647,W1548228647,reference_only,False,0,,2,0,,,,,,,
W1548659396,W1548659396,reference_only,False,0,,3,0,,,,,,,
W1556530441,W1556530441,reference_only,False,1,,13,0,,,,,,,
W1559415583,W1559415583,reference_only,False,0,,2,0,,,,,,,
W1560144794,W1560144794,reference_only,False,6,,37,0,,,,,,,
W1567878530,W1567878530,reference_only,False,35,,7,0,,,,,,,
W1574709763,W1574709763,reference_only,False,0,,2,0,,,,,,,
W1578069008,W1578069008,reference_only,False,26,,3,0,,,,,,,
W1594450222,Sonification of Physical Quantities Throughout History: A Meta-Study of Previous Mapping Strategies,publication,True,0,2011.0,6,57,Multisensory perception and integration,,article,Experimental and Cognitive Psychology,Psychology,Social Sciences,
W1608651402,W1608651402,reference_only,False,0,,6,0,,,,,,,
W1628342349,W1628342349,reference_only,False,0,,5,0,,,,,,,
W1773282827,W1773282827,reference_only,False,31,,2,0,,,,,,,
W1845062044,W1845062044,reference_only,False,0,,6,0,,,,,,,
W1895567927,W1895567927,reference_only,False,35,,5,0,,,,,,,
W1965695790,The effects of ambient music on simulated anaesthesia monitoring,publication,True,19,2005.0,4,10,Music Therapy and Health,Anaesthesia,article,Social Psychology,Psychology,Social Sciences,https://doi.org/10.1111/j.1365-2044.2005.04377.x
W1966146251,W1966146251,reference_only,False,26,,7,0,,,,,,,
W1968258124,W1968258124,reference_only,False,0,,3,0,,,,,,,
W1970028090,Using Sound to Represent Positional Accuracy of Address Locations,publication,True,0,2010.0,6,14,Geographic Information Systems Studies,The Cartographic Journal,article,"Geography, Planning and Development",Social Sciences,Social Sciences,https://doi.org/10.1179/000870410x12911302296833
W1971713402,Cosmic ray sonification: the COSMOPHONE,publication,True,0,2011.0,2,4,Experimental and Theoretical Physics Studies,AI & Society,article,Statistical and Nonlinear Physics,Physics and Astronomy,Physical Sciences,https://doi.org/10.1007/s00146-011-0353-3
W1974170079,W1974170079,reference_only,False,0,,19,0,,,,,,,
W1981060864,Aesthetic strategies in sonification,publication,True,6,2011.0,11,18,Multisensory perception and integration,AI & Society,article,Experimental and Cognitive Psychology,Psychology,Social Sciences,https://doi.org/10.1007/s00146-011-0341-7
W1983218966,W1983218966,reference_only,False,0,,5,0,,,,,,,
W1985326748,W1985326748,reference_only,False,0,,3,0,,,,,,,
W1986365965,W1986365965,reference_only,False,0,,2,0,,,,,,,
W1991849198,Parametric Orchestral Sonification of EEG in Real Time,publication,True,0,2005.0,17,7,EEG and Brain-Computer Interfaces,IEEE Multimedia,article,Cognitive Neuroscience,Neuroscience,Life Sciences,https://doi.org/10.1109/mmul.2005.36
W2003840516,Consistency of magnitude estimations with conceptual data dimensions used for sonification,publication,True,1,2006.0,22,46,Neuroscience and Music Perception,Applied Cognitive Psychology,article,Cognitive Neuroscience,Neuroscience,Life Sciences,https://doi.org/10.1002/acp.1291
W2005732487,W2005732487,reference_only,False,0,,2,0,,,,,,,
W2009198914,Designing for Attention With Sound: Challenges and Extensions to Ecological Interface Design,publication,True,19,2007.0,25,64,Healthcare Technology and Patient Monitoring,Human Factors The Journal of the Human Factors and Ergonomics Society,article,Surgery,Medicine,Health Sciences,https://doi.org/10.1518/001872007x312531
W2012297616,A multi-sensory system for the investigation of geoscientific data,publication,True,0,2002.0,3,7,Underwater Acoustics Research,Computers & Graphics,article,Oceanography,Earth and Planetary Sciences,Physical Sciences,https://doi.org/10.1016/s0097-8493(02)00057-2
W2015833509,Interactive Sonification of Choropleth Maps,publication,True,1,2005.0,8,17,Tactile and Sensory Interactions,IEEE Multimedia,article,Cognitive Neuroscience,Neuroscience,Life Sciences,https://doi.org/10.1109/mmul.2005.28
W2018072651,W2018072651,reference_only,False,0,,2,0,,,,,,,
W2019065296,Interactive sonification of complex data,publication,True,6,2009.0,17,29,Tactile and Sensory Interactions,International Journal of Human-Computer Studies,article,Cognitive Neuroscience,Neuroscience,Life Sciences,https://doi.org/10.1016/j.ijhcs.2009.05.006
W2023683162,Energetic assessment of trunk postural modifications induced by a wearable audio-biofeedback system,publication,True,35,2008.0,3,9,"Balance, Gait, and Falls Prevention",Medical Engineering & Physics,article,"Physical Therapy, Sports Therapy and Rehabilitation",Health Professions,Health Sciences,https://doi.org/10.1016/j.medengphy.2008.04.004
W2027078638,W2027078638,reference_only,False,26,,4,0,,,,,,,
W2027740961,W2027740961,reference_only,False,35,,5,0,,,,,,,
W2029747681,W2029747681,reference_only,False,3,,8,0,,,,,,,
W2032337854,W2032337854,reference_only,False,1,,41,0,,,,,,,
W2033190454,W2033190454,reference_only,False,0,,18,0,,,,,,,
W2033823570,W2033823570,reference_only,False,3,,2,0,,,,,,,
W2040020508,W2040020508,reference_only,False,26,,4,0,,,,,,,
W2045094646,Guest Editors' Introduction: An Introduction to Interactive Sonification,publication,True,6,2005.0,34,12,Tactile and Sensory Interactions,IEEE Multimedia,editorial,Cognitive Neuroscience,Neuroscience,Life Sciences,https://doi.org/10.1109/mmul.2005.26
W2048443216,Audification and sonification of texture in images,publication,True,0,2001.0,7,18,Tactile and Sensory Interactions,Journal of Electronic Imaging,article,Cognitive Neuroscience,Neuroscience,Life Sciences,https://doi.org/10.1117/1.1382811
W2048548910,Visual and auditory attention in patient monitoring: a formative analysis,publication,True,19,2004.0,10,18,Healthcare Technology and Patient Monitoring,Cognition Technology & Work,article,Surgery,Medicine,Health Sciences,https://doi.org/10.1007/s10111-004-0159-x
W2048681895,W2048681895,reference_only,False,1,,3,0,,,,,,,
W2052270675,W2052270675,reference_only,False,1,,34,0,,,,,,,
W2052698845,Interactive sonification of synchronisation of motoric behaviour in social active listening to music with mobile devices,publication,True,3,2011.0,9,26,Neuroscience and Music Perception,Journal on Multimodal User Interfaces,article,Cognitive Neuroscience,Neuroscience,Life Sciences,https://doi.org/10.1007/s12193-011-0079-z
W2058543238,W2058543238,reference_only,False,35,,61,0,,,,,,,
W2059075385,W2059075385,reference_only,False,1,,56,0,,,,,,,
W2060205462,W2060205462,reference_only,False,0,,5,0,,,,,,,
W2061655543,W2061655543,reference_only,False,1,,3,0,,,,,,,
W2064678494,Sonification of optical coherence tomography data and images,publication,True,0,2010.0,8,15,Optical Coherence Tomography Applications,Optics Express,article,Biomedical Engineering,Engineering,Physical Sciences,https://doi.org/10.1364/oe.18.009934
W2065038452,W2065038452,reference_only,False,26,,2,0,,,,,,,
W2065932508,W2065932508,reference_only,False,0,,4,0,,,,,,,
W2066179714,Perceptualization of biomedical data. An experimental environment for visualization and sonification of brain electrical activity,publication,True,0,1999.0,7,13,Tactile and Sensory Interactions,IEEE Engineering in Medicine and Biology Magazine,article,Cognitive Neuroscience,Neuroscience,Life Sciences,https://doi.org/10.1109/51.740964
W2067083952,Data Sonification for Users with Visual Impairment,publication,True,1,2008.0,15,34,Tactile and Sensory Interactions,ACM Transactions on Computer-Human Interaction,article,Cognitive Neuroscience,Neuroscience,Life Sciences,https://doi.org/10.1145/1352782.1352786
W2069430629,Transforming 3D Coloured Pixels into Musical Instrument Notes for Vision Substitution Applications,publication,True,26,2007.0,4,11,Tactile and Sensory Interactions,EURASIP Journal on Image and Video Processing,article,Cognitive Neuroscience,Neuroscience,Life Sciences,https://doi.org/10.1155/2007/76204
W2069882806,W2069882806,reference_only,False,0,,2,0,,,,,,,
W2071097422,Using sound to represent spatial data in ArcGIS,publication,True,0,2011.0,3,21,Geographic Information Systems Studies,Computers & Geosciences,article,"Geography, Planning and Development",Social Sciences,Social Sciences,https://doi.org/10.1016/j.cageo.2011.12.001
W2076691609,Event-based sonification of EEG rhythms in real time,publication,True,0,2007.0,24,12,Tactile and Sensory Interactions,Clinical Neurophysiology,article,Cognitive Neuroscience,Neuroscience,Life Sciences,https://doi.org/10.1016/j.clinph.2007.01.025
W2077288294,Toward local and global perception modules for vision substitution,publication,True,26,2010.0,2,26,Neuroscience and Neural Engineering,Neurocomputing,article,Cellular and Molecular Neuroscience,Neuroscience,Life Sciences,https://doi.org/10.1016/j.neucom.2010.07.022
W2077424377,W2077424377,reference_only,False,26,,9,0,,,,,,,
W2088955376,An overview of auditory display to assist comprehension of molecular information,publication,True,14,2006.0,9,42,Visual and Cognitive Learning Processes,Interacting with Computers,article,Experimental and Cognitive Psychology,Psychology,Social Sciences,https://doi.org/10.1016/j.intcom.2005.12.001
W2089441678,W2089441678,reference_only,False,26,,14,0,,,,,,,
W2094759809,W2094759809,reference_only,False,6,,2,0,,,,,,,
W2095929735,Sonification Supports Eyes-Free Respiratory Monitoring and Task Time-Sharing,publication,True,19,2004.0,43,36,Healthcare Technology and Patient Monitoring,Human Factors The Journal of the Human Factors and Ergonomics Society,article,Surgery,Medicine,Health Sciences,https://doi.org/10.1518/hfes.46.3.497.50401
W2096046604,W2096046604,reference_only,False,26,,6,0,,,,,,,
W2104391745,Neural gas sonification - growing adaptive interfaces for interacting with data,publication,True,6,2004.0,2,4,Neural Networks and Applications,,article,Artificial Intelligence,Computer Science,Physical Sciences,https://doi.org/10.1109/iv.2004.103
W2104617690,Universal Design of Auditory Graphs,publication,True,1,2010.0,19,28,Tactile and Sensory Interactions,ACM Transactions on Accessible Computing,article,Cognitive Neuroscience,Neuroscience,Life Sciences,https://doi.org/10.1145/1714458.1714459
W2111473917,W2111473917,reference_only,False,35,,4,0,,,,,,,
W2114095739,W2114095739,reference_only,False,35,,5,0,,,,,,,
W2114683697,USING SOUND TO REPRESENT UNCERTAINTY IN FUTURE CLIMATE PROJECTIONS FOR THE UNITED KINGDOM,publication,True,0,2011.0,5,10,Noise Effects and Management,,article,Speech and Hearing,Health Professions,Health Sciences,
W2116326246,W2116326246,reference_only,False,6,,4,0,,,,,,,
W2116570970,W2116570970,reference_only,False,0,,2,0,,,,,,,
W2117820411,Improving the Aesthetic Quality of Realtime Motion Data Sonification,publication,True,3,2007.0,5,4,Human Motion and Animation,,article,Control and Systems Engineering,Engineering,Physical Sciences,
W2118847155,Sonification of range information for 3-D space perception,publication,True,26,2003.0,5,6,Tactile and Sensory Interactions,IEEE Transactions on Neural Systems and Rehabilitation Engineering,article,Cognitive Neuroscience,Neuroscience,Life Sciences,https://doi.org/10.1109/tnsre.2003.819645
W2119480063,Mappings and metaphors in auditory displays,publication,True,1,2005.0,55,15,Multisensory perception and integration,ACM Transactions on Applied Perception,article,Experimental and Cognitive Psychology,Psychology,Social Sciences,https://doi.org/10.1145/1101530.1101534
W2120080899,W2120080899,reference_only,False,0,,2,0,,,,,,,
W2121915239,W2121915239,reference_only,False,1,,4,0,,,,,,,
W2122191995,W2122191995,reference_only,False,3,,4,0,,,,,,,
W2122790853,Advanced Auditory Displays and Head-Mounted Displays: Advantages and Disadvantages for Monitoring by the Distracted Anesthesiologist,publication,True,19,2008.0,10,27,Healthcare Technology and Patient Monitoring,Anesthesia & Analgesia,article,Surgery,Medicine,Health Sciences,https://doi.org/10.1213/ane.0b013e31817325cb
W2122920626,Crystallization sonification of high-dimensional datasets,publication,True,6,2005.0,4,5,Plant and Biological Electrophysiology Studies,ACM Transactions on Applied Perception,article,Plant Science,Agricultural and Biological Sciences,Life Sciences,https://doi.org/10.1145/1101530.1101556
W2123900698,W2123900698,reference_only,False,0,,3,0,,,,,,,
W2129488573,W2129488573,reference_only,False,1,,21,0,,,,,,,
W2130228586,Sound and Meaning in Auditory Data Display,publication,True,6,2004.0,11,26,Tactile and Sensory Interactions,Proceedings of the IEEE,article,Cognitive Neuroscience,Neuroscience,Life Sciences,https://doi.org/10.1109/jproc.2004.825904
W2131735207,W2131735207,reference_only,False,1,,7,0,,,,,,,
W2133564221,W2133564221,reference_only,False,0,,6,0,,,,,,,
W2133940321,W2133940321,reference_only,False,0,,5,0,,,,,,,
W2134314161,SONIFIED EPILEPTIC RHYTHMS,publication,True,0,2006.0,6,2,EEG and Brain-Computer Interfaces,,article,Cognitive Neuroscience,Neuroscience,Life Sciences,
W2134649957,W2134649957,reference_only,False,0,,2,0,,,,,,,
W2135386751,W2135386751,reference_only,False,0,,2,0,,,,,,,
W2135715728,Audio-Biofeedback for Balance Improvement: An Accelerometry-Based System,publication,True,35,2005.0,11,7,"Balance, Gait, and Falls Prevention",IEEE Transactions on Biomedical Engineering,article,"Physical Therapy, Sports Therapy and Rehabilitation",Health Professions,Health Sciences,https://doi.org/10.1109/tbme.2005.857673
W2137526265,Sonific ation Report: Status of the Field and Research Agenda,publication,True,1,2010.0,101,44,Tactile and Sensory Interactions,Lincoln (University of Nebraska),article,Cognitive Neuroscience,Neuroscience,Life Sciences,
W2141817033,W2141817033,reference_only,False,35,,6,0,,,,,,,
W2142544480,W2142544480,reference_only,False,35,,13,0,,,,,,,
W2144487539,EEG analysis in a telemedical virtual world,publication,True,0,1999.0,5,13,Augmented Reality Applications,Future Generation Computer Systems,article,Computer Vision and Pattern Recognition,Computer Science,Physical Sciences,https://doi.org/10.1016/s0167-739x(98)00068-5
W2149658184,Tailoring reveals information requirements: the case of anaesthesia alarms,publication,True,19,2004.0,11,30,Healthcare Technology and Patient Monitoring,Interacting with Computers,article,Surgery,Medicine,Health Sciences,https://doi.org/10.1016/j.intcom.2003.12.002
W2153288052,W2153288052,reference_only,False,19,,4,0,,,,,,,
W2154033160,Tactical audio and acoustic rendering in biomedical applications,publication,True,0,1999.0,9,32,Tactile and Sensory Interactions,IEEE Transactions on Information Technology in Biomedicine,article,Cognitive Neuroscience,Neuroscience,Life Sciences,https://doi.org/10.1109/4233.767086
W2155360405,W2155360405,reference_only,False,0,,3,0,,,,,,,
W2170699275,W2170699275,reference_only,False,31,,2,0,,,,,,,
W2188171783,Using sonification for teaching acoustics and audio,publication,True,31,2006.0,2,10,Hearing Loss and Rehabilitation,,article,Cognitive Neuroscience,Neuroscience,Life Sciences,
W2203289057,Perceptualization of Biomedical Data,publication,True,0,2003.0,2,0,Tactile and Sensory Interactions,,book-chapter,Cognitive Neuroscience,Neuroscience,Life Sciences,https://doi.org/10.1002/0471216690.ch7
W2264164388,"Multimodal displays for anaesthesia sonification: timesharing, workload, and expertise",publication,True,19,2002.0,5,5,Healthcare Technology and Patient Monitoring,,article,Surgery,Medicine,Health Sciences,
W2292300730,W2292300730,reference_only,False,35,,10,0,,,,,,,
W2304903802,"Probing Preferences between Six Designs of Interactive Sonifications for Recreational Sports, Health and Fitness",publication,True,35,2010.0,8,4,Tactile and Sensory Interactions,,article,Cognitive Neuroscience,Neuroscience,Life Sciences,
W2310208368,W2310208368,reference_only,False,1,,2,0,,,,,,,
W2317919972,W2317919972,reference_only,False,31,,4,0,,,,,,,
W2338290034,W2338290034,reference_only,False,35,,12,0,,,,,,,
W2396671154,W2396671154,reference_only,False,0,,6,0,,,,,,,
W2492014371,W2492014371,reference_only,False,26,,3,0,,,,,,,
W2515848195,W2515848195,reference_only,False,5,,2,0,,,,,,,
W2517375961,W2517375961,reference_only,False,0,,2,0,,,,,,,
W2521024927,W2521024927,reference_only,False,0,,5,0,,,,,,,
W2529751265,Who's sonifying data and how are they doing it? A comparison of ICAD and other venues since 2009,publication,True,0,2012.0,3,6,Music and Audio Processing,,article,Signal Processing,Computer Science,Physical Sciences,
W2530638482,Listen to the boat motion: acoustic information for elite rowers,publication,True,35,2010.0,9,13,Neuroscience and Music Perception,,article,Cognitive Neuroscience,Neuroscience,Life Sciences,
W2541561720,W2541561720,reference_only,False,19,,4,0,,,,,,,
W2543680447,W2543680447,reference_only,False,1,,6,0,,,,,,,
W2586400180,The Search for the “Killer Application”: Drawing the Boundaries around the Sonification of Scientific Data,publication,True,6,2011.0,10,0,Music Technology and Sound Studies,Oxford University Press eBooks,book,Computer Vision and Pattern Recognition,Computer Science,Physical Sciences,https://doi.org/10.1093/oxfordhb/9780195388947.013.0064
W2588247704,W2588247704,reference_only,False,35,,4,0,,,,,,,
W2601346836,W2601346836,reference_only,False,1,,8,0,,,,,,,
W2615482071,W2615482071,reference_only,False,0,,4,0,,,,,,,
W2625150345,W2625150345,reference_only,False,0,,4,0,,,,,,,
W2744890882,W2744890882,reference_only,False,0,,2,0,,,,,,,
W2745662615,W2745662615,reference_only,False,5,,3,0,,,,,,,
W2756207886,Scalable earcons: Bridging the gap between intermittent and continuous auditory displays,publication,True,19,2006.0,10,10,Healthcare Technology and Patient Monitoring,,article,Surgery,Medicine,Health Sciences,
W2793652066,Real-Time Sonification of Physiological Data in an Artistic Performance Context,publication,True,3,2008.0,4,5,Music Technology and Sound Studies,,article,Computer Vision and Pattern Recognition,Computer Science,Physical Sciences,
W2967626278,W2967626278,reference_only,False,35,,12,0,,,,,,,
W3016333344,W3016333344,reference_only,False,0,,2,0,,,,,,,
W3118386952,Interactive sonification in two domains: helicopter flight analysis and physiotherapy movement analysis,publication,True,3,2004.0,3,0,Tactile and Sensory Interactions,,article,Cognitive Neuroscience,Neuroscience,Life Sciences,
W3140504487,W3140504487,reference_only,False,0,,4,0,,,,,,,
W3161651943,C. Elegans Meets Data Sonification: Can We Hear Its Elegant Movement?,publication,True,0,2011.0,2,11,Innovative Human-Technology Interaction,,article,Human-Computer Interaction,Computer Science,Physical Sciences,https://doi.org/10.5281/zenodo.849896
W4214921596,W4214921596,reference_only,False,28,,2,0,,,,,,,
W4233780434,Auditory display of knee-joint vibration signals,publication,True,0,2001.0,3,5,Phonocardiography and Auscultation Techniques,The Journal of the Acoustical Society of America,article,Pulmonary and Respiratory Medicine,Medicine,Health Sciences,https://doi.org/10.1121/1.1413995
W4239603325,Magnitude estimation of conceptual data dimensions for use in sonification.,publication,True,1,2002.0,26,0,Tactile and Sensory Interactions,Journal of Experimental Psychology Applied,article,Cognitive Neuroscience,Neuroscience,Life Sciences,https://doi.org/10.1037/1076-898x.8.4.211
W4241041842,Real-Time Perceptual Simulation of Moving Sources: Application to the Leslie Cabinet and 3D Sound Immersion,publication,True,0,2008.0,2,0,Advanced Vision and Imaging,EURASIP Journal on Audio Speech and Music Processing,article,Computer Vision and Pattern Recognition,Computer Science,Physical Sciences,https://doi.org/10.1186/1687-4722-2008-849696
W4243606456,W4243606456,reference_only,False,1,,2,0,,,,,,,
W4245341397,Seismometer Sounds,publication,True,6,1961.0,13,0,Seismology and Earthquake Studies,The Journal of the Acoustical Society of America,article,Artificial Intelligence,Computer Science,Physical Sciences,https://doi.org/10.1121/1.1908843
W4245642611,W4245642611,reference_only,False,26,,3,0,,,,,,,
W4246406755,Information of Elementary Multidimensional Auditory Displays,publication,True,15,1954.0,17,0,Tactile and Sensory Interactions,The Journal of the Acoustical Society of America,article,Cognitive Neuroscience,Neuroscience,Life Sciences,https://doi.org/10.1121/1.1907300
W6634110172,W6634110172,reference_only,False,35,,4,0,,,,,,,
W93247917,W93247917,reference_only,False,1,,2,0,,,,,,,
W355720666,W355720666,reference_only,False,1,,5,0,,,,,,,
W2006834822,W2006834822,reference_only,False,26,,6,0,,,,,,,
W2052417512,W2052417512,reference_only,False,5,,6,0,,,,,,,
W2103604870,W2103604870,reference_only,False,1,,33,0,,,,,,,
W2158685692,W2158685692,reference_only,False,1,,10,0,,,,,,,
W2610881169,W2610881169,reference_only,False,1,,6,0,,,,,,,
W2795627916,W2795627916,reference_only,False,1,,2,0,,,,,,,
W3001796748,W3001796748,reference_only,False,1,,2,0,,,,,,,
W6630002413,W6630002413,reference_only,False,14,,23,0,,,,,,,
W6841554303,W6841554303,reference_only,False,1,,2,0,,,,,,,
W1996318081,Sonified Infrared Spectra and Their Interpretation by Blind and Visually Impaired Students,publication,True,14,2013.0,3,4,Water Quality Monitoring Technologies,Journal of Chemical Education,article,Water Science and Technology,Environmental Science,Physical Sciences,https://doi.org/10.1021/ed4000124
W2010675647,W2010675647,reference_only,False,14,,16,0,,,,,,,
W2069176141,W2069176141,reference_only,False,14,,14,0,,,,,,,
W2108893166,Sonification Sandbox Reconstruction: Software Standard for Auditory Graphs,publication,True,1,2007.0,11,7,Tactile and Sensory Interactions,,article,Cognitive Neuroscience,Neuroscience,Life Sciences,
W2096042773,Auditory Displays for In-Vehicle Technologies,publication,True,1,2011.0,15,138,Human-Automation Interaction and Safety,Reviews of Human Factors and Ergonomics,article,Social Psychology,Psychology,Social Sciences,https://doi.org/10.1177/1557234x11410396
W26470988,Patterns in auditory menu design,publication,True,1,2006.0,2,14,Interactive and Immersive Displays,,article,Human-Computer Interaction,Computer Science,Physical Sciences,
W74490384,W74490384,reference_only,False,1,,6,0,,,,,,,
W116278252,W116278252,reference_only,False,1,,8,0,,,,,,,
W189172639,W189172639,reference_only,False,8,,2,0,,,,,,,
W283958787,Human Factors Military Lexicon: Auditory Displays,publication,True,8,2001.0,2,0,Human-Automation Interaction and Safety,,report,Social Psychology,Psychology,Social Sciences,https://doi.org/10.21236/ada395942
W583938501,W583938501,reference_only,False,3,,2,0,,,,,,,
W601685510,W601685510,reference_only,False,1,,2,0,,,,,,,
W1483328210,W1483328210,reference_only,False,1,,2,0,,,,,,,
W1516357717,W1516357717,reference_only,False,1,,6,0,,,,,,,
W1518764645,W1518764645,reference_only,False,1,,2,0,,,,,,,
W1578046146,W1578046146,reference_only,False,1,,2,0,,,,,,,
W1578832487,W1578832487,reference_only,False,28,,2,0,,,,,,,
W1586624296,W1586624296,reference_only,False,1,,34,0,,,,,,,
W1595149313,W1595149313,reference_only,False,8,,3,0,,,,,,,
W1606213113,W1606213113,reference_only,False,1,,5,0,,,,,,,
W1725850472,W1725850472,reference_only,False,1,,3,0,,,,,,,
W1968173581,W1968173581,reference_only,False,28,,3,0,,,,,,,
W1969245477,W1969245477,reference_only,False,1,,5,0,,,,,,,
W1970389094,W1970389094,reference_only,False,1,,4,0,,,,,,,
W1976276659,W1976276659,reference_only,False,1,,2,0,,,,,,,
W1976878132,W1976878132,reference_only,False,1,,4,0,,,,,,,
W1978270319,Designing Trend-Monitoring Sounds for Helicopters: Methodological Issues and an Application.,publication,True,1,2004.0,6,21,Safety Warnings and Signage,Journal of Experimental Psychology Applied,article,Social Psychology,Psychology,Social Sciences,https://doi.org/10.1037/1076-898x.10.4.203
W1978777514,W1978777514,reference_only,False,19,,3,0,,,,,,,
W1979556480,W1979556480,reference_only,False,1,,3,0,,,,,,,
W1980459899,W1980459899,reference_only,False,8,,4,0,,,,,,,
W1980514696,A Laboratory Evaluation of an Auditory Display Designed to Enhance Intraoperative Monitoring,publication,True,19,2002.0,25,15,Healthcare Technology and Patient Monitoring,Anesthesia & Analgesia,article,Surgery,Medicine,Health Sciences,https://doi.org/10.1097/00000539-200202000-00025
W1983952825,W1983952825,reference_only,False,1,,7,0,,,,,,,
W1984650836,W1984650836,reference_only,False,0,,2,0,,,,,,,
W1984873438,W1984873438,reference_only,False,1,,5,0,,,,,,,
W1985609359,W1985609359,reference_only,False,28,,3,0,,,,,,,
W1987358053,W1987358053,reference_only,False,1,,4,0,,,,,,,
W1989016101,W1989016101,reference_only,False,1,,82,0,,,,,,,
W1989805652,W1989805652,reference_only,False,28,,2,0,,,,,,,
W1994345166,Auditory Alarms: From Alerting to Informing,publication,True,19,2000.0,9,6,Healthcare Technology and Patient Monitoring,Proceedings of the Human Factors and Ergonomics Society Annual Meeting,article,Surgery,Medicine,Health Sciences,https://doi.org/10.1177/154193120004400160
W1997359031,W1997359031,reference_only,False,1,,2,0,,,,,,,
W2001987823,W2001987823,reference_only,False,1,,8,0,,,,,,,
W2007180964,W2007180964,reference_only,False,1,,20,0,,,,,,,
W2007798022,W2007798022,reference_only,False,1,,12,0,,,,,,,
W2007894891,W2007894891,reference_only,False,8,,32,0,,,,,,,
W2011136722,W2011136722,reference_only,False,1,,9,0,,,,,,,
W2014637397,W2014637397,reference_only,False,1,,2,0,,,,,,,
W2015551430,W2015551430,reference_only,False,1,,2,0,,,,,,,
W2023108246,W2023108246,reference_only,False,1,,16,0,,,,,,,
W2029418069,W2029418069,reference_only,False,1,,12,0,,,,,,,
W2030393551,W2030393551,reference_only,False,1,,4,0,,,,,,,
W2035070559,W2035070559,reference_only,False,1,,3,0,,,,,,,
W2037268004,W2037268004,reference_only,False,1,,2,0,,,,,,,
W2040361537,W2040361537,reference_only,False,1,,2,0,,,,,,,
W2042400458,W2042400458,reference_only,False,1,,12,0,,,,,,,
W2043143027,W2043143027,reference_only,False,19,,34,0,,,,,,,
W2045506010,W2045506010,reference_only,False,1,,4,0,,,,,,,
W2049059635,W2049059635,reference_only,False,1,,4,0,,,,,,,
W2049485428,W2049485428,reference_only,False,1,,13,0,,,,,,,
W2057233721,W2057233721,reference_only,False,1,,5,0,,,,,,,
W2057978450,"Navigation Performance With a Virtual Auditory Display: Effects of Beacon Sound, Capture Radius, and Practice",publication,True,8,2006.0,24,29,Tactile and Sensory Interactions,Human Factors The Journal of the Human Factors and Ergonomics Society,article,Cognitive Neuroscience,Neuroscience,Life Sciences,https://doi.org/10.1518/001872006777724507
W2058597075,W2058597075,reference_only,False,19,,2,0,,,,,,,
W2060692276,W2060692276,reference_only,False,1,,2,0,,,,,,,
W2061023211,Mapping Candidate Within-Vehicle Auditory Displays to Their Referents,publication,True,1,2007.0,9,13,Human-Automation Interaction and Safety,Human Factors The Journal of the Human Factors and Ergonomics Society,article,Social Psychology,Psychology,Social Sciences,https://doi.org/10.1518/001872007x200067
W2062273234,W2062273234,reference_only,False,1,,14,0,,,,,,,
W2062438385,W2062438385,reference_only,False,1,,3,0,,,,,,,
W2068084117,W2068084117,reference_only,False,19,,9,0,,,,,,,
W2070176305,A New Class of Auditory Warning Signals for Complex Systems: Auditory Icons,publication,True,28,1999.0,11,15,Safety Warnings and Signage,Human Factors The Journal of the Human Factors and Ergonomics Society,article,Social Psychology,Psychology,Social Sciences,https://doi.org/10.1518/001872099779656734
W2073825623,W2073825623,reference_only,False,1,,2,0,,,,,,,
W2079140510,W2079140510,reference_only,False,1,,3,0,,,,,,,
W2080303533,W2080303533,reference_only,False,1,,2,0,,,,,,,
W2083974562,W2083974562,reference_only,False,1,,4,0,,,,,,,
W2092021606,W2092021606,reference_only,False,1,,5,0,,,,,,,
W2094065989,W2094065989,reference_only,False,19,,9,0,,,,,,,
W2094136133,W2094136133,reference_only,False,28,,8,0,,,,,,,
W2096542002,W2096542002,reference_only,False,1,,2,0,,,,,,,
W2098619666,Effects of auditory context cues and training on performance of a point estimation sonification task,publication,True,1,2005.0,15,63,Tactile and Sensory Interactions,Applied Cognitive Psychology,article,Cognitive Neuroscience,Neuroscience,Life Sciences,https://doi.org/10.1002/acp.1146
W2099252350,W2099252350,reference_only,False,1,,11,0,,,,,,,
W2100500994,W2100500994,reference_only,False,19,,4,0,,,,,,,
W2102757824,W2102757824,reference_only,False,1,,6,0,,,,,,,
W2103869314,W2103869314,reference_only,False,1,,9,0,,,,,,,
W2105055172,Data sonification from the desktop,publication,True,1,2005.0,18,11,Data Visualization and Analytics,ACM Transactions on Applied Perception,article,Computer Vision and Pattern Recognition,Computer Science,Physical Sciences,https://doi.org/10.1145/1101530.1101544
W2106042522,W2106042522,reference_only,False,1,,13,0,,,,,,,
W2113235547,The multimodal world of medical monitoring displays,publication,True,19,2006.0,8,53,Healthcare Technology and Patient Monitoring,Applied Ergonomics,article,Surgery,Medicine,Health Sciences,https://doi.org/10.1016/j.apergo.2006.04.022
W2114181294,W2114181294,reference_only,False,1,,6,0,,,,,,,
W2115304010,W2115304010,reference_only,False,28,,3,0,,,,,,,
W2115663493,W2115663493,reference_only,False,1,,4,0,,,,,,,
W2118489710,"THIRTEEN YEARS OF REFLECTION ON AUDITORY GRAPHING: PROMISES, PITFALLS, AND POTENTIAL NEW DIRECTIONS",publication,True,1,2005.0,31,8,Data Visualization and Analytics,Lincoln (University of Nebraska),article,Computer Vision and Pattern Recognition,Computer Science,Physical Sciences,
W2119374926,W2119374926,reference_only,False,28,,4,0,,,,,,,
W2127210296,W2127210296,reference_only,False,1,,7,0,,,,,,,
W2128217987,W2128217987,reference_only,False,1,,3,0,,,,,,,
W2129111495,W2129111495,reference_only,False,28,,6,0,,,,,,,
W2131657873,W2131657873,reference_only,False,5,,49,0,,,,,,,
W2134632849,SPEARCONS: SPEECH-BASED EARCONS IMPROVE NAVIGATION PERFORMANCE IN AUDITORY MENUS,publication,True,1,2006.0,21,10,Tactile and Sensory Interactions,,article,Cognitive Neuroscience,Neuroscience,Life Sciences,
W2135868439,Auditory Displays as Occasion Setters,publication,True,1,2010.0,3,22,Human-Automation Interaction and Safety,Human Factors The Journal of the Human Factors and Ergonomics Society,article,Social Psychology,Psychology,Social Sciences,https://doi.org/10.1177/0018720810366861
W2135896612,"Comparative study of the effects of auditory, visual and multimodality displays on drivers' performance in advanced traveller information systems",publication,True,28,2001.0,8,19,Human-Automation Interaction and Safety,Ergonomics,article,Social Psychology,Psychology,Social Sciences,https://doi.org/10.1080/00140130010011369
W2138098672,W2138098672,reference_only,False,1,,19,0,,,,,,,
W2138269563,W2138269563,reference_only,False,1,,14,0,,,,,,,
W2139306958,W2139306958,reference_only,False,1,,4,0,,,,,,,
W2140856490,W2140856490,reference_only,False,1,,3,0,,,,,,,
W2143798991,W2143798991,reference_only,False,19,,4,0,,,,,,,
W2146948159,W2146948159,reference_only,False,30,,10,0,,,,,,,
W2149801515,Most earcons do not interfere with spoken passage comprehension,publication,True,1,2008.0,2,35,Tactile and Sensory Interactions,Applied Cognitive Psychology,article,Cognitive Neuroscience,Neuroscience,Life Sciences,https://doi.org/10.1002/acp.1457
W2151905266,W2151905266,reference_only,False,31,,15,0,,,,,,,
W2155009910,W2155009910,reference_only,False,1,,2,0,,,,,,,
W2155026410,W2155026410,reference_only,False,1,,3,0,,,,,,,
W2155486224,W2155486224,reference_only,False,19,,5,0,,,,,,,
W2157289187,W2157289187,reference_only,False,1,,46,0,,,,,,,
W2159330012,Conceptual versus Perceptual Training for Auditory Graphs,publication,True,1,2005.0,4,10,Data Visualization and Analytics,Proceedings of the Human Factors and Ergonomics Society Annual Meeting,article,Computer Vision and Pattern Recognition,Computer Science,Physical Sciences,https://doi.org/10.1177/154193120504901721
W2159429349,Auditory Decision Aiding in Supervisory Control of Multiple Unmanned Aerial Vehicles,publication,True,19,2009.0,3,14,Human-Automation Interaction and Safety,Human Factors The Journal of the Human Factors and Ergonomics Society,article,Social Psychology,Psychology,Social Sciences,https://doi.org/10.1177/0018720809347106
W2161377823,Data density and trend reversals in auditory graphs,publication,True,1,2008.0,6,59,Neuroscience and Music Perception,ACM Transactions on Applied Perception,article,Cognitive Neuroscience,Neuroscience,Life Sciences,https://doi.org/10.1145/1402236.1402237
W2168190208,W2168190208,reference_only,False,1,,5,0,,,,,,,
W2169920658,W2169920658,reference_only,False,8,,5,0,,,,,,,
W2171678418,ENCODING AND REPRESENTATION OF INFORMATION IN AUDITORY GRAPHS: DESCRIPTIVE REPORTS OF LISTENER STRATEGIES FOR UNDERSTANDING DATA,publication,True,1,2008.0,4,22,Tactile and Sensory Interactions,,article,Cognitive Neuroscience,Neuroscience,Life Sciences,
W2343900332,W2343900332,reference_only,False,1,,12,0,,,,,,,
W2395018040,Auditory Interfaces and Sonification,publication,True,1,2009.0,12,98,Tactile and Sensory Interactions,Human factors and ergonomics,book-chapter,Cognitive Neuroscience,Neuroscience,Life Sciences,https://doi.org/10.1201/9781420064995-c32
W2399411781,W2399411781,reference_only,False,1,,3,0,,,,,,,
W2495214509,W2495214509,reference_only,False,19,,2,0,,,,,,,
W2515805897,W2515805897,reference_only,False,6,,18,0,,,,,,,
W2582521406,W2582521406,reference_only,False,1,,38,0,,,,,,,
W2601321973,W2601321973,reference_only,False,3,,5,0,,,,,,,
W2784413597,W2784413597,reference_only,False,1,,16,0,,,,,,,
W2802089619,W2802089619,reference_only,False,1,,6,0,,,,,,,
W2921844135,W2921844135,reference_only,False,26,,2,0,,,,,,,
W3145613158,W3145613158,reference_only,False,1,,4,0,,,,,,,
W4240459253,W4240459253,reference_only,False,1,,3,0,,,,,,,
W4250008609,A Laboratory Evaluation of an Auditory Display Designed to Enhance Intraoperative Monitoring,publication,True,19,2002.0,20,12,Healthcare Technology and Patient Monitoring,Anesthesia & Analgesia,article,Surgery,Medicine,Health Sciences,https://doi.org/10.1213/00000539-200202000-00025
W4256399001,W4256399001,reference_only,False,19,,37,0,,,,,,,
W192828507,W192828507,reference_only,False,1,,3,0,,,,,,,
W645009165,W645009165,reference_only,False,26,,5,0,,,,,,,
W1486313877,W1486313877,reference_only,False,1,,10,0,,,,,,,
W1497286318,W1497286318,reference_only,False,1,,42,0,,,,,,,
W1538807643,W1538807643,reference_only,False,1,,11,0,,,,,,,
W2024664008,W2024664008,reference_only,False,1,,5,0,,,,,,,
W2031344788,W2031344788,reference_only,False,1,,6,0,,,,,,,
W2045114640,Perception of Sonified Daily Weather Records,publication,True,1,2002.0,11,2,Neuroscience and Music Perception,Proceedings of the Human Factors and Ergonomics Society Annual Meeting,article,Cognitive Neuroscience,Neuroscience,Life Sciences,https://doi.org/10.1177/154193120204601711
W2056919333,W2056919333,reference_only,False,1,,10,0,,,,,,,
W2090260539,W2090260539,reference_only,False,1,,5,0,,,,,,,
W2123668258,W2123668258,reference_only,False,1,,9,0,,,,,,,
W2128523760,W2128523760,reference_only,False,1,,7,0,,,,,,,
W2514745754,W2514745754,reference_only,False,1,,7,0,,,,,,,
W3021516576,W3021516576,reference_only,False,1,,5,0,,,,,,,
W4285719527,W4285719527,reference_only,False,19,,143,0,,,,,,,
W4312525752,W4312525752,reference_only,False,1,,11,0,,,,,,,
W1950736173,Auditory Information Design,publication,True,1,1997.0,34,24,Data Visualization and Analytics,ANU Open Research (Australian National University),dissertation,Computer Vision and Pattern Recognition,Computer Science,Physical Sciences,https://doi.org/10.25911/5d7a2acd2b71d
W1988772517,W1988772517,reference_only,False,1,,2,0,,,,,,,
W2068842407,W2068842407,reference_only,False,1,,3,0,,,,,,,
W2164737198,W2164737198,reference_only,False,1,,8,0,,,,,,,
W2329362915,W2329362915,reference_only,False,6,,6,0,,,,,,,
W21347096,W21347096,reference_only,False,5,,4,0,,,,,,,
W141282325,W141282325,reference_only,False,5,,4,0,,,,,,,
W143260562,W143260562,reference_only,False,5,,5,0,,,,,,,
W1483288638,W1483288638,reference_only,False,5,,2,0,,,,,,,
W1485686705,W1485686705,reference_only,False,5,,2,0,,,,,,,
W1489930039,W1489930039,reference_only,False,1,,6,0,,,,,,,
W1794751999,W1794751999,reference_only,False,1,,3,0,,,,,,,
W2011601440,W2011601440,reference_only,False,5,,2,0,,,,,,,
W2067306205,W2067306205,reference_only,False,1,,7,0,,,,,,,
W2074439470,Multimodal monitoring of Web servers,publication,True,1,2002.0,5,7,Speech and dialogue systems,IEEE Multimedia,article,Artificial Intelligence,Computer Science,Physical Sciences,https://doi.org/10.1109/mmul.2002.1022857
W2077486936,W2077486936,reference_only,False,30,,10,0,,,,,,,
W2114971935,W2114971935,reference_only,False,5,,13,0,,,,,,,
W2229376303,W2229376303,reference_only,False,5,,6,0,,,,,,,
W49218811,Browsing Modes For Exploring Sonified Line Graphs,publication,True,1,2002.0,6,4,Hermeneutics and Narrative Identity,,article,Philosophy,Arts and Humanities,Social Sciences,
W1553904877,W1553904877,reference_only,False,1,,12,0,,,,,,,
W1590946104,W1590946104,reference_only,False,1,,15,0,,,,,,,
W314318557,Virtual Auditory Displays,publication,True,6,2014.0,3,1,Hearing Loss and Rehabilitation,,book-chapter,Cognitive Neuroscience,Neuroscience,Life Sciences,https://doi.org/10.1201/b17360-11
W2085596355,W2085596355,reference_only,False,8,,10,0,,,,,,,
W1501755754,W1501755754,reference_only,False,35,,3,0,,,,,,,
W1514361649,W1514361649,reference_only,False,35,,4,0,,,,,,,
W1523224409,W1523224409,reference_only,False,35,,8,0,,,,,,,
W1552798956,W1552798956,reference_only,False,35,,2,0,,,,,,,
W1950864686,W1950864686,reference_only,False,35,,5,0,,,,,,,
W1975141679,W1975141679,reference_only,False,35,,5,0,,,,,,,
W1977243936,W1977243936,reference_only,False,35,,5,0,,,,,,,
W2007305681,W2007305681,reference_only,False,35,,2,0,,,,,,,
W2007482827,W2007482827,reference_only,False,35,,2,0,,,,,,,
W2027619062,W2027619062,reference_only,False,35,,6,0,,,,,,,
W2030646058,W2030646058,reference_only,False,35,,2,0,,,,,,,
W2038043168,W2038043168,reference_only,False,35,,6,0,,,,,,,
W2039170454,W2039170454,reference_only,False,35,,12,0,,,,,,,
W2082627290,W2082627290,reference_only,False,35,,3,0,,,,,,,
W2113227284,W2113227284,reference_only,False,35,,2,0,,,,,,,
W2133033884,W2133033884,reference_only,False,35,,2,0,,,,,,,
W3203748669,W3203748669,reference_only,False,35,,2,0,,,,,,,
W4232715705,W4232715705,reference_only,False,35,,2,0,,,,,,,
W4247442285,W4247442285,reference_only,False,35,,3,0,,,,,,,
W114330277,W114330277,reference_only,False,8,,8,0,,,,,,,
W334862092,W334862092,reference_only,False,8,,2,0,,,,,,,
W1482881554,W1482881554,reference_only,False,8,,4,0,,,,,,,
W1502491548,W1502491548,reference_only,False,8,,2,0,,,,,,,
W1557496348,W1557496348,reference_only,False,19,,24,0,,,,,,,
W1561096916,W1561096916,reference_only,False,8,,3,0,,,,,,,
W1618163275,W1618163275,reference_only,False,8,,2,0,,,,,,,
W1933704425,W1933704425,reference_only,False,31,,5,0,,,,,,,
W1971927703,W1971927703,reference_only,False,1,,6,0,,,,,,,
W1991049577,W1991049577,reference_only,False,26,,7,0,,,,,,,
W1997110426,W1997110426,reference_only,False,8,,20,0,,,,,,,
W1999053831,W1999053831,reference_only,False,8,,2,0,,,,,,,
W2015033419,W2015033419,reference_only,False,26,,2,0,,,,,,,
W2041594004,W2041594004,reference_only,False,8,,6,0,,,,,,,
W2076673326,W2076673326,reference_only,False,8,,2,0,,,,,,,
W2139190150,W2139190150,reference_only,False,8,,20,0,,,,,,,
W2155417611,W2155417611,reference_only,False,1,,20,0,,,,,,,
W2188926750,W2188926750,reference_only,False,23,,4,0,,,,,,,
W2800931606,W2800931606,reference_only,False,26,,5,0,,,,,,,
W6686843343,W6686843343,reference_only,False,23,,3,0,,,,,,,
W7070669694,W7070669694,reference_only,False,8,,3,0,,,,,,,
W2170410208,Application of a Three-Dimensional Auditory Display in a Flight Task,publication,True,8,1996.0,12,15,Noise Effects and Management,Human Factors The Journal of the Human Factors and Ergonomics Society,article,Speech and Hearing,Health Professions,Health Sciences,https://doi.org/10.1518/001872096778940859
W598217161,W598217161,reference_only,False,8,,4,0,,,,,,,
W1520666785,Head-Up Auditory Displays for Traffic Collision Avoidance System Advisories: A Preliminary Investigation,publication,True,8,1993.0,14,13,Human-Automation Interaction and Safety,Human Factors The Journal of the Human Factors and Ergonomics Society,article,Social Psychology,Psychology,Social Sciences,https://doi.org/10.1177/001872089303500409
W1571144263,W1571144263,reference_only,False,15,,13,0,,,,,,,
W1766888123,W1766888123,reference_only,False,8,,7,0,,,,,,,
W1876557575,W1876557575,reference_only,False,8,,11,0,,,,,,,
W1919435019,W1919435019,reference_only,False,8,,8,0,,,,,,,
W1963527011,W1963527011,reference_only,False,8,,5,0,,,,,,,
W2009896906,W2009896906,reference_only,False,8,,12,0,,,,,,,
W2030547026,W2030547026,reference_only,False,8,,7,0,,,,,,,
W2076156369,W2076156369,reference_only,False,8,,3,0,,,,,,,
W2132087580,A Virtual Display System for Conveying Three-Dimensional Acoustic Information,publication,True,8,1988.0,6,11,Noise Effects and Management,Proceedings of the Human Factors and Ergonomics Society Annual Meeting,article,Speech and Hearing,Health Professions,Health Sciences,https://doi.org/10.1177/154193128803200218
W2340808199,W2340808199,reference_only,False,8,,6,0,,,,,,,
W2546635522,Sonification: Review of Auditory Display Solutions in Electronic Travel Aids for the Blind,publication,True,26,2016.0,6,30,Tactile and Sensory Interactions,Archives of Acoustics,article,Cognitive Neuroscience,Neuroscience,Life Sciences,https://doi.org/10.1515/aoa-2016-0040
W140020327,W140020327,reference_only,False,26,,4,0,,,,,,,
W653216719,W653216719,reference_only,False,26,,3,0,,,,,,,
W1488559003,W1488559003,reference_only,False,26,,9,0,,,,,,,
W1513534766,W1513534766,reference_only,False,26,,7,0,,,,,,,
W1518046314,W1518046314,reference_only,False,26,,7,0,,,,,,,
W1524577329,W1524577329,reference_only,False,26,,4,0,,,,,,,
W1524703788,W1524703788,reference_only,False,26,,2,0,,,,,,,
W1571311223,W1571311223,reference_only,False,26,,6,0,,,,,,,
W1958876462,W1958876462,reference_only,False,26,,7,0,,,,,,,
W1977814330,W1977814330,reference_only,False,26,,2,0,,,,,,,
W1984281348,W1984281348,reference_only,False,26,,10,0,,,,,,,
W1998841934,Overview of auditory representations in human-machine interfaces,publication,True,1,2013.0,10,92,Tactile and Sensory Interactions,ACM Computing Surveys,article,Cognitive Neuroscience,Neuroscience,Life Sciences,https://doi.org/10.1145/2543581.2543586
W2001422711,W2001422711,reference_only,False,26,,7,0,,,,,,,
W2021090797,W2021090797,reference_only,False,26,,4,0,,,,,,,
W2026161286,W2026161286,reference_only,False,26,,5,0,,,,,,,
W2035644337,W2035644337,reference_only,False,26,,5,0,,,,,,,
W2076629853,W2076629853,reference_only,False,26,,17,0,,,,,,,
W2110831185,W2110831185,reference_only,False,26,,7,0,,,,,,,
W2123436043,W2123436043,reference_only,False,26,,14,0,,,,,,,
W2133797163,W2133797163,reference_only,False,26,,70,0,,,,,,,
W2150243159,W2150243159,reference_only,False,1,,5,0,,,,,,,
W2169036685,W2169036685,reference_only,False,1,,3,0,,,,,,,
W2226899078,A Stereo Image Processing System For Visually Impaired,publication,True,26,2008.0,4,16,Tactile and Sensory Interactions,Zenodo (CERN European Organization for Nuclear Research),article,Cognitive Neuroscience,Neuroscience,Life Sciences,https://doi.org/10.5281/zenodo.1075125
W2307588840,W2307588840,reference_only,False,26,,5,0,,,,,,,
W3165483460,"SoundSight: a mobile sensory substitution device that sonifies colour, distance, and temperature",publication,True,26,2021.0,3,43,Tactile and Sensory Interactions,Journal on Multimodal User Interfaces,article,Cognitive Neuroscience,Neuroscience,Life Sciences,https://doi.org/10.1007/s12193-021-00376-w
W1559813256,W1559813256,reference_only,False,26,,2,0,,,,,,,
W1581848821,W1581848821,reference_only,False,8,,39,0,,,,,,,
W1584473438,W1584473438,reference_only,False,8,,4,0,,,,,,,
W1822494353,W1822494353,reference_only,False,26,,4,0,,,,,,,
W1922152898,W1922152898,reference_only,False,26,,24,0,,,,,,,
W1967120336,W1967120336,reference_only,False,26,,5,0,,,,,,,
W1967713917,W1967713917,reference_only,False,26,,8,0,,,,,,,
W1985387363,W1985387363,reference_only,False,26,,3,0,,,,,,,
W1995151553,W1995151553,reference_only,False,26,,6,0,,,,,,,
W2008066450,W2008066450,reference_only,False,6,,4,0,,,,,,,
W2010002462,W2010002462,reference_only,False,26,,8,0,,,,,,,
W2015518028,W2015518028,reference_only,False,26,,7,0,,,,,,,
W2043833042,W2043833042,reference_only,False,6,,3,0,,,,,,,
W2048145045,W2048145045,reference_only,False,8,,7,0,,,,,,,
W2054647727,W2054647727,reference_only,False,26,,5,0,,,,,,,
W2066083843,Representing Colour Through Hearing and Touch in Sensory Substitution Devices,publication,True,26,2013.0,8,51,Tactile and Sensory Interactions,Multisensory Research,article,Cognitive Neuroscience,Neuroscience,Life Sciences,https://doi.org/10.1163/22134808-00002434
W2069879787,W2069879787,reference_only,False,31,,2,0,,,,,,,
W2093117756,W2093117756,reference_only,False,34,,3,0,,,,,,,
W2103428456,W2103428456,reference_only,False,26,,14,0,,,,,,,
W2104826204,W2104826204,reference_only,False,1,,2,0,,,,,,,
W2109429966,W2109429966,reference_only,False,26,,4,0,,,,,,,
W2114894207,W2114894207,reference_only,False,26,,25,0,,,,,,,
W2127751554,W2127751554,reference_only,False,26,,14,0,,,,,,,
W2127762938,W2127762938,reference_only,False,26,,8,0,,,,,,,
W2150432203,W2150432203,reference_only,False,3,,4,0,,,,,,,
W2150875929,Auditory scene analysis and sonified visual images. Does consonance negatively impact on object formation when using complex sonified stimuli?,publication,True,26,2015.0,2,36,Multisensory perception and integration,Frontiers in Psychology,article,Experimental and Cognitive Psychology,Psychology,Social Sciences,https://doi.org/10.3389/fpsyg.2015.01522
W2154733620,Visual Objects in the Auditory System in Sensory Substitution: How Much Information Do We Need?,publication,True,26,2014.0,7,36,Tactile and Sensory Interactions,Multisensory Research,article,Cognitive Neuroscience,Neuroscience,Life Sciences,https://doi.org/10.1163/22134808-00002462
W2160047661,W2160047661,reference_only,False,26,,5,0,,,,,,,
W2173474324,W2173474324,reference_only,False,26,,5,0,,,,,,,
W2188049640,Cross-Modal Correspondences Enhance Performance on a Colour-to-Sound Sensory Substitution Device,publication,True,26,2015.0,7,52,Tactile and Sensory Interactions,Multisensory Research,article,Cognitive Neuroscience,Neuroscience,Life Sciences,https://doi.org/10.1163/22134808-00002519
W2211881272,W2211881272,reference_only,False,8,,2,0,,,,,,,
W2264747179,W2264747179,reference_only,False,26,,2,0,,,,,,,
W2326114782,Audio–Vision Substitution for Blind Individuals: Addressing Human Information Processing Capacity Limitations,publication,True,26,2016.0,5,35,Tactile and Sensory Interactions,IEEE Journal of Selected Topics in Signal Processing,article,Cognitive Neuroscience,Neuroscience,Life Sciences,https://doi.org/10.1109/jstsp.2016.2543678
W2337539845,W2337539845,reference_only,False,26,,4,0,,,,,,,
W2510919644,W2510919644,reference_only,False,26,,8,0,,,,,,,
W2746105469,W2746105469,reference_only,False,26,,2,0,,,,,,,
W3032442327,W3032442327,reference_only,False,26,,2,0,,,,,,,
W3040830420,W3040830420,reference_only,False,26,,2,0,,,,,,,
W2110831359,An agenda for research and development of multimodal graphs,publication,True,1,2005.0,8,23,Tactile and Sensory Interactions,,article,Cognitive Neuroscience,Neuroscience,Life Sciences,
W2601835878,"Listener, Task, and Auditory Graph: Toward a Conceptual Model of Auditory Graph Comprehension",publication,True,1,2007.0,10,0,"Language, Metaphor, and Cognition",,article,Experimental and Cognitive Psychology,Psychology,Social Sciences,
W1543098188,BABBLE ONLINE: APPLYING STATISTICS AND DESIGN TO SONIFY THE INTERNET,publication,True,1,2001.0,6,1,Data Visualization and Analytics,,article,Computer Vision and Pattern Recognition,Computer Science,Physical Sciences,
W2313795952,Augmenting Cyber Defender Performance and Workload through Sonified Displays,publication,True,30,2015.0,4,12,Human-Automation Interaction and Safety,Procedia Manufacturing,article,Social Psychology,Psychology,Social Sciences,https://doi.org/10.1016/j.promfg.2015.07.589
W2064655388,W2064655388,reference_only,False,30,,4,0,,,,,,,
W2072589191,W2072589191,reference_only,False,30,,2,0,,,,,,,
W2147637389,W2147637389,reference_only,False,8,,2,0,,,,,,,
W2148119561,W2148119561,reference_only,False,30,,17,0,,,,,,,
W2152087807,W2152087807,reference_only,False,30,,12,0,,,,,,,
W2159371774,W2159371774,reference_only,False,28,,2,0,,,,,,,
W2263231366,W2263231366,reference_only,False,30,,3,0,,,,,,,
W2401907668,SonNet: A Code Interface for Sonifying Computer Network Data,publication,True,30,2013.0,6,8,Music Technology and Sound Studies,,article,Computer Vision and Pattern Recognition,Computer Science,Physical Sciences,https://doi.org/10.5072/zenodo.207337
W2534935070,W2534935070,reference_only,False,30,,4,0,,,,,,,
W7043575881,W7043575881,reference_only,False,6,,21,0,,,,,,,
W120868933,"Sonification design for complex work domains : streams, mappings and attention",publication,True,1,2004.0,5,0,Healthcare Technology and Patient Monitoring,The University of Queensland,dissertation,Surgery,Medicine,Health Sciences,https://doi.org/10.14264/106818
W1575829986,W1575829986,reference_only,False,19,,33,0,,,,,,,
W2027523423,Pitch and loudness interact in auditory displays: Can the data get lost in the map?,publication,True,1,2002.0,24,42,Hearing Loss and Rehabilitation,Journal of Experimental Psychology Applied,article,Cognitive Neuroscience,Neuroscience,Life Sciences,https://doi.org/10.1037//1076-898x.8.1.17
W2138478249,"SONIFICATION OF DAILY WEATHER RECORDS: ISSUES OF PERCEPTION, ATTENTION AND MEMORY IN DESIGN CHOICES",publication,True,1,2001.0,12,3,Music and Audio Processing,Lincoln (University of Nebraska),article,Signal Processing,Computer Science,Physical Sciences,
W2121967258,Rapidly Learned Identification of Epileptic Seizures from Sonified EEG,publication,True,19,2014.0,5,13,EEG and Brain-Computer Interfaces,Frontiers in Human Neuroscience,article,Cognitive Neuroscience,Neuroscience,Life Sciences,https://doi.org/10.3389/fnhum.2014.00820
W1953090334,W1953090334,reference_only,False,6,,13,0,,,,,,,
W2008691804,Detection of temporal lobe seizures and identification of lateralisation from audified EEG,publication,True,0,2012.0,9,9,EEG and Brain-Computer Interfaces,Clinical Neurophysiology,article,Cognitive Neuroscience,Neuroscience,Life Sciences,https://doi.org/10.1016/j.clinph.2012.02.073
W2109450332,W2109450332,reference_only,False,0,,8,0,,,,,,,
W2140788346,W2140788346,reference_only,False,0,,5,0,,,,,,,
W2269900514,W2269900514,reference_only,False,6,,2,0,,,,,,,
W110427202,"Interactive sonification of abstract data: framework, design space, evaluation, and user tool",publication,True,0,2006.0,4,0,Tactile and Sensory Interactions,,dissertation,Cognitive Neuroscience,Neuroscience,Life Sciences,
W122882323,W122882323,reference_only,False,1,,3,0,,,,,,,
W181928558,Exploration of non-seen diagrams,publication,True,1,1998.0,2,5,Visual and Cognitive Learning Processes,,article,Experimental and Cognitive Psychology,Psychology,Social Sciences,
W1520877301,W1520877301,reference_only,False,26,,3,0,,,,,,,
W1972419014,W1972419014,reference_only,False,1,,2,0,,,,,,,
W1987177365,W1987177365,reference_only,False,1,,6,0,,,,,,,
W1993503595,W1993503595,reference_only,False,1,,6,0,,,,,,,
W2000823235,W2000823235,reference_only,False,5,,2,0,,,,,,,
W2051390054,W2051390054,reference_only,False,1,,8,0,,,,,,,
W2053903592,W2053903592,reference_only,False,19,,11,0,,,,,,,
W2058641836,W2058641836,reference_only,False,1,,5,0,,,,,,,
W2068842640,W2068842640,reference_only,False,26,,2,0,,,,,,,
W2108048984,W2108048984,reference_only,False,1,,2,0,,,,,,,
W2116401686,W2116401686,reference_only,False,1,,2,0,,,,,,,
W2138199375,W2138199375,reference_only,False,1,,14,0,,,,,,,
W2138826098,Interacting with sonification systems: closing the loop,publication,True,6,2004.0,3,8,Music Technology and Sound Studies,,article,Computer Vision and Pattern Recognition,Computer Science,Physical Sciences,https://doi.org/10.1109/iv.2004.82
W2160927393,W2160927393,reference_only,False,1,,10,0,,,,,,,
W2547418339,W2547418339,reference_only,False,8,,4,0,,,,,,,
W69009568,W69009568,reference_only,False,1,,2,0,,,,,,,
W1509968902,W1509968902,reference_only,False,1,,4,0,,,,,,,
W1535517383,W1535517383,reference_only,False,1,,5,0,,,,,,,
W1537061039,W1537061039,reference_only,False,1,,5,0,,,,,,,
W1557758102,W1557758102,reference_only,False,1,,2,0,,,,,,,
W1600895443,W1600895443,reference_only,False,1,,6,0,,,,,,,
W1789658284,W1789658284,reference_only,False,1,,13,0,,,,,,,
W1969442075,W1969442075,reference_only,False,1,,6,0,,,,,,,
W1986061707,W1986061707,reference_only,False,19,,5,0,,,,,,,
W1989771497,W1989771497,reference_only,False,1,,7,0,,,,,,,
W1992556332,W1992556332,reference_only,False,1,,2,0,,,,,,,
W1996970545,W1996970545,reference_only,False,1,,2,0,,,,,,,
W1999155183,W1999155183,reference_only,False,1,,2,0,,,,,,,
W1999463728,W1999463728,reference_only,False,1,,2,0,,,,,,,
W2002556711,W2002556711,reference_only,False,1,,2,0,,,,,,,
W2002893522,W2002893522,reference_only,False,1,,5,0,,,,,,,
W2006128682,W2006128682,reference_only,False,19,,5,0,,,,,,,
W2006684178,W2006684178,reference_only,False,1,,4,0,,,,,,,
W2012815986,W2012815986,reference_only,False,1,,2,0,,,,,,,
W2013020033,W2013020033,reference_only,False,1,,27,0,,,,,,,
W2038458742,W2038458742,reference_only,False,1,,2,0,,,,,,,
W2048585878,W2048585878,reference_only,False,1,,2,0,,,,,,,
W2063252428,W2063252428,reference_only,False,1,,3,0,,,,,,,
W2067736313,W2067736313,reference_only,False,26,,9,0,,,,,,,
W2072943580,W2072943580,reference_only,False,1,,2,0,,,,,,,
W2075586101,W2075586101,reference_only,False,1,,3,0,,,,,,,
W2079676018,W2079676018,reference_only,False,1,,2,0,,,,,,,
W2085630147,W2085630147,reference_only,False,1,,2,0,,,,,,,
W2104166306,W2104166306,reference_only,False,1,,22,0,,,,,,,
W2137637975,W2137637975,reference_only,False,1,,2,0,,,,,,,
W2157130619,Pitch and pitch change interact in auditory displays.,publication,True,1,2000.0,8,36,Noise Effects and Management,Journal of Experimental Psychology Applied,article,Speech and Hearing,Health Professions,Health Sciences,https://doi.org/10.1037//1076-898x.6.1.15
W2257861854,Radiation Search and Detection by Ear and by Eye,publication,True,1,1987.0,7,4,Human-Automation Interaction and Safety,Human Factors The Journal of the Human Factors and Ergonomics Society,article,Social Psychology,Psychology,Social Sciences,https://doi.org/10.1177/001872088702900110
W2284487033,W2284487033,reference_only,False,1,,3,0,,,,,,,
W2415282395,W2415282395,reference_only,False,1,,2,0,,,,,,,
W2463352670,W2463352670,reference_only,False,1,,6,0,,,,,,,
W2504258391,W2504258391,reference_only,False,1,,3,0,,,,,,,
W2616924292,W2616924292,reference_only,False,1,,7,0,,,,,,,
W2943262529,W2943262529,reference_only,False,1,,3,0,,,,,,,
W3117910667,W3117910667,reference_only,False,1,,4,0,,,,,,,
W4205810926,W4205810926,reference_only,False,1,,5,0,,,,,,,
W4235182342,W4235182342,reference_only,False,26,,8,0,,,,,,,
W4235949766,W4235949766,reference_only,False,1,,3,0,,,,,,,
W4238387768,Pitch and pitch change interact in auditory displays.,publication,True,1,2000.0,8,0,Hearing Loss and Rehabilitation,Journal of Experimental Psychology Applied,article,Cognitive Neuroscience,Neuroscience,Life Sciences,https://doi.org/10.1037/1076-898x.6.1.15
W2888763178,Listen to the models: Sonified learning models for people who are blind,publication,True,26,2018.0,2,31,Tactile and Sensory Interactions,Computers & Education,article,Cognitive Neuroscience,Neuroscience,Life Sciences,https://doi.org/10.1016/j.compedu.2018.08.020
W128668254,W128668254,reference_only,False,26,,2,0,,,,,,,
W240887194,W240887194,reference_only,False,26,,6,0,,,,,,,
W257219311,W257219311,reference_only,False,26,,3,0,,,,,,,
W341524467,W341524467,reference_only,False,26,,2,0,,,,,,,
W1677067970,W1677067970,reference_only,False,26,,3,0,,,,,,,
W1973954164,W1973954164,reference_only,False,26,,4,0,,,,,,,
W1975670699,W1975670699,reference_only,False,26,,2,0,,,,,,,
W1976708668,W1976708668,reference_only,False,26,,6,0,,,,,,,
W1978211375,W1978211375,reference_only,False,26,,2,0,,,,,,,
W2011227246,W2011227246,reference_only,False,26,,2,0,,,,,,,
W2011472726,W2011472726,reference_only,False,26,,4,0,,,,,,,
W2018934112,W2018934112,reference_only,False,26,,2,0,,,,,,,
W2035566391,W2035566391,reference_only,False,26,,2,0,,,,,,,
W2036979803,W2036979803,reference_only,False,26,,3,0,,,,,,,
W2064631110,W2064631110,reference_only,False,26,,5,0,,,,,,,
W2074388051,W2074388051,reference_only,False,26,,2,0,,,,,,,
W2117678092,W2117678092,reference_only,False,26,,4,0,,,,,,,
W2122145490,W2122145490,reference_only,False,26,,2,0,,,,,,,
W2128769367,W2128769367,reference_only,False,26,,3,0,,,,,,,
W2130912043,W2130912043,reference_only,False,26,,2,0,,,,,,,
W2160677038,W2160677038,reference_only,False,26,,2,0,,,,,,,
W2171689869,W2171689869,reference_only,False,26,,4,0,,,,,,,
W2412647359,W2412647359,reference_only,False,26,,4,0,,,,,,,
W2516440319,W2516440319,reference_only,False,26,,2,0,,,,,,,
W2936428206,W2936428206,reference_only,False,26,,2,0,,,,,,,
W3147429590,W3147429590,reference_only,False,26,,4,0,,,,,,,
W4249959789,W4249959789,reference_only,False,26,,3,0,,,,,,,
W1558886546,W1558886546,reference_only,False,6,,3,0,,,,,,,
W1978122678,W1978122678,reference_only,False,6,,12,0,,,,,,,
W2417195499,W2417195499,reference_only,False,6,,6,0,,,,,,,
W3094134784,W3094134784,reference_only,False,6,,2,0,,,,,,,
W6631197461,W6631197461,reference_only,False,6,,3,0,,,,,,,
W97204656,W97204656,reference_only,False,1,,3,0,,,,,,,
W2046552246,W2046552246,reference_only,False,1,,5,0,,,,,,,
W2052216394,W2052216394,reference_only,False,1,,3,0,,,,,,,
W2117812870,W2117812870,reference_only,False,1,,3,0,,,,,,,
W2598208772,W2598208772,reference_only,False,1,,7,0,,,,,,,
W2912486863,W2912486863,reference_only,False,19,,2,0,,,,,,,
W4288632021,W4288632021,reference_only,False,1,,2,0,,,,,,,
W1537424868,W1537424868,reference_only,False,8,,6,0,,,,,,,
W1557554459,W1557554459,reference_only,False,8,,6,0,,,,,,,
W1971641362,W1971641362,reference_only,False,8,,2,0,,,,,,,
W1996721809,W1996721809,reference_only,False,8,,8,0,,,,,,,
W2027561586,W2027561586,reference_only,False,8,,11,0,,,,,,,
W2147923073,Auditory display design for exploration in mobile audio-augmented reality,publication,True,1,2011.0,4,20,Tactile and Sensory Interactions,Personal and Ubiquitous Computing,article,Cognitive Neuroscience,Neuroscience,Life Sciences,https://doi.org/10.1007/s00779-011-0459-0
W2467931,W2467931,reference_only,False,1,,2,0,,,,,,,
W95380988,W95380988,reference_only,False,23,,3,0,,,,,,,
W1535577589,W1535577589,reference_only,False,23,,2,0,,,,,,,
W1549233284,W1549233284,reference_only,False,1,,2,0,,,,,,,
W1560946882,W1560946882,reference_only,False,8,,4,0,,,,,,,
W1607764848,W1607764848,reference_only,False,1,,2,0,,,,,,,
W1651701101,W1651701101,reference_only,False,19,,6,0,,,,,,,
W1985360558,W1985360558,reference_only,False,1,,3,0,,,,,,,
W1996225046,W1996225046,reference_only,False,1,,3,0,,,,,,,
W2015707156,W2015707156,reference_only,False,1,,2,0,,,,,,,
W2031312187,W2031312187,reference_only,False,1,,3,0,,,,,,,
W2077693798,W2077693798,reference_only,False,1,,8,0,,,,,,,
W2126885600,W2126885600,reference_only,False,1,,3,0,,,,,,,
W2752491485,W2752491485,reference_only,False,1,,9,0,,,,,,,
W3021716472,W3021716472,reference_only,False,19,,7,0,,,,,,,
W1997048962,W1997048962,reference_only,False,1,,2,0,,,,,,,
W2014921255,W2014921255,reference_only,False,6,,4,0,,,,,,,
W2132820121,W2132820121,reference_only,False,6,,2,0,,,,,,,
W4235311325,W4235311325,reference_only,False,0,,4,0,,,,,,,
W1989274999,Auditory displays in anesthesiology,publication,True,19,2009.0,11,45,Healthcare Technology and Patient Monitoring,Current Opinion in Anaesthesiology,article,Surgery,Medicine,Health Sciences,https://doi.org/10.1097/aco.0b013e3283326a2f
W1505096505,W1505096505,reference_only,False,1,,18,0,,,,,,,
W1516960989,W1516960989,reference_only,False,19,,4,0,,,,,,,
W1815579919,W1815579919,reference_only,False,19,,6,0,,,,,,,
W1915495511,W1915495511,reference_only,False,19,,12,0,,,,,,,
W1984895078,W1984895078,reference_only,False,19,,2,0,,,,,,,
W1987408817,W1987408817,reference_only,False,19,,8,0,,,,,,,
W1992418075,W1992418075,reference_only,False,19,,2,0,,,,,,,
W1993906458,W1993906458,reference_only,False,19,,16,0,,,,,,,
W1999401028,W1999401028,reference_only,False,19,,2,0,,,,,,,
W2004487242,W2004487242,reference_only,False,19,,4,0,,,,,,,
W2006720227,Sonification design for complex work domains: Dimensions and distractors.,publication,True,19,2009.0,11,42,Tactile and Sensory Interactions,Journal of Experimental Psychology Applied,article,Cognitive Neuroscience,Neuroscience,Life Sciences,https://doi.org/10.1037/a0016329
W2020727054,W2020727054,reference_only,False,19,,3,0,,,,,,,
W2031347071,W2031347071,reference_only,False,19,,9,0,,,,,,,
W2059957416,"Listening to the Mind Listening: An Analysis of Sonification Reviews, Designs and Correspondences",publication,True,6,2006.0,11,3,Tactile and Sensory Interactions,Leonardo Music Journal,article,Cognitive Neuroscience,Neuroscience,Life Sciences,https://doi.org/10.1162/lmj.2006.16.13
W2064546004,W2064546004,reference_only,False,19,,5,0,,,,,,,
W2068762597,W2068762597,reference_only,False,19,,2,0,,,,,,,
W2074032036,W2074032036,reference_only,False,19,,6,0,,,,,,,
W2084663691,W2084663691,reference_only,False,19,,5,0,,,,,,,
W2090405036,W2090405036,reference_only,False,19,,2,0,,,,,,,
W2102349167,W2102349167,reference_only,False,19,,2,0,,,,,,,
W2112711343,W2112711343,reference_only,False,19,,3,0,,,,,,,
W2128178009,W2128178009,reference_only,False,19,,33,0,,,,,,,
W2151442484,W2151442484,reference_only,False,19,,2,0,,,,,,,
W2165570903,"When is Less More? Attention and Workload in Auditory, Visual, and Redundant Patient-Monitoring Conditions",publication,True,19,2001.0,18,11,Healthcare Technology and Patient Monitoring,Proceedings of the Human Factors and Ergonomics Society Annual Meeting,article,Surgery,Medicine,Health Sciences,https://doi.org/10.1177/154193120104501817
W2416112991,W2416112991,reference_only,False,19,,12,0,,,,,,,
W6630337545,W6630337545,reference_only,False,6,,4,0,,,,,,,
W2283562276,"<i>Go-with-the-Flow</i>: Tracking, Analysis and Sonification of Movement and Breathing to Build Confidence in Activity Despite Chronic Pain",publication,True,35,2015.0,9,42,Music Therapy and Health,Human-Computer Interaction,article,Social Psychology,Psychology,Social Sciences,https://doi.org/10.1080/07370024.2015.1085310
W73282471,W73282471,reference_only,False,35,,5,0,,,,,,,
W129140370,W129140370,reference_only,False,5,,2,0,,,,,,,
W160509580,W160509580,reference_only,False,6,,3,0,,,,,,,
W1529303978,W1529303978,reference_only,False,35,,5,0,,,,,,,
W1551337636,W1551337636,reference_only,False,35,,8,0,,,,,,,
W1572770553,W1572770553,reference_only,False,35,,5,0,,,,,,,
W1694080526,W1694080526,reference_only,False,3,,5,0,,,,,,,
W1779974355,W1779974355,reference_only,False,35,,4,0,,,,,,,
W1862665565,W1862665565,reference_only,False,35,,15,0,,,,,,,
W1940401978,W1940401978,reference_only,False,34,,2,0,,,,,,,
W1970680563,W1970680563,reference_only,False,6,,2,0,,,,,,,
W1979290264,W1979290264,reference_only,False,35,,10,0,,,,,,,
W1981686634,Evaluation of four models for the sonification of elite rowing,publication,True,35,2012.0,6,25,Tactile and Sensory Interactions,Journal on Multimodal User Interfaces,article,Cognitive Neuroscience,Neuroscience,Life Sciences,https://doi.org/10.1007/s12193-011-0085-1
W1991942861,W1991942861,reference_only,False,35,,3,0,,,,,,,
W1995664726,W1995664726,reference_only,False,35,,5,0,,,,,,,
W2021584242,W2021584242,reference_only,False,3,,4,0,,,,,,,
W2028629294,W2028629294,reference_only,False,35,,3,0,,,,,,,
W2031046646,W2031046646,reference_only,False,35,,3,0,,,,,,,
W2074917937,W2074917937,reference_only,False,35,,5,0,,,,,,,
W2089998899,W2089998899,reference_only,False,35,,2,0,,,,,,,
W2091322384,W2091322384,reference_only,False,35,,6,0,,,,,,,
W2104109271,W2104109271,reference_only,False,3,,2,0,,,,,,,
W2119611357,W2119611357,reference_only,False,35,,15,0,,,,,,,
W2119820506,W2119820506,reference_only,False,35,,4,0,,,,,,,
W2134079826,W2134079826,reference_only,False,6,,6,0,,,,,,,
W2144198023,W2144198023,reference_only,False,35,,6,0,,,,,,,
W2147321290,W2147321290,reference_only,False,35,,6,0,,,,,,,
W2168729844,W2168729844,reference_only,False,3,,4,0,,,,,,,
W2296646900,Sounding objects,publication,True,1,2003.0,13,25,Music Technology and Sound Studies,IEEE Multimedia,article,Computer Vision and Pattern Recognition,Computer Science,Physical Sciences,https://doi.org/10.1109/mmul.2003.1195160
W2583031566,W2583031566,reference_only,False,35,,11,0,,,,,,,
W2725640454,W2725640454,reference_only,False,31,,3,0,,,,,,,
W4388328369,W4388328369,reference_only,False,3,,3,0,,,,,,,
W2154620409,USING AUDIFICATION IN PLANETARY SEISMOLOGY,publication,True,6,2001.0,18,2,"Media, Communication, and Education",,article,Communication,Social Sciences,Social Sciences,
W1526554478,W1526554478,reference_only,False,6,,2,0,,,,,,,
W1482317340,W1482317340,reference_only,False,26,,2,0,,,,,,,
W1671007513,W1671007513,reference_only,False,8,,5,0,,,,,,,
W1991139021,W1991139021,reference_only,False,31,,24,0,,,,,,,
W1996440979,W1996440979,reference_only,False,5,,3,0,,,,,,,
W1997039480,W1997039480,reference_only,False,26,,3,0,,,,,,,
W1998771049,W1998771049,reference_only,False,31,,2,0,,,,,,,
W2007697407,Auditory display design—An investigation of a design pattern approach,publication,True,1,2009.0,11,96,Tactile and Sensory Interactions,International Journal of Human-Computer Studies,article,Cognitive Neuroscience,Neuroscience,Life Sciences,https://doi.org/10.1016/j.ijhcs.2009.05.008
W2007802578,W2007802578,reference_only,False,26,,4,0,,,,,,,
W2010927954,W2010927954,reference_only,False,26,,16,0,,,,,,,
W2021082347,‘Visual’ Acuity of the Congenitally Blind Using Visual-to-Auditory Sensory Substitution,publication,True,26,2012.0,8,22,Tactile and Sensory Interactions,PLoS ONE,article,Cognitive Neuroscience,Neuroscience,Life Sciences,https://doi.org/10.1371/journal.pone.0033136
W2021666577,W2021666577,reference_only,False,26,,7,0,,,,,,,
W2024716723,W2024716723,reference_only,False,26,,2,0,,,,,,,
W2025256102,W2025256102,reference_only,False,26,,5,0,,,,,,,
W2036060855,W2036060855,reference_only,False,26,,10,0,,,,,,,
W2039066615,W2039066615,reference_only,False,1,,6,0,,,,,,,
W2056401918,W2056401918,reference_only,False,35,,5,0,,,,,,,
W2066292942,W2066292942,reference_only,False,6,,2,0,,,,,,,
W2069416551,W2069416551,reference_only,False,26,,3,0,,,,,,,
W2077971436,W2077971436,reference_only,False,35,,3,0,,,,,,,
W2083660934,W2083660934,reference_only,False,31,,6,0,,,,,,,
W2089765964,W2089765964,reference_only,False,26,,7,0,,,,,,,
W2100390488,W2100390488,reference_only,False,26,,4,0,,,,,,,
W2109357138,W2109357138,reference_only,False,26,,3,0,,,,,,,
W2131294823,W2131294823,reference_only,False,35,,16,0,,,,,,,
W2147337793,W2147337793,reference_only,False,26,,4,0,,,,,,,
W2147486063,W2147486063,reference_only,False,26,,3,0,,,,,,,
W2315268655,W2315268655,reference_only,False,5,,17,0,,,,,,,
W4254404859,W4254404859,reference_only,False,6,,2,0,,,,,,,
W2345792697,Movement Sonification: Effects on Motor Learning beyond Rhythmic Adjustments,publication,True,35,2016.0,37,57,Multisensory perception and integration,Frontiers in Neuroscience,article,Experimental and Cognitive Psychology,Psychology,Social Sciences,https://doi.org/10.3389/fnins.2016.00219
W170732776,W170732776,reference_only,False,8,,2,0,,,,,,,
W1560013842,W1560013842,reference_only,False,10,,3,0,,,,,,,
W1595581172,W1595581172,reference_only,False,35,,6,0,,,,,,,
W1970890515,W1970890515,reference_only,False,35,,11,0,,,,,,,
W1976185535,W1976185535,reference_only,False,35,,2,0,,,,,,,
W1977615208,W1977615208,reference_only,False,35,,15,0,,,,,,,
W1983353683,W1983353683,reference_only,False,35,,7,0,,,,,,,
W1991829561,W1991829561,reference_only,False,35,,3,0,,,,,,,
W2006838581,W2006838581,reference_only,False,35,,20,0,,,,,,,
W2022651795,The effect of real-time auditory feedback on learning new characters,publication,True,35,2014.0,21,49,Hearing Impairment and Communication,Human Movement Science,article,Developmental and Educational Psychology,Psychology,Social Sciences,https://doi.org/10.1016/j.humov.2014.12.002
W2023360166,W2023360166,reference_only,False,35,,2,0,,,,,,,
W2030474329,W2030474329,reference_only,False,35,,12,0,,,,,,,
W2032139276,W2032139276,reference_only,False,35,,5,0,,,,,,,
W2040510368,W2040510368,reference_only,False,35,,5,0,,,,,,,
W2043969427,W2043969427,reference_only,False,35,,3,0,,,,,,,
W2043986349,W2043986349,reference_only,False,35,,8,0,,,,,,,
W2046394129,W2046394129,reference_only,False,35,,6,0,,,,,,,
W2061422794,W2061422794,reference_only,False,35,,5,0,,,,,,,
W2065469890,W2065469890,reference_only,False,35,,6,0,,,,,,,
W2088313145,W2088313145,reference_only,False,35,,17,0,,,,,,,
W2095326216,W2095326216,reference_only,False,35,,8,0,,,,,,,
W2100757346,W2100757346,reference_only,False,26,,2,0,,,,,,,
W2113413712,W2113413712,reference_only,False,35,,2,0,,,,,,,
W2116534743,W2116534743,reference_only,False,35,,4,0,,,,,,,
W2130461445,Sonification and haptic feedback in addition to visual feedback enhances complex motor task learning,publication,True,35,2014.0,17,77,Tactile and Sensory Interactions,Experimental Brain Research,article,Cognitive Neuroscience,Neuroscience,Life Sciences,https://doi.org/10.1007/s00221-014-4167-7
W2157651355,W2157651355,reference_only,False,35,,10,0,,,,,,,
W2159295271,Continuous Sonic Feedback from a Rolling Ball,publication,True,1,2005.0,10,7,Music Technology and Sound Studies,IEEE Multimedia,article,Computer Vision and Pattern Recognition,Computer Science,Physical Sciences,https://doi.org/10.1109/mmul.2005.24
W2166941808,W2166941808,reference_only,False,35,,3,0,,,,,,,
W2171444589,W2171444589,reference_only,False,35,,5,0,,,,,,,
W2201745394,SoundScript – Supporting the Acquisition of Character Writing by Multisensory Integration,publication,True,35,2015.0,7,29,Tactile and Sensory Interactions,The Open Psychology Journal,article,Cognitive Neuroscience,Neuroscience,Life Sciences,https://doi.org/10.2174/1874350101508010230
W2209198230,W2209198230,reference_only,False,35,,4,0,,,,,,,
W2215486668,W2215486668,reference_only,False,35,,7,0,,,,,,,
W2306812926,W2306812926,reference_only,False,35,,11,0,,,,,,,
W2474554242,W2474554242,reference_only,False,35,,3,0,,,,,,,
W2491272054,Sonification — ein akustisches Informationskonzept zur menschlichen Bewegung,publication,True,35,1998.0,5,0,Noise Effects and Management,German Journal of Exercise and Sport Research,article,Speech and Hearing,Health Professions,Health Sciences,https://doi.org/10.1007/bf03176522
W2789864965,W2789864965,reference_only,False,35,,2,0,,,,,,,
W6604907675,W6604907675,reference_only,False,35,,3,0,,,,,,,
W6731737828,W6731737828,reference_only,False,35,,3,0,,,,,,,
W6733306018,W6733306018,reference_only,False,35,,7,0,,,,,,,
W69091869,WHITHER AND WHEREFORE THE AUDITORY GRAPH? ABSTRACTIONS & ÆSTHETICS IN AUDITORY AND SONIFIED GRAPHS,publication,True,1,2005.0,2,14,Tactile and Sensory Interactions,,article,Cognitive Neuroscience,Neuroscience,Life Sciences,
W1541749965,W1541749965,reference_only,False,1,,4,0,,,,,,,
W1573523614,W1573523614,reference_only,False,1,,27,0,,,,,,,
W1981537657,W1981537657,reference_only,False,1,,3,0,,,,,,,
W2029365580,When bugs sing,publication,True,1,2002.0,4,10,Tactile and Sensory Interactions,Interacting with Computers,article,Cognitive Neuroscience,Neuroscience,Life Sciences,https://doi.org/10.1016/s0953-5438(02)00026-7
W2074025947,W2074025947,reference_only,False,1,,4,0,,,,,,,
W2321737715,W2321737715,reference_only,False,6,,3,0,,,,,,,
W2031554514,Fidelity of three-dimensional-sound reproduction using a virtual auditory display,publication,True,8,2000.0,4,19,Hearing Loss and Rehabilitation,The Journal of the Acoustical Society of America,article,Cognitive Neuroscience,Neuroscience,Life Sciences,https://doi.org/10.1121/1.428321
W1519334917,W1519334917,reference_only,False,8,,5,0,,,,,,,
W1615920531,W1615920531,reference_only,False,8,,10,0,,,,,,,
W1952738065,W1952738065,reference_only,False,8,,3,0,,,,,,,
W1971016029,W1971016029,reference_only,False,8,,18,0,,,,,,,
W1976125225,W1976125225,reference_only,False,8,,8,0,,,,,,,
W2007217383,W2007217383,reference_only,False,8,,6,0,,,,,,,
W2038008722,W2038008722,reference_only,False,8,,7,0,,,,,,,
W2068325601,W2068325601,reference_only,False,8,,4,0,,,,,,,
W2148785954,W2148785954,reference_only,False,8,,3,0,,,,,,,
W2262929181,"3-dimensional auditory displays: development, applications, and performance.",publication,True,8,1994.0,5,0,Human-Automation Interaction and Safety,PubMed,article,Social Psychology,Psychology,Social Sciences,
W2885080937,"Auditory Graphs Are Not the “Killer App” of Sonification, But They Work",publication,True,1,2018.0,5,16,Tactile and Sensory Interactions,Ergonomics in Design The Quarterly of Human Factors Applications,article,Cognitive Neuroscience,Neuroscience,Life Sciences,https://doi.org/10.1177/1064804618773563
W148410407,W148410407,reference_only,False,1,,8,0,,,,,,,
W2141870347,The Three ``R''s: Real Students in Real Time Doing Real Work Learning Calculus,publication,True,1,2007.0,2,10,Music Technology and Sound Studies,,article,Computer Vision and Pattern Recognition,Computer Science,Physical Sciences,
W2171635740,Evaluating auditory graphs with blind students in a classroom,publication,True,1,2012.0,4,5,Tactile and Sensory Interactions,ACM SIGACCESS Accessibility and Computing,article,Cognitive Neuroscience,Neuroscience,Life Sciences,https://doi.org/10.1145/2140446.2140447
W2617434701,W2617434701,reference_only,False,3,,6,0,,,,,,,
W1581350311,SONIPY: THE DESIGN OF AN EXTENDABLE SOFTWARE FRAMEWORK FOR SONIFICATION RESEARCH AND AUDITORY DISPLAY,publication,True,6,2007.0,7,10,Music Technology and Sound Studies,,article,Computer Vision and Pattern Recognition,Computer Science,Physical Sciences,
W1573955430,W1573955430,reference_only,False,6,,3,0,,,,,,,
W1598383676,W1598383676,reference_only,False,6,,6,0,,,,,,,
W2101664981,W2101664981,reference_only,False,6,,2,0,,,,,,,
W2113467633,Sculpting a sound space with information properties,publication,True,1,1996.0,4,10,Noise Effects and Management,Organised Sound,article,Speech and Hearing,Health Professions,Health Sciences,https://doi.org/10.1017/s1355771896000040
W2132623271,W2132623271,reference_only,False,35,,2,0,,,,,,,
W2141674016,LEVELS OF TEMPORAL RESOLUTION IN SONIFICATION OF NETWORK PERFORMANCE,publication,True,30,2001.0,7,4,Music Technology and Sound Studies,,article,Computer Vision and Pattern Recognition,Computer Science,Physical Sciences,
W2402671869,W2402671869,reference_only,False,6,,5,0,,,,,,,
W2733269210,W2733269210,reference_only,False,3,,10,0,,,,,,,
W1460401339,W1460401339,reference_only,False,8,,12,0,,,,,,,
W1528946842,W1528946842,reference_only,False,1,,2,0,,,,,,,
W1610693853,W1610693853,reference_only,False,1,,2,0,,,,,,,
W1612995511,W1612995511,reference_only,False,1,,9,0,,,,,,,
W1970680664,W1970680664,reference_only,False,1,,3,0,,,,,,,
W1971398771,W1971398771,reference_only,False,1,,8,0,,,,,,,
W1980770577,W1980770577,reference_only,False,1,,2,0,,,,,,,
W1987624159,W1987624159,reference_only,False,1,,4,0,,,,,,,
W1988680600,W1988680600,reference_only,False,1,,2,0,,,,,,,
W2006539252,W2006539252,reference_only,False,1,,2,0,,,,,,,
W2016098456,W2016098456,reference_only,False,1,,6,0,,,,,,,
W2022529518,W2022529518,reference_only,False,1,,7,0,,,,,,,
W2026410165,W2026410165,reference_only,False,1,,4,0,,,,,,,
W2029403095,W2029403095,reference_only,False,1,,12,0,,,,,,,
W2032772291,W2032772291,reference_only,False,1,,2,0,,,,,,,
W2046315042,W2046315042,reference_only,False,19,,4,0,,,,,,,
W2048370453,W2048370453,reference_only,False,1,,4,0,,,,,,,
W2065126496,W2065126496,reference_only,False,1,,3,0,,,,,,,
W2070730516,W2070730516,reference_only,False,1,,2,0,,,,,,,
W2077763860,W2077763860,reference_only,False,31,,3,0,,,,,,,
W2082840017,W2082840017,reference_only,False,1,,5,0,,,,,,,
W2089817572,W2089817572,reference_only,False,1,,4,0,,,,,,,
W2092084522,W2092084522,reference_only,False,1,,8,0,,,,,,,
W2096432648,W2096432648,reference_only,False,31,,6,0,,,,,,,
W2119614608,W2119614608,reference_only,False,1,,2,0,,,,,,,
W2134654456,W2134654456,reference_only,False,1,,3,0,,,,,,,
W2738918696,W2738918696,reference_only,False,8,,3,0,,,,,,,
W800349764,W800349764,reference_only,False,35,,2,0,,,,,,,
W1546296670,W1546296670,reference_only,False,35,,2,0,,,,,,,
W1686728959,W1686728959,reference_only,False,35,,2,0,,,,,,,
W1858475798,W1858475798,reference_only,False,19,,4,0,,,,,,,
W1964198515,W1964198515,reference_only,False,26,,2,0,,,,,,,
W1965806846,W1965806846,reference_only,False,35,,2,0,,,,,,,
W1967161469,W1967161469,reference_only,False,35,,3,0,,,,,,,
W1969090956,W1969090956,reference_only,False,35,,5,0,,,,,,,
W1980440818,W1980440818,reference_only,False,35,,3,0,,,,,,,
W1982734415,W1982734415,reference_only,False,35,,2,0,,,,,,,
W1983992580,W1983992580,reference_only,False,35,,3,0,,,,,,,
W1987330504,W1987330504,reference_only,False,35,,4,0,,,,,,,
W1993615828,W1993615828,reference_only,False,35,,6,0,,,,,,,
W1994446426,W1994446426,reference_only,False,35,,5,0,,,,,,,
W1999057553,W1999057553,reference_only,False,35,,2,0,,,,,,,
W2000075291,W2000075291,reference_only,False,35,,2,0,,,,,,,
W2000798439,W2000798439,reference_only,False,35,,2,0,,,,,,,
W2010258059,W2010258059,reference_only,False,35,,12,0,,,,,,,
W2027076691,W2027076691,reference_only,False,35,,4,0,,,,,,,
W2029776687,W2029776687,reference_only,False,35,,3,0,,,,,,,
W2032421275,W2032421275,reference_only,False,35,,5,0,,,,,,,
W2034528422,W2034528422,reference_only,False,35,,2,0,,,,,,,
W2036666631,W2036666631,reference_only,False,35,,2,0,,,,,,,
W2050579567,W2050579567,reference_only,False,35,,7,0,,,,,,,
W2059254035,W2059254035,reference_only,False,35,,2,0,,,,,,,
W2062630941,W2062630941,reference_only,False,35,,2,0,,,,,,,
W2063440895,W2063440895,reference_only,False,26,,5,0,,,,,,,
W2064013094,W2064013094,reference_only,False,35,,2,0,,,,,,,
W2066461332,W2066461332,reference_only,False,35,,4,0,,,,,,,
W2072464426,W2072464426,reference_only,False,35,,4,0,,,,,,,
W2076731248,W2076731248,reference_only,False,35,,2,0,,,,,,,
W2077366304,W2077366304,reference_only,False,35,,3,0,,,,,,,
W2078594447,W2078594447,reference_only,False,35,,2,0,,,,,,,
W2081131754,W2081131754,reference_only,False,35,,10,0,,,,,,,
W2082566952,W2082566952,reference_only,False,35,,3,0,,,,,,,
W2083133776,W2083133776,reference_only,False,35,,14,0,,,,,,,
W2091296848,W2091296848,reference_only,False,35,,2,0,,,,,,,
W2091354492,W2091354492,reference_only,False,19,,6,0,,,,,,,
W2095467291,W2095467291,reference_only,False,35,,5,0,,,,,,,
W2117916152,W2117916152,reference_only,False,35,,17,0,,,,,,,
W2128018947,W2128018947,reference_only,False,35,,9,0,,,,,,,
W2131563149,W2131563149,reference_only,False,35,,2,0,,,,,,,
W2136956122,W2136956122,reference_only,False,35,,2,0,,,,,,,
W2137957893,W2137957893,reference_only,False,35,,2,0,,,,,,,
W2141024349,W2141024349,reference_only,False,35,,8,0,,,,,,,
W2143991825,W2143991825,reference_only,False,35,,2,0,,,,,,,
W2145829663,W2145829663,reference_only,False,35,,2,0,,,,,,,
W2147682570,W2147682570,reference_only,False,35,,3,0,,,,,,,
W2148794849,W2148794849,reference_only,False,35,,2,0,,,,,,,
W2163189132,A FRAMEWORK FOR SONIFICATION OF VICON MOTION CAPTURE DATA,publication,True,3,2005.0,6,10,Music Technology and Sound Studies,,article,Computer Vision and Pattern Recognition,Computer Science,Physical Sciences,
W2164263004,W2164263004,reference_only,False,35,,2,0,,,,,,,
W2164553222,W2164553222,reference_only,False,35,,3,0,,,,,,,
W2166630190,W2166630190,reference_only,False,35,,2,0,,,,,,,
W2166732736,W2166732736,reference_only,False,35,,2,0,,,,,,,
W2167449101,W2167449101,reference_only,False,35,,2,0,,,,,,,
W2167752831,W2167752831,reference_only,False,35,,2,0,,,,,,,
W2167880628,W2167880628,reference_only,False,35,,2,0,,,,,,,
W2171689108,"Terminal Feedback Outperforms Concurrent Visual, Auditory, and Haptic Feedback in Learning a Complex Rowing-Type Task",publication,True,35,2013.0,5,65,Motor Control and Adaptation,Journal of Motor Behavior,article,Cognitive Neuroscience,Neuroscience,Life Sciences,https://doi.org/10.1080/00222895.2013.826169
W2208145366,W2208145366,reference_only,False,35,,6,0,,,,,,,
W2266111988,W2266111988,reference_only,False,35,,6,0,,,,,,,
W2777451167,W2777451167,reference_only,False,35,,2,0,,,,,,,
W4253077363,W4253077363,reference_only,False,35,,6,0,,,,,,,
W4253372616,W4253372616,reference_only,False,35,,5,0,,,,,,,
W9697418,W9697418,reference_only,False,19,,7,0,,,,,,,
W438288536,W438288536,reference_only,False,19,,3,0,,,,,,,
W1512324647,W1512324647,reference_only,False,28,,2,0,,,,,,,
W1612857394,"Compatibility and Resource Competition between Modalities of Input, Central Processing, and Output",publication,True,28,1983.0,7,13,Human-Automation Interaction and Safety,Human Factors The Journal of the Human Factors and Ergonomics Society,article,Social Psychology,Psychology,Social Sciences,https://doi.org/10.1177/001872088302500209
W2014723599,W2014723599,reference_only,False,19,,8,0,,,,,,,
W2077008179,W2077008179,reference_only,False,19,,3,0,,,,,,,
W2080529943,W2080529943,reference_only,False,19,,7,0,,,,,,,
W2086300018,W2086300018,reference_only,False,19,,3,0,,,,,,,
W2113089263,W2113089263,reference_only,False,19,,2,0,,,,,,,
W2151268880,W2151268880,reference_only,False,19,,6,0,,,,,,,
W2156406342,Effects of Localized Auditory Information on Visual Target Detection Performance Using a Helmet-Mounted Display,publication,True,8,1998.0,2,9,Human-Automation Interaction and Safety,Human Factors The Journal of the Human Factors and Ergonomics Society,article,Social Psychology,Psychology,Social Sciences,https://doi.org/10.1518/001872098779591304
W2161238168,W2161238168,reference_only,False,19,,5,0,,,,,,,
W2163514131,Intelligibility of Sonifications for Respiratory Monitoring in Anesthesia,publication,True,19,2001.0,3,11,Healthcare Technology and Patient Monitoring,Proceedings of the Human Factors and Ergonomics Society Annual Meeting,article,Surgery,Medicine,Health Sciences,https://doi.org/10.1177/154193120104501708
W2266493323,W2266493323,reference_only,False,19,,4,0,,,,,,,
W2465654022,"ANESTHESIA MONITORING, ALARM PROLIFERATION, AND ECOLOGICAL INTERFACE DESIGN",publication,True,19,2000.0,2,16,Healthcare Technology and Patient Monitoring,,article,Surgery,Medicine,Health Sciences,
W2777955129,W2777955129,reference_only,False,19,,2,0,,,,,,,
W4238979334,W4238979334,reference_only,False,28,,2,0,,,,,,,
W4244767237,W4244767237,reference_only,False,19,,3,0,,,,,,,
W2035486824,Embodied Aesthetics in Auditory Display,publication,True,5,2014.0,18,58,Multisensory perception and integration,Organised Sound,article,Experimental and Cognitive Psychology,Psychology,Social Sciences,https://doi.org/10.1017/s1355771813000423
W6854706,W6854706,reference_only,False,5,,5,0,,,,,,,
W180218206,W180218206,reference_only,False,14,,5,0,,,,,,,
W605263502,W605263502,reference_only,False,5,,14,0,,,,,,,
W607096944,W607096944,reference_only,False,5,,4,0,,,,,,,
W1503135079,W1503135079,reference_only,False,5,,4,0,,,,,,,
W1527457427,Sonification Design and Aesthetics,publication,True,5,2011.0,13,0,Innovative Human-Technology Interaction,Northumbria Research Link (Northumbria University),book-chapter,Human-Computer Interaction,Computer Science,Physical Sciences,
W1536258620,W1536258620,reference_only,False,5,,5,0,,,,,,,
W1576420969,W1576420969,reference_only,False,0,,19,0,,,,,,,
W1581387623,W1581387623,reference_only,False,3,,2,0,,,,,,,
W1858862969,W1858862969,reference_only,False,5,,2,0,,,,,,,
W1939733999,W1939733999,reference_only,False,5,,5,0,,,,,,,
W1964705252,W1964705252,reference_only,False,5,,2,0,,,,,,,
W1968008571,The aesthetic turn in sonification towards a social and cultural medium,publication,True,3,2011.0,16,8,Tactile and Sensory Interactions,AI & Society,article,Cognitive Neuroscience,Neuroscience,Life Sciences,https://doi.org/10.1007/s00146-011-0335-5
W1968060331,W1968060331,reference_only,False,5,,5,0,,,,,,,
W1990746512,W1990746512,reference_only,False,5,,3,0,,,,,,,
W2001478204,Can Micro-Gestural Inflections Be Used to Improve the Soniculatory Effectiveness of Parameter Mapping Sonifications?,publication,True,5,2014.0,12,36,Neuroscience and Music Perception,Organised Sound,article,Cognitive Neuroscience,Neuroscience,Life Sciences,https://doi.org/10.1017/s135577181300040x
W2008942963,W2008942963,reference_only,False,5,,3,0,,,,,,,
W2015153621,W2015153621,reference_only,False,1,,30,0,,,,,,,
W2043220715,W2043220715,reference_only,False,5,,5,0,,,,,,,
W2048701323,W2048701323,reference_only,False,5,,7,0,,,,,,,
W2072020524,A perceptual framework for the auditory display of scientific data,publication,True,1,2005.0,13,14,Hearing Loss and Rehabilitation,ACM Transactions on Applied Perception,article,Cognitive Neuroscience,Neuroscience,Life Sciences,https://doi.org/10.1145/1101530.1101532
W2073980376,W2073980376,reference_only,False,6,,5,0,,,,,,,
W2094906616,An embodied music cognition approach to multilevel interactive sonification,publication,True,5,2012.0,8,24,Tactile and Sensory Interactions,Journal on Multimodal User Interfaces,article,Cognitive Neuroscience,Neuroscience,Life Sciences,https://doi.org/10.1007/s12193-011-0084-2
W2100531634,W2100531634,reference_only,False,3,,13,0,,,,,,,
W2107019937,W2107019937,reference_only,False,5,,3,0,,,,,,,
W2107797578,W2107797578,reference_only,False,5,,3,0,,,,,,,
W2128543131,W2128543131,reference_only,False,0,,4,0,,,,,,,
W2132049932,W2132049932,reference_only,False,5,,5,0,,,,,,,
W2146939832,W2146939832,reference_only,False,5,,4,0,,,,,,,
W2155172052,W2155172052,reference_only,False,5,,5,0,,,,,,,
W2160109669,W2160109669,reference_only,False,5,,15,0,,,,,,,
W2172653878,<i>Life Music:</i> The Sonification of Proteins,publication,True,6,1999.0,15,0,Plant and Biological Electrophysiology Studies,Leonardo,article,Plant Science,Agricultural and Biological Sciences,Life Sciences,https://doi.org/10.1162/002409499552966
W2219590493,W2219590493,reference_only,False,5,,5,0,,,,,,,
W2259765076,W2259765076,reference_only,False,5,,3,0,,,,,,,
W2269086507,W2269086507,reference_only,False,5,,2,0,,,,,,,
W2290743373,W2290743373,reference_only,False,5,,7,0,,,,,,,
W2324143460,W2324143460,reference_only,False,6,,3,0,,,,,,,
W2337506100,W2337506100,reference_only,False,5,,2,0,,,,,,,
W2341369563,PARAMETER MAPPING SONIC ARTICULATION AND THE PERCEIVING BODY,publication,True,5,2010.0,6,25,Multisensory perception and integration,,article,Experimental and Cognitive Psychology,Psychology,Social Sciences,
W2518542036,Investigating concurrent auditory icon recognition,publication,True,1,2006.0,3,21,Multisensory perception and integration,,article,Experimental and Cognitive Psychology,Psychology,Social Sciences,
W2618037547,W2618037547,reference_only,False,5,,15,0,,,,,,,
W2624469092,W2624469092,reference_only,False,5,,3,0,,,,,,,
W2771462505,W2771462505,reference_only,False,5,,2,0,,,,,,,
W3110909889,W3110909889,reference_only,False,5,,3,0,,,,,,,
W3216119896,W3216119896,reference_only,False,6,,5,0,,,,,,,
W4210890610,W4210890610,reference_only,False,5,,11,0,,,,,,,
W4231563569,W4231563569,reference_only,False,5,,5,0,,,,,,,
W4236690658,W4236690658,reference_only,False,5,,3,0,,,,,,,
W4245967894,W4245967894,reference_only,False,5,,7,0,,,,,,,
W268431760,Development and Evaluation of Sonified Weather Maps for Blind Users,publication,True,1,2012.0,0,9,Tactile and Sensory Interactions,,book-chapter,Cognitive Neuroscience,Neuroscience,Life Sciences,https://doi.org/10.1007/978-1-4471-2867-0_8
W65833265,W65833265,reference_only,False,1,,2,0,,,,,,,
W2144865115,W2144865115,reference_only,False,1,,5,0,,,,,,,
W2148465050,W2148465050,reference_only,False,1,,2,0,,,,,,,
W2168440500,W2168440500,reference_only,False,1,,2,0,,,,,,,
W108443521,Nonvisual Route following with Guidance from a Simple Haptic or Auditory Display,publication,True,26,2007.0,2,13,Tactile and Sensory Interactions,Journal of Visual Impairment & Blindness,article,Cognitive Neuroscience,Neuroscience,Life Sciences,https://doi.org/10.1177/0145482x0710100403
W62008916,W62008916,reference_only,False,26,,9,0,,,,,,,
W1967114222,W1967114222,reference_only,False,26,,3,0,,,,,,,
W1991212035,W1991212035,reference_only,False,8,,4,0,,,,,,,
W2020856473,W2020856473,reference_only,False,26,,2,0,,,,,,,
W2101733545,Navigation performance in a virtual environment with bonephones,publication,True,8,2005.0,6,5,Tactile and Sensory Interactions,,article,Cognitive Neuroscience,Neuroscience,Life Sciences,
W2111026707,W2111026707,reference_only,False,26,,5,0,,,,,,,
W2112114480,W2112114480,reference_only,False,26,,4,0,,,,,,,
W2164665417,W2164665417,reference_only,False,1,,6,0,,,,,,,
W2537974947,W2537974947,reference_only,False,26,,2,0,,,,,,,
W4321508265,W4321508265,reference_only,False,26,,6,0,,,,,,,
W2165878107,W2165878107,reference_only,False,6,,3,0,,,,,,,
W6720197,W6720197,reference_only,False,19,,8,0,,,,,,,
W1492323064,W1492323064,reference_only,False,19,,4,0,,,,,,,
W1977491210,W1977491210,reference_only,False,19,,2,0,,,,,,,
W2007467497,W2007467497,reference_only,False,19,,2,0,,,,,,,
W2031217208,W2031217208,reference_only,False,19,,2,0,,,,,,,
W2041768030,W2041768030,reference_only,False,19,,9,0,,,,,,,
W2053456338,Advanced Patient Monitoring Displays: Tools for Continuous Informing,publication,True,19,2005.0,17,54,Healthcare Technology and Patient Monitoring,Anesthesia & Analgesia,article,Surgery,Medicine,Health Sciences,https://doi.org/10.1213/01.ane.0000154080.67496.ae
W2094493170,W2094493170,reference_only,False,28,,3,0,,,,,,,
W2100355186,W2100355186,reference_only,False,19,,2,0,,,,,,,
W2104969481,W2104969481,reference_only,False,19,,2,0,,,,,,,
W2154045510,W2154045510,reference_only,False,19,,5,0,,,,,,,
W2158083620,W2158083620,reference_only,False,19,,3,0,,,,,,,
W2418682818,W2418682818,reference_only,False,19,,6,0,,,,,,,
W2609429672,An auditory display tool for DNA sequence analysis,publication,True,14,2017.0,14,20,Music Technology and Sound Studies,BMC Bioinformatics,article,Computer Vision and Pattern Recognition,Computer Science,Physical Sciences,https://doi.org/10.1186/s12859-017-1632-x
W205588460,W205588460,reference_only,False,14,,6,0,,,,,,,
W1964623168,W1964623168,reference_only,False,14,,3,0,,,,,,,
W1997730991,W1997730991,reference_only,False,14,,3,0,,,,,,,
W2040661759,W2040661759,reference_only,False,14,,7,0,,,,,,,
W2043885551,W2043885551,reference_only,False,14,,2,0,,,,,,,
W2086613807,W2086613807,reference_only,False,14,,8,0,,,,,,,
W2103863014,W2103863014,reference_only,False,14,,9,0,,,,,,,
W2105639722,W2105639722,reference_only,False,14,,5,0,,,,,,,
W2297487857,W2297487857,reference_only,False,14,,2,0,,,,,,,
W2325764434,More of an Art than a Science: Using Microbial DNA Sequences to Compose Music,publication,True,14,2016.0,8,1,Species Distribution and Climate Change,Journal of Microbiology and Biology Education,article,Ecological Modeling,Environmental Science,Physical Sciences,https://doi.org/10.1128/jmbe.v17i1.1028
W2332288444,Chromas from chromatin: sonification of the epigenome,publication,True,14,2016.0,4,6,Animal Vocal Communication and Behavior,F1000Research,article,Developmental Biology,"Biochemistry, Genetics and Molecular Biology",Life Sciences,https://doi.org/10.12688/f1000research.8001.1
W2403095248,W2403095248,reference_only,False,14,,7,0,,,,,,,
W2473138506,W2473138506,reference_only,False,14,,4,0,,,,,,,
W2536229134,W2536229134,reference_only,False,14,,14,0,,,,,,,
W2927437977,W2927437977,reference_only,False,14,,4,0,,,,,,,
W4233545748,W4233545748,reference_only,False,14,,10,0,,,,,,,
W2003797042,Data sonification and sound visualization,publication,True,0,1999.0,7,18,Music Technology and Sound Studies,Computing in Science & Engineering,article,Computer Vision and Pattern Recognition,Computer Science,Physical Sciences,https://doi.org/10.1109/5992.774840
W1510543252,W1510543252,reference_only,False,0,,2,0,,,,,,,
W1521590293,W1521590293,reference_only,False,0,,2,0,,,,,,,
W1566459067,W1566459067,reference_only,False,0,,5,0,,,,,,,
W1590947159,W1590947159,reference_only,False,1,,11,0,,,,,,,
W1992468098,W1992468098,reference_only,False,0,,5,0,,,,,,,
W1999854131,W1999854131,reference_only,False,31,,7,0,,,,,,,
W2007992085,W2007992085,reference_only,False,1,,8,0,,,,,,,
W2167631164,W2167631164,reference_only,False,0,,5,0,,,,,,,
W2326334770,W2326334770,reference_only,False,0,,2,0,,,,,,,
W2395589661,W2395589661,reference_only,False,0,,3,0,,,,,,,
W4249776044,W4249776044,reference_only,False,8,,4,0,,,,,,,
W1510730631,The quest for auditory direct manipulation : the sonified Towers of Hanoi,publication,True,1,2000.0,0,8,Tactile and Sensory Interactions,,article,Cognitive Neuroscience,Neuroscience,Life Sciences,
W2032899567,W2032899567,reference_only,False,1,,8,0,,,,,,,
W2076408193,W2076408193,reference_only,False,1,,4,0,,,,,,,
W2115647291,W2115647291,reference_only,False,1,,3,0,,,,,,,
W2158233643,Creative Aspects of Sonification,publication,True,3,2004.0,6,3,Neuroscience and Music Perception,Leonardo,article,Cognitive Neuroscience,Neuroscience,Life Sciences,https://doi.org/10.1162/0024094041139427
W2748622947,Congruency effects with dynamic auditory stimuli: design implications,publication,True,1,1997.0,3,14,Neuroscience and Music Perception,,article,Cognitive Neuroscience,Neuroscience,Life Sciences,
W2552249845,Sonification and textification: Proposing methods for classifying unspoken words from EEG signals,publication,True,0,2016.0,0,11,EEG and Brain-Computer Interfaces,Biomedical Signal Processing and Control,article,Cognitive Neuroscience,Neuroscience,Life Sciences,https://doi.org/10.1016/j.bspc.2016.10.012
W143061200,Real-Time Wireless Sonification of Brain Signals,publication,True,0,2013.0,4,9,EEG and Brain-Computer Interfaces,,book-chapter,Cognitive Neuroscience,Neuroscience,Life Sciences,https://doi.org/10.1007/978-94-007-4792-0_24
W1502009149,W1502009149,reference_only,False,0,,2,0,,,,,,,
W2106006415,W2106006415,reference_only,False,0,,3,0,,,,,,,
W2137784590,W2137784590,reference_only,False,0,,3,0,,,,,,,
W2768907898,W2768907898,reference_only,False,0,,2,0,,,,,,,
W3144793845,W3144793845,reference_only,False,0,,2,0,,,,,,,
W2129504844,A Novel Sonification Strategy for Auditory Display of Heart Rate and Oxygen Saturation Changes in Clinical Settings,publication,True,19,2012.0,10,26,Healthcare Technology and Patient Monitoring,Human Factors The Journal of the Human Factors and Ergonomics Society,article,Surgery,Medicine,Health Sciences,https://doi.org/10.1177/0018720812455433
W190966408,W190966408,reference_only,False,19,,10,0,,,,,,,
W1668218310,W1668218310,reference_only,False,19,,2,0,,,,,,,
W1882154482,W1882154482,reference_only,False,19,,6,0,,,,,,,
W1985737286,W1985737286,reference_only,False,19,,9,0,,,,,,,
W2036815415,W2036815415,reference_only,False,19,,2,0,,,,,,,
W2046603149,W2046603149,reference_only,False,19,,2,0,,,,,,,
W2063086325,W2063086325,reference_only,False,19,,2,0,,,,,,,
W2069390420,W2069390420,reference_only,False,19,,2,0,,,,,,,
W2131920995,W2131920995,reference_only,False,19,,2,0,,,,,,,
W2150674874,W2150674874,reference_only,False,19,,2,0,,,,,,,
W3021760326,W3021760326,reference_only,False,19,,2,0,,,,,,,
W2125444231,Auditory Displays in Human–Machine Interfaces,publication,True,1,2004.0,4,28,Human-Automation Interaction and Safety,Proceedings of the IEEE,article,Social Psychology,Psychology,Social Sciences,https://doi.org/10.1109/jproc.2004.825905
W13770256,Auditory display of directions and states for mobile systems,publication,True,1,2002.0,4,4,Vehicle Noise and Vibration Control,,article,Automotive Engineering,Engineering,Physical Sciences,
W88117868,Some Perspectives on Performed Sound and Music in Virtual Environments,publication,True,1,1997.0,2,27,Tactile and Sensory Interactions,PRESENCE Virtual and Augmented Reality,article,Cognitive Neuroscience,Neuroscience,Life Sciences,https://doi.org/10.1162/pres.1997.6.4.482
W196590334,W196590334,reference_only,False,1,,2,0,,,,,,,
W588944751,W588944751,reference_only,False,5,,3,0,,,,,,,
W1500021736,W1500021736,reference_only,False,1,,7,0,,,,,,,
W1546460500,W1546460500,reference_only,False,1,,7,0,,,,,,,
W1552815313,W1552815313,reference_only,False,6,,2,0,,,,,,,
W1570896577,Auditory Displays in Human–Machine Interfaces of Mobile Robots for Non-Speech Communication with Humans,publication,True,1,2001.0,4,4,Human-Automation Interaction and Safety,Journal of Intelligent & Robotic Systems,article,Social Psychology,Psychology,Social Sciences,https://doi.org/10.1023/a:1013953213049
W1576413680,W1576413680,reference_only,False,19,,6,0,,,,,,,
W1986461126,W1986461126,reference_only,False,1,,2,0,,,,,,,
W2045343445,W2045343445,reference_only,False,1,,4,0,,,,,,,
W2115755118,W2115755118,reference_only,False,1,,3,0,,,,,,,
W2117425595,W2117425595,reference_only,False,1,,2,0,,,,,,,
W2559808833,W2559808833,reference_only,False,1,,7,0,,,,,,,
W4256566930,W4256566930,reference_only,False,1,,3,0,,,,,,,
W4300941668,W4300941668,reference_only,False,19,,6,0,,,,,,,
W6600602123,W6600602123,reference_only,False,1,,2,0,,,,,,,
W6635304597,W6635304597,reference_only,False,1,,3,0,,,,,,,
W2146050353,Psycho-physiological assessment of a prosthetic hand sensory feedback system based on an auditory display: a preliminary study,publication,True,35,2012.0,0,19,EEG and Brain-Computer Interfaces,Journal of NeuroEngineering and Rehabilitation,article,Cognitive Neuroscience,Neuroscience,Life Sciences,https://doi.org/10.1186/1743-0003-9-33
W1805207,Physiosonic - movement sonification as auditory feedback,publication,True,35,2009.0,5,6,Music Technology and Sound Studies,Parasitology Research,article,Computer Vision and Pattern Recognition,Computer Science,Physical Sciences,https://doi.org/10.1007/bf00928678
W181517961,W181517961,reference_only,False,35,,2,0,,,,,,,
W1964797398,W1964797398,reference_only,False,35,,2,0,,,,,,,
W1987292658,W1987292658,reference_only,False,35,,2,0,,,,,,,
W2110500972,W2110500972,reference_only,False,26,,2,0,,,,,,,
W2121529660,W2121529660,reference_only,False,35,,2,0,,,,,,,
W2133589238,W2133589238,reference_only,False,6,,6,0,,,,,,,
W2151684873,W2151684873,reference_only,False,35,,2,0,,,,,,,
W2165394321,W2165394321,reference_only,False,26,,4,0,,,,,,,
W2285072859,W2285072859,reference_only,False,0,,4,0,,,,,,,
W4245987536,W4245987536,reference_only,False,35,,2,0,,,,,,,
W7738515,W7738515,reference_only,False,1,,3,0,,,,,,,
W59784840,W59784840,reference_only,False,1,,2,0,,,,,,,
W74775258,W74775258,reference_only,False,1,,10,0,,,,,,,
W85822167,W85822167,reference_only,False,1,,4,0,,,,,,,
W111038263,W111038263,reference_only,False,6,,2,0,,,,,,,
W151432447,W151432447,reference_only,False,1,,7,0,,,,,,,
W178254092,ADVANTAGES AND ISSUES WITH CONCURRENT AUDIO PRESENTATION AS PART OF AN AUDITORY DISPLAY,publication,True,1,2006.0,5,24,Tactile and Sensory Interactions,,article,Cognitive Neuroscience,Neuroscience,Life Sciences,
W180551962,W180551962,reference_only,False,1,,2,0,,,,,,,
W190321253,W190321253,reference_only,False,31,,2,0,,,,,,,
W196332160,W196332160,reference_only,False,8,,2,0,,,,,,,
W205526818,W205526818,reference_only,False,1,,3,0,,,,,,,
W252297963,W252297963,reference_only,False,1,,3,0,,,,,,,
W1040355296,Design Patterns for Auditory Displays,publication,True,1,2007.0,3,27,Tactile and Sensory Interactions,,book-chapter,Cognitive Neuroscience,Neuroscience,Life Sciences,https://doi.org/10.1007/1-84628-249-7_30
W1267563279,W1267563279,reference_only,False,1,,7,0,,,,,,,
W1434182508,W1434182508,reference_only,False,1,,3,0,,,,,,,
W1490482062,W1490482062,reference_only,False,8,,3,0,,,,,,,
W1498719563,W1498719563,reference_only,False,1,,3,0,,,,,,,
W1549192021,W1549192021,reference_only,False,1,,2,0,,,,,,,
W1561515052,W1561515052,reference_only,False,1,,2,0,,,,,,,
W1567832587,W1567832587,reference_only,False,5,,2,0,,,,,,,
W1590469064,W1590469064,reference_only,False,1,,7,0,,,,,,,
W1592902143,W1592902143,reference_only,False,1,,2,0,,,,,,,
W1649645444,W1649645444,reference_only,False,1,,2,0,,,,,,,
W1773016195,W1773016195,reference_only,False,28,,4,0,,,,,,,
W1968983388,W1968983388,reference_only,False,5,,3,0,,,,,,,
W1980169328,W1980169328,reference_only,False,1,,2,0,,,,,,,
W1987930784,W1987930784,reference_only,False,6,,3,0,,,,,,,
W2018340980,A comprehensive framework for auditory display,publication,True,19,2005.0,2,18,Tactile and Sensory Interactions,ACM Transactions on Applied Perception,article,Cognitive Neuroscience,Neuroscience,Life Sciences,https://doi.org/10.1145/1101530.1101533
W2020721196,W2020721196,reference_only,False,1,,12,0,,,,,,,
W2024245695,W2024245695,reference_only,False,1,,2,0,,,,,,,
W2025163386,W2025163386,reference_only,False,1,,4,0,,,,,,,
W2040646018,W2040646018,reference_only,False,3,,2,0,,,,,,,
W2050896993,W2050896993,reference_only,False,5,,9,0,,,,,,,
W2058904305,Evaluation of auditory displays,publication,True,1,2005.0,6,40,Tactile and Sensory Interactions,ACM Transactions on Applied Perception,article,Cognitive Neuroscience,Neuroscience,Life Sciences,https://doi.org/10.1145/1101530.1101551
W2078569098,W2078569098,reference_only,False,1,,3,0,,,,,,,
W2082897112,W2082897112,reference_only,False,1,,2,0,,,,,,,
W2085783286,W2085783286,reference_only,False,5,,4,0,,,,,,,
W2101725632,Data collection and analysis techniques for evaluating the perceptual qualities of auditory stimuli,publication,True,1,2005.0,3,26,Tactile and Sensory Interactions,ACM Transactions on Applied Perception,article,Cognitive Neuroscience,Neuroscience,Life Sciences,https://doi.org/10.1145/1101530.1101550
W2110654907,W2110654907,reference_only,False,1,,2,0,,,,,,,
W2112741432,W2112741432,reference_only,False,1,,3,0,,,,,,,
W2114657100,W2114657100,reference_only,False,5,,4,0,,,,,,,
W2122723787,W2122723787,reference_only,False,1,,5,0,,,,,,,
W2130565106,W2130565106,reference_only,False,1,,9,0,,,,,,,
W2134816385,W2134816385,reference_only,False,1,,2,0,,,,,,,
W2137775098,W2137775098,reference_only,False,26,,2,0,,,,,,,
W2147679264,W2147679264,reference_only,False,1,,24,0,,,,,,,
W2148290521,EFFICIENCY OF SPEARCON-ENHANCED NAVIGATION OF ONE DIMENSIONAL ELECTRONIC MENUS,publication,True,1,2008.0,3,14,Tactile and Sensory Interactions,,article,Cognitive Neuroscience,Neuroscience,Life Sciences,
W2156727067,W2156727067,reference_only,False,1,,2,0,,,,,,,
W2162598207,W2162598207,reference_only,False,1,,2,0,,,,,,,
W2167539083,W2167539083,reference_only,False,1,,6,0,,,,,,,
W2354687646,W2354687646,reference_only,False,1,,3,0,,,,,,,
W2392029795,PERCEPTUAL DISTANCE IN TIMBRE SPACE,publication,True,1,2005.0,3,7,Music and Audio Processing,,article,Signal Processing,Computer Science,Physical Sciences,
W2529890780,The design of interactive audio soccer,publication,True,1,2007.0,2,0,Music Technology and Sound Studies,,article,Computer Vision and Pattern Recognition,Computer Science,Physical Sciences,
W2596062918,A review-based conceptual analysis of auditory signs and their design,publication,True,1,2008.0,5,20,Tactile and Sensory Interactions,,article,Cognitive Neuroscience,Neuroscience,Life Sciences,
W2598958494,New Sonification Tools for EEG Data Screening and Monitoring,publication,True,0,2007.0,3,6,EEG and Brain-Computer Interfaces,,article,Cognitive Neuroscience,Neuroscience,Life Sciences,
W2600623200,W2600623200,reference_only,False,1,,13,0,,,,,,,
W2601157883,W2601157883,reference_only,False,1,,3,0,,,,,,,
W2603285822,W2603285822,reference_only,False,1,,9,0,,,,,,,
W2755167596,W2755167596,reference_only,False,1,,2,0,,,,,,,
W2759802789,W2759802789,reference_only,False,3,,6,0,,,,,,,
W2796527002,W2796527002,reference_only,False,5,,2,0,,,,,,,
W2798977449,W2798977449,reference_only,False,1,,2,0,,,,,,,
W2885161099,W2885161099,reference_only,False,1,,2,0,,,,,,,
W2995575468,W2995575468,reference_only,False,1,,2,0,,,,,,,
W4298018175,W4298018175,reference_only,False,1,,2,0,,,,,,,
W6628831405,W6628831405,reference_only,False,6,,3,0,,,,,,,
W6672539624,W6672539624,reference_only,False,1,,2,0,,,,,,,
W6681260765,W6681260765,reference_only,False,1,,3,0,,,,,,,
W6735429616,W6735429616,reference_only,False,30,,3,0,,,,,,,
W1555235816,W1555235816,reference_only,False,1,,3,0,,,,,,,
W1583418468,W1583418468,reference_only,False,0,,6,0,,,,,,,
W1600735929,QUALITATIVE ASPECTS OF AUDITORY DIRECT MANIPULATION A CASE STUDY OF THE TOWERS OF HANOI,publication,True,1,2001.0,5,9,Tactile and Sensory Interactions,,article,Cognitive Neuroscience,Neuroscience,Life Sciences,
W2013661830,W2013661830,reference_only,False,1,,2,0,,,,,,,
W2043843997,W2043843997,reference_only,False,31,,24,0,,,,,,,
W2143613946,W2143613946,reference_only,False,6,,2,0,,,,,,,
W2342091124,W2342091124,reference_only,False,1,,7,0,,,,,,,
W2514278858,W2514278858,reference_only,False,6,,2,0,,,,,,,
W2896015129,W2896015129,reference_only,False,1,,2,0,,,,,,,
W2985333304,W2985333304,reference_only,False,26,,3,0,,,,,,,
W3095711147,W3095711147,reference_only,False,1,,2,0,,,,,,,
W4239720002,W4239720002,reference_only,False,19,,2,0,,,,,,,
W6635652360,W6635652360,reference_only,False,6,,7,0,,,,,,,
W6635868463,W6635868463,reference_only,False,6,,4,0,,,,,,,
W79826021,SONIFICATIONS AS MATHEMATICS TEACHING TOOLS,publication,True,1,2001.0,2,3,Educational Games and Gamification,,article,Developmental and Educational Psychology,Psychology,Social Sciences,
W1564841162,W1564841162,reference_only,False,26,,2,0,,,,,,,
W1596792369,W1596792369,reference_only,False,1,,2,0,,,,,,,
W1793695185,W1793695185,reference_only,False,14,,2,0,,,,,,,
W1986705961,W1986705961,reference_only,False,14,,3,0,,,,,,,
W1990309597,W1990309597,reference_only,False,5,,3,0,,,,,,,
W2004599511,W2004599511,reference_only,False,14,,2,0,,,,,,,
W2015070289,W2015070289,reference_only,False,14,,2,0,,,,,,,
W2026343926,W2026343926,reference_only,False,1,,14,0,,,,,,,
W2062249380,W2062249380,reference_only,False,1,,2,0,,,,,,,
W2108006430,W2108006430,reference_only,False,5,,2,0,,,,,,,
W2131664240,W2131664240,reference_only,False,5,,2,0,,,,,,,
W2134193571,W2134193571,reference_only,False,14,,2,0,,,,,,,
W2140591843,W2140591843,reference_only,False,1,,4,0,,,,,,,
W2141340645,PM—Protein music,publication,True,14,1996.0,6,1,Monoclonal and Polyclonal Antibodies Research,Computer applications in the biosciences,article,"Radiology, Nuclear Medicine and Imaging",Medicine,Health Sciences,https://doi.org/10.1093/bioinformatics/12.3.251
W2187489085,W2187489085,reference_only,False,26,,3,0,,,,,,,
W2223658739,W2223658739,reference_only,False,14,,3,0,,,,,,,
W6657101313,W6657101313,reference_only,False,1,,3,0,,,,,,,
W6675654580,W6675654580,reference_only,False,1,,5,0,,,,,,,
W6680823787,W6680823787,reference_only,False,14,,3,0,,,,,,,
W2108848067,Peircing Fritz and Snow: An aesthetic field for sonified data,publication,True,5,2014.0,3,6,Music Technology and Sound Studies,Organised Sound,article,Computer Vision and Pattern Recognition,Computer Science,Physical Sciences,https://doi.org/10.1017/s1355771813000447
W627786801,W627786801,reference_only,False,6,,4,0,,,,,,,
W1714065864,W1714065864,reference_only,False,5,,2,0,,,,,,,
W2071122492,W2071122492,reference_only,False,5,,3,0,,,,,,,
W2801681773,W2801681773,reference_only,False,5,,2,0,,,,,,,
W4239317760,W4239317760,reference_only,False,5,,2,0,,,,,,,
W4247254250,W4247254250,reference_only,False,5,,2,0,,,,,,,
W2593649045,A Survey of auditory display in image-guided interventions,publication,True,31,2017.0,10,29,Augmented Reality Applications,International Journal of Computer Assisted Radiology and Surgery,article,Computer Vision and Pattern Recognition,Computer Science,Physical Sciences,https://doi.org/10.1007/s11548-017-1547-z
W1532190000,W1532190000,reference_only,False,31,,5,0,,,,,,,
W1537887111,Auditory support for resection guidance in navigated liver surgery,publication,True,31,2012.0,17,10,Augmented Reality Applications,International Journal of Medical Robotics and Computer Assisted Surgery,article,Computer Vision and Pattern Recognition,Computer Science,Physical Sciences,https://doi.org/10.1002/rcs.1466
W1556873952,W1556873952,reference_only,False,31,,5,0,,,,,,,
W1965327601,W1965327601,reference_only,False,31,,8,0,,,,,,,
W1968316532,W1968316532,reference_only,False,31,,10,0,,,,,,,
W2002145628,W2002145628,reference_only,False,31,,2,0,,,,,,,
W2026170203,W2026170203,reference_only,False,31,,4,0,,,,,,,
W2042782373,W2042782373,reference_only,False,31,,8,0,,,,,,,
W2050268494,W2050268494,reference_only,False,31,,2,0,,,,,,,
W2064396293,W2064396293,reference_only,False,31,,3,0,,,,,,,
W2123833908,W2123833908,reference_only,False,31,,4,0,,,,,,,
W2129310538,W2129310538,reference_only,False,31,,2,0,,,,,,,
W2133041452,W2133041452,reference_only,False,31,,4,0,,,,,,,
W2155236052,W2155236052,reference_only,False,31,,3,0,,,,,,,
W2170903670,W2170903670,reference_only,False,31,,5,0,,,,,,,
W2299284748,Comparison and Evaluation of Sonification Strategies for Guidance Tasks,publication,True,31,2016.0,22,43,Tactile and Sensory Interactions,IEEE Transactions on Multimedia,article,Cognitive Neuroscience,Neuroscience,Life Sciences,https://doi.org/10.1109/tmm.2016.2531978
W2400355649,W2400355649,reference_only,False,0,,5,0,,,,,,,
W2401589761,W2401589761,reference_only,False,31,,3,0,,,,,,,
W2521766633,W2521766633,reference_only,False,31,,2,0,,,,,,,
W2588829302,W2588829302,reference_only,False,31,,12,0,,,,,,,
W2595475176,"Using an auditory display to manage attention in a dual task, multiscreen environment",publication,True,19,2002.0,5,5,Noise Effects and Management,,article,Speech and Hearing,Health Professions,Health Sciences,
W2738343302,The process of sonification design for guidance tasks,publication,True,31,2015.0,4,20,Tactile and Sensory Interactions,Wi Journal of Mobile Media,article,Cognitive Neuroscience,Neuroscience,Life Sciences,https://doi.org/10.65968/ecfy4936
W3147250474,W3147250474,reference_only,False,31,,7,0,,,,,,,
W2069561830,Stone Banging by Wild Capuchin Monkeys: An Unusual Auditory Display,publication,True,24,2006.0,0,2,Primate Behavior and Ecology,Folia Primatologica,article,Social Psychology,Psychology,Social Sciences,https://doi.org/10.1159/000095684
W2124020907,W2124020907,reference_only,False,24,,2,0,,,,,,,
W1535370315,W1535370315,reference_only,False,1,,2,0,,,,,,,
W1912587452,Tangible auditory interfaces : combining auditory displays and tangible interfaces,publication,True,6,2009.0,7,0,Tactile and Sensory Interactions,PUB – Publications at Bielefeld University (Bielefeld University),dissertation,Cognitive Neuroscience,Neuroscience,Life Sciences,
W2015394094,W2015394094,reference_only,False,1,,12,0,,,,,,,
W2018654500,W2018654500,reference_only,False,6,,3,0,,,,,,,
W2099847492,AUDITORY DISPLAY OF HYPERSPECTRAL COLON TISSUE IMAGES USING VOCAL SYNTHESIS MODELS,publication,True,6,2004.0,7,4,Music and Audio Processing,,article,Signal Processing,Computer Science,Physical Sciences,
W2137102534,W2137102534,reference_only,False,6,,7,0,,,,,,,
W2188608003,"Auditory seismology on free oscillations, focal mechanisms, explosions and synthetic seismograms",publication,True,6,2002.0,16,5,Earthquake Detection and Analysis,,article,Geophysics,Earth and Planetary Sciences,Physical Sciences,
W159936315,W159936315,reference_only,False,35,,3,0,,,,,,,
W1575837252,W1575837252,reference_only,False,35,,2,0,,,,,,,
W2000472550,HCI Design and Interactive Sonification for Fingers and Ears,publication,True,1,2005.0,9,19,Music Technology and Sound Studies,IEEE Multimedia,article,Computer Vision and Pattern Recognition,Computer Science,Physical Sciences,https://doi.org/10.1109/mmul.2005.27
W2004911337,W2004911337,reference_only,False,35,,3,0,,,,,,,
W2078905215,W2078905215,reference_only,False,5,,2,0,,,,,,,
W2099561134,W2099561134,reference_only,False,35,,7,0,,,,,,,
W2124490600,W2124490600,reference_only,False,35,,13,0,,,,,,,
W2319794630,W2319794630,reference_only,False,1,,10,0,,,,,,,
W3193545027,W3193545027,reference_only,False,1,,3,0,,,,,,,
W4250612732,W4250612732,reference_only,False,26,,3,0,,,,,,,
W19891981,W19891981,reference_only,False,19,,5,0,,,,,,,
W1671529034,W1671529034,reference_only,False,19,,2,0,,,,,,,
W1971377190,W1971377190,reference_only,False,19,,2,0,,,,,,,
W1986434308,W1986434308,reference_only,False,19,,5,0,,,,,,,
W1987274474,W1987274474,reference_only,False,19,,10,0,,,,,,,
W1993685041,W1993685041,reference_only,False,19,,3,0,,,,,,,
W1997513096,W1997513096,reference_only,False,19,,2,0,,,,,,,
W2028492882,W2028492882,reference_only,False,19,,3,0,,,,,,,
W2034153560,W2034153560,reference_only,False,19,,7,0,,,,,,,
W2082185845,W2082185845,reference_only,False,19,,3,0,,,,,,,
W2204026420,Sonification of guidance data during road crossing for people with visual impairments or blindness,publication,True,8,2015.0,9,13,Tactile and Sensory Interactions,International Journal of Human-Computer Studies,article,Cognitive Neuroscience,Neuroscience,Life Sciences,https://doi.org/10.1016/j.ijhcs.2015.08.003
W1952532444,W1952532444,reference_only,False,6,,3,0,,,,,,,
W1985533383,W1985533383,reference_only,False,1,,10,0,,,,,,,
W1985816353,W1985816353,reference_only,False,19,,3,0,,,,,,,
W1999506129,W1999506129,reference_only,False,8,,2,0,,,,,,,
W2060267590,W2060267590,reference_only,False,8,,2,0,,,,,,,
W2139465535,W2139465535,reference_only,False,8,,4,0,,,,,,,
W2254181149,W2254181149,reference_only,False,8,,2,0,,,,,,,
W3159220585,W3159220585,reference_only,False,8,,3,0,,,,,,,
W1547548712,Enhancing the reading experience: Using Adaptive and Sonified RSVP for reading on small displays,publication,True,1,2001.0,0,3,Tactile and Sensory Interactions,,article,Cognitive Neuroscience,Neuroscience,Life Sciences,
W2121701765,W2121701765,reference_only,False,1,,2,0,,,,,,,
W1855894567,Sonify - A Platform for the Sonification of Text Messages,publication,True,1,2013.0,0,13,Tactile and Sensory Interactions,Oldenbourg Wissenschaftsverlag eBooks,book-chapter,Cognitive Neuroscience,Neuroscience,Life Sciences,https://doi.org/10.1524/9783486781229.149
W1555544825,W1555544825,reference_only,False,1,,3,0,,,,,,,
W2037390419,W2037390419,reference_only,False,1,,3,0,,,,,,,
W2043222591,W2043222591,reference_only,False,1,,4,0,,,,,,,
W2062214394,W2062214394,reference_only,False,1,,2,0,,,,,,,
W2104917077,W2104917077,reference_only,False,1,,4,0,,,,,,,
W2105990013,W2105990013,reference_only,False,1,,2,0,,,,,,,
W2114745641,W2114745641,reference_only,False,1,,2,0,,,,,,,
W2159410846,Designing earcons with musical grammars,publication,True,1,1999.0,7,6,Tactile and Sensory Interactions,ACM SIGCAPH Computers and the Physically Handicapped,article,Cognitive Neuroscience,Neuroscience,Life Sciences,https://doi.org/10.1145/569306.569307
W2185997958,Creating Meaningful Melodies from Text Messages,publication,True,1,2010.0,2,14,Music Technology and Sound Studies,,article,Computer Vision and Pattern Recognition,Computer Science,Physical Sciences,https://doi.org/10.5072/zenodo.208341
W2901715600,Psychoacoustic auditory display for navigation: an auditory assistance system for spatial orientation tasks,publication,True,31,2018.0,10,31,Tactile and Sensory Interactions,Journal on Multimodal User Interfaces,article,Cognitive Neuroscience,Neuroscience,Life Sciences,https://doi.org/10.1007/s12193-018-0282-2
W83866079,W83866079,reference_only,False,31,,8,0,,,,,,,
W263398398,W263398398,reference_only,False,31,,2,0,,,,,,,
W639323477,W639323477,reference_only,False,31,,8,0,,,,,,,
W1500070732,W1500070732,reference_only,False,31,,3,0,,,,,,,
W1585313616,W1585313616,reference_only,False,31,,6,0,,,,,,,
W2012421020,W2012421020,reference_only,False,31,,2,0,,,,,,,
W2059020775,W2059020775,reference_only,False,31,,7,0,,,,,,,
W2560854088,W2560854088,reference_only,False,31,,3,0,,,,,,,
W2752101034,W2752101034,reference_only,False,31,,8,0,,,,,,,
W2885292784,W2885292784,reference_only,False,31,,10,0,,,,,,,
W2902386144,W2902386144,reference_only,False,31,,2,0,,,,,,,
W2903262696,Psychoacoustical Interactive Sonification for Short Range Navigation,publication,True,31,2018.0,10,0,Music Technology and Sound Studies,Acta acustica united with Acustica,article,Computer Vision and Pattern Recognition,Computer Science,Physical Sciences,https://doi.org/10.3813/aaa.919273
W4237443216,W4237443216,reference_only,False,31,,2,0,,,,,,,
W4246413347,W4246413347,reference_only,False,31,,5,0,,,,,,,
W1602183433,Morphocons: A New Sonification Concept Based on Morphological Earcons,publication,True,31,2012.0,4,0,Music Technology and Sound Studies,HAL (Le Centre pour la Communication Scientifique Directe),article,Computer Vision and Pattern Recognition,Computer Science,Physical Sciences,
W1907770364,W1907770364,reference_only,False,31,,2,0,,,,,,,
W1976894226,W1976894226,reference_only,False,1,,3,0,,,,,,,
W1978434525,Curve shape and curvature perception through interactive sonification,publication,True,1,2012.0,5,42,Tactile and Sensory Interactions,ACM Transactions on Applied Perception,article,Cognitive Neuroscience,Neuroscience,Life Sciences,https://doi.org/10.1145/2355598.2355600
W1985421759,W1985421759,reference_only,False,31,,3,0,,,,,,,
W2126239631,Sonification as a possible stroke rehabilitation strategy,publication,True,35,2014.0,20,30,Tactile and Sensory Interactions,Frontiers in Neuroscience,article,Cognitive Neuroscience,Neuroscience,Life Sciences,https://doi.org/10.3389/fnins.2014.00332
W2159604298,W2159604298,reference_only,False,31,,12,0,,,,,,,
W2545749825,W2545749825,reference_only,False,31,,4,0,,,,,,,
W2624621481,W2624621481,reference_only,False,31,,2,0,,,,,,,
W4251060490,Interactive sonification,publication,True,6,2012.0,6,0,Tactile and Sensory Interactions,Journal on Multimodal User Interfaces,article,Cognitive Neuroscience,Neuroscience,Life Sciences,https://doi.org/10.1007/s12193-012-0095-7
W6603448811,W6603448811,reference_only,False,31,,2,0,,,,,,,
W6606706339,W6606706339,reference_only,False,6,,14,0,,,,,,,
W6680378043,W6680378043,reference_only,False,6,,11,0,,,,,,,
W6703734090,W6703734090,reference_only,False,31,,2,0,,,,,,,
W6741118765,W6741118765,reference_only,False,31,,2,0,,,,,,,
W6792784943,W6792784943,reference_only,False,31,,2,0,,,,,,,
W7020021566,W7020021566,reference_only,False,6,,4,0,,,,,,,
W1987439446,W1987439446,reference_only,False,1,,3,0,,,,,,,
W2036235871,W2036235871,reference_only,False,1,,2,0,,,,,,,
W2090690985,W2090690985,reference_only,False,1,,2,0,,,,,,,
W2145944162,W2145944162,reference_only,False,1,,2,0,,,,,,,
W3036827744,W3036827744,reference_only,False,1,,4,0,,,,,,,
W4249771488,Pitch and loudness interact in auditory displays: Can the data get lost in the map?,publication,True,1,2002.0,11,32,Hearing Loss and Rehabilitation,Journal of Experimental Psychology Applied,article,Cognitive Neuroscience,Neuroscience,Life Sciences,https://doi.org/10.1037/1076-898x.8.1.17
W2057193600,W2057193600,reference_only,False,8,,8,0,,,,,,,
W4230549729,W4230549729,reference_only,False,1,,2,0,,,,,,,
W4235037727,W4235037727,reference_only,False,1,,2,0,,,,,,,
W4248670539,W4248670539,reference_only,False,1,,2,0,,,,,,,
W4300470175,W4300470175,reference_only,False,1,,3,0,,,,,,,
W2061425878,<i>Heat and the Heartbeat of the City:</i> Sonifying Data Describing Climate Change,publication,True,6,2006.0,6,2,"Environmental, Ecological, and Cultural Studies",Leonardo Music Journal,article,Sociology and Political Science,Social Sciences,Social Sciences,https://doi.org/10.1162/lmj.2006.16.44
W2040605850,W2040605850,reference_only,False,6,,3,0,,,,,,,
W2122313562,<i>Atmospherics/Weather Works:</i> A Spatialized Meteorological Data Sonification Project,publication,True,6,2005.0,16,10,Tactile and Sensory Interactions,Leonardo,article,Cognitive Neuroscience,Neuroscience,Life Sciences,https://doi.org/10.1162/leon.2005.38.1.31
W3045568791,"Using Data Sonification to Overcome Science Literacy, Numeracy, and Visualization Barriers in Science Communication",publication,True,6,2020.0,18,25,Advanced Text Analysis Techniques,Frontiers in Communication,article,Artificial Intelligence,Computer Science,Physical Sciences,https://doi.org/10.3389/fcomm.2020.00046
W1593360544,W1593360544,reference_only,False,6,,2,0,,,,,,,
W1781239457,W1781239457,reference_only,False,26,,2,0,,,,,,,
W1920144571,W1920144571,reference_only,False,26,,4,0,,,,,,,
W1994477474,W1994477474,reference_only,False,6,,6,0,,,,,,,
W2037128011,W2037128011,reference_only,False,35,,2,0,,,,,,,
W2089021295,W2089021295,reference_only,False,6,,2,0,,,,,,,
W2100882917,Non-visual exploration of geographic maps: Does sonification help?,publication,True,8,2010.0,5,11,Tactile and Sensory Interactions,Disability and Rehabilitation Assistive Technology,article,Cognitive Neuroscience,Neuroscience,Life Sciences,https://doi.org/10.3109/17483100903100277
W2117023458,W2117023458,reference_only,False,6,,9,0,,,,,,,
W2148227551,W2148227551,reference_only,False,26,,3,0,,,,,,,
W2788918667,The sound of migration: exploring data sonification as a means of interpreting multivariate salmon movement datasets,publication,True,6,2018.0,4,32,Fish Ecology and Management Studies,Heliyon,article,Nature and Landscape Conservation,Environmental Science,Physical Sciences,https://doi.org/10.1016/j.heliyon.2018.e00532
W2790875384,Detecting silent seizures by their sound,publication,True,0,2018.0,7,7,EEG and Brain-Computer Interfaces,Epilepsia,article,Cognitive Neuroscience,Neuroscience,Life Sciences,https://doi.org/10.1111/epi.14043
W3003668765,The Oxford Handbook of Algorithmic Music,publication,True,6,2018.0,6,0,Music Technology and Sound Studies,Oxford University Press eBooks,book,Computer Vision and Pattern Recognition,Computer Science,Physical Sciences,https://doi.org/10.1093/oxfordhb/9780190226992.001.0001
W6697286127,W6697286127,reference_only,False,6,,6,0,,,,,,,
W6703583358,W6703583358,reference_only,False,6,,3,0,,,,,,,
W6823859266,W6823859266,reference_only,False,6,,3,0,,,,,,,
W2761132292,Effectiveness of enhanced pulse oximetry sonifications for conveying oxygen saturation ranges: a laboratory comparison of five auditory displays,publication,True,19,2017.0,7,17,Healthcare Technology and Patient Monitoring,British Journal of Anaesthesia,article,Surgery,Medicine,Health Sciences,https://doi.org/10.1093/bja/aex343
W1592009902,W1592009902,reference_only,False,1,,2,0,,,,,,,
W1968467361,W1968467361,reference_only,False,19,,2,0,,,,,,,
W1984697832,Effects of Divided Attention and Operating Room Noise on Perception of Pulse Oximeter Pitch Changes,publication,True,19,2012.0,9,13,Healthcare Technology and Patient Monitoring,Anesthesiology,article,Surgery,Medicine,Health Sciences,https://doi.org/10.1097/aln.0b013e31827d417b
W1996363643,W1996363643,reference_only,False,19,,2,0,,,,,,,
W2054146960,W2054146960,reference_only,False,19,,5,0,,,,,,,
W2064651181,W2064651181,reference_only,False,19,,3,0,,,,,,,
W2130567699,W2130567699,reference_only,False,19,,4,0,,,,,,,
W2208213853,Novel Pulse Oximetry Sonifications for Neonatal Oxygen Saturation Monitoring,publication,True,19,2015.0,9,26,Healthcare Technology and Patient Monitoring,Human Factors The Journal of the Human Factors and Ergonomics Society,article,Surgery,Medicine,Health Sciences,https://doi.org/10.1177/0018720815617406
W2301092961,The effectiveness of pulse oximetry sonification enhanced with tremolo and brightness for distinguishing clinically important oxygen saturation ranges: a laboratory study,publication,True,19,2016.0,9,30,Healthcare Technology and Patient Monitoring,Anaesthesia,article,Surgery,Medicine,Health Sciences,https://doi.org/10.1111/anae.13424
W2339867409,Improving the detectability of oxygen saturation level targets for preterm neonates: A laboratory test of tremolo and beacon sonifications,publication,True,19,2016.0,8,29,Healthcare Technology and Patient Monitoring,Applied Ergonomics,article,Surgery,Medicine,Health Sciences,https://doi.org/10.1016/j.apergo.2016.03.013
W2340383253,The Sounds of Desaturation: A Survey of Commercial Pulse Oximeter Sonifications,publication,True,19,2016.0,10,8,Healthcare Technology and Patient Monitoring,Anesthesia & Analgesia,article,Surgery,Medicine,Health Sciences,https://doi.org/10.1213/ane.0000000000001240
W2143448427,W2143448427,reference_only,False,0,,2,0,,,,,,,
W2093534731,W2093534731,reference_only,False,0,,3,0,,,,,,,
W6613468649,W6613468649,reference_only,False,0,,3,0,,,,,,,
W2401394291,Interactive Spatial Sonification of Multidimensional Data for Composition and Auditory Display,publication,True,5,2016.0,0,35,Music Technology and Sound Studies,Computer Music Journal,article,Computer Vision and Pattern Recognition,Computer Science,Physical Sciences,https://doi.org/10.1162/comj_a_00358
W40687730,W40687730,reference_only,False,5,,2,0,,,,,,,
W185783483,W185783483,reference_only,False,5,,2,0,,,,,,,
W1510737763,W1510737763,reference_only,False,5,,11,0,,,,,,,
W1569648698,W1569648698,reference_only,False,5,,3,0,,,,,,,
W1578646555,W1578646555,reference_only,False,5,,2,0,,,,,,,
W1934915719,W1934915719,reference_only,False,1,,2,0,,,,,,,
W1977449139,W1977449139,reference_only,False,5,,2,0,,,,,,,
W1984624128,W1984624128,reference_only,False,30,,2,0,,,,,,,
W1986677882,W1986677882,reference_only,False,5,,4,0,,,,,,,
W2034352249,W2034352249,reference_only,False,35,,3,0,,,,,,,
W2036800980,W2036800980,reference_only,False,5,,3,0,,,,,,,
W2047042583,Concurrent 3-D Sonifications Enable the Head-Up Monitoring of Two Interrelated Aircraft Navigation Instruments,publication,True,8,2014.0,3,21,Human-Automation Interaction and Safety,Human Factors The Journal of the Human Factors and Ergonomics Society,article,Social Psychology,Psychology,Social Sciences,https://doi.org/10.1177/0018720814536443
W2061687336,W2061687336,reference_only,False,5,,3,0,,,,,,,
W2066584470,Interactive Sonification for Data Exploration: How listening modes and display purposes define design guidelines,publication,True,6,2014.0,6,28,Tactile and Sensory Interactions,Organised Sound,article,Cognitive Neuroscience,Neuroscience,Life Sciences,https://doi.org/10.1017/s1355771813000393
W2066926573,W2066926573,reference_only,False,5,,2,0,,,,,,,
W2126197241,W2126197241,reference_only,False,5,,9,0,,,,,,,
W2154393540,Proceedings of the International Conference on New Interfaces for Musical Expression,publication,True,5,2011.0,8,0,Music Technology and Sound Studies,Duo Research Archive (University of Oslo),book,Computer Vision and Pattern Recognition,Computer Science,Physical Sciences,
W2317386813,<i>Aftershock</i>: A science–art collaboration through sonification,publication,True,5,2014.0,7,9,Seismic Waves and Analysis,Organised Sound,article,Geophysics,Earth and Planetary Sciences,Physical Sciences,https://doi.org/10.1017/s1355771813000368
W2323784285,W2323784285,reference_only,False,5,,2,0,,,,,,,
W2328926509,W2328926509,reference_only,False,5,,2,0,,,,,,,
W2504837287,W2504837287,reference_only,False,6,,4,0,,,,,,,
W2549968089,Creating Tangible Spatial-Musical Images From Physical Performance Gestures,publication,True,5,2015.0,2,10,Music Technology and Sound Studies,Zenodo (CERN European Organization for Nuclear Research),article,Computer Vision and Pattern Recognition,Computer Science,Physical Sciences,https://doi.org/10.5281/zenodo.1179013
W2963847539,Music of brain and music on brain: a novel EEG sonification approach,publication,True,0,2018.0,3,34,Complex Systems and Time Series Analysis,Cognitive Neurodynamics,article,Economics and Econometrics,"Economics, Econometrics and Finance",Social Sciences,https://doi.org/10.1007/s11571-018-9502-4
W992293265,W992293265,reference_only,False,0,,2,0,,,,,,,
W1811945995,W1811945995,reference_only,False,0,,2,0,,,,,,,
W1965993059,Scale-Free Music of the Brain,publication,True,0,2009.0,5,15,EEG and Brain-Computer Interfaces,PLoS ONE,article,Cognitive Neuroscience,Neuroscience,Life Sciences,https://doi.org/10.1371/journal.pone.0005915
W2003509661,W2003509661,reference_only,False,0,,2,0,,,,,,,
W2032967826,W2032967826,reference_only,False,0,,2,0,,,,,,,
W2054638377,W2054638377,reference_only,False,0,,2,0,,,,,,,
W2058464321,W2058464321,reference_only,False,0,,2,0,,,,,,,
W2089409887,W2089409887,reference_only,False,0,,2,0,,,,,,,
W2090579027,W2090579027,reference_only,False,3,,4,0,,,,,,,
W2132889650,W2132889650,reference_only,False,0,,4,0,,,,,,,
W2133852590,W2133852590,reference_only,False,0,,2,0,,,,,,,
W2140539724,W2140539724,reference_only,False,0,,3,0,,,,,,,
W2152772614,W2152772614,reference_only,False,0,,2,0,,,,,,,
W2295268165,W2295268165,reference_only,False,34,,2,0,,,,,,,
W2320263333,W2320263333,reference_only,False,6,,4,0,,,,,,,
W2503570992,W2503570992,reference_only,False,0,,2,0,,,,,,,
W2537047136,W2537047136,reference_only,False,0,,2,0,,,,,,,
W2783582514,W2783582514,reference_only,False,0,,2,0,,,,,,,
W1985231929,Issues in Auditory Display,publication,True,1,2006.0,7,52,Data Visualization and Analytics,Artificial Life,article,Computer Vision and Pattern Recognition,Computer Science,Physical Sciences,https://doi.org/10.1162/106454606776073369
W82238569,W82238569,reference_only,False,1,,2,0,,,,,,,
W193489284,W193489284,reference_only,False,1,,4,0,,,,,,,
W1496929008,W1496929008,reference_only,False,6,,5,0,,,,,,,
W1505491859,W1505491859,reference_only,False,1,,7,0,,,,,,,
W1564961273,W1564961273,reference_only,False,1,,6,0,,,,,,,
W1968045811,W1968045811,reference_only,False,1,,2,0,,,,,,,
W1998959456,W1998959456,reference_only,False,1,,2,0,,,,,,,
W2010055427,W2010055427,reference_only,False,1,,7,0,,,,,,,
W2043231452,W2043231452,reference_only,False,1,,2,0,,,,,,,
W2073568670,W2073568670,reference_only,False,6,,4,0,,,,,,,
W2078954871,W2078954871,reference_only,False,1,,2,0,,,,,,,
W2095532467,W2095532467,reference_only,False,1,,4,0,,,,,,,
W2096352449,W2096352449,reference_only,False,1,,4,0,,,,,,,
W2155843307,W2155843307,reference_only,False,1,,14,0,,,,,,,
W2166870578,W2166870578,reference_only,False,1,,2,0,,,,,,,
W2327525319,W2327525319,reference_only,False,1,,5,0,,,,,,,
W2610685016,W2610685016,reference_only,False,0,,3,0,,,,,,,
W3197522016,W3197522016,reference_only,False,1,,3,0,,,,,,,
W4386897880,Beyond sense-specific processing: decoding texture in the brain from touch and sonified movement,publication,True,35,2023.0,0,22,Multisensory perception and integration,iScience,article,Experimental and Cognitive Psychology,Psychology,Social Sciences,https://doi.org/10.1016/j.isci.2023.107965
W1993783675,W1993783675,reference_only,False,35,,4,0,,,,,,,
W2005302785,W2005302785,reference_only,False,35,,4,0,,,,,,,
W2015766879,W2015766879,reference_only,False,35,,2,0,,,,,,,
W2029123446,W2029123446,reference_only,False,35,,2,0,,,,,,,
W2030974465,W2030974465,reference_only,False,35,,2,0,,,,,,,
W2042432550,W2042432550,reference_only,False,35,,7,0,,,,,,,
W2049458102,W2049458102,reference_only,False,35,,4,0,,,,,,,
W2070957297,W2070957297,reference_only,False,35,,2,0,,,,,,,
W2073227393,W2073227393,reference_only,False,35,,4,0,,,,,,,
W2091475867,W2091475867,reference_only,False,35,,2,0,,,,,,,
W2091794409,W2091794409,reference_only,False,35,,2,0,,,,,,,
W2136022845,W2136022845,reference_only,False,35,,15,0,,,,,,,
W2155530693,W2155530693,reference_only,False,35,,2,0,,,,,,,
W2292251807,W2292251807,reference_only,False,35,,2,0,,,,,,,
W2571962628,W2571962628,reference_only,False,27,,3,0,,,,,,,
W2598797789,On the Auditory-Proprioception Substitution Hypothesis: Movement Sonification in Two Deafferented Subjects Learning to Write New Characters,publication,True,35,2017.0,13,31,Tactile and Sensory Interactions,Frontiers in Neuroscience,article,Cognitive Neuroscience,Neuroscience,Life Sciences,https://doi.org/10.3389/fnins.2017.00137
W2979295318,Musical sonification improves motor control in Parkinson's disease: a proof of concept with handwriting,publication,True,35,2019.0,6,36,Neuroscience and Music Perception,Annals of the New York Academy of Sciences,article,Cognitive Neuroscience,Neuroscience,Life Sciences,https://doi.org/10.1111/nyas.14252
W4293428240,W4293428240,reference_only,False,35,,2,0,,,,,,,
W4313177291,W4313177291,reference_only,False,35,,5,0,,,,,,,
W2490977439,Sensori-Motor Learning with Movement Sonification: Perspectives from Recent Interdisciplinary Studies,publication,True,35,2016.0,21,39,Tactile and Sensory Interactions,Frontiers in Neuroscience,article,Cognitive Neuroscience,Neuroscience,Life Sciences,https://doi.org/10.3389/fnins.2016.00385
W72135960,W72135960,reference_only,False,3,,4,0,,,,,,,
W164236100,W164236100,reference_only,False,5,,3,0,,,,,,,
W1520131895,W1520131895,reference_only,False,35,,2,0,,,,,,,
W1973829499,W1973829499,reference_only,False,35,,5,0,,,,,,,
W1986218835,W1986218835,reference_only,False,26,,4,0,,,,,,,
W1988031976,"Sonification of Surface Tapping Changes Behavior, Surface Perception, and Emotion",publication,True,35,2015.0,10,13,Tactile and Sensory Interactions,IEEE Multimedia,article,Cognitive Neuroscience,Neuroscience,Life Sciences,https://doi.org/10.1109/mmul.2015.14
W2013366237,W2013366237,reference_only,False,35,,8,0,,,,,,,
W2027760828,W2027760828,reference_only,False,35,,7,0,,,,,,,
W2028080146,W2028080146,reference_only,False,3,,4,0,,,,,,,
W2043705045,W2043705045,reference_only,False,35,,7,0,,,,,,,
W2047948074,W2047948074,reference_only,False,35,,2,0,,,,,,,
W2093960336,W2093960336,reference_only,False,35,,5,0,,,,,,,
W2098714234,W2098714234,reference_only,False,35,,8,0,,,,,,,
W2114721269,W2114721269,reference_only,False,35,,9,0,,,,,,,
W2126224881,W2126224881,reference_only,False,35,,2,0,,,,,,,
W2137237530,W2137237530,reference_only,False,35,,7,0,,,,,,,
W2141740050,W2141740050,reference_only,False,35,,3,0,,,,,,,
W2168488086,W2168488086,reference_only,False,3,,3,0,,,,,,,
W2174258004,W2174258004,reference_only,False,35,,10,0,,,,,,,
W2179224662,W2179224662,reference_only,False,35,,2,0,,,,,,,
W2184075520,W2184075520,reference_only,False,35,,2,0,,,,,,,
W2239214932,W2239214932,reference_only,False,35,,5,0,,,,,,,
W2346983208,W2346983208,reference_only,False,35,,3,0,,,,,,,
W2536794285,W2536794285,reference_only,False,31,,9,0,,,,,,,
W2561675875,W2561675875,reference_only,False,0,,4,0,,,,,,,
W4297888597,W4297888597,reference_only,False,3,,2,0,,,,,,,
W6602872411,W6602872411,reference_only,False,35,,3,0,,,,,,,
W24894039,Audio games: Fun for all? All for fun!,publication,True,1,2003.0,4,4,Tactile and Sensory Interactions,ANZ Journal of Surgery,article,Cognitive Neuroscience,Neuroscience,Life Sciences,https://doi.org/10.1111/ans.12567
W93612393,W93612393,reference_only,False,1,,6,0,,,,,,,
W144559596,W144559596,reference_only,False,1,,3,0,,,,,,,
W1517387173,W1517387173,reference_only,False,1,,9,0,,,,,,,
W1591815827,W1591815827,reference_only,False,1,,7,0,,,,,,,
W1924105626,W1924105626,reference_only,False,1,,2,0,,,,,,,
W1988968882,W1988968882,reference_only,False,1,,2,0,,,,,,,
W2001260728,W2001260728,reference_only,False,1,,3,0,,,,,,,
W2023107859,W2023107859,reference_only,False,1,,6,0,,,,,,,
W2082373127,W2082373127,reference_only,False,1,,9,0,,,,,,,
W2101728963,W2101728963,reference_only,False,1,,2,0,,,,,,,
W2115247616,BRIEF TRAINING FOR PERFORMANCE OF A POINT ESTIMATION SONIFICATION TASK,publication,True,1,2005.0,6,21,Forecasting Techniques and Applications,,article,Management Science and Operations Research,Decision Sciences,Social Sciences,
W2121622602,W2121622602,reference_only,False,8,,2,0,,,,,,,
W2125669135,W2125669135,reference_only,False,1,,2,0,,,,,,,
W2128992813,W2128992813,reference_only,False,8,,2,0,,,,,,,
W2134954483,W2134954483,reference_only,False,1,,3,0,,,,,,,
W2143122004,W2143122004,reference_only,False,1,,7,0,,,,,,,
W2150030623,W2150030623,reference_only,False,1,,2,0,,,,,,,
W2153901834,W2153901834,reference_only,False,1,,2,0,,,,,,,
W2170722453,W2170722453,reference_only,False,26,,2,0,,,,,,,
W2173427686,W2173427686,reference_only,False,1,,2,0,,,,,,,
W2204589313,W2204589313,reference_only,False,1,,7,0,,,,,,,
W2255859822,W2255859822,reference_only,False,1,,2,0,,,,,,,
W2337365192,W2337365192,reference_only,False,1,,12,0,,,,,,,
W2961981322,Structural modification of quinoa seed protein isolates (QPIs) by variable time sonification for improving its physicochemical and functional characteristics,publication,True,2,2019.0,0,1,Proteins in Food Systems,Ultrasonics Sonochemistry,article,Food Science,Agricultural and Biological Sciences,Life Sciences,https://doi.org/10.1016/j.ultsonch.2019.104700
W2100837269,W2100837269,reference_only,False,2,,8,0,,,,,,,
W186240961,W186240961,reference_only,False,35,,2,0,,,,,,,
W1546209277,W1546209277,reference_only,False,35,,3,0,,,,,,,
W1975290042,W1975290042,reference_only,False,35,,3,0,,,,,,,
W2006293231,W2006293231,reference_only,False,35,,8,0,,,,,,,
W2040680107,W2040680107,reference_only,False,35,,2,0,,,,,,,
W2041930233,W2041930233,reference_only,False,35,,2,0,,,,,,,
W2042107593,W2042107593,reference_only,False,35,,3,0,,,,,,,
W2044521246,W2044521246,reference_only,False,35,,3,0,,,,,,,
W2070084294,W2070084294,reference_only,False,35,,2,0,,,,,,,
W2071524928,W2071524928,reference_only,False,35,,3,0,,,,,,,
W2115767131,W2115767131,reference_only,False,35,,3,0,,,,,,,
W2118088402,W2118088402,reference_only,False,35,,3,0,,,,,,,
W2121448897,W2121448897,reference_only,False,35,,2,0,,,,,,,
W2126844719,W2126844719,reference_only,False,35,,2,0,,,,,,,
W2128665672,W2128665672,reference_only,False,35,,3,0,,,,,,,
W2148342940,W2148342940,reference_only,False,35,,3,0,,,,,,,
W2149438747,W2149438747,reference_only,False,35,,2,0,,,,,,,
W2152436945,W2152436945,reference_only,False,35,,2,0,,,,,,,
W2153810511,W2153810511,reference_only,False,35,,3,0,,,,,,,
W4239460843,W4239460843,reference_only,False,35,,2,0,,,,,,,
W2466861635,Sonification of Arm Movements in Stroke Rehabilitation – A Novel Approach in Neurologic Music Therapy,publication,True,35,2016.0,17,48,Stroke Rehabilitation and Recovery,Frontiers in Neurology,article,Rehabilitation,Medicine,Health Sciences,https://doi.org/10.3389/fneur.2016.00106
W1547120826,W1547120826,reference_only,False,35,,3,0,,,,,,,
W1582880486,W1582880486,reference_only,False,35,,2,0,,,,,,,
W1944219791,Moving with music for stroke rehabilitation: a sonification feasibility study,publication,True,35,2015.0,16,28,Music Therapy and Health,Annals of the New York Academy of Sciences,article,Social Psychology,Psychology,Social Sciences,https://doi.org/10.1111/nyas.12691
W1971274529,W1971274529,reference_only,False,35,,3,0,,,,,,,
W1973159748,W1973159748,reference_only,False,35,,6,0,,,,,,,
W2007557128,W2007557128,reference_only,False,3,,2,0,,,,,,,
W2022161886,W2022161886,reference_only,False,26,,2,0,,,,,,,
W2063089621,W2063089621,reference_only,False,35,,3,0,,,,,,,
W2075019019,W2075019019,reference_only,False,35,,2,0,,,,,,,
W2085533563,W2085533563,reference_only,False,35,,2,0,,,,,,,
W2093746602,W2093746602,reference_only,False,26,,2,0,,,,,,,
W2103212780,W2103212780,reference_only,False,35,,3,0,,,,,,,
W2110649559,W2110649559,reference_only,False,35,,5,0,,,,,,,
W2113347439,W2113347439,reference_only,False,35,,3,0,,,,,,,
W2136361599,W2136361599,reference_only,False,35,,5,0,,,,,,,
W2142887818,W2142887818,reference_only,False,35,,3,0,,,,,,,
W2151727950,W2151727950,reference_only,False,26,,2,0,,,,,,,
W2166779026,W2166779026,reference_only,False,35,,3,0,,,,,,,
W2169687509,W2169687509,reference_only,False,35,,2,0,,,,,,,
W2555917297,Exploring Auditory Graphing Software in the Classroom,publication,True,1,2016.0,2,20,Tactile and Sensory Interactions,ACM Transactions on Accessible Computing,article,Cognitive Neuroscience,Neuroscience,Life Sciences,https://doi.org/10.1145/2994606
W1560729591,W1560729591,reference_only,False,19,,2,0,,,,,,,
W2041383450,W2041383450,reference_only,False,1,,2,0,,,,,,,
W2088960431,W2088960431,reference_only,False,5,,2,0,,,,,,,
W2154345087,W2154345087,reference_only,False,26,,2,0,,,,,,,
W2160628783,AUDITORY AUGMENTATION OF HAPTIC GRAPHS: DEVELOPING A GRAPHIC TOOL FOR TEACHING PRECALCULUS SKILL TO BLIND STUDENTS,publication,True,1,2005.0,4,4,Tactile and Sensory Interactions,,article,Cognitive Neuroscience,Neuroscience,Life Sciences,
W2205103754,International Conference on Auditory Display 2002,publication,True,14,2003.0,15,0,Music Technology and Sound Studies,Computer Music Journal,article,Computer Vision and Pattern Recognition,Computer Science,Physical Sciences,https://doi.org/10.1162/comj.2003.27.1.84
W2322584079,W2322584079,reference_only,False,6,,4,0,,,,,,,
W4242971030,W4242971030,reference_only,False,1,,6,0,,,,,,,
W6633724138,W6633724138,reference_only,False,19,,2,0,,,,,,,
W2123442640,Sublime frequencies:  The construction of sublime listening experiences in the sonification of scientific data,publication,True,6,2013.0,19,32,Music Technology and Sound Studies,Social Studies of Science,article,Computer Vision and Pattern Recognition,Computer Science,Physical Sciences,https://doi.org/10.1177/0306312713496875
W281240564,The Recording That Never Wanted to Be Heard and Other Stories of Sonification,publication,True,6,2011.0,5,0,Music Technology and Sound Studies,Oxford University Press eBooks,book,Computer Vision and Pattern Recognition,Computer Science,Physical Sciences,https://doi.org/10.1093/oxfordhb/9780195388947.013.0115
W571075597,W571075597,reference_only,False,6,,2,0,,,,,,,
W586893437,W586893437,reference_only,False,6,,3,0,,,,,,,
W1502148365,Lobbying for the ear : the public fascination with and academic legitimacy of the sonification of scientific data,publication,True,6,2012.0,9,91,Climate Change Communication and Perception,,dissertation,Sociology and Political Science,Social Sciences,Social Sciences,https://doi.org/10.26481/dis.20120606as
W1505221106,W1505221106,reference_only,False,6,,3,0,,,,,,,
W1983347960,W1983347960,reference_only,False,6,,2,0,,,,,,,
W2014930203,W2014930203,reference_only,False,6,,2,0,,,,,,,
W2022359655,W2022359655,reference_only,False,6,,2,0,,,,,,,
W2024879714,W2024879714,reference_only,False,6,,2,0,,,,,,,
W2028302088,"Listening to the Cold War: The Nuclear Test Ban Negotiations, Seismology, and Psychoacoustics, 1958–1963",publication,True,6,2013.0,5,2,Seismic Waves and Analysis,Osiris,article,Geophysics,Earth and Planetary Sciences,Physical Sciences,https://doi.org/10.1086/671364
W2078786961,W2078786961,reference_only,False,6,,2,0,,,,,,,
W2098719459,W2098719459,reference_only,False,6,,2,0,,,,,,,
W2105066218,W2105066218,reference_only,False,6,,2,0,,,,,,,
W2106329382,W2106329382,reference_only,False,6,,3,0,,,,,,,
W2145737849,W2145737849,reference_only,False,6,,4,0,,,,,,,
W2147912625,W2147912625,reference_only,False,6,,7,0,,,,,,,
W2161133025,W2161133025,reference_only,False,6,,2,0,,,,,,,
W2626791138,W2626791138,reference_only,False,6,,5,0,,,,,,,
W2883810257,W2883810257,reference_only,False,6,,3,0,,,,,,,
W2899805974,W2899805974,reference_only,False,6,,2,0,,,,,,,
W2903399229,W2903399229,reference_only,False,6,,2,0,,,,,,,
W3025483483,W3025483483,reference_only,False,6,,2,0,,,,,,,
W4230877672,W4230877672,reference_only,False,6,,2,0,,,,,,,
W4212945971,Head-Related Transfer Functions and Virtual Auditory Display,publication,True,8,2014.0,0,46,Hearing Loss and Rehabilitation,InTech eBooks,book-chapter,Cognitive Neuroscience,Neuroscience,Life Sciences,https://doi.org/10.5772/56907
W379725118,W379725118,reference_only,False,8,,2,0,,,,,,,
W1510060937,W1510060937,reference_only,False,8,,8,0,,,,,,,
W1529135573,W1529135573,reference_only,False,8,,6,0,,,,,,,
W1534234863,W1534234863,reference_only,False,8,,3,0,,,,,,,
W1538967629,W1538967629,reference_only,False,8,,5,0,,,,,,,
W1557871352,"Virtual acoustics, aeronautics, and communications.",publication,True,8,1998.0,4,1,Human-Automation Interaction and Safety,PubMed,article,Social Psychology,Psychology,Social Sciences,
W1603920403,W1603920403,reference_only,False,8,,2,0,,,,,,,
W1605827214,W1605827214,reference_only,False,1,,2,0,,,,,,,
W1641915153,W1641915153,reference_only,False,8,,10,0,,,,,,,
W1872512668,W1872512668,reference_only,False,8,,4,0,,,,,,,
W1968549621,W1968549621,reference_only,False,8,,3,0,,,,,,,
W1972059236,W1972059236,reference_only,False,8,,11,0,,,,,,,
W1980376504,W1980376504,reference_only,False,8,,8,0,,,,,,,
W1981433551,W1981433551,reference_only,False,8,,2,0,,,,,,,
W1998944977,W1998944977,reference_only,False,8,,14,0,,,,,,,
W2000803514,W2000803514,reference_only,False,8,,3,0,,,,,,,
W2002271909,W2002271909,reference_only,False,8,,6,0,,,,,,,
W2007897947,W2007897947,reference_only,False,8,,14,0,,,,,,,
W2011421703,W2011421703,reference_only,False,8,,2,0,,,,,,,
W2011742516,W2011742516,reference_only,False,8,,6,0,,,,,,,
W2022044014,W2022044014,reference_only,False,8,,2,0,,,,,,,
W2027765653,W2027765653,reference_only,False,8,,5,0,,,,,,,
W2037949455,W2037949455,reference_only,False,8,,7,0,,,,,,,
W2045261700,W2045261700,reference_only,False,8,,9,0,,,,,,,
W2062801267,W2062801267,reference_only,False,8,,3,0,,,,,,,
W2064233625,W2064233625,reference_only,False,8,,8,0,,,,,,,
W2089048403,Boundary element simulations of the transfer function of human heads and baffled pinnae using accurate geometric models,publication,True,8,2006.0,2,24,Hearing Loss and Rehabilitation,Journal of Sound and Vibration,article,Cognitive Neuroscience,Neuroscience,Life Sciences,https://doi.org/10.1016/j.jsv.2006.06.079
W2094846694,W2094846694,reference_only,False,8,,2,0,,,,,,,
W2105601277,W2105601277,reference_only,False,8,,4,0,,,,,,,
W2111889754,W2111889754,reference_only,False,8,,6,0,,,,,,,
W2126015526,W2126015526,reference_only,False,8,,3,0,,,,,,,
W2139448165,W2139448165,reference_only,False,8,,3,0,,,,,,,
W2163344649,W2163344649,reference_only,False,8,,10,0,,,,,,,
W2182616171,W2182616171,reference_only,False,8,,2,0,,,,,,,
W2233812317,W2233812317,reference_only,False,8,,2,0,,,,,,,
W2271208462,W2271208462,reference_only,False,8,,7,0,,,,,,,
W2329381138,RECENT DEVELOPMENTS IN SLAB: A SOFTWARE-BASED SYSTEM FOR INTERACTIVE SPATIAL SOUND SYNTHESIS,publication,True,8,2002.0,2,10,Hearing Loss and Rehabilitation,,article,Cognitive Neuroscience,Neuroscience,Life Sciences,
W2466208082,W2466208082,reference_only,False,8,,3,0,,,,,,,
W2466517928,Subjective selection of non-individual head-related transfer functions,publication,True,8,2003.0,6,8,Hearing Loss and Rehabilitation,,article,Cognitive Neuroscience,Neuroscience,Life Sciences,
W3124666641,W3124666641,reference_only,False,8,,8,0,,,,,,,
W4249595233,W4249595233,reference_only,False,6,,2,0,,,,,,,
W4401242086,Marketing sonified fragrance: Designing soundscapes for scent,publication,True,26,2024.0,0,10,Multisensory perception and integration,i-Perception,article,Experimental and Cognitive Psychology,Psychology,Social Sciences,https://doi.org/10.1177/20416695241259714
W1529060346,W1529060346,reference_only,False,26,,2,0,,,,,,,
W2029654180,W2029654180,reference_only,False,26,,7,0,,,,,,,
W2044961900,W2044961900,reference_only,False,26,,2,0,,,,,,,
W2124990398,W2124990398,reference_only,False,14,,3,0,,,,,,,
W2135735899,W2135735899,reference_only,False,26,,2,0,,,,,,,
W2336684527,W2336684527,reference_only,False,5,,2,0,,,,,,,
W4230102364,W4230102364,reference_only,False,26,,2,0,,,,,,,
W4236363554,W4236363554,reference_only,False,26,,2,0,,,,,,,
W1585474757,W1585474757,reference_only,False,6,,3,0,,,,,,,
W1801878374,W1801878374,reference_only,False,1,,9,0,,,,,,,
W2064949613,W2064949613,reference_only,False,6,,3,0,,,,,,,
W2154536574,W2154536574,reference_only,False,3,,2,0,,,,,,,
W2914331897,W2914331897,reference_only,False,6,,2,0,,,,,,,
W2016271194,W2016271194,reference_only,False,1,,6,0,,,,,,,
W2955138922,A Self-Consistent Sonification Method to Translate Amino Acid Sequences into Musical Compositions and Application in Protein Design Using Artificial Intelligence,publication,True,14,2019.0,16,32,Plant and Biological Electrophysiology Studies,ACS Nano,article,Plant Science,Agricultural and Biological Sciences,Life Sciences,https://doi.org/10.1021/acsnano.9b02180
W1607931568,W1607931568,reference_only,False,14,,2,0,,,,,,,
W1622352885,W1622352885,reference_only,False,14,,3,0,,,,,,,
W2008708467,W2008708467,reference_only,False,14,,4,0,,,,,,,
W2023658573,W2023658573,reference_only,False,14,,3,0,,,,,,,
W2053347927,W2053347927,reference_only,False,14,,2,0,,,,,,,
W2055043387,W2055043387,reference_only,False,14,,3,0,,,,,,,
W2061259599,W2061259599,reference_only,False,14,,3,0,,,,,,,
W2063304073,W2063304073,reference_only,False,14,,3,0,,,,,,,
W2107302205,W2107302205,reference_only,False,14,,2,0,,,,,,,
W2119780277,W2119780277,reference_only,False,14,,2,0,,,,,,,
W2126103104,W2126103104,reference_only,False,14,,4,0,,,,,,,
W2127811140,W2127811140,reference_only,False,14,,7,0,,,,,,,
W2147173506,W2147173506,reference_only,False,14,,4,0,,,,,,,
W2160564267,W2160564267,reference_only,False,14,,2,0,,,,,,,
W2166712553,W2166712553,reference_only,False,14,,2,0,,,,,,,
W2168527884,W2168527884,reference_only,False,14,,3,0,,,,,,,
W2464070928,W2464070928,reference_only,False,14,,2,0,,,,,,,
W2509875196,W2509875196,reference_only,False,14,,2,0,,,,,,,
W2766966300,W2766966300,reference_only,False,14,,3,0,,,,,,,
W2785273668,W2785273668,reference_only,False,14,,3,0,,,,,,,
W2883482411,W2883482411,reference_only,False,14,,4,0,,,,,,,
W2889498145,W2889498145,reference_only,False,14,,2,0,,,,,,,
W2889792685,W2889792685,reference_only,False,14,,7,0,,,,,,,
W2939610444,"Analysis of the vibrational and sound spectrum of over 100,000 protein structures and application in sonification",publication,True,14,2019.0,7,21,Plant and Biological Electrophysiology Studies,Extreme Mechanics Letters,article,Plant Science,Agricultural and Biological Sciences,Life Sciences,https://doi.org/10.1016/j.eml.2019.100460
W3101721510,W3101721510,reference_only,False,14,,10,0,,,,,,,
W3105389349,W3105389349,reference_only,False,14,,3,0,,,,,,,
W4229774725,W4229774725,reference_only,False,6,,3,0,,,,,,,
W4232703006,W4232703006,reference_only,False,14,,2,0,,,,,,,
W2125570765,Heart Rate Sonification: A New Approach to Medical Diagnosis,publication,True,6,2004.0,23,12,Phonocardiography and Auscultation Techniques,Leonardo,article,Pulmonary and Respiratory Medicine,Medicine,Health Sciences,https://doi.org/10.1162/002409404772828094
W1993220186,W1993220186,reference_only,False,6,,2,0,,,,,,,
W2004088673,W2004088673,reference_only,False,6,,3,0,,,,,,,
W2051620101,W2051620101,reference_only,False,6,,2,0,,,,,,,
W2059314169,W2059314169,reference_only,False,6,,2,0,,,,,,,
W2106879872,W2106879872,reference_only,False,0,,4,0,,,,,,,
W2119570247,W2119570247,reference_only,False,6,,3,0,,,,,,,
W2054459286,Color Sonification for the Visually Impaired,publication,True,26,2013.0,12,6,Tactile and Sensory Interactions,Procedia Technology,article,Cognitive Neuroscience,Neuroscience,Life Sciences,https://doi.org/10.1016/j.protcy.2013.12.117
W1975594003,"Soundscape, sonification, and sound activism",publication,True,6,2011.0,6,1,Noise Effects and Management,AI & Society,article,Speech and Hearing,Health Professions,Health Sciences,https://doi.org/10.1007/s00146-011-0345-3
W2075390823,Multimodal geographic information systems: Adding haptic and auditory display,publication,True,1,2003.0,5,39,Spatial Cognition and Navigation,Journal of the American Society for Information Science and Technology,article,Automotive Engineering,Engineering,Physical Sciences,https://doi.org/10.1002/asi.10202
W131127468,W131127468,reference_only,False,0,,13,0,,,,,,,
W1984314602,W1984314602,reference_only,False,1,,18,0,,,,,,,
W1996136679,W1996136679,reference_only,False,1,,4,0,,,,,,,
W1996318579,W1996318579,reference_only,False,1,,2,0,,,,,,,
W2002154295,The Use of Sound for Data Exploration,publication,True,0,2000.0,7,0,Data Visualization and Analytics,Bulletin of the American Society for Information Science and Technology,article,Computer Vision and Pattern Recognition,Computer Science,Physical Sciences,https://doi.org/10.1002/bult.173
W2009022594,W2009022594,reference_only,False,1,,6,0,,,,,,,
W2039348779,W2039348779,reference_only,False,1,,2,0,,,,,,,
W2058120272,W2058120272,reference_only,False,1,,2,0,,,,,,,
W2059061863,W2059061863,reference_only,False,1,,2,0,,,,,,,
W2064837193,W2064837193,reference_only,False,34,,2,0,,,,,,,
W2077420680,W2077420680,reference_only,False,1,,4,0,,,,,,,
W2087279647,W2087279647,reference_only,False,1,,2,0,,,,,,,
W2111158348,W2111158348,reference_only,False,1,,3,0,,,,,,,
W2143560158,W2143560158,reference_only,False,1,,3,0,,,,,,,
W2168120373,W2168120373,reference_only,False,1,,3,0,,,,,,,
W2579555219,W2579555219,reference_only,False,15,,15,0,,,,,,,
W4239355662,W4239355662,reference_only,False,1,,4,0,,,,,,,
W4240734935,W4240734935,reference_only,False,1,,3,0,,,,,,,
W2332934440,"Sonification, Science and Popular Music: In search of the ‘wow’",publication,True,30,2014.0,6,13,Noise Effects and Management,Organised Sound,article,Speech and Hearing,Health Professions,Health Sciences,https://doi.org/10.1017/s1355771813000381
W1984472908,W1984472908,reference_only,False,30,,4,0,,,,,,,
W2007990204,W2007990204,reference_only,False,30,,2,0,,,,,,,
W2169637730,W2169637730,reference_only,False,10,,8,0,,,,,,,
W2598094903,W2598094903,reference_only,False,6,,5,0,,,,,,,
W2619575161,W2619575161,reference_only,False,30,,2,0,,,,,,,
W6772936788,W6772936788,reference_only,False,30,,2,0,,,,,,,
W62999716,W62999716,reference_only,False,1,,3,0,,,,,,,
W92364449,W92364449,reference_only,False,1,,2,0,,,,,,,
W141207001,Perceptual structure of everyday sounds: A multidimensional scaling approach,publication,True,1,2001.0,5,9,Multisensory perception and integration,,article,Experimental and Cognitive Psychology,Psychology,Social Sciences,
W223937513,W223937513,reference_only,False,8,,4,0,,,,,,,
W602985745,W602985745,reference_only,False,1,,4,0,,,,,,,
W1484864026,W1484864026,reference_only,False,1,,2,0,,,,,,,
W1500190048,W1500190048,reference_only,False,1,,5,0,,,,,,,
W1510561091,W1510561091,reference_only,False,35,,6,0,,,,,,,
W1558663422,W1558663422,reference_only,False,14,,3,0,,,,,,,
W1630493849,W1630493849,reference_only,False,1,,4,0,,,,,,,
W1965166267,W1965166267,reference_only,False,1,,4,0,,,,,,,
W1971509160,W1971509160,reference_only,False,1,,2,0,,,,,,,
W1972940641,W1972940641,reference_only,False,5,,3,0,,,,,,,
W1987604705,W1987604705,reference_only,False,1,,2,0,,,,,,,
W2037124948,W2037124948,reference_only,False,27,,4,0,,,,,,,
W2051164791,W2051164791,reference_only,False,1,,3,0,,,,,,,
W2080839230,W2080839230,reference_only,False,1,,2,0,,,,,,,
W2084489557,W2084489557,reference_only,False,1,,4,0,,,,,,,
W2124862546,W2124862546,reference_only,False,8,,2,0,,,,,,,
W2142196392,W2142196392,reference_only,False,1,,4,0,,,,,,,
W2159401492,W2159401492,reference_only,False,1,,2,0,,,,,,,
W2326713822,W2326713822,reference_only,False,1,,2,0,,,,,,,
W2595745840,W2595745840,reference_only,False,1,,2,0,,,,,,,
W3099839986,W3099839986,reference_only,False,1,,2,0,,,,,,,
W2804058599,Movement Sonification in Stroke Rehabilitation,publication,True,35,2018.0,12,29,Action Observation and Synchronization,Frontiers in Neurology,article,Social Psychology,Psychology,Social Sciences,https://doi.org/10.3389/fneur.2018.00389
W1576998361,W1576998361,reference_only,False,35,,4,0,,,,,,,
W1842427889,W1842427889,reference_only,False,35,,4,0,,,,,,,
W1964856732,W1964856732,reference_only,False,35,,8,0,,,,,,,
W1977086599,W1977086599,reference_only,False,35,,4,0,,,,,,,
W1990282485,Auditory Coding of Human Movement Kinematics,publication,True,35,2013.0,18,31,Tactile and Sensory Interactions,Multisensory Research,article,Cognitive Neuroscience,Neuroscience,Life Sciences,https://doi.org/10.1163/22134808-00002435
W2021644454,W2021644454,reference_only,False,35,,3,0,,,,,,,
W2050543145,W2050543145,reference_only,False,35,,2,0,,,,,,,
W2062190494,W2062190494,reference_only,False,35,,7,0,,,,,,,
W2129835919,W2129835919,reference_only,False,35,,2,0,,,,,,,
W2467114634,More Feedback Is Better than Less: Learning a Novel Upper Limb Joint Coordination Pattern with Augmented Auditory Feedback,publication,True,35,2016.0,6,26,Motor Control and Adaptation,Frontiers in Neuroscience,article,Cognitive Neuroscience,Neuroscience,Life Sciences,https://doi.org/10.3389/fnins.2016.00251
W2689106072,W2689106072,reference_only,False,35,,10,0,,,,,,,
W2781621131,Exploring maps by sounds: using parameter mapping sonification to make digital elevation models audible,publication,True,0,2018.0,3,21,Noise Effects and Management,International Journal of Geographical Information Systems,article,Speech and Hearing,Health Professions,Health Sciences,https://doi.org/10.1080/13658816.2017.1420192
W621814778,W621814778,reference_only,False,0,,6,0,,,,,,,
W1765238573,Interactive spatial sonification for non-visual exploration of virtual maps,publication,True,8,2015.0,9,38,Tactile and Sensory Interactions,International Journal of Human-Computer Studies,article,Cognitive Neuroscience,Neuroscience,Life Sciences,https://doi.org/10.1016/j.ijhcs.2015.08.004
W1967559492,W1967559492,reference_only,False,0,,2,0,,,,,,,
W1989514960,W1989514960,reference_only,False,1,,2,0,,,,,,,
W2091022973,W2091022973,reference_only,False,0,,5,0,,,,,,,
W2161837796,W2161837796,reference_only,False,0,,2,0,,,,,,,
W2399020194,W2399020194,reference_only,False,6,,3,0,,,,,,,
W2757370326,W2757370326,reference_only,False,6,,2,0,,,,,,,
W6619485454,W6619485454,reference_only,False,0,,3,0,,,,,,,
W2221802908,Sonification of reference markers for auditory graphs: effects on non-visual point estimation tasks,publication,True,1,2016.0,2,30,Tactile and Sensory Interactions,PeerJ Computer Science,article,Cognitive Neuroscience,Neuroscience,Life Sciences,https://doi.org/10.7717/peerj-cs.51
W64995201,W64995201,reference_only,False,5,,3,0,,,,,,,
W192078153,W192078153,reference_only,False,1,,3,0,,,,,,,
W1977621004,Interactive hierarchy-based auditory displays for accessing and manipulating relational diagrams,publication,True,1,2011.0,2,27,Data Visualization and Analytics,Journal on Multimodal User Interfaces,article,Computer Vision and Pattern Recognition,Computer Science,Physical Sciences,https://doi.org/10.1007/s12193-011-0067-3
W1990100773,W1990100773,reference_only,False,1,,4,0,,,,,,,
W2016753916,W2016753916,reference_only,False,1,,2,0,,,,,,,
W2026713788,W2026713788,reference_only,False,1,,2,0,,,,,,,
W2156256954,W2156256954,reference_only,False,1,,2,0,,,,,,,
W2179427518,W2179427518,reference_only,False,1,,6,0,,,,,,,
W2320814021,DESIGNING AUDITORY GRAPH OVERVIEWS: AN EXAMINATION OF DISCRETE VS. CONTINUOUS SOUND AND THE INFLUENCE OF PRESENTATION SPEED,publication,True,1,2007.0,4,19,Data Visualization and Analytics,,article,Computer Vision and Pattern Recognition,Computer Science,Physical Sciences,
W4239127880,W4239127880,reference_only,False,1,,6,0,,,,,,,
W4299298909,W4299298909,reference_only,False,0,,3,0,,,,,,,
W6635221841,W6635221841,reference_only,False,1,,4,0,,,,,,,
W6682806955,W6682806955,reference_only,False,1,,2,0,,,,,,,
W2978013841,Perception of sonified representations of complex systems by people who are blind,publication,True,26,2019.0,2,17,Tactile and Sensory Interactions,Assistive Technology,article,Cognitive Neuroscience,Neuroscience,Life Sciences,https://doi.org/10.1080/10400435.2019.1666930
W206024154,W206024154,reference_only,False,26,,2,0,,,,,,,
W1048171622,W1048171622,reference_only,False,26,,2,0,,,,,,,
W2020422987,W2020422987,reference_only,False,26,,5,0,,,,,,,
W2087230385,Listening to complexity: blind people’s learning about gas particles through a sonified model,publication,True,26,2011.0,3,22,Tactile and Sensory Interactions,International Journal on Disability and Human Development,article,Cognitive Neuroscience,Neuroscience,Life Sciences,https://doi.org/10.1515/ijdhd.2011.013
W2164795151,W2164795151,reference_only,False,26,,3,0,,,,,,,
W2604870362,On the Evaluation of Novel Sonification Techniques for Non-Visual Shape Exploration,publication,True,26,2017.0,3,21,Tactile and Sensory Interactions,ACM Transactions on Accessible Computing,article,Cognitive Neuroscience,Neuroscience,Life Sciences,https://doi.org/10.1145/3046789
W2979249000,W2979249000,reference_only,False,26,,2,0,,,,,,,
W3201845803,W3201845803,reference_only,False,26,,2,0,,,,,,,
W4233087053,Issues in Auditory Display,publication,True,1,2006.0,2,22,Multisensory perception and integration,Artificial Life,article,Experimental and Cognitive Psychology,Psychology,Social Sciences,https://doi.org/10.1162/artl.2006.12.2.259
W4283722419,"Sonification and sound design for astronomy research, education and public engagement",publication,True,6,2022.0,19,32,Paranormal Experiences and Beliefs,Nature Astronomy,article,Social Psychology,Psychology,Social Sciences,https://doi.org/10.1038/s41550-022-01721-z
W612471143,W612471143,reference_only,False,3,,4,0,,,,,,,
W1608519465,Sound for the exploration of space physics data,publication,True,6,2013.0,7,0,Music Technology and Sound Studies,,dissertation,Computer Vision and Pattern Recognition,Computer Science,Physical Sciences,
W2056504312,W2056504312,reference_only,False,6,,7,0,,,,,,,
W2060142157,W2060142157,reference_only,False,6,,6,0,,,,,,,
W2074946636,W2074946636,reference_only,False,6,,4,0,,,,,,,
W2094384411,W2094384411,reference_only,False,6,,2,0,,,,,,,
W2100685825,XSONIFY SONIFICATION TOOL FOR SPACE PHYSICS,publication,True,6,2006.0,6,3,Tactile and Sensory Interactions,,article,Cognitive Neuroscience,Neuroscience,Life Sciences,
W2106330396,Sonification of Astronomical Data,publication,True,6,2011.0,11,0,Solar and Space Plasma Dynamics,Proceedings of the International Astronomical Union,article,Astronomy and Astrophysics,Physics and Astronomy,Physical Sciences,https://doi.org/10.1017/s1743921312000440
W2252795400,W2252795400,reference_only,False,6,,5,0,,,,,,,
W2470671694,W2470671694,reference_only,False,6,,4,0,,,,,,,
W2671123407,W2671123407,reference_only,False,6,,3,0,,,,,,,
W2788574479,W2788574479,reference_only,False,6,,3,0,,,,,,,
W2913520771,W2913520771,reference_only,False,6,,2,0,,,,,,,
W2914163348,W2914163348,reference_only,False,6,,6,0,,,,,,,
W2950761417,W2950761417,reference_only,False,6,,2,0,,,,,,,
W2970480061,"Exploring Data Sonification to Enable, Enhance, and Accelerate the Analysis of Big, Noisy, and Multi-Dimensional Data",publication,True,6,2017.0,9,13,Multisensory perception and integration,Proceedings of the International Astronomical Union,article,Experimental and Cognitive Psychology,Psychology,Social Sciences,https://doi.org/10.1017/s1743921318002703
W3003461647,W3003461647,reference_only,False,6,,2,0,,,,,,,
W3017155694,A design-driven sonification process for supporting expert users in real-time anomaly detection: Towards applied guidelines,publication,True,5,2020.0,3,28,Music Technology and Sound Studies,EAI Endorsed Transactions on Creative Technologies,article,Computer Vision and Pattern Recognition,Computer Science,Physical Sciences,https://doi.org/10.4108/eai.13-7-2018.163994
W4200289831,Audible universe,publication,True,6,2021.0,9,3,History and Developments in Astronomy,Nature Astronomy,article,Astronomy and Astrophysics,Physics and Astronomy,Physical Sciences,https://doi.org/10.1038/s41550-021-01582-y
W4220970479,W4220970479,reference_only,False,6,,7,0,,,,,,,
W4235075455,W4235075455,reference_only,False,6,,5,0,,,,,,,
W4283725567,W4283725567,reference_only,False,6,,6,0,,,,,,,
W4285051996,W4285051996,reference_only,False,5,,8,0,,,,,,,
W1871525550,W1871525550,reference_only,False,28,,3,0,,,,,,,
W1965624136,W1965624136,reference_only,False,1,,2,0,,,,,,,
W2003723187,W2003723187,reference_only,False,1,,2,0,,,,,,,
W2034675839,W2034675839,reference_only,False,1,,2,0,,,,,,,
W2065143235,W2065143235,reference_only,False,1,,3,0,,,,,,,
W4399727930,Meta-SonifiedDroid: Metaheuristics for Optimizing Sonified Android Malware Detection,publication,True,10,2024.0,0,1,Advanced Malware Detection Techniques,IEEE Access,article,Signal Processing,Computer Science,Physical Sciences,https://doi.org/10.1109/access.2024.3415355
W2133824856,W2133824856,reference_only,False,10,,5,0,,,,,,,
W1790936560,Categorization of seismic sources by auditory display: A blind test,publication,True,6,2015.0,4,32,Seismic Waves and Analysis,International Journal of Human-Computer Studies,article,Geophysics,Earth and Planetary Sciences,Physical Sciences,https://doi.org/10.1016/j.ijhcs.2015.08.002
W284234142,W284234142,reference_only,False,6,,6,0,,,,,,,
W1494662055,W1494662055,reference_only,False,8,,19,0,,,,,,,
W1996832453,W1996832453,reference_only,False,6,,2,0,,,,,,,
W2022897403,W2022897403,reference_only,False,6,,2,0,,,,,,,
W2028360683,W2028360683,reference_only,False,6,,2,0,,,,,,,
W2029960962,W2029960962,reference_only,False,6,,2,0,,,,,,,
W2046331128,W2046331128,reference_only,False,6,,2,0,,,,,,,
W2049656592,W2049656592,reference_only,False,6,,2,0,,,,,,,
W2056522351,W2056522351,reference_only,False,8,,3,0,,,,,,,
W2077928913,W2077928913,reference_only,False,6,,2,0,,,,,,,
W2169334254,W2169334254,reference_only,False,6,,8,0,,,,,,,
W2280099729,W2280099729,reference_only,False,6,,3,0,,,,,,,
W2329406868,W2329406868,reference_only,False,6,,2,0,,,,,,,
W2329767772,W2329767772,reference_only,False,6,,2,0,,,,,,,
W2331436800,W2331436800,reference_only,False,6,,2,0,,,,,,,
W2331995259,W2331995259,reference_only,False,6,,7,0,,,,,,,
W4206531014,W4206531014,reference_only,False,6,,2,0,,,,,,,
W4248923757,W4248923757,reference_only,False,6,,2,0,,,,,,,
W4289983871,W4289983871,reference_only,False,31,,2,0,,,,,,,
W4310506297,W4310506297,reference_only,False,6,,2,0,,,,,,,
W6629860146,W6629860146,reference_only,False,8,,4,0,,,,,,,
W6682949499,W6682949499,reference_only,False,6,,5,0,,,,,,,
W6806132647,W6806132647,reference_only,False,6,,2,0,,,,,,,
W7071619704,W7071619704,reference_only,False,35,,14,0,,,,,,,
W2117489410,Relationships of sonification to music and sound art,publication,True,6,2011.0,10,5,Music Technology and Sound Studies,AI & Society,article,Computer Vision and Pattern Recognition,Computer Science,Physical Sciences,https://doi.org/10.1007/s00146-011-0337-3
W2087137043,W2087137043,reference_only,False,14,,6,0,,,,,,,
W2121802159,Sonification design and metaphors,publication,True,1,2005.0,3,27,Tactile and Sensory Interactions,ACM Transactions on Applied Perception,article,Cognitive Neuroscience,Neuroscience,Life Sciences,https://doi.org/10.1145/1101530.1101535
W2327437958,W2327437958,reference_only,False,6,,2,0,,,,,,,
W4233862358,"Sonification and Music, Music and Sonification",publication,True,6,2016.0,0,1,Music Technology and Sound Studies,,book-chapter,Computer Vision and Pattern Recognition,Computer Science,Physical Sciences,https://doi.org/10.4324/9781315770567-21
W6729014143,W6729014143,reference_only,False,6,,3,0,,,,,,,
W1983579728,W1983579728,reference_only,False,8,,3,0,,,,,,,
W2145764920,W2145764920,reference_only,False,8,,2,0,,,,,,,
W2150294419,W2150294419,reference_only,False,8,,2,0,,,,,,,
W2336236397,W2336236397,reference_only,False,8,,2,0,,,,,,,
W2886032821,Sonifying data uncertainty with sound dimensions,publication,True,0,2018.0,2,16,Music and Audio Processing,Cartography and Geographic Information Science,article,Signal Processing,Computer Science,Physical Sciences,https://doi.org/10.1080/15230406.2018.1495103
W1973746598,W1973746598,reference_only,False,19,,11,0,,,,,,,
W2044988964,W2044988964,reference_only,False,0,,2,0,,,,,,,
W2100613188,W2100613188,reference_only,False,0,,2,0,,,,,,,
W2307269239,W2307269239,reference_only,False,0,,2,0,,,,,,,
W4236177342,W4236177342,reference_only,False,0,,2,0,,,,,,,
W282439305,Expressive sonification of footstep sounds,publication,True,3,2010.0,5,9,Music Technology and Sound Studies,,article,Computer Vision and Pattern Recognition,Computer Science,Physical Sciences,
W77669910,Auditory feedback through continuous control of crumpling sound synthesis,publication,True,3,2008.0,3,13,Music Technology and Sound Studies,Human Factors in Computing Systems,article,Computer Vision and Pattern Recognition,Computer Science,Physical Sciences,
W353234340,W353234340,reference_only,False,3,,2,0,,,,,,,
W1586670667,W1586670667,reference_only,False,5,,13,0,,,,,,,
W1788201025,W1788201025,reference_only,False,3,,2,0,,,,,,,
W2015677043,W2015677043,reference_only,False,3,,9,0,,,,,,,
W2065587715,W2065587715,reference_only,False,3,,4,0,,,,,,,
W2164340928,W2164340928,reference_only,False,3,,2,0,,,,,,,
W1562811233,W1562811233,reference_only,False,1,,2,0,,,,,,,
W2023810221,W2023810221,reference_only,False,1,,2,0,,,,,,,
W2029972641,W2029972641,reference_only,False,26,,2,0,,,,,,,
W2077707758,W2077707758,reference_only,False,19,,4,0,,,,,,,
W2143726991,W2143726991,reference_only,False,19,,3,0,,,,,,,
W2318044268,W2318044268,reference_only,False,3,,2,0,,,,,,,
W3212670917,"Novel Auditory Displays in Highly Automated Vehicles: Sonification Improves Driver Situation Awareness, Perceived Workload, and Overall Experience",publication,True,28,2021.0,0,20,Human-Automation Interaction and Safety,Proceedings of the Human Factors and Ergonomics Society Annual Meeting,article,Social Psychology,Psychology,Social Sciences,https://doi.org/10.1177/1071181321651071
W2044140042,W2044140042,reference_only,False,28,,3,0,,,,,,,
W2106866030,W2106866030,reference_only,False,28,,3,0,,,,,,,
W2110017066,W2110017066,reference_only,False,28,,3,0,,,,,,,
W2159261394,W2159261394,reference_only,False,28,,2,0,,,,,,,
W2286247980,W2286247980,reference_only,False,28,,3,0,,,,,,,
W2571194986,W2571194986,reference_only,False,28,,2,0,,,,,,,
W2596596865,W2596596865,reference_only,False,28,,6,0,,,,,,,
W2747921057,W2747921057,reference_only,False,28,,4,0,,,,,,,
W2782821189,W2782821189,reference_only,False,28,,2,0,,,,,,,
W2943305677,W2943305677,reference_only,False,28,,7,0,,,,,,,
W2947746809,W2947746809,reference_only,False,28,,2,0,,,,,,,
W2973413581,W2973413581,reference_only,False,28,,3,0,,,,,,,
W2990520854,W2990520854,reference_only,False,28,,2,0,,,,,,,
W3005298575,W3005298575,reference_only,False,28,,2,0,,,,,,,
W3028791585,W3028791585,reference_only,False,28,,2,0,,,,,,,
W2762681851,W2762681851,reference_only,False,6,,2,0,,,,,,,
W1215132044,The sonification space: A reference system for sonification tasks,publication,True,6,2015.0,10,25,Neuroscience and Music Perception,International Journal of Human-Computer Studies,article,Cognitive Neuroscience,Neuroscience,Life Sciences,https://doi.org/10.1016/j.ijhcs.2015.08.008
W128363437,W128363437,reference_only,False,5,,14,0,,,,,,,
W1594303435,W1594303435,reference_only,False,3,,2,0,,,,,,,
W1597457948,W1597457948,reference_only,False,6,,3,0,,,,,,,
W2068627759,Generative Musical Tension Modeling and Its Application to Dynamic Sonification,publication,True,6,2012.0,2,4,Neuroscience and Music Perception,Computer Music Journal,article,Cognitive Neuroscience,Neuroscience,Life Sciences,https://doi.org/10.1162/comj_a_00105
W2083375777,W2083375777,reference_only,False,8,,7,0,,,,,,,
W2089123859,W2089123859,reference_only,False,6,,3,0,,,,,,,
W2561557072,W2561557072,reference_only,False,6,,2,0,,,,,,,
W6606216953,W6606216953,reference_only,False,6,,2,0,,,,,,,
W1658271639,W1658271639,reference_only,False,28,,2,0,,,,,,,
W1985143712,W1985143712,reference_only,False,1,,2,0,,,,,,,
W1985596507,W1985596507,reference_only,False,1,,2,0,,,,,,,
W2016085694,W2016085694,reference_only,False,1,,2,0,,,,,,,
W2063662525,W2063662525,reference_only,False,19,,2,0,,,,,,,
W2098686263,W2098686263,reference_only,False,28,,2,0,,,,,,,
W2109273023,W2109273023,reference_only,False,1,,2,0,,,,,,,
W2156358275,W2156358275,reference_only,False,1,,2,0,,,,,,,
W2526301959,W2526301959,reference_only,False,1,,2,0,,,,,,,
W133031165,W133031165,reference_only,False,1,,2,0,,,,,,,
W1531639961,W1531639961,reference_only,False,19,,2,0,,,,,,,
W2060206404,W2060206404,reference_only,False,8,,4,0,,,,,,,
W2063701864,W2063701864,reference_only,False,8,,3,0,,,,,,,
W2109340901,W2109340901,reference_only,False,1,,2,0,,,,,,,
W2134773428,W2134773428,reference_only,False,8,,12,0,,,,,,,
W2594750765,W2594750765,reference_only,False,15,,3,0,,,,,,,
W2618602706,W2618602706,reference_only,False,1,,5,0,,,,,,,
W4206777094,W4206777094,reference_only,False,1,,2,0,,,,,,,
W4235133917,W4235133917,reference_only,False,1,,2,0,,,,,,,
W6605809315,W6605809315,reference_only,False,31,,2,0,,,,,,,
W6643603450,W6643603450,reference_only,False,1,,3,0,,,,,,,
W6661419231,W6661419231,reference_only,False,1,,2,0,,,,,,,
W6673314710,W6673314710,reference_only,False,1,,3,0,,,,,,,
W7029952437,W7029952437,reference_only,False,1,,6,0,,,,,,,
W2137352696,An illustrated analysis of sonification for scientific visualisation,publication,True,1,1995.0,6,25,Tactile and Sensory Interactions,IEEE Visualization,article,Cognitive Neuroscience,Neuroscience,Life Sciences,https://doi.org/10.5555/832271.833860
W1502886798,W1502886798,reference_only,False,0,,3,0,,,,,,,
W1591331301,W1591331301,reference_only,False,8,,3,0,,,,,,,
W1674066309,W1674066309,reference_only,False,1,,4,0,,,,,,,
W2019424129,W2019424129,reference_only,False,8,,4,0,,,,,,,
W2030665613,W2030665613,reference_only,False,6,,4,0,,,,,,,
W2159190202,W2159190202,reference_only,False,1,,15,0,,,,,,,
W3173550326,W3173550326,reference_only,False,1,,2,0,,,,,,,
W4283784219,A Mapping Review of Real-Time Movement Sonification Systems for Movement Rehabilitation,publication,True,35,2022.0,7,95,Tactile and Sensory Interactions,IEEE Reviews in Biomedical Engineering,article,Cognitive Neuroscience,Neuroscience,Life Sciences,https://doi.org/10.1109/rbme.2022.3187840
W280529704,W280529704,reference_only,False,35,,8,0,,,,,,,
W1595643407,Wearable Sensor-Based Real-Time Sonification of Motion and Foot Pressure in Dance Teaching and Training,publication,True,35,2012.0,10,0,Diversity and Impact of Dance,PUB – Publications at Bielefeld University (Bielefeld University),article,Experimental and Cognitive Psychology,Psychology,Social Sciences,
W1962448511,W1962448511,reference_only,False,5,,2,0,,,,,,,
W1964728044,W1964728044,reference_only,False,3,,3,0,,,,,,,
W1979935426,W1979935426,reference_only,False,35,,2,0,,,,,,,
W2001137967,W2001137967,reference_only,False,35,,5,0,,,,,,,
W2024519097,W2024519097,reference_only,False,1,,2,0,,,,,,,
W2026627282,W2026627282,reference_only,False,35,,3,0,,,,,,,
W2051926282,W2051926282,reference_only,False,0,,4,0,,,,,,,
W2058347805,W2058347805,reference_only,False,35,,4,0,,,,,,,
W2060669358,W2060669358,reference_only,False,35,,5,0,,,,,,,
W2064574537,W2064574537,reference_only,False,35,,10,0,,,,,,,
W2065894627,Custom made wireless systems for interactive footstep sounds synthesis,publication,True,3,2014.0,3,18,Music and Audio Processing,Applied Acoustics,article,Signal Processing,Computer Science,Physical Sciences,https://doi.org/10.1016/j.apacoust.2014.03.005
W2066034955,W2066034955,reference_only,False,35,,2,0,,,,,,,
W2066537505,W2066537505,reference_only,False,35,,3,0,,,,,,,
W2079326554,W2079326554,reference_only,False,35,,3,0,,,,,,,
W2089403006,W2089403006,reference_only,False,35,,3,0,,,,,,,
W2115460221,W2115460221,reference_only,False,35,,3,0,,,,,,,
W2151333954,W2151333954,reference_only,False,35,,3,0,,,,,,,
W2162455031,W2162455031,reference_only,False,6,,2,0,,,,,,,
W2168383416,W2168383416,reference_only,False,35,,8,0,,,,,,,
W2177010828,W2177010828,reference_only,False,3,,2,0,,,,,,,
W2342039739,SONIGait: a wireless instrumented insole device for real-time sonification of gait,publication,True,35,2016.0,11,31,Muscle activation and electromyography studies,Journal on Multimodal User Interfaces,article,Biomedical Engineering,Engineering,Physical Sciences,https://doi.org/10.1007/s12193-016-0216-9
W2346618622,W2346618622,reference_only,False,35,,5,0,,,,,,,
W2403300874,Transposing musical skill: sonification of movement as concurrent augmented feedback enhances learning in a bimanual task,publication,True,35,2016.0,15,64,Action Observation and Synchronization,Psychological Research,article,Social Psychology,Psychology,Social Sciences,https://doi.org/10.1007/s00426-016-0775-0
W2465028081,W2465028081,reference_only,False,35,,2,0,,,,,,,
W2468258405,W2468258405,reference_only,False,35,,8,0,,,,,,,
W2471720703,W2471720703,reference_only,False,35,,3,0,,,,,,,
W2520506264,W2520506264,reference_only,False,35,,3,0,,,,,,,
W2522639033,The sound of smile: Auditory biofeedback of facial EMG activity,publication,True,6,2016.0,2,5,Tactile and Sensory Interactions,Displays,article,Cognitive Neuroscience,Neuroscience,Life Sciences,https://doi.org/10.1016/j.displa.2016.09.002
W2530548113,Short-Term Effects of Real-Time Auditory Display (Sonification) on Gait Parameters in People with Parkinsons’ Disease—A Pilot Study,publication,True,35,2016.0,7,5,"Balance, Gait, and Falls Prevention",Biosystems & biorobotics,book-chapter,"Physical Therapy, Sports Therapy and Rehabilitation",Health Professions,Health Sciences,https://doi.org/10.1007/978-3-319-46669-9_139
W2530980632,W2530980632,reference_only,False,35,,4,0,,,,,,,
W2549120448,Investigating three types of continuous auditory feedback in visuo-manual tracking,publication,True,35,2016.0,9,31,Tactile and Sensory Interactions,Experimental Brain Research,article,Cognitive Neuroscience,Neuroscience,Life Sciences,https://doi.org/10.1007/s00221-016-4827-x
W2550159954,Interactive Sonification of Spontaneous Movement of Children—Cross-Modal Mapping and the Perception of Body Movement Qualities through Sound,publication,True,3,2016.0,5,32,Neuroscience and Music Perception,Frontiers in Neuroscience,article,Cognitive Neuroscience,Neuroscience,Life Sciences,https://doi.org/10.3389/fnins.2016.00521
W2611057646,W2611057646,reference_only,False,35,,3,0,,,,,,,
W2738948243,Advantages of melodic over rhythmic movement sonification in bimanual motor skill learning,publication,True,35,2017.0,11,42,Tactile and Sensory Interactions,Experimental Brain Research,article,Cognitive Neuroscience,Neuroscience,Life Sciences,https://doi.org/10.1007/s00221-017-5047-8
W2758994353,Towards an application of interactive sonification for the forces applied on the pedals during cycling on the Wattbike ergometer,publication,True,35,2017.0,9,32,Tactile and Sensory Interactions,Displays,article,Cognitive Neuroscience,Neuroscience,Life Sciences,https://doi.org/10.1016/j.displa.2017.09.004
W2803034103,Haptic feedback combined with movement sonification using a friction sound improves task performance in a virtual throwing task,publication,True,35,2018.0,3,33,Tactile and Sensory Interactions,Journal on Multimodal User Interfaces,article,Cognitive Neuroscience,Neuroscience,Life Sciences,https://doi.org/10.1007/s12193-018-0264-4
W2806231938,Effects of Real-Time (Sonification) and Rhythmic Auditory Stimuli on Recovering Arm Function Post Stroke: A Systematic Review and Meta-Analysis,publication,True,35,2018.0,8,86,Stroke Rehabilitation and Recovery,Frontiers in Neurology,review,Rehabilitation,Medicine,Health Sciences,https://doi.org/10.3389/fneur.2018.00488
W2808506583,W2808506583,reference_only,False,35,,2,0,,,,,,,
W2841520486,Entraining chaotic dynamics: A novel movement sonification paradigm could promote generalization,publication,True,35,2018.0,2,27,Action Observation and Synchronization,Human Movement Science,article,Social Psychology,Psychology,Social Sciences,https://doi.org/10.1016/j.humov.2018.06.016
W2886066576,W2886066576,reference_only,False,35,,3,0,,,,,,,
W2900438384,The SoundBike: musical sonification strategies to enhance cyclists’ spontaneous synchronization to external music,publication,True,35,2018.0,5,22,Music Technology and Sound Studies,Journal on Multimodal User Interfaces,article,Computer Vision and Pattern Recognition,Computer Science,Physical Sciences,https://doi.org/10.1007/s12193-018-0279-x
W2902926009,W2902926009,reference_only,False,35,,2,0,,,,,,,
W2903080502,Design and validation of an auditory biofeedback system for modification of running parameters,publication,True,35,2018.0,4,25,Neuroscience and Music Perception,Journal on Multimodal User Interfaces,article,Cognitive Neuroscience,Neuroscience,Life Sciences,https://doi.org/10.1007/s12193-018-0283-1
W2903090875,Does embodied training improve the recognition of mid-level expressive movement qualities sonification?,publication,True,3,2018.0,6,18,Multisensory perception and integration,Journal on Multimodal User Interfaces,article,Experimental and Cognitive Psychology,Psychology,Social Sciences,https://doi.org/10.1007/s12193-018-0284-0
W2914250555,W2914250555,reference_only,False,35,,7,0,,,,,,,
W2921494479,The SonicHand Protocol for Rehabilitation of Hand Motor Function: A Validation and Feasibility Study,publication,True,35,2019.0,4,23,Stroke Rehabilitation and Recovery,IEEE Transactions on Neural Systems and Rehabilitation Engineering,article,Rehabilitation,Medicine,Health Sciences,https://doi.org/10.1109/tnsre.2019.2905076
W2941391475,W2941391475,reference_only,False,35,,3,0,,,,,,,
W2973818182,Gait Training in Orthopedic Rehabilitation after Joint Replacement - Back to Normal Gait with Sonification?,publication,True,35,2019.0,6,4,Total Knee Arthroplasty Outcomes,Int. J. Comput. Sci. Sport,article,Surgery,Medicine,Health Sciences,https://doi.org/10.2478/ijcss-2019-0012
W2993506233,W2993506233,reference_only,False,30,,2,0,,,,,,,
W2993515918,W2993515918,reference_only,False,35,,4,0,,,,,,,
W2994912512,W2994912512,reference_only,False,35,,2,0,,,,,,,
W2995408789,Musical Sonification of Arm Movements in Stroke Rehabilitation Yields Limited Benefits,publication,True,35,2019.0,11,29,Stroke Rehabilitation and Recovery,Frontiers in Neuroscience,article,Rehabilitation,Medicine,Health Sciences,https://doi.org/10.3389/fnins.2019.01378
W3003963609,The use of sonification for physiotherapy in human movement tasks: A scoping review,publication,True,35,2020.0,10,44,Stroke Rehabilitation and Recovery,Science & Sports,article,Rehabilitation,Medicine,Health Sciences,https://doi.org/10.1016/j.scispo.2019.12.004
W3006727248,Sonification of Golf Putting Gesture Reduces Swing Movement Variability in Novices,publication,True,35,2020.0,5,28,Tactile and Sensory Interactions,Research Quarterly for Exercise and Sport,article,Cognitive Neuroscience,Neuroscience,Life Sciences,https://doi.org/10.1080/02701367.2020.1726859
W3011077436,Online sonification for golf putting gesture: reduced variability of motor behaviour and perceptual judgement,publication,True,35,2020.0,5,43,Sport Psychology and Performance,Experimental Brain Research,article,Developmental and Educational Psychology,Psychology,Social Sciences,https://doi.org/10.1007/s00221-020-05757-3
W3030476761,W3030476761,reference_only,False,26,,2,0,,,,,,,
W3107964754,Online sonification improves cycling performance through kinematic and muscular reorganisations,publication,True,35,2020.0,4,23,Tactile and Sensory Interactions,Scientific Reports,article,Cognitive Neuroscience,Neuroscience,Life Sciences,https://doi.org/10.1038/s41598-020-76498-0
W6610228593,W6610228593,reference_only,False,35,,4,0,,,,,,,
W6658526616,W6658526616,reference_only,False,35,,3,0,,,,,,,
W6662388370,W6662388370,reference_only,False,35,,2,0,,,,,,,
W6698329959,W6698329959,reference_only,False,35,,2,0,,,,,,,
W6728533688,W6728533688,reference_only,False,35,,4,0,,,,,,,
W2167103973,Audification and Non-Standard Synthesis in<i>Construction in Self</i>,publication,True,6,2014.0,0,17,Music Technology and Sound Studies,Organised Sound,article,Computer Vision and Pattern Recognition,Computer Science,Physical Sciences,https://doi.org/10.1017/s1355771813000435
W1480492886,W1480492886,reference_only,False,26,,3,0,,,,,,,
W2011204419,W2011204419,reference_only,False,6,,2,0,,,,,,,
W2141394518,W2141394518,reference_only,False,3,,3,0,,,,,,,
W2323599019,W2323599019,reference_only,False,6,,2,0,,,,,,,
W4298208705,W4298208705,reference_only,False,6,,2,0,,,,,,,
W2284557188,Multisensory teamwork: using a tactile or an auditory display to exchange gaze information improves performance in joint visual search,publication,True,26,2015.0,0,30,Human-Automation Interaction and Safety,Ergonomics,article,Social Psychology,Psychology,Social Sciences,https://doi.org/10.1080/00140139.2015.1099742
W1489492695,W1489492695,reference_only,False,28,,3,0,,,,,,,
W1492190885,W1492190885,reference_only,False,5,,3,0,,,,,,,
W1496232246,W1496232246,reference_only,False,28,,6,0,,,,,,,
W1524940219,W1524940219,reference_only,False,26,,2,0,,,,,,,
W1587026990,W1587026990,reference_only,False,26,,2,0,,,,,,,
W1609724202,W1609724202,reference_only,False,8,,9,0,,,,,,,
W1971264587,W1971264587,reference_only,False,19,,4,0,,,,,,,
W1973832683,W1973832683,reference_only,False,26,,3,0,,,,,,,
W1992087275,W1992087275,reference_only,False,28,,2,0,,,,,,,
W1997901895,W1997901895,reference_only,False,26,,2,0,,,,,,,
W2010263906,W2010263906,reference_only,False,8,,5,0,,,,,,,
W2010804586,W2010804586,reference_only,False,8,,5,0,,,,,,,
W2012571009,W2012571009,reference_only,False,26,,2,0,,,,,,,
W2032085840,W2032085840,reference_only,False,28,,7,0,,,,,,,
W2042035466,W2042035466,reference_only,False,8,,3,0,,,,,,,
W2083007992,W2083007992,reference_only,False,26,,9,0,,,,,,,
W2087460754,W2087460754,reference_only,False,26,,3,0,,,,,,,
W2097951186,W2097951186,reference_only,False,28,,5,0,,,,,,,
W2109995759,W2109995759,reference_only,False,26,,4,0,,,,,,,
W2121957969,W2121957969,reference_only,False,26,,4,0,,,,,,,
W2145674413,W2145674413,reference_only,False,19,,7,0,,,,,,,
W2150324710,W2150324710,reference_only,False,26,,3,0,,,,,,,
W2151442236,W2151442236,reference_only,False,26,,2,0,,,,,,,
W2157188062,W2157188062,reference_only,False,28,,5,0,,,,,,,
W2162626980,W2162626980,reference_only,False,26,,2,0,,,,,,,
W2169376539,W2169376539,reference_only,False,26,,2,0,,,,,,,
W4242775597,"Auditory Graphs Are Not the “Killer App” of Sonification, But They Work",publication,True,1,2018.0,2,14,Tactile and Sensory Interactions,,preprint,Cognitive Neuroscience,Neuroscience,Life Sciences,https://doi.org/10.31234/osf.io/b5akd
W20840773,W20840773,reference_only,False,8,,2,0,,,,,,,
W274045197,W274045197,reference_only,False,26,,3,0,,,,,,,
W1212821315,W1212821315,reference_only,False,26,,7,0,,,,,,,
W1483287097,W1483287097,reference_only,False,8,,2,0,,,,,,,
W1557172698,W1557172698,reference_only,False,8,,3,0,,,,,,,
W1812073159,W1812073159,reference_only,False,8,,2,0,,,,,,,
W1987018237,W1987018237,reference_only,False,8,,2,0,,,,,,,
W1989833923,W1989833923,reference_only,False,1,,4,0,,,,,,,
W1992396011,W1992396011,reference_only,False,8,,2,0,,,,,,,
W2002138550,W2002138550,reference_only,False,8,,5,0,,,,,,,
W2025097278,W2025097278,reference_only,False,31,,4,0,,,,,,,
W2027290950,W2027290950,reference_only,False,26,,3,0,,,,,,,
W2027354217,W2027354217,reference_only,False,8,,2,0,,,,,,,
W2031074256,W2031074256,reference_only,False,8,,3,0,,,,,,,
W2043796710,W2043796710,reference_only,False,26,,3,0,,,,,,,
W2060888810,W2060888810,reference_only,False,8,,3,0,,,,,,,
W2082055953,W2082055953,reference_only,False,8,,3,0,,,,,,,
W2085421181,W2085421181,reference_only,False,26,,4,0,,,,,,,
W2100811130,W2100811130,reference_only,False,8,,14,0,,,,,,,
W2101298784,Rendering Localized Spatial Audio in a Virtual Auditory Space,publication,True,8,2004.0,8,58,Hearing Loss and Rehabilitation,IEEE Transactions on Multimedia,article,Cognitive Neuroscience,Neuroscience,Life Sciences,https://doi.org/10.1109/tmm.2004.827516
W2106414111,W2106414111,reference_only,False,8,,2,0,,,,,,,
W2108668360,W2108668360,reference_only,False,8,,26,0,,,,,,,
W2122069282,W2122069282,reference_only,False,26,,3,0,,,,,,,
W2129795625,W2129795625,reference_only,False,8,,2,0,,,,,,,
W2168881883,W2168881883,reference_only,False,8,,3,0,,,,,,,
W2234777211,W2234777211,reference_only,False,26,,4,0,,,,,,,
W2611375174,W2611375174,reference_only,False,8,,2,0,,,,,,,
W2056133372,W2056133372,reference_only,False,6,,4,0,,,,,,,
W2060592085,Development of a three-dimensional auditory display system,publication,True,8,1988.0,0,16,Augmented Reality Applications,ACM SIGCHI Bulletin,article,Computer Vision and Pattern Recognition,Computer Science,Physical Sciences,https://doi.org/10.1145/54386.54405
W638605339,W638605339,reference_only,False,8,,4,0,,,,,,,
W1983998297,W1983998297,reference_only,False,1,,2,0,,,,,,,
W2028857061,W2028857061,reference_only,False,8,,10,0,,,,,,,
W2061920660,W2061920660,reference_only,False,8,,3,0,,,,,,,
W2069780699,W2069780699,reference_only,False,8,,9,0,,,,,,,
W2078089693,W2078089693,reference_only,False,8,,7,0,,,,,,,
W2082506300,W2082506300,reference_only,False,8,,9,0,,,,,,,
W2091609334,W2091609334,reference_only,False,8,,5,0,,,,,,,
W2092570966,W2092570966,reference_only,False,8,,9,0,,,,,,,
W2111307957,W2111307957,reference_only,False,8,,2,0,,,,,,,
W2141641465,W2141641465,reference_only,False,8,,9,0,,,,,,,
W2241211221,W2241211221,reference_only,False,8,,14,0,,,,,,,
W2088235473,An Auditory Display in a Dual-Axis Tracking Task,publication,True,28,1972.0,0,3,Human-Automation Interaction and Safety,IEEE Transactions on Systems Man and Cybernetics,article,Social Psychology,Psychology,Social Sciences,https://doi.org/10.1109/tsmc.1972.4309132
W2078621284,W2078621284,reference_only,False,28,,2,0,,,,,,,
W2078914301,W2078914301,reference_only,False,28,,2,0,,,,,,,
W2183898009,Laboratory Methods for Experimental Sonification,publication,True,6,2011.0,4,14,Music Technology and Sound Studies,,article,Computer Vision and Pattern Recognition,Computer Science,Physical Sciences,
W254944493,W254944493,reference_only,False,6,,5,0,,,,,,,
W1532726409,W1532726409,reference_only,False,6,,4,0,,,,,,,
W1572019598,W1572019598,reference_only,False,6,,7,0,,,,,,,
W2023986414,W2023986414,reference_only,False,6,,12,0,,,,,,,
W2080028306,W2080028306,reference_only,False,6,,3,0,,,,,,,
W2089809362,Estimation of detection threshold of system latency of virtual auditory display,publication,True,8,2007.0,0,14,Hearing Loss and Rehabilitation,Applied Acoustics,article,Cognitive Neuroscience,Neuroscience,Life Sciences,https://doi.org/10.1016/j.apacoust.2006.12.005
W1607713866,W1607713866,reference_only,False,8,,2,0,,,,,,,
W1972463186,W1972463186,reference_only,False,8,,5,0,,,,,,,
W1982264772,W1982264772,reference_only,False,8,,3,0,,,,,,,
W1983348606,W1983348606,reference_only,False,8,,9,0,,,,,,,
W2003879053,W2003879053,reference_only,False,8,,4,0,,,,,,,
W2093849153,W2093849153,reference_only,False,8,,4,0,,,,,,,
W2108521506,W2108521506,reference_only,False,8,,5,0,,,,,,,
W2148654144,Training effect of a virtual auditory game on sound localization ability of the visually impaired,publication,True,8,2005.0,4,3,Tactile and Sensory Interactions,,article,Cognitive Neuroscience,Neuroscience,Life Sciences,
W2165507463,W2165507463,reference_only,False,8,,10,0,,,,,,,
W2238010690,W2238010690,reference_only,False,3,,2,0,,,,,,,
W2507917104,W2507917104,reference_only,False,8,,2,0,,,,,,,
W1542425463,Personal Webmelody: Customized sonification of web servers,publication,True,1,2001.0,6,11,Tactile and Sensory Interactions,,article,Cognitive Neuroscience,Neuroscience,Life Sciences,
W156256586,W156256586,reference_only,False,1,,4,0,,,,,,,
W2037842078,W2037842078,reference_only,False,1,,2,0,,,,,,,
W2038869722,W2038869722,reference_only,False,1,,3,0,,,,,,,
W2980912855,W2980912855,reference_only,False,6,,3,0,,,,,,,
W2600087721,Polyphonic sonification of electrocardiography signals for diagnosis of cardiac pathologies,publication,True,14,2017.0,16,11,ECG Monitoring and Analysis,Scientific Reports,article,Cardiology and Cardiovascular Medicine,Medicine,Health Sciences,https://doi.org/10.1038/srep44549
W1584358237,Auditory display of biomedical signals through a sonic representation: ECG and EEG sonification,publication,True,6,2012.0,3,0,EEG and Brain-Computer Interfaces,"International Convention on Information and Communication Technology, Electronics and Microelectronics",article,Cognitive Neuroscience,Neuroscience,Life Sciences,
W2061185532,W2061185532,reference_only,False,6,,2,0,,,,,,,
W2162800060,W2162800060,reference_only,False,6,,6,0,,,,,,,
W2220359064,W2220359064,reference_only,False,6,,3,0,,,,,,,
W2936213937,W2936213937,reference_only,False,14,,2,0,,,,,,,
W1623415717,Masking in Three-Dimensional Auditory Displays,publication,True,8,1992.0,4,14,Hearing Loss and Rehabilitation,Human Factors The Journal of the Human Factors and Ergonomics Society,article,Cognitive Neuroscience,Neuroscience,Life Sciences,https://doi.org/10.1177/001872089203400301
W1969168500,W1969168500,reference_only,False,8,,2,0,,,,,,,
W1969365209,W1969365209,reference_only,False,8,,3,0,,,,,,,
W2038068182,W2038068182,reference_only,False,8,,3,0,,,,,,,
W2043887163,W2043887163,reference_only,False,8,,3,0,,,,,,,
W2065548948,W2065548948,reference_only,False,8,,2,0,,,,,,,
W2088400943,W2088400943,reference_only,False,8,,3,0,,,,,,,
W2109703904,Enhanced Detection with Bimodal Sonar Displays,publication,True,8,1989.0,4,11,Hearing Loss and Rehabilitation,Human Factors The Journal of the Human Factors and Ergonomics Society,article,Cognitive Neuroscience,Neuroscience,Life Sciences,https://doi.org/10.1177/001872088903100504
W2312417386,Three-Dimensional Auditory Cue Simulation for Crew Station Design/Evaluation,publication,True,8,1987.0,3,2,Human-Automation Interaction and Safety,Proceedings of the Human Factors and Ergonomics Society Annual Meeting,article,Social Psychology,Psychology,Social Sciences,https://doi.org/10.1177/154193128703101221
W2735403698,W2735403698,reference_only,False,8,,3,0,,,,,,,
W3023305142,W3023305142,reference_only,False,8,,5,0,,,,,,,
W4231913388,W4231913388,reference_only,False,8,,2,0,,,,,,,
W1997744527,Interactive Sonification in Rowing: Acoustic Feedback for On-Water Training,publication,True,35,2015.0,6,14,Tactile and Sensory Interactions,IEEE Multimedia,article,Cognitive Neuroscience,Neuroscience,Life Sciences,https://doi.org/10.1109/mmul.2015.9
W1717486659,W1717486659,reference_only,False,35,,5,0,,,,,,,
W2153676627,W2153676627,reference_only,False,35,,5,0,,,,,,,
W2157255420,W2157255420,reference_only,False,35,,2,0,,,,,,,
W6634280709,W6634280709,reference_only,False,1,,6,0,,,,,,,
W7023701770,W7023701770,reference_only,False,6,,14,0,,,,,,,
W2748965471,Mapping Sonification for Perception and Action in Motor Skill Learning,publication,True,35,2017.0,14,33,Tactile and Sensory Interactions,Frontiers in Neuroscience,article,Cognitive Neuroscience,Neuroscience,Life Sciences,https://doi.org/10.3389/fnins.2017.00463
W1966224911,W1966224911,reference_only,False,35,,5,0,,,,,,,
W1994813625,W1994813625,reference_only,False,35,,2,0,,,,,,,
W2000799448,W2000799448,reference_only,False,35,,4,0,,,,,,,
W2016096546,W2016096546,reference_only,False,35,,2,0,,,,,,,
W2040216023,W2040216023,reference_only,False,35,,6,0,,,,,,,
W2050571299,W2050571299,reference_only,False,35,,6,0,,,,,,,
W2089612224,W2089612224,reference_only,False,35,,4,0,,,,,,,
W2111977473,W2111977473,reference_only,False,35,,2,0,,,,,,,
W2115460576,W2115460576,reference_only,False,35,,2,0,,,,,,,
W2206817627,W2206817627,reference_only,False,35,,2,0,,,,,,,
W2220788890,Sonification as Concurrent Augmented Feedback for Motor Skill Learning and the Importance of Mapping Design,publication,True,35,2015.0,16,74,Action Observation and Synchronization,The Open Psychology Journal,article,Social Psychology,Psychology,Social Sciences,https://doi.org/10.2174/1874350101508010192
W4214656797,W4214656797,reference_only,False,6,,2,0,,,,,,,
W4248912547,W4248912547,reference_only,False,35,,3,0,,,,,,,
W1544168675,W1544168675,reference_only,False,35,,3,0,,,,,,,
W1966641148,W1966641148,reference_only,False,6,,2,0,,,,,,,
W2000626668,W2000626668,reference_only,False,35,,2,0,,,,,,,
W2005774352,W2005774352,reference_only,False,35,,5,0,,,,,,,
W2115138492,W2115138492,reference_only,False,35,,4,0,,,,,,,
W2128495200,W2128495200,reference_only,False,0,,3,0,,,,,,,
W2134957872,W2134957872,reference_only,False,35,,4,0,,,,,,,
W2148905283,W2148905283,reference_only,False,27,,2,0,,,,,,,
W2314270826,W2314270826,reference_only,False,35,,3,0,,,,,,,
W2735688622,W2735688622,reference_only,False,35,,2,0,,,,,,,
W2768689142,W2768689142,reference_only,False,35,,2,0,,,,,,,
W2804979231,W2804979231,reference_only,False,35,,2,0,,,,,,,
W3022782844,W3022782844,reference_only,False,35,,2,0,,,,,,,
W1774839024,W1774839024,reference_only,False,19,,3,0,,,,,,,
W2005342022,W2005342022,reference_only,False,19,,3,0,,,,,,,
W2056353958,W2056353958,reference_only,False,3,,3,0,,,,,,,
W2084728533,W2084728533,reference_only,False,1,,2,0,,,,,,,
W2103383236,W2103383236,reference_only,False,1,,4,0,,,,,,,
W2119098391,W2119098391,reference_only,False,1,,3,0,,,,,,,
W2234058859,W2234058859,reference_only,False,6,,2,0,,,,,,,
W2151802019,Ways of Listening and Modes of Being: Electroacoustic Auditory Display,publication,True,5,2018.0,8,29,Music Technology and Sound Studies,Journal of sonic studies,article,Computer Vision and Pattern Recognition,Computer Science,Physical Sciences,https://doi.org/10.22501/jss.263480
W608859576,W608859576,reference_only,False,5,,3,0,,,,,,,
W2035402384,W2035402384,reference_only,False,5,,6,0,,,,,,,
W2046123750,W2046123750,reference_only,False,5,,2,0,,,,,,,
W2242279449,Listening to the Mind Listening,publication,True,6,2006.0,7,7,Tactile and Sensory Interactions,Media International Australia,article,Cognitive Neuroscience,Neuroscience,Life Sciences,https://doi.org/10.1177/1329878x0611800109
W2991070205,Three Orthogonal Dimensions for Psychoacoustic Sonification,publication,True,31,2019.0,6,47,Music and Audio Processing,arXiv (Cornell University),preprint,Signal Processing,Computer Science,Physical Sciences,https://doi.org/10.13140/rg.2.2.36037.19683
W142943847,Listening-Mode-Centered Sonification Design for Data Exploration,publication,True,31,2013.0,3,0,Music Technology and Sound Studies,PUB – Publications at Bielefeld University (Bielefeld University),dissertation,Computer Vision and Pattern Recognition,Computer Science,Physical Sciences,
W768993479,Spatial auditory display for acoustics and music collections,publication,True,8,2010.0,2,60,Tactile and Sensory Interactions,OpenGrey (Institut de l'Information Scientifique et Technique),dissertation,Cognitive Neuroscience,Neuroscience,Life Sciences,
W1561285418,SONIFICATION AND RELIABILITY - IMPLICATIONS FOR SIGNAL DESIGN,publication,True,19,2007.0,3,14,Human-Automation Interaction and Safety,,article,Social Psychology,Psychology,Social Sciences,
W2002516241,W2002516241,reference_only,False,3,,3,0,,,,,,,
W2063427269,W2063427269,reference_only,False,31,,2,0,,,,,,,
W2140258513,Designing Sonification for Effective Attentional Control in Complex Work Domains,publication,True,19,2004.0,7,20,Human-Automation Interaction and Safety,Proceedings of the Human Factors and Ergonomics Society Annual Meeting,article,Social Psychology,Psychology,Social Sciences,https://doi.org/10.1177/154193120404801606
W2546697930,Teleoperated trajectory tracking of remotely operated vehicles using spatial auditory interface,publication,True,8,2016.0,2,24,Teleoperation and Haptic Systems,IFAC-PapersOnLine,article,Mechanical Engineering,Engineering,Physical Sciences,https://doi.org/10.1016/j.ifacol.2016.10.327
W2560466761,W2560466761,reference_only,False,31,,2,0,,,,,,,
W2623681463,W2623681463,reference_only,False,31,,2,0,,,,,,,
W2767214446,W2767214446,reference_only,False,6,,6,0,,,,,,,
W2790307932,W2790307932,reference_only,False,31,,2,0,,,,,,,
W2924476848,Dual Mode Gait Sonification for Rehabilitation After Unilateral Hip Arthroplasty,publication,True,35,2019.0,7,45,"Balance, Gait, and Falls Prevention",Brain Sciences,article,"Physical Therapy, Sports Therapy and Rehabilitation",Health Professions,Health Sciences,https://doi.org/10.3390/brainsci9030066
W2965177497,W2965177497,reference_only,False,31,,4,0,,,,,,,
W3105742033,W3105742033,reference_only,False,31,,11,0,,,,,,,
W1599083647,W1599083647,reference_only,False,3,,4,0,,,,,,,
W2072752513,W2072752513,reference_only,False,5,,5,0,,,,,,,
W2074310426,W2074310426,reference_only,False,30,,5,0,,,,,,,
W11909207,W11909207,reference_only,False,1,,8,0,,,,,,,
W230952323,Interactive sonification of emotionally expressive gestures by means of music performance,publication,True,3,2010.0,3,8,Tactile and Sensory Interactions,,article,Cognitive Neuroscience,Neuroscience,Life Sciences,
W1573784727,W1573784727,reference_only,False,6,,4,0,,,,,,,
W2007842460,W2007842460,reference_only,False,3,,3,0,,,,,,,
W2081681829,W2081681829,reference_only,False,26,,3,0,,,,,,,
W2082354564,W2082354564,reference_only,False,3,,2,0,,,,,,,
W2096255693,W2096255693,reference_only,False,3,,2,0,,,,,,,
W2101464305,W2101464305,reference_only,False,3,,5,0,,,,,,,
W2118649186,"Sonification of sculler movements, development of preliminary methods",publication,True,35,2010.0,3,7,Tactile and Sensory Interactions,,article,Cognitive Neuroscience,Neuroscience,Life Sciences,
W2154822061,W2154822061,reference_only,False,3,,3,0,,,,,,,
W2164719598,W2164719598,reference_only,False,10,,3,0,,,,,,,
W2323903101,W2323903101,reference_only,False,3,,2,0,,,,,,,
W4246278590,W4246278590,reference_only,False,3,,3,0,,,,,,,
W2782013919,Action Observation Plus Sonification. A Novel Therapeutic Protocol for Parkinson’s Patient with Freezing of Gait,publication,True,35,2018.0,8,15,Tactile and Sensory Interactions,Frontiers in Neurology,article,Cognitive Neuroscience,Neuroscience,Life Sciences,https://doi.org/10.3389/fneur.2017.00723
W1884081203,W1884081203,reference_only,False,35,,3,0,,,,,,,
W1974704788,W1974704788,reference_only,False,35,,2,0,,,,,,,
W2013808389,Synthesis of Walking Sounds for Alleviating Gait Disturbances in Parkinson's Disease,publication,True,35,2013.0,15,13,"Balance, Gait, and Falls Prevention",IEEE Transactions on Neural Systems and Rehabilitation Engineering,article,"Physical Therapy, Sports Therapy and Rehabilitation",Health Professions,Health Sciences,https://doi.org/10.1109/tnsre.2013.2285410
W2036147067,W2036147067,reference_only,False,6,,2,0,,,,,,,
W2063891861,W2063891861,reference_only,False,35,,2,0,,,,,,,
W2101353123,W2101353123,reference_only,False,34,,2,0,,,,,,,
W2165758561,W2165758561,reference_only,False,35,,2,0,,,,,,,
W2346427186,W2346427186,reference_only,False,35,,8,0,,,,,,,
W2753111549,W2753111549,reference_only,False,35,,2,0,,,,,,,
W4407971403,A review of concurrent sonified biofeedback in balance and gait training,publication,True,35,2025.0,0,86,Musicians’ Health and Performance,Journal of NeuroEngineering and Rehabilitation,article,Rehabilitation,Medicine,Health Sciences,https://doi.org/10.1186/s12984-025-01565-4
W1574629238,W1574629238,reference_only,False,35,,3,0,,,,,,,
W1818541649,W1818541649,reference_only,False,35,,2,0,,,,,,,
W1985400845,W1985400845,reference_only,False,35,,8,0,,,,,,,
W1990242729,W1990242729,reference_only,False,1,,2,0,,,,,,,
W1994850709,W1994850709,reference_only,False,35,,5,0,,,,,,,
W2004126765,W2004126765,reference_only,False,35,,3,0,,,,,,,
W2016295900,W2016295900,reference_only,False,35,,2,0,,,,,,,
W2023523634,W2023523634,reference_only,False,35,,2,0,,,,,,,
W2028732730,W2028732730,reference_only,False,35,,7,0,,,,,,,
W2058284311,W2058284311,reference_only,False,35,,3,0,,,,,,,
W2078448723,W2078448723,reference_only,False,35,,2,0,,,,,,,
W2102928335,W2102928335,reference_only,False,35,,2,0,,,,,,,
W2102938803,W2102938803,reference_only,False,35,,3,0,,,,,,,
W2108688747,W2108688747,reference_only,False,35,,2,0,,,,,,,
W2110707960,W2110707960,reference_only,False,35,,2,0,,,,,,,
W2123024400,W2123024400,reference_only,False,35,,8,0,,,,,,,
W2128201864,W2128201864,reference_only,False,35,,2,0,,,,,,,
W2149023643,W2149023643,reference_only,False,6,,3,0,,,,,,,
W2158721732,W2158721732,reference_only,False,35,,4,0,,,,,,,
W2162544110,W2162544110,reference_only,False,35,,3,0,,,,,,,
W2525096926,W2525096926,reference_only,False,35,,5,0,,,,,,,
W2560429335,3Mo: A Model for Music-Based Biofeedback,publication,True,35,2016.0,7,41,Neuroscience and Music Perception,Frontiers in Neuroscience,article,Cognitive Neuroscience,Neuroscience,Life Sciences,https://doi.org/10.3389/fnins.2016.00548
W2739664235,W2739664235,reference_only,False,35,,2,0,,,,,,,
W2750093529,W2750093529,reference_only,False,35,,2,0,,,,,,,
W2767264324,W2767264324,reference_only,False,35,,6,0,,,,,,,
W2781500572,W2781500572,reference_only,False,35,,10,0,,,,,,,
W2790446951,W2790446951,reference_only,False,6,,2,0,,,,,,,
W2801211692,W2801211692,reference_only,False,35,,4,0,,,,,,,
W2803328470,W2803328470,reference_only,False,35,,5,0,,,,,,,
W2896784232,W2896784232,reference_only,False,35,,2,0,,,,,,,
W2912881048,A Review on the Relationship Between Sound and Movement in Sports and Rehabilitation,publication,True,35,2019.0,27,241,Action Observation and Synchronization,Frontiers in Psychology,article,Social Psychology,Psychology,Social Sciences,https://doi.org/10.3389/fpsyg.2019.00244
W2913974043,Role of Sonification and Rhythmic Auditory Cueing for Enhancing Gait Associated Deficits Induced by Neurotoxic Cancer Therapies: A Perspective on Auditory Neuroprosthetics,publication,True,35,2019.0,3,47,Cancer-related cognitive impairment studies,Frontiers in Neurology,article,Pulmonary and Respiratory Medicine,Medicine,Health Sciences,https://doi.org/10.3389/fneur.2019.00021
W2983954563,W2983954563,reference_only,False,35,,2,0,,,,,,,
W3017170620,W3017170620,reference_only,False,6,,2,0,,,,,,,
W3089575237,Real-time audio and visual display of the Coronavirus genome,publication,True,14,2020.0,6,31,Fractal and DNA sequence analysis,BMC Bioinformatics,article,Molecular Biology,"Biochemistry, Genetics and Molecular Biology",Life Sciences,https://doi.org/10.1186/s12859-020-03760-7
W3108222064,W3108222064,reference_only,False,35,,4,0,,,,,,,
W3132238954,W3132238954,reference_only,False,35,,2,0,,,,,,,
W3160661965,W3160661965,reference_only,False,6,,2,0,,,,,,,
W4206819977,W4206819977,reference_only,False,35,,4,0,,,,,,,
W4283015899,Loudness affects motion: asymmetric volume of auditory feedback results in asymmetric gait in healthy young adults,publication,True,35,2022.0,4,69,Motor Control and Adaptation,BMC Musculoskeletal Disorders,article,Cognitive Neuroscience,Neuroscience,Life Sciences,https://doi.org/10.1186/s12891-022-05503-6
W4308921332,Hearing is believing,publication,True,6,2022.0,2,0,Noise Effects and Management,Nature Astronomy,article,Speech and Hearing,Health Professions,Health Sciences,https://doi.org/10.1038/s41550-022-01848-z
W4365515175,W4365515175,reference_only,False,6,,2,0,,,,,,,
W4376646320,Auditory feedback in tele-rehabilitation based on automated gait classification,publication,True,35,2023.0,2,14,Muscle activation and electromyography studies,Personal and Ubiquitous Computing,article,Biomedical Engineering,Engineering,Physical Sciences,https://doi.org/10.1007/s00779-023-01723-2
W4390984833,A Wearable Sonification System to Improve Movement Awareness: A Feasibility Study,publication,True,35,2024.0,3,24,Tactile and Sensory Interactions,Applied Sciences,article,Cognitive Neuroscience,Neuroscience,Life Sciences,https://doi.org/10.3390/app14020816
W4400941613,A Wearable Personalised Sonification and Biofeedback Device to Enhance Movement Awareness,publication,True,35,2024.0,2,27,"Balance, Gait, and Falls Prevention",Sensors,article,"Physical Therapy, Sports Therapy and Rehabilitation",Health Professions,Health Sciences,https://doi.org/10.3390/s24154814
W4401902833,W4401902833,reference_only,False,35,,2,0,,,,,,,
W2035052544,W2035052544,reference_only,False,1,,3,0,,,,,,,
W2093100943,W2093100943,reference_only,False,1,,2,0,,,,,,,
W2125756309,W2125756309,reference_only,False,1,,2,0,,,,,,,
W2128481292,W2128481292,reference_only,False,1,,3,0,,,,,,,
W107684283,W107684283,reference_only,False,1,,4,0,,,,,,,
W1757148939,W1757148939,reference_only,False,1,,3,0,,,,,,,
W1970713594,W1970713594,reference_only,False,1,,3,0,,,,,,,
W1977667232,W1977667232,reference_only,False,1,,3,0,,,,,,,
W1987733394,W1987733394,reference_only,False,1,,4,0,,,,,,,
W1988165990,W1988165990,reference_only,False,1,,3,0,,,,,,,
W1994435009,W1994435009,reference_only,False,1,,3,0,,,,,,,
W2009730473,W2009730473,reference_only,False,1,,3,0,,,,,,,
W2022222237,W2022222237,reference_only,False,1,,4,0,,,,,,,
W2046483591,W2046483591,reference_only,False,26,,4,0,,,,,,,
W2047329680,W2047329680,reference_only,False,1,,3,0,,,,,,,
W2055762879,W2055762879,reference_only,False,1,,3,0,,,,,,,
W2058799256,W2058799256,reference_only,False,1,,4,0,,,,,,,
W2106814120,W2106814120,reference_only,False,6,,4,0,,,,,,,
W2129396626,W2129396626,reference_only,False,6,,3,0,,,,,,,
W2798157462,W2798157462,reference_only,False,1,,2,0,,,,,,,
W3150512799,W3150512799,reference_only,False,1,,2,0,,,,,,,
W6604354147,W6604354147,reference_only,False,6,,2,0,,,,,,,
W6678988875,W6678988875,reference_only,False,14,,2,0,,,,,,,
W2899563586,Interactive sonification of U-depth images in a navigation aid for the visually impaired,publication,True,26,2018.0,8,15,Tactile and Sensory Interactions,Journal on Multimodal User Interfaces,article,Cognitive Neuroscience,Neuroscience,Life Sciences,https://doi.org/10.1007/s12193-018-0281-3
W19399978,W19399978,reference_only,False,31,,6,0,,,,,,,
W389855685,W389855685,reference_only,False,26,,4,0,,,,,,,
W591743112,W591743112,reference_only,False,31,,6,0,,,,,,,
W1500950371,W1500950371,reference_only,False,26,,2,0,,,,,,,
W1998426307,W1998426307,reference_only,False,26,,13,0,,,,,,,
W2013039323,W2013039323,reference_only,False,26,,11,0,,,,,,,
W2065946851,W2065946851,reference_only,False,26,,2,0,,,,,,,
W2325319302,W2325319302,reference_only,False,26,,2,0,,,,,,,
W2529719565,A Modular Computer Vision Sonification Model For The Visually Impaired,publication,True,26,2012.0,4,5,Tactile and Sensory Interactions,SMARTech Repository (Georgia Institute of Technology),article,Cognitive Neuroscience,Neuroscience,Life Sciences,
W2326637412,Alvin Lucier's<i>Music for Solo Performer</i>: Experimental music beyond sonification,publication,True,3,2014.0,4,18,Music Technology and Sound Studies,Organised Sound,article,Computer Vision and Pattern Recognition,Computer Science,Physical Sciences,https://doi.org/10.1017/s135577181300037x
W1607743512,W1607743512,reference_only,False,6,,11,0,,,,,,,
W2103290019,W2103290019,reference_only,False,3,,2,0,,,,,,,
W2173697697,W2173697697,reference_only,False,3,,3,0,,,,,,,
W2327263037,W2327263037,reference_only,False,3,,3,0,,,,,,,
W2797733433,W2797733433,reference_only,False,0,,6,0,,,,,,,
W2974668698,W2974668698,reference_only,False,3,,2,0,,,,,,,
W4249519749,W4249519749,reference_only,False,3,,2,0,,,,,,,
W4301254670,W4301254670,reference_only,False,0,,4,0,,,,,,,
W6731117376,W6731117376,reference_only,False,3,,2,0,,,,,,,
W3148566210,Hand rehabilitation with sonification techniques in the subacute stage of stroke,publication,True,35,2021.0,5,45,Stroke Rehabilitation and Recovery,Scientific Reports,article,Rehabilitation,Medicine,Health Sciences,https://doi.org/10.1038/s41598-021-86627-y
W1484449035,W1484449035,reference_only,False,35,,4,0,,,,,,,
W1493918286,W1493918286,reference_only,False,35,,2,0,,,,,,,
W1529483477,W1529483477,reference_only,False,35,,2,0,,,,,,,
W1552807821,W1552807821,reference_only,False,35,,3,0,,,,,,,
W1569948050,W1569948050,reference_only,False,35,,2,0,,,,,,,
W1598153360,W1598153360,reference_only,False,35,,2,0,,,,,,,
W1908854937,W1908854937,reference_only,False,35,,2,0,,,,,,,
W1935078359,W1935078359,reference_only,False,35,,3,0,,,,,,,
W2032209323,W2032209323,reference_only,False,19,,3,0,,,,,,,
W2036179346,W2036179346,reference_only,False,35,,2,0,,,,,,,
W2037534832,W2037534832,reference_only,False,35,,2,0,,,,,,,
W2102073196,W2102073196,reference_only,False,35,,2,0,,,,,,,
W2108793872,W2108793872,reference_only,False,35,,2,0,,,,,,,
W2109820509,W2109820509,reference_only,False,35,,2,0,,,,,,,
W2118235758,W2118235758,reference_only,False,35,,3,0,,,,,,,
W2130873978,W2130873978,reference_only,False,35,,3,0,,,,,,,
W2134034511,W2134034511,reference_only,False,35,,2,0,,,,,,,
W2158875601,W2158875601,reference_only,False,35,,4,0,,,,,,,
W2217585833,W2217585833,reference_only,False,35,,3,0,,,,,,,
W2331064560,W2331064560,reference_only,False,35,,2,0,,,,,,,
W2334207703,W2334207703,reference_only,False,35,,3,0,,,,,,,
W2486957802,W2486957802,reference_only,False,35,,3,0,,,,,,,
W2557836018,W2557836018,reference_only,False,35,,2,0,,,,,,,
W2791723994,W2791723994,reference_only,False,35,,10,0,,,,,,,
W2804228033,Acceleration and deceleration at constant speed: systematic modulation of motion perception by kinematic sonification,publication,True,35,2018.0,10,42,Multisensory perception and integration,Annals of the New York Academy of Sciences,article,Experimental and Cognitive Psychology,Psychology,Social Sciences,https://doi.org/10.1111/nyas.13693
W1566187042,W1566187042,reference_only,False,35,,4,0,,,,,,,
W2063838004,W2063838004,reference_only,False,35,,2,0,,,,,,,
W2123171587,W2123171587,reference_only,False,35,,3,0,,,,,,,
W2080676980,Perceptual plasticity in spatial auditory displays,publication,True,8,2005.0,3,7,Hearing Loss and Rehabilitation,ACM Transactions on Applied Perception,article,Cognitive Neuroscience,Neuroscience,Life Sciences,https://doi.org/10.1145/1101530.1101536
W1489347216,W1489347216,reference_only,False,8,,5,0,,,,,,,
W1980799693,W1980799693,reference_only,False,8,,3,0,,,,,,,
W2025423860,W2025423860,reference_only,False,8,,5,0,,,,,,,
W2095513534,W2095513534,reference_only,False,8,,3,0,,,,,,,
W2006645063,W2006645063,reference_only,False,3,,4,0,,,,,,,
W2062170755,W2062170755,reference_only,False,3,,4,0,,,,,,,
W2152742269,W2152742269,reference_only,False,3,,4,0,,,,,,,
W2163966259,W2163966259,reference_only,False,3,,2,0,,,,,,,
W2112209753,A path based model for sonification,publication,True,1,2004.0,2,10,Tactile and Sensory Interactions,,article,Cognitive Neuroscience,Neuroscience,Life Sciences,https://doi.org/10.1109/iv.2004.9
W1602640018,W1602640018,reference_only,False,1,,3,0,,,,,,,
W2081432798,W2081432798,reference_only,False,6,,3,0,,,,,,,
W2107303974,W2107303974,reference_only,False,1,,3,0,,,,,,,
W2506668433,W2506668433,reference_only,False,1,,3,0,,,,,,,
W1966002396,Sounds sequential: sonification in the social sciences,publication,True,6,2006.0,10,5,"Media, Communication, and Education",Interdisciplinary Science Reviews,article,Communication,Social Sciences,Social Sciences,https://doi.org/10.1179/030801806x143286
W64245349,W64245349,reference_only,False,1,,3,0,,,,,,,
W1490781083,W1490781083,reference_only,False,6,,3,0,,,,,,,
W2408041409,W2408041409,reference_only,False,6,,2,0,,,,,,,
W144891795,SONIFICATION AS AN INTERDISCIPLINARY WORKING PROCESS,publication,True,6,2006.0,3,9,Music Technology and Sound Studies,,article,Computer Vision and Pattern Recognition,Computer Science,Physical Sciences,
W2137740195,W2137740195,reference_only,False,6,,2,0,,,,,,,
W2161707777,W2161707777,reference_only,False,6,,5,0,,,,,,,
W2150037785,AUDITORY GRAPHS: A SUMMARY OF CURRENT EXPERIENCE AND TOWARD S A RESEARCH AGENDA,publication,True,1,2005.0,7,11,Context-Aware Activity Recognition Systems,,article,Computer Vision and Pattern Recognition,Computer Science,Physical Sciences,
W336320637,W336320637,reference_only,False,1,,2,0,,,,,,,
W164422101,W164422101,reference_only,False,1,,3,0,,,,,,,
W407105917,W407105917,reference_only,False,28,,4,0,,,,,,,
W1973641371,W1973641371,reference_only,False,1,,9,0,,,,,,,
W2017663639,W2017663639,reference_only,False,19,,2,0,,,,,,,
W2037916898,W2037916898,reference_only,False,26,,2,0,,,,,,,
W2074156432,Sonification Design for Real-Time Processes: Issues and a Demonstration,publication,True,19,2002.0,2,12,Hearing Loss and Rehabilitation,Proceedings of the Human Factors and Ergonomics Society Annual Meeting,article,Cognitive Neuroscience,Neuroscience,Life Sciences,https://doi.org/10.1177/154193120204601710
W2077166428,W2077166428,reference_only,False,6,,2,0,,,,,,,
W2095239018,W2095239018,reference_only,False,19,,2,0,,,,,,,
W3144610597,Creating an Empirical Framework for Sonification Design,publication,True,19,2005.0,2,17,Tactile and Sensory Interactions,,article,Cognitive Neuroscience,Neuroscience,Life Sciences,
W2899458474,Strategies for Auditory Display of Social Media,publication,True,3,2018.0,0,7,Tactile and Sensory Interactions,Ergonomics in Design The Quarterly of Human Factors Applications,article,Cognitive Neuroscience,Neuroscience,Life Sciences,https://doi.org/10.1177/1064804618788098
W2406390611,W2406390611,reference_only,False,3,,2,0,,,,,,,
W2789636240,W2789636240,reference_only,False,3,,2,0,,,,,,,
W1550117037,W1550117037,reference_only,False,26,,2,0,,,,,,,
W2060335642,W2060335642,reference_only,False,1,,2,0,,,,,,,
W2102340278,W2102340278,reference_only,False,1,,2,0,,,,,,,
W2109718970,W2109718970,reference_only,False,1,,3,0,,,,,,,
W2155805879,W2155805879,reference_only,False,1,,4,0,,,,,,,
W2160301066,W2160301066,reference_only,False,15,,6,0,,,,,,,
W2189134720,W2189134720,reference_only,False,1,,2,0,,,,,,,
W2584214532,W2584214532,reference_only,False,1,,2,0,,,,,,,
W2626624502,W2626624502,reference_only,False,35,,2,0,,,,,,,
W3022532439,W3022532439,reference_only,False,35,,5,0,,,,,,,
W1999885698,W1999885698,reference_only,False,6,,2,0,,,,,,,
W2139512902,W2139512902,reference_only,False,6,,2,0,,,,,,,
W2910035750,Dermoscopy diagnosis of cancerous lesions utilizing dual deep learning algorithms via visual and audio (sonification) outputs: Laboratory and prospective observational studies,publication,True,6,2019.0,4,15,Cutaneous Melanoma Detection and Management,EBioMedicine,article,Oncology,Medicine,Health Sciences,https://doi.org/10.1016/j.ebiom.2019.01.028
W2041914157,W2041914157,reference_only,False,6,,2,0,,,,,,,
W2059515884,W2059515884,reference_only,False,6,,3,0,,,,,,,
W2149512075,W2149512075,reference_only,False,6,,2,0,,,,,,,
W2180648740,W2180648740,reference_only,False,6,,2,0,,,,,,,
W2508908087,W2508908087,reference_only,False,6,,2,0,,,,,,,
W2558496879,W2558496879,reference_only,False,6,,2,0,,,,,,,
W2732701910,W2732701910,reference_only,False,6,,2,0,,,,,,,
W2770495625,W2770495625,reference_only,False,6,,2,0,,,,,,,
W2806487945,W2806487945,reference_only,False,6,,2,0,,,,,,,
W2806853752,W2806853752,reference_only,False,6,,2,0,,,,,,,
W2903060508,W2903060508,reference_only,False,6,,2,0,,,,,,,
W2963946669,W2963946669,reference_only,False,6,,3,0,,,,,,,
W2900701007,Sonification of numerical data for education,publication,True,1,2019.0,2,16,Tactile and Sensory Interactions,Open Learning The Journal of Open Distance and e-Learning,article,Cognitive Neuroscience,Neuroscience,Life Sciences,https://doi.org/10.1080/02680513.2018.1553707
W1485305988,W1485305988,reference_only,False,6,,21,0,,,,,,,
W2149007227,W2149007227,reference_only,False,0,,2,0,,,,,,,
W130663125,Interaction patterns for auditory user interfaces,publication,True,1,2005.0,2,24,Tactile and Sensory Interactions,,article,Cognitive Neuroscience,Neuroscience,Life Sciences,
W1486239552,W1486239552,reference_only,False,8,,3,0,,,,,,,
W2018759249,Dissonance on audio interfaces,publication,True,1,1997.0,3,13,Tactile and Sensory Interactions,IEEE Expert,article,Cognitive Neuroscience,Neuroscience,Life Sciences,https://doi.org/10.1109/64.621221
W2071560553,W2071560553,reference_only,False,1,,3,0,,,,,,,
W2174329074,W2174329074,reference_only,False,1,,2,0,,,,,,,
W6634728271,W6634728271,reference_only,False,1,,2,0,,,,,,,
W1504835650,W1504835650,reference_only,False,1,,8,0,,,,,,,
W1510101233,W1510101233,reference_only,False,1,,2,0,,,,,,,
W2028148279,W2028148279,reference_only,False,1,,2,0,,,,,,,
W2032769849,W2032769849,reference_only,False,1,,2,0,,,,,,,
W2126980690,W2126980690,reference_only,False,1,,3,0,,,,,,,
W4236923591,W4236923591,reference_only,False,1,,7,0,,,,,,,
W6630108217,W6630108217,reference_only,False,1,,8,0,,,,,,,
W2072133687,W2072133687,reference_only,False,35,,3,0,,,,,,,
W2167557160,W2167557160,reference_only,False,35,,5,0,,,,,,,
W2249540601,W2249540601,reference_only,False,35,,2,0,,,,,,,
W2595908185,W2595908185,reference_only,False,28,,5,0,,,,,,,
W6728136043,W6728136043,reference_only,False,35,,2,0,,,,,,,
W1589962547,Parameter-mapping sonification for manual control task: Timbre and intensity manupluration to sonify dynamic system state,publication,True,1,2013.0,0,13,Tactile and Sensory Interactions,Society of Instrument and Control Engineers of Japan,article,Cognitive Neuroscience,Neuroscience,Life Sciences,
W2051743306,W2051743306,reference_only,False,1,,3,0,,,,,,,
W2057720927,W2057720927,reference_only,False,1,,3,0,,,,,,,
W2086779977,W2086779977,reference_only,False,1,,3,0,,,,,,,
W2955817276,<i>Visualize music and ‘Sonify’ pictures</i>: studying children’s and adults’ pitch-height invented notations,publication,True,26,2019.0,0,15,Neuroscience and Music Perception,Music Education Research,article,Cognitive Neuroscience,Neuroscience,Life Sciences,https://doi.org/10.1080/14613808.2019.1626361
W1973148641,W1973148641,reference_only,False,26,,3,0,,,,,,,
W1980408524,W1980408524,reference_only,False,26,,3,0,,,,,,,
W1984972560,W1984972560,reference_only,False,26,,3,0,,,,,,,
W2068337680,W2068337680,reference_only,False,26,,3,0,,,,,,,
W2106679331,W2106679331,reference_only,False,26,,5,0,,,,,,,
W2162900910,W2162900910,reference_only,False,35,,2,0,,,,,,,
W2195908176,W2195908176,reference_only,False,31,,2,0,,,,,,,
W2316429719,W2316429719,reference_only,False,26,,3,0,,,,,,,
W1561849633,Using a Sonified Topographic Approach to Communicate Spatial Information to People with Visual Impairments,publication,True,26,2010.0,0,8,Tactile and Sensory Interactions,Journal of Special Education Technology,article,Cognitive Neuroscience,Neuroscience,Life Sciences,https://doi.org/10.1177/016264341002500103
W1972905061,W1972905061,reference_only,False,26,,2,0,,,,,,,
W2111237519,W2111237519,reference_only,False,26,,4,0,,,,,,,
W4365145875,Sonification as a reliable alternative to conventional visual surgical navigation,publication,True,31,2023.0,8,45,Tactile and Sensory Interactions,Scientific Reports,article,Cognitive Neuroscience,Neuroscience,Life Sciences,https://doi.org/10.1038/s41598-023-32778-z
W1584238570,W1584238570,reference_only,False,26,,8,0,,,,,,,
W1987658595,W1987658595,reference_only,False,31,,2,0,,,,,,,
W1990301679,W1990301679,reference_only,False,31,,2,0,,,,,,,
W2004441379,W2004441379,reference_only,False,26,,2,0,,,,,,,
W2045450941,W2045450941,reference_only,False,31,,2,0,,,,,,,
W2099329509,W2099329509,reference_only,False,31,,2,0,,,,,,,
W2114886667,W2114886667,reference_only,False,26,,6,0,,,,,,,
W2123013445,W2123013445,reference_only,False,26,,2,0,,,,,,,
W2160038311,W2160038311,reference_only,False,31,,2,0,,,,,,,
W2166096679,W2166096679,reference_only,False,31,,2,0,,,,,,,
W2742440020,SonifEye: Sonification of Visual Information Using Physical Modeling Sound Synthesis,publication,True,31,2017.0,7,7,Tactile and Sensory Interactions,IEEE Transactions on Visualization and Computer Graphics,article,Cognitive Neuroscience,Neuroscience,Life Sciences,https://doi.org/10.1109/tvcg.2017.2734327
W2744181172,Distance sonification in image‐guided neurosurgery,publication,True,31,2017.0,5,8,Tactile and Sensory Interactions,Healthcare Technology Letters,article,Cognitive Neuroscience,Neuroscience,Life Sciences,https://doi.org/10.1049/htl.2017.0074
W2753141051,W2753141051,reference_only,False,31,,3,0,,,,,,,
W2883339537,Surgical soundtracks: automatic acoustic augmentation of surgical procedures,publication,True,31,2018.0,2,13,Tactile and Sensory Interactions,International Journal of Computer Assisted Radiology and Surgery,article,Cognitive Neuroscience,Neuroscience,Life Sciences,https://doi.org/10.1007/s11548-018-1827-2
W2938638829,W2938638829,reference_only,False,31,,2,0,,,,,,,
W2963948039,W2963948039,reference_only,False,26,,6,0,,,,,,,
W3024134694,W3024134694,reference_only,False,31,,2,0,,,,,,,
W3033600316,A Comparative Study in Real-Time Scene Sonification for Visually Impaired People,publication,True,26,2020.0,7,18,Tactile and Sensory Interactions,Sensors,article,Cognitive Neuroscience,Neuroscience,Life Sciences,https://doi.org/10.3390/s20113222
W6893576440,W6893576440,reference_only,False,31,,2,0,,,,,,,
W2173372376,Pulse of an Ocean: Sonification of Ocean Buoy Data,publication,True,6,2005.0,6,18,Time Series Analysis and Forecasting,Leonardo,article,Signal Processing,Computer Science,Physical Sciences,https://doi.org/10.1162/0024094053722453
W66465441,SURF MUSIC: SONIFICATION OF OCEAN BUOY SPECTRAL DATA,publication,True,6,2002.0,4,4,Underwater Acoustics Research,,article,Oceanography,Earth and Planetary Sciences,Physical Sciences,
W1536094539,W1536094539,reference_only,False,6,,2,0,,,,,,,
W1974348796,Composing for an ensemble of atoms: the metamorphosis of scientific experiment into music,publication,True,6,2001.0,3,6,Experimental and Theoretical Physics Studies,Organised Sound,article,Statistical and Nonlinear Physics,Physics and Astronomy,Physical Sciences,https://doi.org/10.1017/s1355771801002102
W2417476687,W2417476687,reference_only,False,6,,2,0,,,,,,,
W1997199355,In-Vehicle Auditory Display of Symbolic Information,publication,True,28,2000.0,0,11,Safety Warnings and Signage,Proceedings of the Human Factors and Ergonomics Society Annual Meeting,article,Social Psychology,Psychology,Social Sciences,https://doi.org/10.1177/154193120004402001
W76134203,W76134203,reference_only,False,28,,2,0,,,,,,,
W1974140516,W1974140516,reference_only,False,28,,6,0,,,,,,,
W2029709911,W2029709911,reference_only,False,28,,3,0,,,,,,,
W2101508110,W2101508110,reference_only,False,28,,3,0,,,,,,,
W2127693141,W2127693141,reference_only,False,28,,6,0,,,,,,,
W2162618366,W2162618366,reference_only,False,28,,3,0,,,,,,,
W2395822350,W2395822350,reference_only,False,28,,2,0,,,,,,,
W2946089718,Combining VR Visualization and Sonification for Immersive Exploration of Urban Noise Standards,publication,True,14,2019.0,2,4,Noise Effects and Management,Multimodal Technologies and Interaction,article,Speech and Hearing,Health Professions,Health Sciences,https://doi.org/10.3390/mti3020034
W2789582101,W2789582101,reference_only,False,14,,4,0,,,,,,,
W2798959019,W2798959019,reference_only,False,14,,4,0,,,,,,,
W2145956370,RELATIVE INTENSITY OF AUDITORY CONTEXT FOR AUDITORY GRAPH DESIGN,publication,True,1,2006.0,4,20,Multisensory perception and integration,,article,Experimental and Cognitive Psychology,Psychology,Social Sciences,
W2067083293,W2067083293,reference_only,False,3,,2,0,,,,,,,
W2104568166,Learning Musical Instrument Skills Through Interactive Sonification,publication,True,31,2006.0,0,11,Music Technology and Sound Studies,,article,Computer Vision and Pattern Recognition,Computer Science,Physical Sciences,https://doi.org/10.5281/zenodo.1176899
W1485835175,W1485835175,reference_only,False,31,,5,0,,,,,,,
W1565658805,W1565658805,reference_only,False,31,,4,0,,,,,,,
W1575207387,W1575207387,reference_only,False,31,,2,0,,,,,,,
W2028443633,W2028443633,reference_only,False,31,,3,0,,,,,,,
W2324956377,W2324956377,reference_only,False,31,,2,0,,,,,,,
W2080524434,Free-Field Localization Performance With a Head-Tracked Virtual Auditory Display,publication,True,8,2015.0,0,28,Hearing Loss and Rehabilitation,IEEE Journal of Selected Topics in Signal Processing,article,Cognitive Neuroscience,Neuroscience,Life Sciences,https://doi.org/10.1109/jstsp.2015.2421874
W178331951,W178331951,reference_only,False,8,,2,0,,,,,,,
W1575206345,W1575206345,reference_only,False,1,,5,0,,,,,,,
W1606467431,W1606467431,reference_only,False,8,,2,0,,,,,,,
W1677820382,W1677820382,reference_only,False,8,,5,0,,,,,,,
W1964832178,W1964832178,reference_only,False,8,,16,0,,,,,,,
W1969700833,W1969700833,reference_only,False,8,,2,0,,,,,,,
W2028184103,W2028184103,reference_only,False,8,,15,0,,,,,,,
W2037629933,W2037629933,reference_only,False,8,,5,0,,,,,,,
W2079057332,W2079057332,reference_only,False,8,,7,0,,,,,,,
W6632202487,W6632202487,reference_only,False,8,,3,0,,,,,,,
W6693972728,W6693972728,reference_only,False,8,,2,0,,,,,,,
W2085067988,W2085067988,reference_only,False,26,,2,0,,,,,,,
W2120436369,W2120436369,reference_only,False,26,,3,0,,,,,,,
W2210072501,Designing Interactions with Multilevel Auditory Displays in Mobile Audio-Augmented Reality,publication,True,1,2015.0,2,20,Tactile and Sensory Interactions,ACM Transactions on Computer-Human Interaction,article,Cognitive Neuroscience,Neuroscience,Life Sciences,https://doi.org/10.1145/2829944
W1576830784,W1576830784,reference_only,False,1,,7,0,,,,,,,
W1964077143,W1964077143,reference_only,False,1,,8,0,,,,,,,
W2010155388,W2010155388,reference_only,False,1,,3,0,,,,,,,
W2095609373,W2095609373,reference_only,False,1,,2,0,,,,,,,
W2110576487,W2110576487,reference_only,False,1,,4,0,,,,,,,
W2125966816,W2125966816,reference_only,False,1,,2,0,,,,,,,
W4292199645,W4292199645,reference_only,False,6,,2,0,,,,,,,
W2171545112,Sonifying the Shape of Human Body Motion using Motiongrams,publication,True,5,2013.0,2,33,Tactile and Sensory Interactions,Empirical Musicology Review,article,Cognitive Neuroscience,Neuroscience,Life Sciences,https://doi.org/10.18061/emr.v8i2.3926
W103361464,W103361464,reference_only,False,5,,3,0,,,,,,,
W109803810,W109803810,reference_only,False,5,,2,0,,,,,,,
W122451960,W122451960,reference_only,False,8,,2,0,,,,,,,
W178275036,W178275036,reference_only,False,26,,7,0,,,,,,,
W1481412153,W1481412153,reference_only,False,5,,5,0,,,,,,,
W1486784069,W1486784069,reference_only,False,5,,2,0,,,,,,,
W1725744678,W1725744678,reference_only,False,5,,4,0,,,,,,,
W1981258758,W1981258758,reference_only,False,5,,2,0,,,,,,,
W1993664545,W1993664545,reference_only,False,5,,3,0,,,,,,,
W2019208349,W2019208349,reference_only,False,5,,2,0,,,,,,,
W2048682928,W2048682928,reference_only,False,5,,2,0,,,,,,,
W2115577577,W2115577577,reference_only,False,5,,11,0,,,,,,,
W2128303427,"APPLICATION OF RASTER SCANNING METHOD TO IMAGE SONIFICATION, SOUND VISUALIZATION, SOUND ANALYSIS AND SYNTHESIS",publication,True,5,2006.0,3,2,Music Technology and Sound Studies,,article,Computer Vision and Pattern Recognition,Computer Science,Physical Sciences,
W2146679229,W2146679229,reference_only,False,5,,3,0,,,,,,,
W2216877512,Motion-sound Interaction Using Sonification based on Motiongrams,publication,True,5,2012.0,2,18,Music Technology and Sound Studies,Duo Research Archive (University of Oslo),book-chapter,Computer Vision and Pattern Recognition,Computer Science,Physical Sciences,
W2312020672,W2312020672,reference_only,False,5,,2,0,,,,,,,
W2313582907,W2313582907,reference_only,False,5,,3,0,,,,,,,
W2335323384,A Sonification Tool For The Analysis of Large Databases of Expressive Gesture,publication,True,3,2012.0,4,29,Music Technology and Sound Studies,The International journal of Multimedia & Its Applications,article,Computer Vision and Pattern Recognition,Computer Science,Physical Sciences,https://doi.org/10.5121/ijma.2012.4602
W2396024727,W2396024727,reference_only,False,5,,3,0,,,,,,,
W2396507567,W2396507567,reference_only,False,26,,3,0,,,,,,,
W2397048723,W2397048723,reference_only,False,5,,3,0,,,,,,,
W2510121892,Sonification of musicians' ancillary gestures,publication,True,3,2006.0,3,9,Tactile and Sensory Interactions,,article,Cognitive Neuroscience,Neuroscience,Life Sciences,
W2518814759,W2518814759,reference_only,False,5,,5,0,,,,,,,
W3210438141,"Aiding Movement with Sonification in “Exercise, Play and Sport”",publication,True,31,2011.0,5,0,Tactile and Sensory Interactions,PUB – Publications at Bielefeld University (Bielefeld University),book-chapter,Cognitive Neuroscience,Neuroscience,Life Sciences,
W4233172959,W4233172959,reference_only,False,5,,2,0,,,,,,,
W6712734115,W6712734115,reference_only,False,3,,4,0,,,,,,,
W2972871164,Interactive sonification strategies for the motion and emotion of dance performances,publication,True,3,2020.0,2,120,Music Technology and Sound Studies,Journal on Multimodal User Interfaces,article,Computer Vision and Pattern Recognition,Computer Science,Physical Sciences,https://doi.org/10.1007/s12193-020-00321-3
W120317759,W120317759,reference_only,False,35,,8,0,,,,,,,
W141817568,W141817568,reference_only,False,3,,4,0,,,,,,,
W1489238586,Elementary Gestalts for Gesture Sonification,publication,True,3,2008.0,6,5,Music Technology and Sound Studies,,article,Computer Vision and Pattern Recognition,Computer Science,Physical Sciences,https://doi.org/10.5072/zenodo.206001
W1689644917,W1689644917,reference_only,False,3,,5,0,,,,,,,
W1829197771,Wa-UM-eii : How a Choreographer Can Use Sonification to Communicate With Dancers During Rehearsals,publication,True,3,2012.0,3,0,Hearing Impairment and Communication,KTH Publication Database DiVA (KTH Royal Institute of Technology),dissertation,Developmental and Educational Psychology,Psychology,Social Sciences,
W1946467015,W1946467015,reference_only,False,3,,4,0,,,,,,,
W1980694603,W1980694603,reference_only,False,19,,6,0,,,,,,,
W1980843241,W1980843241,reference_only,False,3,,3,0,,,,,,,
W1987628598,W1987628598,reference_only,False,3,,5,0,,,,,,,
W1991886506,W1991886506,reference_only,False,3,,2,0,,,,,,,
W1995875735,W1995875735,reference_only,False,19,,8,0,,,,,,,
W1998269597,W1998269597,reference_only,False,3,,2,0,,,,,,,
W1998515403,W1998515403,reference_only,False,3,,3,0,,,,,,,
W1999209397,W1999209397,reference_only,False,3,,2,0,,,,,,,
W2000218448,W2000218448,reference_only,False,3,,2,0,,,,,,,
W2003458804,W2003458804,reference_only,False,3,,2,0,,,,,,,
W2009375902,W2009375902,reference_only,False,3,,2,0,,,,,,,
W2013817254,W2013817254,reference_only,False,3,,2,0,,,,,,,
W2018275543,W2018275543,reference_only,False,3,,2,0,,,,,,,
W2023220203,W2023220203,reference_only,False,3,,2,0,,,,,,,
W2023397245,W2023397245,reference_only,False,3,,3,0,,,,,,,
W2031459584,W2031459584,reference_only,False,3,,2,0,,,,,,,
W2032087125,Designing an Interactive Audio Interface for Climate Science,publication,True,5,2015.0,4,14,Music Technology and Sound Studies,IEEE Multimedia,article,Computer Vision and Pattern Recognition,Computer Science,Physical Sciences,https://doi.org/10.1109/mmul.2015.23
W2032946087,W2032946087,reference_only,False,3,,2,0,,,,,,,
W2033094552,W2033094552,reference_only,False,3,,2,0,,,,,,,
W2038897574,W2038897574,reference_only,False,3,,4,0,,,,,,,
W2043181832,W2043181832,reference_only,False,3,,2,0,,,,,,,
W2057583273,W2057583273,reference_only,False,3,,3,0,,,,,,,
W2058518679,W2058518679,reference_only,False,3,,4,0,,,,,,,
W2064478630,<i>sLowlife</i>: Sonification of Plant Study Data,publication,True,6,2006.0,2,2,"Environmental, Ecological, and Cultural Studies",Leonardo Music Journal,article,Sociology and Political Science,Social Sciences,Social Sciences,https://doi.org/10.1162/lmj.2006.16.42b
W2072206615,W2072206615,reference_only,False,3,,10,0,,,,,,,
W2078367211,W2078367211,reference_only,False,3,,2,0,,,,,,,
W2079080230,W2079080230,reference_only,False,3,,9,0,,,,,,,
W2082981966,W2082981966,reference_only,False,3,,2,0,,,,,,,
W2085049476,W2085049476,reference_only,False,3,,3,0,,,,,,,
W2098104159,W2098104159,reference_only,False,3,,2,0,,,,,,,
W2099634219,W2099634219,reference_only,False,3,,5,0,,,,,,,
W2101758500,W2101758500,reference_only,False,3,,2,0,,,,,,,
W2117343866,W2117343866,reference_only,False,3,,2,0,,,,,,,
W2120675175,W2120675175,reference_only,False,3,,2,0,,,,,,,
W2125489534,W2125489534,reference_only,False,3,,4,0,,,,,,,
W2127666085,W2127666085,reference_only,False,35,,5,0,,,,,,,
W2131123711,W2131123711,reference_only,False,3,,3,0,,,,,,,
W2143350951,W2143350951,reference_only,False,3,,2,0,,,,,,,
W2149628368,W2149628368,reference_only,False,3,,15,0,,,,,,,
W2157201194,W2157201194,reference_only,False,3,,3,0,,,,,,,
W2163070220,W2163070220,reference_only,False,3,,2,0,,,,,,,
W2166345358,W2166345358,reference_only,False,3,,3,0,,,,,,,
W2168831295,W2168831295,reference_only,False,19,,13,0,,,,,,,
W2232792187,W2232792187,reference_only,False,3,,2,0,,,,,,,
W2296769292,W2296769292,reference_only,False,3,,3,0,,,,,,,
W2299178933,W2299178933,reference_only,False,3,,2,0,,,,,,,
W2320044524,W2320044524,reference_only,False,3,,2,0,,,,,,,
W2322255606,Sonification of Emotion: Strategies and results from the intersection with music,publication,True,3,2014.0,7,24,Neuroscience and Music Perception,Organised Sound,article,Cognitive Neuroscience,Neuroscience,Life Sciences,https://doi.org/10.1017/s1355771813000411
W2328447414,W2328447414,reference_only,False,3,,2,0,,,,,,,
W2332691635,Making Climate Data Sing: Using Music-like Sonifications to Convey a Key Climate Record,publication,True,3,2016.0,5,5,"Environmental, Ecological, and Cultural Studies",Bulletin of the American Meteorological Society,article,Sociology and Political Science,Social Sciences,Social Sciences,https://doi.org/10.1175/bams-d-15-00223.1
W2339848953,W2339848953,reference_only,False,3,,3,0,,,,,,,
W2344527636,W2344527636,reference_only,False,3,,2,0,,,,,,,
W2369929118,"Comparative study on the effect of Parameter Mapping Sonification on perceived instabilities, efficiency, and accuracy in real-time interactive exploration of noisy data streams",publication,True,1,2016.0,2,34,Music Technology and Sound Studies,Displays,article,Computer Vision and Pattern Recognition,Computer Science,Physical Sciences,https://doi.org/10.1016/j.displa.2016.05.001
W2414467074,W2414467074,reference_only,False,3,,3,0,,,,,,,
W2487019930,W2487019930,reference_only,False,3,,2,0,,,,,,,
W2495323687,W2495323687,reference_only,False,3,,2,0,,,,,,,
W2535584608,Cultural differences in preference of auditory emoticons: USA and South Korea,publication,True,3,2015.0,3,0,Digital Communication and Language,Digital Commons - Michigan Tech (Michigan Technological University),article,Human-Computer Interaction,Computer Science,Physical Sciences,
W2561931717,The Analysis of Sound Attributes on Sensibility Dimensions,publication,True,3,2006.0,2,1,Color perception and design,,article,Social Psychology,Psychology,Social Sciences,
W2596240398,W2596240398,reference_only,False,3,,6,0,,,,,,,
W2602378791,W2602378791,reference_only,False,3,,6,0,,,,,,,
W2604255570,W2604255570,reference_only,False,3,,3,0,,,,,,,
W2615988294,W2615988294,reference_only,False,3,,3,0,,,,,,,
W2616527078,W2616527078,reference_only,False,3,,4,0,,,,,,,
W2625361014,W2625361014,reference_only,False,3,,3,0,,,,,,,
W2761845644,W2761845644,reference_only,False,3,,3,0,,,,,,,
W2897986294,W2897986294,reference_only,False,3,,4,0,,,,,,,
W3044308762,W3044308762,reference_only,False,3,,3,0,,,,,,,
W4251399284,W4251399284,reference_only,False,3,,2,0,,,,,,,
W6781329970,W6781329970,reference_only,False,3,,3,0,,,,,,,
W115279027,W115279027,reference_only,False,26,,3,0,,,,,,,
W1529297413,W1529297413,reference_only,False,26,,3,0,,,,,,,
W2597549188,Auditory display of seismic data: On the use of experts' categorizations and verbal descriptions as heuristics for geoscience,publication,True,6,2017.0,3,33,Seismic Waves and Analysis,The Journal of the Acoustical Society of America,article,Geophysics,Earth and Planetary Sciences,Physical Sciences,https://doi.org/10.1121/1.4978441
W20048105,W20048105,reference_only,False,6,,2,0,,,,,,,
W1966365432,W1966365432,reference_only,False,0,,5,0,,,,,,,
W1986595194,W1986595194,reference_only,False,1,,8,0,,,,,,,
W2148108292,W2148108292,reference_only,False,0,,3,0,,,,,,,
W2525344217,W2525344217,reference_only,False,6,,2,0,,,,,,,
W4212844288,W4212844288,reference_only,False,6,,2,0,,,,,,,
W2466158603,Continuous sonification enhances adequacy of interactions in peripheral process monitoring,publication,True,19,2016.0,12,21,Tactile and Sensory Interactions,International Journal of Human-Computer Studies,article,Cognitive Neuroscience,Neuroscience,Life Sciences,https://doi.org/10.1016/j.ijhcs.2016.06.002
W422962062,W422962062,reference_only,False,6,,3,0,,,,,,,
W1498365126,Sonification for Process Monitoring,publication,True,30,2011.0,11,0,Data Visualization and Analytics,Northumbria Research Link (Northumbria University),book-chapter,Computer Vision and Pattern Recognition,Computer Science,Physical Sciences,
W1948212336,W1948212336,reference_only,False,5,,3,0,,,,,,,
W2017046354,W2017046354,reference_only,False,19,,6,0,,,,,,,
W2756822502,W2756822502,reference_only,False,30,,4,0,,,,,,,
W3098623617,Sonification of a Network's Self-Organized Criticality for Real-time Situational Awareness,publication,True,30,2017.0,6,30,Data Visualization and Analytics,Northumbria Research Link (Northumbria University),article,Computer Vision and Pattern Recognition,Computer Science,Physical Sciences,
W6629764185,W6629764185,reference_only,False,6,,4,0,,,,,,,
W2075950485,W2075950485,reference_only,False,28,,3,0,,,,,,,
W2407591150,Towards a systematic approach to real-time sonification design for surface electromyography,publication,True,35,2016.0,2,28,Tactile and Sensory Interactions,Displays,article,Cognitive Neuroscience,Neuroscience,Life Sciences,https://doi.org/10.1016/j.displa.2016.05.006
W2489557381,W2489557381,reference_only,False,35,,2,0,,,,,,,
W2555088007,Influence of acoustic feedback on boat speed and crew synchronization in elite junior rowing,publication,True,35,2016.0,6,17,Sports Performance and Training,International Journal of Sports Science & Coaching,article,Orthopedics and Sports Medicine,Medicine,Health Sciences,https://doi.org/10.1177/1747954116676110
W2711373411,W2711373411,reference_only,False,35,,7,0,,,,,,,
W6639494411,W6639494411,reference_only,False,35,,2,0,,,,,,,
W6739962515,W6739962515,reference_only,False,35,,2,0,,,,,,,
W1532228369,W1532228369,reference_only,False,1,,2,0,,,,,,,
W1566660863,W1566660863,reference_only,False,6,,7,0,,,,,,,
W1607348601,W1607348601,reference_only,False,3,,4,0,,,,,,,
W1977475875,W1977475875,reference_only,False,6,,2,0,,,,,,,
W1987730305,W1987730305,reference_only,False,3,,3,0,,,,,,,
W2013251441,W2013251441,reference_only,False,35,,4,0,,,,,,,
W2074563816,W2074563816,reference_only,False,6,,2,0,,,,,,,
W2090284173,W2090284173,reference_only,False,6,,2,0,,,,,,,
W2167053369,W2167053369,reference_only,False,35,,2,0,,,,,,,
W2181644342,Using Sonification to Enhance Perception and Reproduction Accuracy of Human Movement Patterns,publication,True,35,2004.0,3,23,Tactile and Sensory Interactions,,article,Cognitive Neuroscience,Neuroscience,Life Sciences,
W2264599836,W2264599836,reference_only,False,35,,2,0,,,,,,,
W2624733606,W2624733606,reference_only,False,35,,6,0,,,,,,,
W2966090600,W2966090600,reference_only,False,35,,2,0,,,,,,,
W2111380916,The bird's ear view of space physics: Audification as a tool for the spectral analysis of time series data,publication,True,6,2014.0,7,20,Complex Systems and Time Series Analysis,Journal of Geophysical Research Space Physics,article,Economics and Econometrics,"Economics, Econometrics and Finance",Social Sciences,https://doi.org/10.1002/2014ja020025
W2041556095,W2041556095,reference_only,False,8,,2,0,,,,,,,
W2147717579,W2147717579,reference_only,False,6,,2,0,,,,,,,
W2154195703,W2154195703,reference_only,False,6,,2,0,,,,,,,
W2160338488,W2160338488,reference_only,False,6,,3,0,,,,,,,
W4390107141,Sonification for Personalised Gait Intervention,publication,True,35,2023.0,3,21,Tactile and Sensory Interactions,Sensors,article,Cognitive Neuroscience,Neuroscience,Life Sciences,https://doi.org/10.3390/s24010065
W2068775553,W2068775553,reference_only,False,35,,3,0,,,,,,,
W2127235324,W2127235324,reference_only,False,35,,2,0,,,,,,,
W2171056747,W2171056747,reference_only,False,35,,5,0,,,,,,,
W2306926430,W2306926430,reference_only,False,35,,4,0,,,,,,,
W2807655577,W2807655577,reference_only,False,35,,3,0,,,,,,,
W2990939922,W2990939922,reference_only,False,6,,2,0,,,,,,,
W3162158556,W3162158556,reference_only,False,6,,2,0,,,,,,,
W4213136782,W4213136782,reference_only,False,35,,4,0,,,,,,,
W4309026886,Sofigait—A Wireless Inertial Sensor-Based Gait Sonification System,publication,True,6,2022.0,3,27,Tactile and Sensory Interactions,Sensors,article,Cognitive Neuroscience,Neuroscience,Life Sciences,https://doi.org/10.3390/s22228782
W173439418,Moodmixer : {Eeg}-Based Collaborative Sonification,publication,True,0,2011.0,0,3,EEG and Brain-Computer Interfaces,,article,Cognitive Neuroscience,Neuroscience,Life Sciences,https://doi.org/10.5281/zenodo.1178089
W642545374,W642545374,reference_only,False,0,,3,0,,,,,,,
W1533843421,PERCEPTUAL CONSENQUECES OF INCLUDING REVERBERATION IN SPATIAL AUDITORY DISPLAYS,publication,True,8,2003.0,2,16,Hearing Loss and Rehabilitation,,article,Cognitive Neuroscience,Neuroscience,Life Sciences,
W2345188,W2345188,reference_only,False,8,,2,0,,,,,,,
W364587295,"SPEECH INTELLIGIBILITY, SPATIAL UNMASKING, AND REALISM IN REVERBERANT SPATIAL AUDITORY DISPLAYS",publication,True,8,2002.0,4,32,Hearing Loss and Rehabilitation,,article,Cognitive Neuroscience,Neuroscience,Life Sciences,
W1558766760,W1558766760,reference_only,False,8,,4,0,,,,,,,
W1981254020,W1981254020,reference_only,False,8,,2,0,,,,,,,
W1991112797,W1991112797,reference_only,False,8,,9,0,,,,,,,
W2007673756,W2007673756,reference_only,False,8,,2,0,,,,,,,
W2054392851,W2054392851,reference_only,False,8,,3,0,,,,,,,
W2054883573,W2054883573,reference_only,False,8,,2,0,,,,,,,
W2074409531,W2074409531,reference_only,False,8,,2,0,,,,,,,
W2095332800,W2095332800,reference_only,False,8,,2,0,,,,,,,
W2118041119,W2118041119,reference_only,False,8,,7,0,,,,,,,
W2118889375,W2118889375,reference_only,False,8,,10,0,,,,,,,
W2151228267,W2151228267,reference_only,False,1,,2,0,,,,,,,
W3014101195,Movement sonification expectancy model: leveraging musical expectancy theory to create movement-altering sonifications,publication,True,35,2020.0,2,27,Tactile and Sensory Interactions,Journal on Multimodal User Interfaces,article,Cognitive Neuroscience,Neuroscience,Life Sciences,https://doi.org/10.1007/s12193-020-00322-2
W1522945141,W1522945141,reference_only,False,35,,2,0,,,,,,,
W1655784964,W1655784964,reference_only,False,27,,5,0,,,,,,,
W1981455444,W1981455444,reference_only,False,6,,2,0,,,,,,,
W2057945014,W2057945014,reference_only,False,5,,4,0,,,,,,,
W2124074613,W2124074613,reference_only,False,35,,2,0,,,,,,,
W2149147791,W2149147791,reference_only,False,26,,2,0,,,,,,,
W2587996852,W2587996852,reference_only,False,35,,3,0,,,,,,,
W2604543658,W2604543658,reference_only,False,5,,4,0,,,,,,,
W2796695613,W2796695613,reference_only,False,5,,2,0,,,,,,,
W2885439627,W2885439627,reference_only,False,31,,4,0,,,,,,,
W4230472358,W4230472358,reference_only,False,6,,2,0,,,,,,,
W4238215782,W4238215782,reference_only,False,35,,4,0,,,,,,,
W2138236785,Sound Information: Sonification in the Age of Complex Data and Digital Audio,publication,True,6,2015.0,5,36,Tactile and Sensory Interactions,Information & Culture,article,Cognitive Neuroscience,Neuroscience,Life Sciences,https://doi.org/10.1353/lac.2015.0021
W1500693574,W1500693574,reference_only,False,5,,3,0,,,,,,,
W1505766318,W1505766318,reference_only,False,6,,2,0,,,,,,,
W1533521166,W1533521166,reference_only,False,27,,2,0,,,,,,,
W1559822330,W1559822330,reference_only,False,6,,2,0,,,,,,,
W1580565670,W1580565670,reference_only,False,6,,2,0,,,,,,,
W1791834434,W1791834434,reference_only,False,6,,3,0,,,,,,,
W1965656145,W1965656145,reference_only,False,6,,2,0,,,,,,,
W1996066565,W1996066565,reference_only,False,6,,2,0,,,,,,,
W2014941198,W2014941198,reference_only,False,6,,2,0,,,,,,,
W2017351775,W2017351775,reference_only,False,6,,2,0,,,,,,,
W2057032295,W2057032295,reference_only,False,6,,2,0,,,,,,,
W2060880824,W2060880824,reference_only,False,5,,3,0,,,,,,,
W2092058699,W2092058699,reference_only,False,6,,2,0,,,,,,,
W2098210715,W2098210715,reference_only,False,6,,3,0,,,,,,,
W2125864460,W2125864460,reference_only,False,6,,2,0,,,,,,,
W2167325145,W2167325145,reference_only,False,6,,2,0,,,,,,,
W2287447898,W2287447898,reference_only,False,6,,2,0,,,,,,,
W2070389865,W2070389865,reference_only,False,19,,3,0,,,,,,,
W131970863,W131970863,reference_only,False,35,,2,0,,,,,,,
W139656540,W139656540,reference_only,False,35,,3,0,,,,,,,
W1822920258,W1822920258,reference_only,False,35,,3,0,,,,,,,
W1971075688,W1971075688,reference_only,False,35,,4,0,,,,,,,
W1976082752,W1976082752,reference_only,False,35,,11,0,,,,,,,
W1982123363,W1982123363,reference_only,False,35,,3,0,,,,,,,
W1988261988,W1988261988,reference_only,False,35,,3,0,,,,,,,
W2012335827,W2012335827,reference_only,False,35,,2,0,,,,,,,
W2037472787,W2037472787,reference_only,False,35,,4,0,,,,,,,
W2038147797,W2038147797,reference_only,False,35,,2,0,,,,,,,
W2040611779,W2040611779,reference_only,False,35,,10,0,,,,,,,
W2091418075,W2091418075,reference_only,False,35,,2,0,,,,,,,
W2093819776,W2093819776,reference_only,False,35,,3,0,,,,,,,
W2106544214,W2106544214,reference_only,False,35,,2,0,,,,,,,
W2110186936,W2110186936,reference_only,False,35,,2,0,,,,,,,
W2114622622,W2114622622,reference_only,False,35,,3,0,,,,,,,
W2114898733,W2114898733,reference_only,False,35,,5,0,,,,,,,
W2130816522,W2130816522,reference_only,False,35,,3,0,,,,,,,
W2145386284,W2145386284,reference_only,False,35,,2,0,,,,,,,
W2169504707,W2169504707,reference_only,False,35,,2,0,,,,,,,
W2267869355,W2267869355,reference_only,False,35,,2,0,,,,,,,
W2612427922,W2612427922,reference_only,False,35,,2,0,,,,,,,
W2613867659,W2613867659,reference_only,False,35,,2,0,,,,,,,
W6660527291,W6660527291,reference_only,False,35,,2,0,,,,,,,
W2780310278,Sonification of network traffic flow for monitoring and situational awareness,publication,True,30,2018.0,6,29,Data Visualization and Analytics,PLoS ONE,article,Computer Vision and Pattern Recognition,Computer Science,Physical Sciences,https://doi.org/10.1371/journal.pone.0195948
W129285217,W129285217,reference_only,False,0,,2,0,,,,,,,
W182126549,Network Situational Awareness,publication,True,30,2014.0,4,19,Data Visualization and Analytics,"Advances in digital crime, forensics, and cyber terrorism book series",book-chapter,Computer Vision and Pattern Recognition,Computer Science,Physical Sciences,https://doi.org/10.4018/978-1-4666-6324-4.ch021
W269486180,W269486180,reference_only,False,30,,3,0,,,,,,,
W1536826708,W1536826708,reference_only,False,30,,2,0,,,,,,,
W1556850597,Sonification of a network’s self-organized criticality for real-time situational awareness,publication,True,30,2016.0,5,15,Tactile and Sensory Interactions,Displays,article,Cognitive Neuroscience,Neuroscience,Life Sciences,https://doi.org/10.1016/j.displa.2016.05.002
W1817166299,W1817166299,reference_only,False,30,,2,0,,,,,,,
W1972062587,W1972062587,reference_only,False,30,,2,0,,,,,,,
W2136738044,W2136738044,reference_only,False,6,,3,0,,,,,,,
W2155700384,W2155700384,reference_only,False,30,,4,0,,,,,,,
W2251985815,W2251985815,reference_only,False,30,,2,0,,,,,,,
W2479038263,W2479038263,reference_only,False,26,,3,0,,,,,,,
W2531730979,W2531730979,reference_only,False,35,,3,0,,,,,,,
W2592535545,W2592535545,reference_only,False,30,,3,0,,,,,,,
W1551925143,W1551925143,reference_only,False,19,,8,0,,,,,,,
W3087760518,A Perspective on Implementing Movement Sonification to Influence Movement (and Eventually Cognitive) Creativity,publication,True,35,2020.0,0,23,Action Observation and Synchronization,Frontiers in Psychology,article,Social Psychology,Psychology,Social Sciences,https://doi.org/10.3389/fpsyg.2020.02233
W1541647209,The Oxford Handbook of Computer Music,publication,True,26,2011.0,6,13,Music Technology and Sound Studies,Oxford University Press eBooks,book,Computer Vision and Pattern Recognition,Computer Science,Physical Sciences,https://doi.org/10.1093/oxfordhb/9780199792030.001.0001
W1933657216,W1933657216,reference_only,False,8,,16,0,,,,,,,
W1992903142,W1992903142,reference_only,False,5,,2,0,,,,,,,
W2021294872,W2021294872,reference_only,False,35,,2,0,,,,,,,
W2026913377,W2026913377,reference_only,False,35,,2,0,,,,,,,
W2044201858,W2044201858,reference_only,False,35,,5,0,,,,,,,
W2117759073,W2117759073,reference_only,False,35,,2,0,,,,,,,
W2138351621,W2138351621,reference_only,False,35,,2,0,,,,,,,
W2804725336,W2804725336,reference_only,False,3,,2,0,,,,,,,
W2971174310,W2971174310,reference_only,False,35,,2,0,,,,,,,
W2998932971,W2998932971,reference_only,False,35,,5,0,,,,,,,
W1987648924,W1987648924,reference_only,False,26,,2,0,,,,,,,
W2091985678,W2091985678,reference_only,False,26,,3,0,,,,,,,
W2161001478,W2161001478,reference_only,False,26,,2,0,,,,,,,
W2166720965,W2166720965,reference_only,False,26,,2,0,,,,,,,
W2171689406,W2171689406,reference_only,False,26,,5,0,,,,,,,
W2318964089,W2318964089,reference_only,False,26,,3,0,,,,,,,
W2407421298,W2407421298,reference_only,False,26,,8,0,,,,,,,
W2549167833,W2549167833,reference_only,False,26,,3,0,,,,,,,
W2568039188,W2568039188,reference_only,False,26,,6,0,,,,,,,
W2789239418,W2789239418,reference_only,False,26,,3,0,,,,,,,
W2790140296,W2790140296,reference_only,False,26,,5,0,,,,,,,
W2802271675,W2802271675,reference_only,False,26,,4,0,,,,,,,
W2963037989,W2963037989,reference_only,False,26,,4,0,,,,,,,
W2065236701,W2065236701,reference_only,False,5,,4,0,,,,,,,
W2106325442,W2106325442,reference_only,False,8,,10,0,,,,,,,
W2328475895,W2328475895,reference_only,False,5,,2,0,,,,,,,
W3078797493,Intentionality and design in the data sonification of social issues,publication,True,5,2020.0,8,15,Plant and Biological Electrophysiology Studies,Big Data & Society,article,Plant Science,Agricultural and Biological Sciences,Life Sciences,https://doi.org/10.1177/2053951720944603
W2168851722,W2168851722,reference_only,False,5,,2,0,,,,,,,
W2808855915,Uneasy listening: El subutilizado arte de sonificar datos para contar historias de injusticias sociales,publication,True,5,2017.0,2,0,"Literature, Culture, and Aesthetics",Revista Diseña,article,Museology,Arts and Humanities,Social Sciences,https://doi.org/10.7764/disena.11.202-219
W2964634704,Sonification to Support the Monitoring Tasks of Security Operations Centres,publication,True,30,2019.0,2,19,Music Technology and Sound Studies,IEEE Transactions on Dependable and Secure Computing,article,Computer Vision and Pattern Recognition,Computer Science,Physical Sciences,https://doi.org/10.1109/tdsc.2019.2931557
W2965865261,W2965865261,reference_only,False,5,,2,0,,,,,,,
W4246264307,W4246264307,reference_only,False,5,,2,0,,,,,,,
W2151304636,Sonification Of Facial Actions For Musical Expression,publication,True,3,2005.0,0,18,Tactile and Sensory Interactions,TU/e Research Portal,book,Cognitive Neuroscience,Neuroscience,Life Sciences,https://doi.org/10.5281/zenodo.1176750
W1480022975,W1480022975,reference_only,False,3,,2,0,,,,,,,
W1528162760,W1528162760,reference_only,False,3,,2,0,,,,,,,
W1912282481,W1912282481,reference_only,False,3,,4,0,,,,,,,
W1961645301,W1961645301,reference_only,False,3,,2,0,,,,,,,
W2068501790,W2068501790,reference_only,False,3,,2,0,,,,,,,
W2091777213,W2091777213,reference_only,False,3,,2,0,,,,,,,
W2093488518,W2093488518,reference_only,False,3,,2,0,,,,,,,
W2101581748,W2101581748,reference_only,False,3,,2,0,,,,,,,
W2118812119,W2118812119,reference_only,False,3,,2,0,,,,,,,
W2135099678,W2135099678,reference_only,False,3,,2,0,,,,,,,
W2156126617,W2156126617,reference_only,False,3,,2,0,,,,,,,
W2159059077,W2159059077,reference_only,False,3,,2,0,,,,,,,
W2164598857,W2164598857,reference_only,False,3,,2,0,,,,,,,
W2172242137,W2172242137,reference_only,False,3,,2,0,,,,,,,
W2751023760,W2751023760,reference_only,False,3,,2,0,,,,,,,
W2972591985,W2972591985,reference_only,False,3,,2,0,,,,,,,
W3003662786,W3003662786,reference_only,False,3,,2,0,,,,,,,
W3107648448,Interactive sonification to assist children with autism during motor therapeutic interventions,publication,True,35,2020.0,0,21,Tactile and Sensory Interactions,Personal and Ubiquitous Computing,article,Cognitive Neuroscience,Neuroscience,Life Sciences,https://doi.org/10.1007/s00779-020-01479-z
W1658908529,W1658908529,reference_only,False,14,,2,0,,,,,,,
W1822027877,W1822027877,reference_only,False,35,,4,0,,,,,,,
W2326722974,Interactive Sonification in Rowing: An Application of Acoustic Feedback for On-Water Training,publication,True,35,2015.0,5,0,Music Technology and Sound Studies,IEEE Multimedia,article,Computer Vision and Pattern Recognition,Computer Science,Physical Sciences,https://doi.org/10.1109/mmul.2015.25
W2614819371,W2614819371,reference_only,False,35,,2,0,,,,,,,
W3049485975,W3049485975,reference_only,False,35,,2,0,,,,,,,
W1528027857,W1528027857,reference_only,False,1,,9,0,,,,,,,
W1978157075,W1978157075,reference_only,False,35,,2,0,,,,,,,
W1978314014,W1978314014,reference_only,False,35,,4,0,,,,,,,
W1978615060,W1978615060,reference_only,False,35,,2,0,,,,,,,
W1980148956,W1980148956,reference_only,False,35,,4,0,,,,,,,
W1997146703,W1997146703,reference_only,False,35,,3,0,,,,,,,
W2000454443,W2000454443,reference_only,False,35,,4,0,,,,,,,
W2006946554,W2006946554,reference_only,False,35,,4,0,,,,,,,
W2021150169,W2021150169,reference_only,False,35,,2,0,,,,,,,
W2023182894,W2023182894,reference_only,False,35,,5,0,,,,,,,
W2042941296,W2042941296,reference_only,False,35,,3,0,,,,,,,
W2045859248,W2045859248,reference_only,False,35,,2,0,,,,,,,
W2048012092,W2048012092,reference_only,False,35,,2,0,,,,,,,
W2057195584,W2057195584,reference_only,False,35,,4,0,,,,,,,
W2058680411,W2058680411,reference_only,False,35,,2,0,,,,,,,
W2089745666,W2089745666,reference_only,False,35,,3,0,,,,,,,
W2105446094,W2105446094,reference_only,False,35,,2,0,,,,,,,
W2112216432,W2112216432,reference_only,False,35,,2,0,,,,,,,
W2114819038,W2114819038,reference_only,False,35,,2,0,,,,,,,
W2128975021,W2128975021,reference_only,False,35,,4,0,,,,,,,
W2136891618,W2136891618,reference_only,False,35,,3,0,,,,,,,
W2137247190,W2137247190,reference_only,False,35,,3,0,,,,,,,
W2151422895,W2151422895,reference_only,False,35,,4,0,,,,,,,
W2162846639,W2162846639,reference_only,False,35,,9,0,,,,,,,
W4243093309,W4243093309,reference_only,False,5,,2,0,,,,,,,
W4243432123,W4243432123,reference_only,False,35,,2,0,,,,,,,
W4301822236,W4301822236,reference_only,False,35,,3,0,,,,,,,
W6661886821,W6661886821,reference_only,False,35,,2,0,,,,,,,
W1505944291,Creating three dimensions in virtual auditory displays,publication,True,8,2002.0,2,22,Hearing Loss and Rehabilitation,,article,Cognitive Neuroscience,Neuroscience,Life Sciences,
W1596464671,W1596464671,reference_only,False,8,,3,0,,,,,,,
W1977025735,W1977025735,reference_only,False,8,,3,0,,,,,,,
W2005479302,W2005479302,reference_only,False,8,,2,0,,,,,,,
W2032541756,"Multichannel speech intelligibility and talker recognition using monaural, binaural, and three-dimensional auditory presentation",publication,True,8,2000.0,9,22,Hearing Loss and Rehabilitation,The Journal of the Acoustical Society of America,article,Cognitive Neuroscience,Neuroscience,Life Sciences,https://doi.org/10.1121/1.428503
W2043356347,W2043356347,reference_only,False,8,,2,0,,,,,,,
W2063191101,W2063191101,reference_only,False,8,,9,0,,,,,,,
W2071702676,W2071702676,reference_only,False,8,,3,0,,,,,,,
W2075229564,W2075229564,reference_only,False,8,,4,0,,,,,,,
W2099524931,W2099524931,reference_only,False,8,,3,0,,,,,,,
W2123763906,W2123763906,reference_only,False,8,,3,0,,,,,,,
W2125988054,DISTANCE CUES FOR VIRTUAL AUDITORY SPACE,publication,True,8,2000.0,6,18,Hearing Loss and Rehabilitation,,article,Cognitive Neuroscience,Neuroscience,Life Sciences,
W2271406684,W2271406684,reference_only,False,8,,3,0,,,,,,,
W2525449268,W2525449268,reference_only,False,8,,2,0,,,,,,,
W2029604321,Sonification of in-vehicle interface reduces gaze movements under dual-task condition,publication,True,1,2015.0,3,26,Human-Automation Interaction and Safety,Applied Ergonomics,article,Social Psychology,Psychology,Social Sciences,https://doi.org/10.1016/j.apergo.2015.02.004
W79418677,W79418677,reference_only,False,28,,5,0,,,,,,,
W117350066,W117350066,reference_only,False,1,,3,0,,,,,,,
W411594954,W411594954,reference_only,False,1,,2,0,,,,,,,
W1574263620,W1574263620,reference_only,False,1,,3,0,,,,,,,
W1882385262,W1882385262,reference_only,False,1,,10,0,,,,,,,
W2027136107,W2027136107,reference_only,False,28,,3,0,,,,,,,
W2056046632,W2056046632,reference_only,False,28,,4,0,,,,,,,
W2080941050,W2080941050,reference_only,False,1,,2,0,,,,,,,
W2085238083,W2085238083,reference_only,False,1,,4,0,,,,,,,
W2089665915,W2089665915,reference_only,False,1,,2,0,,,,,,,
W2096299001,W2096299001,reference_only,False,28,,5,0,,,,,,,
W6603232562,W6603232562,reference_only,False,28,,2,0,,,,,,,
W6679096667,W6679096667,reference_only,False,32,,2,0,,,,,,,
W207683342,W207683342,reference_only,False,30,,2,0,,,,,,,
W1591470100,W1591470100,reference_only,False,3,,3,0,,,,,,,
W1825602531,W1825602531,reference_only,False,3,,2,0,,,,,,,
W1994183641,W1994183641,reference_only,False,3,,5,0,,,,,,,
W2087407704,W2087407704,reference_only,False,3,,2,0,,,,,,,
W2092914491,W2092914491,reference_only,False,3,,2,0,,,,,,,
W2740047476,W2740047476,reference_only,False,3,,2,0,,,,,,,
W4205974199,W4205974199,reference_only,False,3,,4,0,,,,,,,
W4299451408,W4299451408,reference_only,False,3,,3,0,,,,,,,
W2157032736,W2157032736,reference_only,False,0,,3,0,,,,,,,
W1422997726,A Prototype Audio-Tactile Map System with an Advanced Auditory Display,publication,True,26,2015.0,0,16,Tactile and Sensory Interactions,International Journal of Mobile Human Computer Interaction,article,Cognitive Neuroscience,Neuroscience,Life Sciences,https://doi.org/10.4018/ijmhci.2015100104
W2012909680,W2012909680,reference_only,False,26,,3,0,,,,,,,
W2129793894,W2129793894,reference_only,False,26,,2,0,,,,,,,
W2130012180,W2130012180,reference_only,False,26,,4,0,,,,,,,
W2151689960,W2151689960,reference_only,False,26,,2,0,,,,,,,
W2155601490,W2155601490,reference_only,False,14,,5,0,,,,,,,
W2157145031,W2157145031,reference_only,False,26,,2,0,,,,,,,
W2553353351,Sonifying the location of an object: A comparison of three methods,publication,True,1,2016.0,3,23,Tactile and Sensory Interactions,IFAC-PapersOnLine,article,Cognitive Neuroscience,Neuroscience,Life Sciences,https://doi.org/10.1016/j.ifacol.2016.10.614
W2031043921,W2031043921,reference_only,False,1,,3,0,,,,,,,
W2032151483,W2032151483,reference_only,False,8,,4,0,,,,,,,
W2035736211,The Effect of Sonification Pulse Rate on Perceived Urgency and Response Behaviors,publication,True,1,2007.0,2,16,Safety Warnings and Signage,Proceedings of the Human Factors and Ergonomics Society Annual Meeting,article,Social Psychology,Psychology,Social Sciences,https://doi.org/10.1177/154193120705101915
W2090601654,A Comparative Study of Sonification Methods to Represent Distance and Forward-Direction in Pedestrian Navigation,publication,True,1,2014.0,4,28,Tactile and Sensory Interactions,International Journal of Human-Computer Interaction,article,Cognitive Neuroscience,Neuroscience,Life Sciences,https://doi.org/10.1080/10447318.2014.925381
W2512672180,SOUND EFFECT METAPHORS FOR NEAR FIELD DISTANCE SONIFICATION,publication,True,8,2012.0,4,15,Tactile and Sensory Interactions,,article,Cognitive Neuroscience,Neuroscience,Life Sciences,
W2799397126,W2799397126,reference_only,False,28,,2,0,,,,,,,
W6604358003,W6604358003,reference_only,False,28,,3,0,,,,,,,
W1966411603,W1966411603,reference_only,False,1,,2,0,,,,,,,
W2065343501,W2065343501,reference_only,False,35,,3,0,,,,,,,
W2106654511,W2106654511,reference_only,False,1,,2,0,,,,,,,
W2150423550,W2150423550,reference_only,False,5,,5,0,,,,,,,
W2411192759,W2411192759,reference_only,False,1,,2,0,,,,,,,
W3084930950,W3084930950,reference_only,False,1,,2,0,,,,,,,
W264468440,W264468440,reference_only,False,6,,2,0,,,,,,,
W626420149,W626420149,reference_only,False,6,,2,0,,,,,,,
W637810598,W637810598,reference_only,False,6,,2,0,,,,,,,
W1489032534,W1489032534,reference_only,False,6,,3,0,,,,,,,
W1489910056,W1489910056,reference_only,False,6,,2,0,,,,,,,
W1889229194,W1889229194,reference_only,False,6,,2,0,,,,,,,
W1968410348,W1968410348,reference_only,False,6,,2,0,,,,,,,
W1977698167,W1977698167,reference_only,False,6,,2,0,,,,,,,
W1992476469,Sound science,publication,True,1,2005.0,2,15,Hearing Loss and Rehabilitation,ACM Transactions on Applied Perception,article,Cognitive Neuroscience,Neuroscience,Life Sciences,https://doi.org/10.1145/1101530.1101531
W2001619934,W2001619934,reference_only,False,6,,2,0,,,,,,,
W2073743567,W2073743567,reference_only,False,6,,2,0,,,,,,,
W2085313580,W2085313580,reference_only,False,6,,2,0,,,,,,,
W2086361624,W2086361624,reference_only,False,6,,2,0,,,,,,,
W2121114659,W2121114659,reference_only,False,6,,3,0,,,,,,,
W2128067424,W2128067424,reference_only,False,6,,2,0,,,,,,,
W2133789919,"Interactive Sonification: Aesthetics, Functionality and Performance",publication,True,6,2006.0,3,9,Neuroscience and Music Perception,Leonardo Music Journal,article,Cognitive Neuroscience,Neuroscience,Life Sciences,https://doi.org/10.1162/lmj.2006.16.9
W2151413830,W2151413830,reference_only,False,6,,2,0,,,,,,,
W2228360487,W2228360487,reference_only,False,0,,2,0,,,,,,,
W2254060106,W2254060106,reference_only,False,6,,2,0,,,,,,,
W2275060590,W2275060590,reference_only,False,23,,3,0,,,,,,,
W2314093495,W2314093495,reference_only,False,0,,6,0,,,,,,,
W2437944523,W2437944523,reference_only,False,6,,4,0,,,,,,,
W2471654365,W2471654365,reference_only,False,6,,2,0,,,,,,,
W3173912767,Data analysis through auditory display : applications in heart rate variability,publication,True,6,2000.0,2,29,Time Series Analysis and Forecasting,eScholarship@McGill (McGill),dissertation,Signal Processing,Computer Science,Physical Sciences,https://doi.org/10.82308/14442
W1990597092,W1990597092,reference_only,False,30,,2,0,,,,,,,
W2046758390,W2046758390,reference_only,False,30,,2,0,,,,,,,
W2075514521,W2075514521,reference_only,False,30,,3,0,,,,,,,
W2138543759,W2138543759,reference_only,False,30,,3,0,,,,,,,
W4236369288,W4236369288,reference_only,False,30,,3,0,,,,,,,
W6681657202,W6681657202,reference_only,False,30,,3,0,,,,,,,
W6682990099,W6682990099,reference_only,False,30,,3,0,,,,,,,
W6713187323,W6713187323,reference_only,False,30,,3,0,,,,,,,
W6723906601,W6723906601,reference_only,False,30,,2,0,,,,,,,
W6728834569,W6728834569,reference_only,False,30,,2,0,,,,,,,
W2008540796,W2008540796,reference_only,False,3,,2,0,,,,,,,
W2165482355,Procedure for determination of free and total cholesterol in micro- or nanogram amounts suitable for studies with cultured cells.,publication,True,2,1978.0,0,1,Steroid Chemistry and Biochemistry,Journal of Lipid Research,article,Molecular Biology,"Biochemistry, Genetics and Molecular Biology",Life Sciences,https://doi.org/10.1016/s0022-2275(20)40693-5
W1775749144,W1775749144,reference_only,False,2,,14,0,,,,,,,
W4392863775,Application of Convolutional Neural Network for Decoding of 12-Lead Electrocardiogram from a Frequency-Modulated Audio Stream (Sonified ECG),publication,True,6,2024.0,0,24,ECG Monitoring and Analysis,Sensors,article,Cardiology and Cardiovascular Medicine,Medicine,Health Sciences,https://doi.org/10.3390/s24061883
W1490781604,W1490781604,reference_only,False,6,,2,0,,,,,,,
W1534904646,The Psychology of Music in Multimedia,publication,True,6,2013.0,3,0,Neuroscience and Music Perception,,book,Cognitive Neuroscience,Neuroscience,Life Sciences,https://doi.org/10.1093/acprof:oso/9780199608157.001.0001
W2106822551,W2106822551,reference_only,False,6,,3,0,,,,,,,
W2344419641,Design and evaluation of the effectiveness of a sonification technique for real time heart-rate data,publication,True,6,2016.0,4,7,Heart Rate Variability and Autonomic Control,Journal on Multimodal User Interfaces,article,Cardiology and Cardiovascular Medicine,Medicine,Health Sciences,https://doi.org/10.1007/s12193-016-0218-7
W2594255081,W2594255081,reference_only,False,26,,4,0,,,,,,,
W2743445852,W2743445852,reference_only,False,6,,4,0,,,,,,,
W2794550444,W2794550444,reference_only,False,6,,2,0,,,,,,,
W2943678288,W2943678288,reference_only,False,6,,3,0,,,,,,,
W2981763992,Sonification – an Alternative Presentation of the Electrocardiogram: A Systematic Literature Review,publication,True,6,2019.0,3,6,Phonocardiography and Auscultation Techniques,,review,Pulmonary and Respiratory Medicine,Medicine,Health Sciences,https://doi.org/10.1109/et.2019.8878650
W2990869822,W2990869822,reference_only,False,6,,2,0,,,,,,,
W3008668671,ECG sonification to support the diagnosis and monitoring of myocardial infarction,publication,True,6,2020.0,7,21,ECG Monitoring and Analysis,Journal on Multimodal User Interfaces,article,Cardiology and Cardiovascular Medicine,Medicine,Health Sciences,https://doi.org/10.1007/s12193-020-00319-x
W3033672056,"Editorial: Sonification, Perceptualizing Biological Information",publication,True,6,2020.0,3,5,Multisensory perception and integration,Frontiers in Neuroscience,editorial,Experimental and Cognitive Psychology,Psychology,Social Sciences,https://doi.org/10.3389/fnins.2020.00550
W4283368874,Sonification enables continuous surveillance of the ST segment in the electrocardiogram,publication,True,6,2022.0,3,10,Healthcare Technology and Patient Monitoring,The American Journal of Emergency Medicine,article,Surgery,Medicine,Health Sciences,https://doi.org/10.1016/j.ajem.2022.05.016
W4283693176,W4283693176,reference_only,False,6,,2,0,,,,,,,
W4392222756,Open Your Ears and Take a Look: A State‐of‐the‐Art Report on the Integration of Sonification and Visualization,publication,True,6,2024.0,2,80,Tactile and Sensory Interactions,Computer Graphics Forum,article,Cognitive Neuroscience,Neuroscience,Life Sciences,https://doi.org/10.1111/cgf.15114
W4399491734,W4399491734,reference_only,False,6,,2,0,,,,,,,
W6600506015,W6600506015,reference_only,False,35,,6,0,,,,,,,
W77854520,W77854520,reference_only,False,1,,7,0,,,,,,,
W140125784,W140125784,reference_only,False,1,,2,0,,,,,,,
W1990223083,W1990223083,reference_only,False,1,,2,0,,,,,,,
W2026399866,W2026399866,reference_only,False,1,,2,0,,,,,,,
W2028878459,W2028878459,reference_only,False,1,,2,0,,,,,,,
W2052054613,W2052054613,reference_only,False,1,,2,0,,,,,,,
W2081892178,W2081892178,reference_only,False,1,,3,0,,,,,,,
W2100757236,W2100757236,reference_only,False,1,,2,0,,,,,,,
W2171520549,W2171520549,reference_only,False,1,,2,0,,,,,,,
W2799349239,W2799349239,reference_only,False,1,,2,0,,,,,,,
W2083225880,Sonification of Probabilistic Feedback through Granular Synthesis,publication,True,14,2005.0,2,16,Music Technology and Sound Studies,IEEE Multimedia,article,Computer Vision and Pattern Recognition,Computer Science,Physical Sciences,https://doi.org/10.1109/mmul.2005.37
W619543029,W619543029,reference_only,False,14,,2,0,,,,,,,
W1532653240,W1532653240,reference_only,False,14,,2,0,,,,,,,
W1657213141,W1657213141,reference_only,False,14,,2,0,,,,,,,
W1759394199,W1759394199,reference_only,False,14,,3,0,,,,,,,
W1962726730,W1962726730,reference_only,False,14,,2,0,,,,,,,
W2051782817,W2051782817,reference_only,False,14,,2,0,,,,,,,
W2115592467,W2115592467,reference_only,False,14,,2,0,,,,,,,
W2125866005,W2125866005,reference_only,False,14,,2,0,,,,,,,
W2161406034,W2161406034,reference_only,False,14,,2,0,,,,,,,
W2316743980,W2316743980,reference_only,False,14,,6,0,,,,,,,
W2334391114,W2334391114,reference_only,False,0,,4,0,,,,,,,
W4251141129,W4251141129,reference_only,False,1,,3,0,,,,,,,
W3154541901,Sonifying Data from the Human Microbiota: Biota Beats,publication,True,14,2020.0,3,11,Music Technology and Sound Studies,Computer Music Journal,article,Computer Vision and Pattern Recognition,Computer Science,Physical Sciences,https://doi.org/10.1162/comj_a_00552
W2105876219,W2105876219,reference_only,False,6,,2,0,,,,,,,
W2128026023,W2128026023,reference_only,False,6,,7,0,,,,,,,
W2145023731,W2145023731,reference_only,False,26,,4,0,,,,,,,
W2972001355,W2972001355,reference_only,False,6,,2,0,,,,,,,
W6737213203,W6737213203,reference_only,False,31,,2,0,,,,,,,
W1535199048,W1535199048,reference_only,False,8,,2,0,,,,,,,
W1538946659,W1538946659,reference_only,False,8,,2,0,,,,,,,
W1965088807,W1965088807,reference_only,False,8,,3,0,,,,,,,
W1990120236,W1990120236,reference_only,False,8,,2,0,,,,,,,
W1993816822,W1993816822,reference_only,False,8,,3,0,,,,,,,
W2025127228,W2025127228,reference_only,False,8,,4,0,,,,,,,
W1999906123,After direct manipulation---direct sonification,publication,True,1,2005.0,4,15,Tactile and Sensory Interactions,ACM Transactions on Applied Perception,article,Cognitive Neuroscience,Neuroscience,Life Sciences,https://doi.org/10.1145/1101530.1101548
W2004603793,W2004603793,reference_only,False,1,,5,0,,,,,,,
W2011290600,W2011290600,reference_only,False,1,,7,0,,,,,,,
W2037146600,W2037146600,reference_only,False,19,,5,0,,,,,,,
W2088761144,W2088761144,reference_only,False,1,,2,0,,,,,,,
W2099305423,W2099305423,reference_only,False,1,,3,0,,,,,,,
W2758621819,W2758621819,reference_only,False,26,,3,0,,,,,,,
W7027820433,W7027820433,reference_only,False,1,,2,0,,,,,,,
W7054993619,W7054993619,reference_only,False,1,,2,0,,,,,,,
W4386029444,Towards a unified terminology for sonification and visualization,publication,True,6,2023.0,4,41,Data Visualization and Analytics,Personal and Ubiquitous Computing,article,Computer Vision and Pattern Recognition,Computer Science,Physical Sciences,https://doi.org/10.1007/s00779-023-01720-5
W884650706,W884650706,reference_only,False,6,,6,0,,,,,,,
W1516293359,W1516293359,reference_only,False,1,,7,0,,,,,,,
W1617242785,W1617242785,reference_only,False,6,,2,0,,,,,,,
W1823329909,W1823329909,reference_only,False,6,,6,0,,,,,,,
W1976160686,W1976160686,reference_only,False,6,,2,0,,,,,,,
W2017537431,W2017537431,reference_only,False,6,,2,0,,,,,,,
W2066339425,W2066339425,reference_only,False,8,,3,0,,,,,,,
W2097341432,W2097341432,reference_only,False,1,,4,0,,,,,,,
W2106588364,W2106588364,reference_only,False,6,,2,0,,,,,,,
W2132881639,W2132881639,reference_only,False,1,,3,0,,,,,,,
W2142571143,W2142571143,reference_only,False,8,,5,0,,,,,,,
W2171373347,W2171373347,reference_only,False,6,,2,0,,,,,,,
W2563824483,W2563824483,reference_only,False,6,,3,0,,,,,,,
W2966356272,W2966356272,reference_only,False,6,,2,0,,,,,,,
W3206887774,W3206887774,reference_only,False,6,,3,0,,,,,,,
W4233431594,W4233431594,reference_only,False,1,,2,0,,,,,,,
W4233768561,W4233768561,reference_only,False,5,,4,0,,,,,,,
W4236344233,W4236344233,reference_only,False,6,,2,0,,,,,,,
W4246986769,Sonification Design,publication,True,6,2019.0,9,0,Design Education and Practice,Human-computer interaction series,book,Mechanical Engineering,Engineering,Physical Sciences,https://doi.org/10.1007/978-3-030-01497-1
W4283021697,W4283021697,reference_only,False,6,,4,0,,,,,,,
W6945283510,W6945283510,reference_only,False,6,,5,0,,,,,,,
W2148523834,A Portable Sonified Neurofeedback Therapy for Autism Spectrum Disorder Patients-An Initial Evaluation,publication,True,0,2013.0,0,2,EEG and Brain-Computer Interfaces,Journal of Neurological Disorders,article,Cognitive Neuroscience,Neuroscience,Life Sciences,https://doi.org/10.4172/2329-6895.1000133
W1510373581,W1510373581,reference_only,False,0,,2,0,,,,,,,
W2110444396,W2110444396,reference_only,False,0,,3,0,,,,,,,
W2073445176,Acoustic User Interface (AUI) for the auditory displays,publication,True,19,2002.0,0,1,Tactile and Sensory Interactions,Displays,article,Cognitive Neuroscience,Neuroscience,Life Sciences,https://doi.org/10.1016/s0141-9382(02)00011-2
W6740891953,W6740891953,reference_only,False,31,,2,0,,,,,,,
W2029667189,W2029667189,reference_only,False,14,,7,0,,,,,,,
W2033197339,W2033197339,reference_only,False,14,,2,0,,,,,,,
W2058788751,W2058788751,reference_only,False,14,,7,0,,,,,,,
W2067031014,W2067031014,reference_only,False,14,,2,0,,,,,,,
W2102449622,W2102449622,reference_only,False,14,,2,0,,,,,,,
W2130479394,W2130479394,reference_only,False,14,,4,0,,,,,,,
W2162166182,W2162166182,reference_only,False,14,,2,0,,,,,,,
W2566326302,W2566326302,reference_only,False,14,,2,0,,,,,,,
W2886636886,W2886636886,reference_only,False,14,,2,0,,,,,,,
W1504935443,“Let Me Hear Your Handwriting!” Evaluating the Movement Fluency from Its Sonification,publication,True,35,2015.0,6,40,Hearing Impairment and Communication,PLoS ONE,article,Developmental and Educational Psychology,Psychology,Social Sciences,https://doi.org/10.1371/journal.pone.0128388
W207840002,W207840002,reference_only,False,35,,2,0,,,,,,,
W1968846988,W1968846988,reference_only,False,35,,3,0,,,,,,,
W1981354982,W1981354982,reference_only,False,35,,3,0,,,,,,,
W1982819694,W1982819694,reference_only,False,35,,5,0,,,,,,,
W1999579335,W1999579335,reference_only,False,35,,2,0,,,,,,,
W2003351666,W2003351666,reference_only,False,35,,4,0,,,,,,,
W2008886640,W2008886640,reference_only,False,35,,2,0,,,,,,,
W2010933881,W2010933881,reference_only,False,35,,3,0,,,,,,,
W2027876425,W2027876425,reference_only,False,35,,4,0,,,,,,,
W2035090004,W2035090004,reference_only,False,35,,6,0,,,,,,,
W2065730432,W2065730432,reference_only,False,35,,2,0,,,,,,,
W2081251063,W2081251063,reference_only,False,35,,4,0,,,,,,,
W2083829327,W2083829327,reference_only,False,35,,6,0,,,,,,,
W2087755669,W2087755669,reference_only,False,35,,2,0,,,,,,,
W2095128129,W2095128129,reference_only,False,35,,3,0,,,,,,,
W2113598159,W2113598159,reference_only,False,35,,4,0,,,,,,,
W2120017071,W2120017071,reference_only,False,35,,6,0,,,,,,,
W2122341428,W2122341428,reference_only,False,35,,4,0,,,,,,,
W2142784426,W2142784426,reference_only,False,35,,3,0,,,,,,,
W2319700677,W2319700677,reference_only,False,35,,13,0,,,,,,,
W2012807833,W2012807833,reference_only,False,6,,4,0,,,,,,,
W2047896579,W2047896579,reference_only,False,6,,2,0,,,,,,,
W2058588831,W2058588831,reference_only,False,6,,2,0,,,,,,,
W2121056041,W2121056041,reference_only,False,6,,2,0,,,,,,,
W2277385341,W2277385341,reference_only,False,6,,2,0,,,,,,,
W2741346289,W2741346289,reference_only,False,26,,5,0,,,,,,,
W3098391756,W3098391756,reference_only,False,6,,2,0,,,,,,,
W3106481222,W3106481222,reference_only,False,6,,2,0,,,,,,,
W131146354,W131146354,reference_only,False,26,,2,0,,,,,,,
W624190890,W624190890,reference_only,False,35,,2,0,,,,,,,
W1541753613,W1541753613,reference_only,False,35,,3,0,,,,,,,
W1620414136,W1620414136,reference_only,False,6,,2,0,,,,,,,
W1980226795,W1980226795,reference_only,False,35,,3,0,,,,,,,
W2021742495,W2021742495,reference_only,False,35,,4,0,,,,,,,
W2022973351,W2022973351,reference_only,False,35,,2,0,,,,,,,
W2023203889,W2023203889,reference_only,False,35,,2,0,,,,,,,
W2042591880,W2042591880,reference_only,False,35,,2,0,,,,,,,
W2044647181,W2044647181,reference_only,False,35,,2,0,,,,,,,
W2067975977,W2067975977,reference_only,False,35,,4,0,,,,,,,
W2088593108,W2088593108,reference_only,False,35,,2,0,,,,,,,
W2115492850,W2115492850,reference_only,False,35,,3,0,,,,,,,
W2127875809,W2127875809,reference_only,False,35,,3,0,,,,,,,
W2134907585,W2134907585,reference_only,False,35,,2,0,,,,,,,
W2142462075,W2142462075,reference_only,False,35,,2,0,,,,,,,
W4212964046,W4212964046,reference_only,False,26,,2,0,,,,,,,
W4241805605,W4241805605,reference_only,False,35,,2,0,,,,,,,
W1997618744,A Detection Theory Method for the Analysis of Visual and Auditory Displays,publication,True,8,1987.0,0,2,Industrial Vision Systems and Defect Detection,Proceedings of the Human Factors and Ergonomics Society Annual Meeting,article,Industrial and Manufacturing Engineering,Engineering,Physical Sciences,https://doi.org/10.1177/154193128703101101
W2921629193,W2921629193,reference_only,False,8,,2,0,,,,,,,
W1593837227,A whisper in the woods - an ambient soundscape for peripheral awareness of remote processes,publication,True,1,2002.0,5,13,Noise Effects and Management,,article,Speech and Hearing,Health Professions,Health Sciences,
W2120240177,W2120240177,reference_only,False,30,,2,0,,,,,,,
W2138921652,W2138921652,reference_only,False,3,,2,0,,,,,,,
W2167714411,W2167714411,reference_only,False,6,,3,0,,,,,,,
W2125023524,"Evaluation of Auditory, Visual, and Dual-Mode Displays for Prolonged Sonar Monitoring in Repeated Sessions",publication,True,1,1975.0,4,1,Human-Automation Interaction and Safety,Human Factors The Journal of the Human Factors and Ergonomics Society,article,Social Psychology,Psychology,Social Sciences,https://doi.org/10.1177/001872087501700501
W2165928794,W2165928794,reference_only,False,8,,3,0,,,,,,,
W2335748804,W2335748804,reference_only,False,1,,2,0,,,,,,,
W2077123625,Spatial and Spectral Release from Masking in Three-Dimensional Auditory Displays,publication,True,8,1995.0,2,14,Hearing Loss and Rehabilitation,Human Factors The Journal of the Human Factors and Ergonomics Society,article,Cognitive Neuroscience,Neuroscience,Life Sciences,https://doi.org/10.1518/001872095779064573
W58061406,W58061406,reference_only,False,8,,2,0,,,,,,,
W1990538809,W1990538809,reference_only,False,8,,2,0,,,,,,,
W2008713487,W2008713487,reference_only,False,8,,4,0,,,,,,,
W2139757178,W2139757178,reference_only,False,8,,4,0,,,,,,,
W2785249477,Visualization and Sonification of Long-Term Epilepsy Electroencephalogram Monitoring,publication,True,0,2018.0,0,5,EEG and Brain-Computer Interfaces,Journal of Medical and Biological Engineering,article,Cognitive Neuroscience,Neuroscience,Life Sciences,https://doi.org/10.1007/s40846-017-0358-6
W134665402,W134665402,reference_only,False,0,,2,0,,,,,,,
W2091979553,W2091979553,reference_only,False,0,,2,0,,,,,,,
W2134262590,W2134262590,reference_only,False,0,,2,0,,,,,,,
W1538536596,PSYCHOPHYSICAL CALIBRATION FOR CONTROLLING THE RANGE OF A VIRTUAL SOUND SOURCE: MULTIDIMENSIONAL COMPLEXITY IN SPATIAL AUDITORY DISPLAY,publication,True,8,2001.0,0,22,Hearing Loss and Rehabilitation,,article,Cognitive Neuroscience,Neuroscience,Life Sciences,
W128574618,W128574618,reference_only,False,8,,3,0,,,,,,,
W1491063773,W1491063773,reference_only,False,8,,4,0,,,,,,,
W1547876901,W1547876901,reference_only,False,8,,3,0,,,,,,,
W1599544081,W1599544081,reference_only,False,8,,2,0,,,,,,,
W2034562813,W2034562813,reference_only,False,8,,2,0,,,,,,,
W2037814094,W2037814094,reference_only,False,8,,3,0,,,,,,,
W2061982261,W2061982261,reference_only,False,8,,3,0,,,,,,,
W2063337414,Preferred Sound Intensity Increase for Sensation of Half Distance,publication,True,8,1991.0,3,14,Visual perception and processing mechanisms,Perceptual and Motor Skills,article,Cognitive Neuroscience,Neuroscience,Life Sciences,https://doi.org/10.2466/pms.1991.72.3.1019
W2618843293,W2618843293,reference_only,False,0,,2,0,,,,,,,
W2008196626,W2008196626,reference_only,False,19,,3,0,,,,,,,
W2010196912,W2010196912,reference_only,False,19,,4,0,,,,,,,
W2026151618,W2026151618,reference_only,False,19,,2,0,,,,,,,
W2098343150,W2098343150,reference_only,False,19,,2,0,,,,,,,
W2111422793,W2111422793,reference_only,False,19,,3,0,,,,,,,
W2121584725,W2121584725,reference_only,False,19,,3,0,,,,,,,
W2150832300,W2150832300,reference_only,False,19,,2,0,,,,,,,
W2152905082,W2152905082,reference_only,False,19,,9,0,,,,,,,
W2162191950,W2162191950,reference_only,False,19,,4,0,,,,,,,
W4249127707,Sonification Supports Eyes-Free Respiratory Monitoring and Task Time-Sharing,publication,True,19,2004.0,3,0,Healthcare Technology and Patient Monitoring,Human Factors The Journal of the Human Factors and Ergonomics Society,article,Surgery,Medicine,Health Sciences,https://doi.org/10.1518/hfes.46.3.497.1636
W4308787230,Sound experts’ perspectives on astronomy sonification projects,publication,True,6,2022.0,6,45,Multisensory perception and integration,Nature Astronomy,article,Experimental and Cognitive Psychology,Psychology,Social Sciences,https://doi.org/10.1038/s41550-022-01821-w
W118035301,W118035301,reference_only,False,6,,5,0,,,,,,,
W1479730015,Digital Fabrication of Acoustic Sonifications,publication,True,1,2012.0,2,2,Music Technology and Sound Studies,University of Canberra Research Portal,article,Computer Vision and Pattern Recognition,Computer Science,Physical Sciences,
W2056478665,W2056478665,reference_only,False,6,,2,0,,,,,,,
W2108991810,W2108991810,reference_only,False,6,,2,0,,,,,,,
W2132052974,W2132052974,reference_only,False,6,,2,0,,,,,,,
W2135347478,W2135347478,reference_only,False,5,,2,0,,,,,,,
W2235031008,Diagnosing blood pressure with Acoustic Sonification singing bowls,publication,True,6,2015.0,2,11,Tactile and Sensory Interactions,International Journal of Human-Computer Studies,article,Cognitive Neuroscience,Neuroscience,Life Sciences,https://doi.org/10.1016/j.ijhcs.2015.08.007
W2346164293,Sonification and music as support to the communication of alcohol-related health risks to young people,publication,True,6,2016.0,4,7,Multisensory perception and integration,Journal on Multimodal User Interfaces,article,Experimental and Cognitive Psychology,Psychology,Social Sciences,https://doi.org/10.1007/s12193-016-0220-0
W2797400727,W2797400727,reference_only,False,19,,3,0,,,,,,,
W2886865485,W2886865485,reference_only,False,6,,4,0,,,,,,,
W2900529643,Sonic Information Design,publication,True,6,2018.0,2,0,Design Education and Practice,Journal of sonic studies,article,Mechanical Engineering,Engineering,Physical Sciences,https://doi.org/10.22501/jss.514603
W2903927902,W2903927902,reference_only,False,6,,2,0,,,,,,,
W2998275916,W2998275916,reference_only,False,6,,2,0,,,,,,,
W3183977478,W3183977478,reference_only,False,6,,3,0,,,,,,,
W4292931341,W4292931341,reference_only,False,5,,6,0,,,,,,,
W4297349554,W4297349554,reference_only,False,31,,3,0,,,,,,,
W4309182995,A SONIFICATION OF THE ZCOSMOS GALAXY DATASET,publication,True,6,2022.0,3,25,Advanced Vision and Imaging,Revista Mexicana de Astronomía y Astrofísica Serie de Conferencias,article,Computer Vision and Pattern Recognition,Computer Science,Physical Sciences,https://doi.org/10.22201/ia.14052059p.2022.54.10
W1566244649,W1566244649,reference_only,False,35,,2,0,,,,,,,
W1997946001,W1997946001,reference_only,False,35,,4,0,,,,,,,
W2006946957,W2006946957,reference_only,False,35,,5,0,,,,,,,
W2008817973,W2008817973,reference_only,False,35,,6,0,,,,,,,
W2037878919,W2037878919,reference_only,False,35,,5,0,,,,,,,
W2087532581,W2087532581,reference_only,False,35,,2,0,,,,,,,
W2106931110,W2106931110,reference_only,False,35,,2,0,,,,,,,
W2604458530,W2604458530,reference_only,False,8,,2,0,,,,,,,
W2605187745,W2605187745,reference_only,False,35,,3,0,,,,,,,
W2609996570,W2609996570,reference_only,False,35,,4,0,,,,,,,
W2740502024,W2740502024,reference_only,False,35,,6,0,,,,,,,
W2111460811,W2111460811,reference_only,False,6,,4,0,,,,,,,
W2010407571,Communicating directional information with an auditory display.,publication,True,28,1971.0,0,3,Tactile and Sensory Interactions,Journal of Applied Psychology,article,Cognitive Neuroscience,Neuroscience,Life Sciences,https://doi.org/10.1037/h0031028
W1982822393,W1982822393,reference_only,False,28,,4,0,,,,,,,
W2055221411,W2055221411,reference_only,False,28,,2,0,,,,,,,
W2091636436,W2091636436,reference_only,False,28,,3,0,,,,,,,
W1927822350,W1927822350,reference_only,False,35,,4,0,,,,,,,
W1979700375,W1979700375,reference_only,False,35,,9,0,,,,,,,
W1983520932,W1983520932,reference_only,False,35,,3,0,,,,,,,
W2002255915,W2002255915,reference_only,False,35,,3,0,,,,,,,
W2002556572,W2002556572,reference_only,False,35,,3,0,,,,,,,
W2029603628,W2029603628,reference_only,False,35,,4,0,,,,,,,
W2034840248,W2034840248,reference_only,False,35,,3,0,,,,,,,
W2038430528,W2038430528,reference_only,False,35,,3,0,,,,,,,
W2040245809,W2040245809,reference_only,False,35,,6,0,,,,,,,
W2059675270,W2059675270,reference_only,False,35,,3,0,,,,,,,
W2061279330,W2061279330,reference_only,False,35,,6,0,,,,,,,
W2086898699,W2086898699,reference_only,False,35,,2,0,,,,,,,
W2161049948,W2161049948,reference_only,False,35,,3,0,,,,,,,
W2162764535,W2162764535,reference_only,False,35,,2,0,,,,,,,
W2174401281,W2174401281,reference_only,False,35,,2,0,,,,,,,
W2280232584,W2280232584,reference_only,False,35,,2,0,,,,,,,
W2125672489,Effects of Training and Auditory Context on Performance of a Point Estimation Sonification Task,publication,True,1,2004.0,2,14,Tactile and Sensory Interactions,Proceedings of the Human Factors and Ergonomics Society Annual Meeting,article,Cognitive Neuroscience,Neuroscience,Life Sciences,https://doi.org/10.1177/154193120404801608
W2991477142,Sounds interesting: can sonification help us design new proteins?,publication,True,14,2019.0,7,9,Music Technology and Sound Studies,Expert Review of Proteomics,article,Computer Vision and Pattern Recognition,Computer Science,Physical Sciences,https://doi.org/10.1080/14789450.2019.1697236
W2002614567,W2002614567,reference_only,False,14,,3,0,,,,,,,
W3163489024,DNA sonification for public engagement in bioinformatics,publication,True,14,2021.0,5,9,Music Technology and Sound Studies,BMC Research Notes,article,Computer Vision and Pattern Recognition,Computer Science,Physical Sciences,https://doi.org/10.1186/s13104-021-05685-7
W2166475603,W2166475603,reference_only,False,14,,2,0,,,,,,,
W2559834531,W2559834531,reference_only,False,14,,2,0,,,,,,,
W2989822445,Using the Sonification for Hardly Detectable Details in Medical Images,publication,True,15,2019.0,0,20,Underwater Acoustics Research,Scientific Reports,article,Oceanography,Earth and Planetary Sciences,Physical Sciences,https://doi.org/10.1038/s41598-019-54080-7
W577481087,W577481087,reference_only,False,15,,3,0,,,,,,,
W1568636969,W1568636969,reference_only,False,15,,2,0,,,,,,,
W1973453395,W1973453395,reference_only,False,15,,2,0,,,,,,,
W1983056664,W1983056664,reference_only,False,15,,2,0,,,,,,,
W1985365374,W1985365374,reference_only,False,15,,2,0,,,,,,,
W2030262610,W2030262610,reference_only,False,15,,2,0,,,,,,,
W2037386845,W2037386845,reference_only,False,15,,2,0,,,,,,,
W2041949209,W2041949209,reference_only,False,15,,2,0,,,,,,,
W2056615497,The Information of Elementary Auditory Displays,publication,True,15,1952.0,2,0,Noise Effects and Management,The Journal of the Acoustical Society of America,article,Speech and Hearing,Health Professions,Health Sciences,https://doi.org/10.1121/1.1906969
W2087033208,W2087033208,reference_only,False,15,,2,0,,,,,,,
W2093975242,W2093975242,reference_only,False,15,,2,0,,,,,,,
W2094140714,W2094140714,reference_only,False,15,,2,0,,,,,,,
W2773024834,A Novel Sonification Approach to Support the Diagnosis of Alzheimer’s Dementia,publication,True,6,2017.0,7,18,Multisensory perception and integration,Frontiers in Neurology,article,Experimental and Cognitive Psychology,Psychology,Social Sciences,https://doi.org/10.3389/fneur.2017.00647
W4237700801,W4237700801,reference_only,False,15,,2,0,,,,,,,
W3011400720,"Sonification based <i>de novo</i> protein design using artificial intelligence, structure prediction, and analysis using molecular modeling",publication,True,14,2020.0,8,33,Protein Structure and Dynamics,APL Bioengineering,article,Molecular Biology,"Biochemistry, Genetics and Molecular Biology",Life Sciences,https://doi.org/10.1063/1.5133026
W1969293769,W1969293769,reference_only,False,14,,3,0,,,,,,,
W2017611841,W2017611841,reference_only,False,14,,3,0,,,,,,,
W2057852412,W2057852412,reference_only,False,14,,2,0,,,,,,,
W2060872117,W2060872117,reference_only,False,14,,2,0,,,,,,,
W2066602552,W2066602552,reference_only,False,14,,2,0,,,,,,,
W2102725267,W2102725267,reference_only,False,14,,2,0,,,,,,,
W2150981663,W2150981663,reference_only,False,14,,2,0,,,,,,,
W2272574296,W2272574296,reference_only,False,14,,2,0,,,,,,,
W2339346387,W2339346387,reference_only,False,14,,2,0,,,,,,,
W2516764012,W2516764012,reference_only,False,14,,2,0,,,,,,,
W2739226128,W2739226128,reference_only,False,14,,2,0,,,,,,,
W2943896963,Sonifying the quantified self: Rhythmanalysis and performance research in and against the reduction of life-time to labour-time,publication,True,6,2019.0,0,3,Philosophical and Theoretical Analysis,Capital & Class,article,Philosophy,Arts and Humanities,Social Sciences,https://doi.org/10.1177/0309816819873370
W2032498967,W2032498967,reference_only,False,6,,2,0,,,,,,,
W2489345576,W2489345576,reference_only,False,6,,2,0,,,,,,,
W4243653930,W4243653930,reference_only,False,6,,2,0,,,,,,,
W1487133803,Information Fusion for Perceptual Feedback: A Brain Activity Sonification Approach,publication,True,0,2008.0,0,5,EEG and Brain-Computer Interfaces,,book-chapter,Cognitive Neuroscience,Neuroscience,Life Sciences,https://doi.org/10.1007/978-0-387-74367-7_14
W1535099319,W1535099319,reference_only,False,0,,2,0,,,,,,,
W2007221293,W2007221293,reference_only,False,6,,4,0,,,,,,,
W612866927,W612866927,reference_only,False,0,,3,0,,,,,,,
W1554541441,W1554541441,reference_only,False,0,,4,0,,,,,,,
W1988626602,W1988626602,reference_only,False,0,,2,0,,,,,,,
W1999212075,W1999212075,reference_only,False,0,,2,0,,,,,,,
W2044116517,W2044116517,reference_only,False,8,,3,0,,,,,,,
W2088254721,W2088254721,reference_only,False,0,,2,0,,,,,,,
W2113276962,W2113276962,reference_only,False,0,,3,0,,,,,,,
W3101968871,W3101968871,reference_only,False,0,,3,0,,,,,,,
W3138083623,W3138083623,reference_only,False,0,,5,0,,,,,,,
W2243995479,Concurrent Auditory Stream Discrimination in Auditory Graphing,publication,True,1,2007.0,2,22,Speech and Audio Processing,OPUS - Open Publications of UTS Scholars (University of Technology Sydney),article,Signal Processing,Computer Science,Physical Sciences,
W27705273,W27705273,reference_only,False,8,,3,0,,,,,,,
W130757090,W130757090,reference_only,False,8,,2,0,,,,,,,
W280628476,W280628476,reference_only,False,1,,2,0,,,,,,,
W2079442971,W2079442971,reference_only,False,1,,2,0,,,,,,,
W2106061280,FEASIBILITY OF MULTIPLE NON-SPEECH SOUNDS PRESENTATION USING HEADPHONES,publication,True,1,2001.0,4,14,Hearing Loss and Rehabilitation,,article,Cognitive Neuroscience,Neuroscience,Life Sciences,
W2143169494,W2143169494,reference_only,False,1,,2,0,,,,,,,
W2734334191,W2734334191,reference_only,False,1,,2,0,,,,,,,
W3171077326,W3171077326,reference_only,False,1,,4,0,,,,,,,
W3036207587,Sonification of the self vs. sonification of the other: Differences in the sonification of performed vs. observed simple hand movements,publication,True,6,2020.0,5,17,Tactile and Sensory Interactions,International Journal of Human-Computer Studies,article,Cognitive Neuroscience,Neuroscience,Life Sciences,https://doi.org/10.1016/j.ijhcs.2020.102500
W52205210,W52205210,reference_only,False,3,,3,0,,,,,,,
W1506450374,W1506450374,reference_only,False,5,,5,0,,,,,,,
W1655446008,W1655446008,reference_only,False,3,,3,0,,,,,,,
W2040733544,W2040733544,reference_only,False,31,,2,0,,,,,,,
W2118946041,W2118946041,reference_only,False,6,,2,0,,,,,,,
W2472901858,W2472901858,reference_only,False,3,,6,0,,,,,,,
W2914804970,W2914804970,reference_only,False,35,,2,0,,,,,,,
W7000731073,W7000731073,reference_only,False,3,,2,0,,,,,,,
W2737028158,"Auditory Displays: If They are so Useful, Why are they Turned Off?",publication,True,15,1993.0,0,3,Human-Automation Interaction and Safety,Proceedings of the Human Factors and Ergonomics Society Annual Meeting,article,Social Psychology,Psychology,Social Sciences,https://doi.org/10.1177/154193129303700907
W788128364,W788128364,reference_only,False,15,,2,0,,,,,,,
W2276446180,W2276446180,reference_only,False,15,,2,0,,,,,,,
W2571311760,Handwriting Movement Sonification: Why and How?,publication,True,35,2017.0,5,37,Tactile and Sensory Interactions,IEEE Transactions on Human-Machine Systems,article,Cognitive Neuroscience,Neuroscience,Life Sciences,https://doi.org/10.1109/thms.2016.2641397
W91982835,W91982835,reference_only,False,35,,2,0,,,,,,,
W1981426977,W1981426977,reference_only,False,35,,6,0,,,,,,,
W2057605771,W2057605771,reference_only,False,3,,4,0,,,,,,,
W2107127848,W2107127848,reference_only,False,35,,2,0,,,,,,,
W2135337178,W2135337178,reference_only,False,35,,2,0,,,,,,,
W2162392466,W2162392466,reference_only,False,35,,2,0,,,,,,,
W2469019358,W2469019358,reference_only,False,35,,3,0,,,,,,,
W2623341036,Handwriting Movement Sonification for the Diagnosis and the Rehabilitation of Graphomotor Disorders,publication,True,35,2014.0,2,0,Writing and Handwriting Education,HAL (Le Centre pour la Communication Scientifique Directe),book-chapter,Education,Social Sciences,Social Sciences,
W2746740474,W2746740474,reference_only,False,35,,3,0,,,,,,,
W6603794111,W6603794111,reference_only,False,35,,2,0,,,,,,,
W6742549220,W6742549220,reference_only,False,35,,4,0,,,,,,,
W7039472292,W7039472292,reference_only,False,35,,2,0,,,,,,,
W2976744845,Musical Borrowing in Sonification,publication,True,5,2019.0,0,16,Music Technology and Sound Studies,Organised Sound,article,Computer Vision and Pattern Recognition,Computer Science,Physical Sciences,https://doi.org/10.1017/s1355771819000220
W282346841,W282346841,reference_only,False,6,,2,0,,,,,,,
W1968267755,W1968267755,reference_only,False,5,,2,0,,,,,,,
W1978251538,W1978251538,reference_only,False,5,,2,0,,,,,,,
W2090620633,W2090620633,reference_only,False,5,,2,0,,,,,,,
W2528416655,Utility Versus Creativity in Biomedical Musification,publication,True,0,2016.0,4,12,Music Technology and Sound Studies,Journal of Creative Music Systems,article,Computer Vision and Pattern Recognition,Computer Science,Physical Sciences,https://doi.org/10.5920/jcms.2016.02
W2563160245,Blyth – Eastbourne – Wembury: Sonification as a compositional tool in electroacoustic music,publication,True,5,2016.0,2,2,Music Technology and Sound Studies,,article,Computer Vision and Pattern Recognition,Computer Science,Physical Sciences,
W2993383518,W2993383518,reference_only,False,5,,5,0,,,,,,,
W7679584,DESIGN CONSIDERATIONS FOR IMPROVING THE EFFECTIVENESS OF MULTITALKER SPEECH DISPLAYS,publication,True,8,2002.0,4,8,Hearing Loss and Rehabilitation,British Journal of Anaesthesia,article,Cognitive Neuroscience,Neuroscience,Life Sciences,https://doi.org/10.1093/bja/70.2.205
W25216350,W25216350,reference_only,False,1,,2,0,,,,,,,
W275041745,W275041745,reference_only,False,1,,4,0,,,,,,,
W1602792288,W1602792288,reference_only,False,1,,2,0,,,,,,,
W2066430820,W2066430820,reference_only,False,1,,8,0,,,,,,,
W2233607055,W2233607055,reference_only,False,1,,5,0,,,,,,,
W284329785,W284329785,reference_only,False,35,,2,0,,,,,,,
W1491882993,W1491882993,reference_only,False,8,,7,0,,,,,,,
W1992631987,W1992631987,reference_only,False,35,,2,0,,,,,,,
W2095260011,W2095260011,reference_only,False,35,,2,0,,,,,,,
W2624863320,W2624863320,reference_only,False,35,,2,0,,,,,,,
W2553043867,A FRAMEWORK FOR DESIGNING IMAGE SONIFICATION METHODS,publication,True,6,2005.0,3,1,Tactile and Sensory Interactions,,article,Cognitive Neuroscience,Neuroscience,Life Sciences,
W2400206196,W2400206196,reference_only,False,6,,3,0,,,,,,,
W4376113090,Sonification of navigation instructions for people with visual impairment,publication,True,26,2023.0,3,50,Tactile and Sensory Interactions,International Journal of Human-Computer Studies,article,Cognitive Neuroscience,Neuroscience,Life Sciences,https://doi.org/10.1016/j.ijhcs.2023.103057
W1530109122,W1530109122,reference_only,False,8,,2,0,,,,,,,
W1981357275,W1981357275,reference_only,False,26,,2,0,,,,,,,
W2023754385,W2023754385,reference_only,False,26,,2,0,,,,,,,
W2041282815,W2041282815,reference_only,False,27,,3,0,,,,,,,
W2061554433,W2061554433,reference_only,False,6,,2,0,,,,,,,
W2077111056,W2077111056,reference_only,False,26,,2,0,,,,,,,
W2110065044,W2110065044,reference_only,False,0,,3,0,,,,,,,
W2146881125,W2146881125,reference_only,False,26,,2,0,,,,,,,
W2149683870,"Learnabiltiy of Sound Cues for Environmental Features: Auditory Icons, Earcons, Spearcons, and Speech",publication,True,1,2008.0,9,10,Tactile and Sensory Interactions,,article,Cognitive Neuroscience,Neuroscience,Life Sciences,
W2184993296,W2184993296,reference_only,False,26,,2,0,,,,,,,
W2205808161,W2205808161,reference_only,False,26,,2,0,,,,,,,
W2408438024,W2408438024,reference_only,False,26,,2,0,,,,,,,
W2473344693,W2473344693,reference_only,False,26,,2,0,,,,,,,
W2508778727,W2508778727,reference_only,False,26,,3,0,,,,,,,
W2614658285,W2614658285,reference_only,False,26,,4,0,,,,,,,
W2793775956,W2793775956,reference_only,False,26,,2,0,,,,,,,
W2896786957,W2896786957,reference_only,False,6,,4,0,,,,,,,
W2972125620,W2972125620,reference_only,False,26,,3,0,,,,,,,
W2994947471,W2994947471,reference_only,False,26,,2,0,,,,,,,
W3012919787,W3012919787,reference_only,False,26,,3,0,,,,,,,
W3205220448,Iterative Design of Sonification Techniques to Support People with Visual Impairments in Obstacle Avoidance,publication,True,26,2021.0,2,57,Tactile and Sensory Interactions,ACM Transactions on Accessible Computing,article,Cognitive Neuroscience,Neuroscience,Life Sciences,https://doi.org/10.1145/3470649
W4220716266,W4220716266,reference_only,False,26,,2,0,,,,,,,
W6606077510,W6606077510,reference_only,False,26,,2,0,,,,,,,
W6634177288,W6634177288,reference_only,False,26,,3,0,,,,,,,
W6676747818,W6676747818,reference_only,False,31,,3,0,,,,,,,
W8746502,W8746502,reference_only,False,35,,2,0,,,,,,,
W1996562631,W1996562631,reference_only,False,35,,2,0,,,,,,,
W2010012415,W2010012415,reference_only,False,35,,2,0,,,,,,,
W2103626310,W2103626310,reference_only,False,35,,3,0,,,,,,,
W2106768278,W2106768278,reference_only,False,35,,2,0,,,,,,,
W2125458317,W2125458317,reference_only,False,35,,2,0,,,,,,,
W2138402033,W2138402033,reference_only,False,31,,3,0,,,,,,,
W2139907128,W2139907128,reference_only,False,35,,2,0,,,,,,,
W4232424142,W4232424142,reference_only,False,35,,2,0,,,,,,,
W655283638,W655283638,reference_only,False,5,,6,0,,,,,,,
W2029466910,W2029466910,reference_only,False,30,,2,0,,,,,,,
W2093160502,W2093160502,reference_only,False,30,,2,0,,,,,,,
W2095623774,W2095623774,reference_only,False,30,,2,0,,,,,,,
W2110407265,W2110407265,reference_only,False,30,,3,0,,,,,,,
W2128796442,W2128796442,reference_only,False,30,,2,0,,,,,,,
W2485732744,W2485732744,reference_only,False,30,,2,0,,,,,,,
W2495151487,Information Data Fusion and Computer Network Defense,publication,True,30,2011.0,4,14,Cognitive Science and Education Research,IGI Global eBooks,book-chapter,Cognitive Neuroscience,Neuroscience,Life Sciences,https://doi.org/10.4018/978-1-4666-0104-8.ch009
W2952582255,Ways of Listening and Modes of Being: Electroacoustic Auditory Display,publication,True,31,2013.0,4,0,Music Technology and Sound Studies,arXiv (Cornell University),preprint,Computer Vision and Pattern Recognition,Computer Science,Physical Sciences,https://doi.org/10.48550/arxiv.1311.5880
W3006953473,W3006953473,reference_only,False,30,,2,0,,,,,,,
W4387645034,W4387645034,reference_only,False,0,,4,0,,,,,,,
W591108810,W591108810,reference_only,False,1,,11,0,,,,,,,
W2117427266,W2117427266,reference_only,False,3,,2,0,,,,,,,
W2120080783,W2120080783,reference_only,False,3,,5,0,,,,,,,
W2135048955,W2135048955,reference_only,False,35,,5,0,,,,,,,
W2395114446,W2395114446,reference_only,False,3,,2,0,,,,,,,
W1987786700,Effects of 3D Auditory Display on Dual Task Performance in a Simulated Multiscreen Watchstation Environment,publication,True,19,2002.0,2,4,Human-Automation Interaction and Safety,Proceedings of the Human Factors and Ergonomics Society Annual Meeting,article,Social Psychology,Psychology,Social Sciences,https://doi.org/10.1177/154193120204601709
W2060322094,W2060322094,reference_only,False,19,,3,0,,,,,,,
W2108148331,W2108148331,reference_only,False,19,,2,0,,,,,,,
W3167579480,Sonification of combined action observation and motor imagery: Effects on corticospinal excitability,publication,True,35,2021.0,2,53,Action Observation and Synchronization,Brain and Cognition,article,Social Psychology,Psychology,Social Sciences,https://doi.org/10.1016/j.bandc.2021.105768
W1596333854,W1596333854,reference_only,False,35,,2,0,,,,,,,
W1983108712,W1983108712,reference_only,False,35,,2,0,,,,,,,
W1987431471,W1987431471,reference_only,False,35,,2,0,,,,,,,
W1990382927,W1990382927,reference_only,False,35,,2,0,,,,,,,
W1991711453,W1991711453,reference_only,False,35,,2,0,,,,,,,
W1993664717,W1993664717,reference_only,False,35,,2,0,,,,,,,
W1994585255,W1994585255,reference_only,False,35,,2,0,,,,,,,
W1997179123,W1997179123,reference_only,False,35,,2,0,,,,,,,
W2011162955,W2011162955,reference_only,False,35,,2,0,,,,,,,
W2013934418,W2013934418,reference_only,False,35,,3,0,,,,,,,
W2051652848,W2051652848,reference_only,False,35,,2,0,,,,,,,
W2053646390,W2053646390,reference_only,False,35,,3,0,,,,,,,
W2080025545,W2080025545,reference_only,False,35,,2,0,,,,,,,
W2086563620,W2086563620,reference_only,False,35,,3,0,,,,,,,
W2096722100,W2096722100,reference_only,False,35,,3,0,,,,,,,
W2103829559,W2103829559,reference_only,False,35,,2,0,,,,,,,
W2111947800,W2111947800,reference_only,False,35,,2,0,,,,,,,
W2122308507,W2122308507,reference_only,False,35,,2,0,,,,,,,
W2123242095,W2123242095,reference_only,False,35,,2,0,,,,,,,
W2137028192,W2137028192,reference_only,False,35,,2,0,,,,,,,
W2138431908,W2138431908,reference_only,False,35,,2,0,,,,,,,
W2143526108,W2143526108,reference_only,False,35,,2,0,,,,,,,
W2143690261,W2143690261,reference_only,False,35,,2,0,,,,,,,
W2155638689,W2155638689,reference_only,False,35,,2,0,,,,,,,
W2156092714,W2156092714,reference_only,False,35,,2,0,,,,,,,
W2161143038,W2161143038,reference_only,False,35,,2,0,,,,,,,
W2162315021,W2162315021,reference_only,False,35,,3,0,,,,,,,
W2169256415,W2169256415,reference_only,False,35,,2,0,,,,,,,
W2328426843,W2328426843,reference_only,False,35,,2,0,,,,,,,
W2330135008,W2330135008,reference_only,False,35,,2,0,,,,,,,
W2410948277,W2410948277,reference_only,False,35,,2,0,,,,,,,
W2466664239,W2466664239,reference_only,False,35,,2,0,,,,,,,
W2547844846,W2547844846,reference_only,False,35,,2,0,,,,,,,
W2764252624,W2764252624,reference_only,False,35,,2,0,,,,,,,
W2801437278,W2801437278,reference_only,False,35,,2,0,,,,,,,
W2886672455,W2886672455,reference_only,False,35,,2,0,,,,,,,
W2927058375,W2927058375,reference_only,False,35,,2,0,,,,,,,
W2990613510,W2990613510,reference_only,False,35,,2,0,,,,,,,
W2999706954,W2999706954,reference_only,False,35,,2,0,,,,,,,
W3003922521,W3003922521,reference_only,False,35,,2,0,,,,,,,
W3129830913,Does sonification of action simulation training impact corticospinal excitability and audiomotor plasticity?,publication,True,35,2021.0,2,60,Action Observation and Synchronization,Experimental Brain Research,article,Social Psychology,Psychology,Social Sciences,https://doi.org/10.1007/s00221-021-06069-w
W2048406836,Impact of speech presentation level on cognitive task performance: implications for auditory display design,publication,True,28,2002.0,0,11,Human-Automation Interaction and Safety,Ergonomics,article,Social Psychology,Psychology,Social Sciences,https://doi.org/10.1080/00140130110115336
W1776178666,W1776178666,reference_only,False,28,,2,0,,,,,,,
W1796889322,W1796889322,reference_only,False,28,,3,0,,,,,,,
W1975293845,W1975293845,reference_only,False,1,,6,0,,,,,,,
W2037240180,W2037240180,reference_only,False,8,,2,0,,,,,,,
W2050973981,W2050973981,reference_only,False,1,,12,0,,,,,,,
W2132199394,W2132199394,reference_only,False,28,,2,0,,,,,,,
W2172059565,W2172059565,reference_only,False,28,,2,0,,,,,,,
W2970594147,W2970594147,reference_only,False,1,,3,0,,,,,,,
W4290457325,W4290457325,reference_only,False,28,,2,0,,,,,,,
W186630050,Broad-beam spectral Doppler sonification of the vena contracta using matrix-array technology,publication,True,17,2005.0,0,32,Cardiac Valve Diseases and Treatments,Journal of the American College of Cardiology,article,Cardiology and Cardiovascular Medicine,Medicine,Health Sciences,https://doi.org/10.1016/j.jacc.2004.11.036
W1523274836,W1523274836,reference_only,False,17,,3,0,,,,,,,
W1970602559,W1970602559,reference_only,False,17,,3,0,,,,,,,
W1972801551,W1972801551,reference_only,False,17,,2,0,,,,,,,
W1974804310,W1974804310,reference_only,False,17,,3,0,,,,,,,
W1975761730,W1975761730,reference_only,False,17,,2,0,,,,,,,
W1986362014,W1986362014,reference_only,False,17,,3,0,,,,,,,
W1997427797,W1997427797,reference_only,False,17,,3,0,,,,,,,
W2001000446,W2001000446,reference_only,False,17,,3,0,,,,,,,
W2001443931,W2001443931,reference_only,False,17,,3,0,,,,,,,
W2003489087,W2003489087,reference_only,False,17,,3,0,,,,,,,
W2011255694,W2011255694,reference_only,False,17,,2,0,,,,,,,
W2015795623,W2015795623,reference_only,False,17,,5,0,,,,,,,
W2021187853,W2021187853,reference_only,False,17,,3,0,,,,,,,
W2025632224,W2025632224,reference_only,False,17,,3,0,,,,,,,
W2029123813,W2029123813,reference_only,False,17,,3,0,,,,,,,
W2029167237,W2029167237,reference_only,False,17,,3,0,,,,,,,
W2030047510,W2030047510,reference_only,False,17,,2,0,,,,,,,
W2047529056,W2047529056,reference_only,False,17,,3,0,,,,,,,
W2048638128,W2048638128,reference_only,False,17,,3,0,,,,,,,
W2050996866,W2050996866,reference_only,False,17,,3,0,,,,,,,
W2052362924,W2052362924,reference_only,False,17,,3,0,,,,,,,
W2058689694,W2058689694,reference_only,False,17,,3,0,,,,,,,
W2067991141,W2067991141,reference_only,False,17,,3,0,,,,,,,
W2072615901,W2072615901,reference_only,False,17,,2,0,,,,,,,
W2072752472,W2072752472,reference_only,False,17,,3,0,,,,,,,
W2106630741,W2106630741,reference_only,False,17,,3,0,,,,,,,
W2110047529,W2110047529,reference_only,False,17,,3,0,,,,,,,
W2127474367,W2127474367,reference_only,False,17,,3,0,,,,,,,
W2148466257,W2148466257,reference_only,False,17,,3,0,,,,,,,
W2465692541,W2465692541,reference_only,False,17,,2,0,,,,,,,
W4231174330,W4231174330,reference_only,False,17,,2,0,,,,,,,
W4232849297,W4232849297,reference_only,False,17,,2,0,,,,,,,
W4213362395,Sonification-Enhanced Lattice Model Animations for Teaching the Protein Folding Reaction,publication,True,14,2022.0,3,9,Plant and Biological Electrophysiology Studies,Journal of Chemical Education,article,Plant Science,Agricultural and Biological Sciences,Life Sciences,https://doi.org/10.1021/acs.jchemed.1c00857
W1984903816,W1984903816,reference_only,False,14,,2,0,,,,,,,
W3006900787,W3006900787,reference_only,False,14,,2,0,,,,,,,
W3177828909,W3177828909,reference_only,False,14,,4,0,,,,,,,
W2068319073,W2068319073,reference_only,False,6,,2,0,,,,,,,
W2885975734,A blended quantitative-ethnographic method for describing vocal sonification in dance coaching,publication,True,35,2018.0,0,27,Action Observation and Synchronization,Psychology of Language and Communication,article,Social Psychology,Psychology,Social Sciences,https://doi.org/10.2478/plc-2018-0009
W1992390489,W1992390489,reference_only,False,35,,2,0,,,,,,,
W2085529605,W2085529605,reference_only,False,5,,2,0,,,,,,,
W2810665669,Human Movement Sonification for Motor Skill Learning,publication,True,35,2017.0,2,95,Tactile and Sensory Interactions,Research Portal (Queen's University Belfast),dissertation,Cognitive Neuroscience,Neuroscience,Life Sciences,https://doi.org/10.13140/rg.2.2.27723.08485
W4236544382,W4236544382,reference_only,False,5,,2,0,,,,,,,
W4241190983,W4241190983,reference_only,False,35,,4,0,,,,,,,
W4252535617,W4252535617,reference_only,False,6,,2,0,,,,,,,
W6752916321,W6752916321,reference_only,False,6,,2,0,,,,,,,
W1981350662,Data-To-Sound Mapping To Sonify Ongoing System Status In Continuous Manual Control Task,publication,True,1,2011.0,0,17,Tactile and Sensory Interactions,Proceedings of the Human Factors and Ergonomics Society Annual Meeting,article,Cognitive Neuroscience,Neuroscience,Life Sciences,https://doi.org/10.1177/1071181311551257
W2116484132,W2116484132,reference_only,False,26,,2,0,,,,,,,
W2138018307,W2138018307,reference_only,False,26,,2,0,,,,,,,
W2153173382,W2153173382,reference_only,False,35,,2,0,,,,,,,
W2885274413,W2885274413,reference_only,False,35,,2,0,,,,,,,
W1796377598,Auditory Display as a Tool for Teaching Network Intrusion Detection,publication,True,14,2008.0,3,11,Music Technology and Sound Studies,DOAJ (DOAJ: Directory of Open Access Journals),article,Computer Vision and Pattern Recognition,Computer Science,Physical Sciences,
W1983628602,W1983628602,reference_only,False,14,,2,0,,,,,,,
W2101628359,W2101628359,reference_only,False,30,,7,0,,,,,,,
W4410112348,Paving the way for social touch at a distance: Sonifying tactile interactions and their underlying emotions,publication,True,27,2025.0,0,34,Tactile and Sensory Interactions,Proceedings of the National Academy of Sciences,article,Cognitive Neuroscience,Neuroscience,Life Sciences,https://doi.org/10.1073/pnas.2407614122
W1502255657,W1502255657,reference_only,False,27,,7,0,,,,,,,
W1975238145,W1975238145,reference_only,False,27,,2,0,,,,,,,
W1994227203,W1994227203,reference_only,False,27,,6,0,,,,,,,
W2005444397,W2005444397,reference_only,False,27,,2,0,,,,,,,
W2066328921,W2066328921,reference_only,False,27,,2,0,,,,,,,
W2076346682,W2076346682,reference_only,False,27,,2,0,,,,,,,
W2124434527,W2124434527,reference_only,False,27,,2,0,,,,,,,
W2134718184,W2134718184,reference_only,False,27,,2,0,,,,,,,
W2152966241,W2152966241,reference_only,False,27,,2,0,,,,,,,
W2172295404,W2172295404,reference_only,False,27,,2,0,,,,,,,
W2226376337,W2226376337,reference_only,False,27,,2,0,,,,,,,
W2331974298,W2331974298,reference_only,False,27,,2,0,,,,,,,
W2493906527,W2493906527,reference_only,False,27,,2,0,,,,,,,
W2587044120,W2587044120,reference_only,False,27,,2,0,,,,,,,
W2609788485,W2609788485,reference_only,False,27,,3,0,,,,,,,
W2618980085,W2618980085,reference_only,False,27,,2,0,,,,,,,
W2773566169,W2773566169,reference_only,False,27,,2,0,,,,,,,
W2802505458,W2802505458,reference_only,False,27,,2,0,,,,,,,
W2990369145,W2990369145,reference_only,False,27,,3,0,,,,,,,
W3040242976,W3040242976,reference_only,False,27,,2,0,,,,,,,
W3105411577,W3105411577,reference_only,False,27,,2,0,,,,,,,
W3176639513,W3176639513,reference_only,False,27,,2,0,,,,,,,
W3176966307,W3176966307,reference_only,False,27,,2,0,,,,,,,
W3184731379,W3184731379,reference_only,False,27,,2,0,,,,,,,
W3198441297,W3198441297,reference_only,False,27,,2,0,,,,,,,
W4200211655,W4200211655,reference_only,False,27,,2,0,,,,,,,
W4205998271,W4205998271,reference_only,False,27,,2,0,,,,,,,
W4283726574,W4283726574,reference_only,False,27,,2,0,,,,,,,
W4290759673,W4290759673,reference_only,False,27,,2,0,,,,,,,
W4308099598,W4308099598,reference_only,False,27,,2,0,,,,,,,
W4309666046,W4309666046,reference_only,False,27,,2,0,,,,,,,
W1888671979,W1888671979,reference_only,False,35,,2,0,,,,,,,
W2001699056,W2001699056,reference_only,False,35,,3,0,,,,,,,
W2024123298,W2024123298,reference_only,False,35,,2,0,,,,,,,
W2072900016,W2072900016,reference_only,False,35,,2,0,,,,,,,
W2109180466,W2109180466,reference_only,False,35,,3,0,,,,,,,
W2115889330,W2115889330,reference_only,False,35,,4,0,,,,,,,
W2128213565,W2128213565,reference_only,False,28,,2,0,,,,,,,
W2136309010,W2136309010,reference_only,False,35,,2,0,,,,,,,
W2140139856,W2140139856,reference_only,False,35,,2,0,,,,,,,
W2146545384,W2146545384,reference_only,False,35,,2,0,,,,,,,
W2420869607,W2420869607,reference_only,False,35,,7,0,,,,,,,
W2590684185,W2590684185,reference_only,False,35,,3,0,,,,,,,
W2901346573,W2901346573,reference_only,False,35,,2,0,,,,,,,
W2056581058,Spatial auditory display,publication,True,8,2005.0,0,12,Tactile and Sensory Interactions,ACM Transactions on Applied Perception,article,Cognitive Neuroscience,Neuroscience,Life Sciences,https://doi.org/10.1145/1101530.1101537
W1483244175,W1483244175,reference_only,False,8,,6,0,,,,,,,
W1544294876,Identifying where you are in a room: Sensitivity to room acoustics,publication,True,8,2003.0,2,13,Hearing Loss and Rehabilitation,,article,Cognitive Neuroscience,Neuroscience,Life Sciences,
W2088794926,W2088794926,reference_only,False,8,,4,0,,,,,,,
W2566496949,W2566496949,reference_only,False,8,,2,0,,,,,,,
W2121849042,W2121849042,reference_only,False,6,,2,0,,,,,,,
W1601119534,OmniEye: A Spherical Omnidirectional Vision System to Sonify Robotic Trajectories in the AURAL Environment,publication,True,0,2008.0,0,2,Advanced Vision and Imaging,Studies in computational intelligence,book-chapter,Computer Vision and Pattern Recognition,Computer Science,Physical Sciences,https://doi.org/10.1007/978-3-540-85128-8_10
W2098566101,W2098566101,reference_only,False,0,,2,0,,,,,,,
W3015003219,Nanomechanical sonification of the 2019-nCoV coronavirus spike protein through a materiomusical approach,publication,True,14,2020.0,2,23,Microfluidic and Bio-sensing Technologies,arXiv (Cornell University),preprint,Biomedical Engineering,Engineering,Physical Sciences,https://doi.org/10.48550/arxiv.2003.14258
W281781743,W281781743,reference_only,False,6,,2,0,,,,,,,
W3007643904,W3007643904,reference_only,False,14,,2,0,,,,,,,
W3010441732,W3010441732,reference_only,False,14,,2,0,,,,,,,
W4220849832,Sonification and interaction design in computer games for visually impaired individuals,publication,True,26,2022.0,2,14,Innovative Human-Technology Interaction,Multimedia Tools and Applications,article,Human-Computer Interaction,Computer Science,Physical Sciences,https://doi.org/10.1007/s11042-022-11984-3
W1493910000,W1493910000,reference_only,False,26,,2,0,,,,,,,
W1995981988,W1995981988,reference_only,False,26,,3,0,,,,,,,
W2062299969,W2062299969,reference_only,False,8,,4,0,,,,,,,
W2093326412,W2093326412,reference_only,False,26,,2,0,,,,,,,
W2158262090,W2158262090,reference_only,False,26,,8,0,,,,,,,
W2315329849,W2315329849,reference_only,False,26,,4,0,,,,,,,
W2472482282,Advances in auditory display research,publication,True,6,2016.0,2,13,Tactile and Sensory Interactions,Journal on Multimodal User Interfaces,article,Cognitive Neuroscience,Neuroscience,Life Sciences,https://doi.org/10.1007/s12193-016-0226-7
W2804632400,Accessible electronic games for blind children and young people,publication,True,26,2018.0,2,6,Tactile and Sensory Interactions,British Journal of Educational Technology,article,Cognitive Neuroscience,Neuroscience,Life Sciences,https://doi.org/10.1111/bjet.12628
W2900880089,W2900880089,reference_only,False,26,,2,0,,,,,,,
W3013711696,W3013711696,reference_only,False,26,,2,0,,,,,,,
W3094895835,W3094895835,reference_only,False,26,,2,0,,,,,,,
W2608909763,Gaze-Contingent Auditory Displays for Improved Spatial Attention in Virtual Reality,publication,True,8,2017.0,0,18,Tactile and Sensory Interactions,ACM Transactions on Computer-Human Interaction,article,Cognitive Neuroscience,Neuroscience,Life Sciences,https://doi.org/10.1145/3067822
W1161474730,W1161474730,reference_only,False,3,,2,0,,,,,,,
W1546342721,W1546342721,reference_only,False,8,,2,0,,,,,,,
W1985207412,W1985207412,reference_only,False,8,,2,0,,,,,,,
W2022697906,W2022697906,reference_only,False,8,,2,0,,,,,,,
W2080729871,W2080729871,reference_only,False,1,,2,0,,,,,,,
W2095010960,W2095010960,reference_only,False,8,,2,0,,,,,,,
W2122074691,W2122074691,reference_only,False,8,,2,0,,,,,,,
W2123992886,W2123992886,reference_only,False,19,,2,0,,,,,,,
W2158885821,W2158885821,reference_only,False,8,,6,0,,,,,,,
W4250500702,W4250500702,reference_only,False,31,,4,0,,,,,,,
W2094039158,Auditory Artifacts due to Switching Head-Related Transfer Functions of a Dynamic Virtual Auditory Display,publication,True,8,2008.0,0,10,Hearing Loss and Rehabilitation,IEICE Transactions on Fundamentals of Electronics Communications and Computer Sciences,article,Cognitive Neuroscience,Neuroscience,Life Sciences,https://doi.org/10.1093/ietfec/e91-a.6.1320
W153952556,W153952556,reference_only,False,8,,4,0,,,,,,,
W2050758723,W2050758723,reference_only,False,4,,5,0,,,,,,,
W2062977969,W2062977969,reference_only,False,8,,4,0,,,,,,,
W2570406886,Development of Virtual Auditory Display Software Responsive to Head Movement,publication,True,8,2006.0,2,0,Simulation and Modeling Applications,Medical Entomology and Zoology,article,Control and Systems Engineering,Engineering,Physical Sciences,
W395933519,W395933519,reference_only,False,14,,2,0,,,,,,,
W1885639605,W1885639605,reference_only,False,3,,3,0,,,,,,,
W1951724000,W1951724000,reference_only,False,6,,7,0,,,,,,,
W1983498367,W1983498367,reference_only,False,3,,2,0,,,,,,,
W2019655958,W2019655958,reference_only,False,35,,2,0,,,,,,,
W2036091596,Exploration and evaluation of a system for interactive sonification of elite rowing,publication,True,35,2014.0,6,24,Tactile and Sensory Interactions,Sports Engineering,article,Cognitive Neuroscience,Neuroscience,Life Sciences,https://doi.org/10.1007/s12283-014-0164-0
W2044706586,W2044706586,reference_only,False,5,,2,0,,,,,,,
W2084288798,Perceptual characterization of motion evoked by sounds for synthesis control purposes,publication,True,3,2013.0,2,26,Neuroscience and Music Perception,ACM Transactions on Applied Perception,article,Cognitive Neuroscience,Neuroscience,Life Sciences,https://doi.org/10.1145/2422105.2422106
W2115080750,W2115080750,reference_only,False,3,,4,0,,,,,,,
W2149139333,W2149139333,reference_only,False,3,,2,0,,,,,,,
W2157796984,W2157796984,reference_only,False,3,,6,0,,,,,,,
W2214124587,W2214124587,reference_only,False,3,,4,0,,,,,,,
W2380542068,W2380542068,reference_only,False,35,,4,0,,,,,,,
W2582743722,W2582743722,reference_only,False,27,,11,0,,,,,,,
W4254369546,W4254369546,reference_only,False,3,,2,0,,,,,,,
W6632679385,W6632679385,reference_only,False,3,,2,0,,,,,,,
W2748503807,Congruent auditory display and confusion in sound localization: Case of elderly drivers,publication,True,8,2017.0,0,9,Noise Effects and Management,Transportation Research Part F Traffic Psychology and Behaviour,article,Speech and Hearing,Health Professions,Health Sciences,https://doi.org/10.1016/j.trf.2017.06.020
W55702805,W55702805,reference_only,False,8,,2,0,,,,,,,
W1984496813,W1984496813,reference_only,False,8,,2,0,,,,,,,
W2035450303,W2035450303,reference_only,False,8,,3,0,,,,,,,
W2051603309,W2051603309,reference_only,False,8,,3,0,,,,,,,
W2113220823,W2113220823,reference_only,False,8,,3,0,,,,,,,
W6602228179,W6602228179,reference_only,False,8,,2,0,,,,,,,
W185137750,W185137750,reference_only,False,5,,2,0,,,,,,,
W1480141383,W1480141383,reference_only,False,5,,3,0,,,,,,,
W1544283212,W1544283212,reference_only,False,5,,2,0,,,,,,,
W2059819740,W2059819740,reference_only,False,5,,2,0,,,,,,,
W2099473180,W2099473180,reference_only,False,31,,2,0,,,,,,,
W2100151997,W2100151997,reference_only,False,5,,3,0,,,,,,,
W2149802018,W2149802018,reference_only,False,35,,2,0,,,,,,,
W2327939705,W2327939705,reference_only,False,5,,2,0,,,,,,,
W4300838235,W4300838235,reference_only,False,5,,3,0,,,,,,,
W2407488597,W2407488597,reference_only,False,19,,5,0,,,,,,,
W3182879190,Designing and fabricating materials from fire using sonification and deep learning,publication,True,14,2021.0,2,9,Tactile and Sensory Interactions,iScience,article,Cognitive Neuroscience,Neuroscience,Life Sciences,https://doi.org/10.1016/j.isci.2021.102873
W3094829729,W3094829729,reference_only,False,14,,2,0,,,,,,,
W3107086947,W3107086947,reference_only,False,14,,2,0,,,,,,,
W4376551357,W4376551357,reference_only,False,14,,3,0,,,,,,,
W2290003388,SPATIAL AUDITORY DISPLAYS A STUDY ON THE USE OF VIRTUAL AUDIO ENVIRONMENTS AS INTERFACES FOR USERS WITH VISUAL DISABILITIES,publication,True,1,2004.0,3,10,Tactile and Sensory Interactions,,article,Cognitive Neuroscience,Neuroscience,Life Sciences,
W1980451132,W1980451132,reference_only,False,1,,3,0,,,,,,,
W2052855523,W2052855523,reference_only,False,1,,5,0,,,,,,,
W2406224025,W2406224025,reference_only,False,1,,2,0,,,,,,,
W2900110466,Personalised interactive sonification of musical performance data,publication,True,3,2019.0,0,15,Music Technology and Sound Studies,Journal on Multimodal User Interfaces,article,Computer Vision and Pattern Recognition,Computer Science,Physical Sciences,https://doi.org/10.1007/s12193-019-00294-y
W67470114,W67470114,reference_only,False,0,,3,0,,,,,,,
W115063685,W115063685,reference_only,False,3,,2,0,,,,,,,
W633676858,W633676858,reference_only,False,3,,2,0,,,,,,,
W2165066790,Tweetdreams : Making Music With The Audience And The World Using Real-Time Twitter Data,publication,True,3,2011.0,2,6,Music and Audio Processing,New Interfaces for Musical Expression,article,Signal Processing,Computer Science,Physical Sciences,https://doi.org/10.5281/zenodo.1177990
W2514021589,W2514021589,reference_only,False,3,,2,0,,,,,,,
W2577225486,W2577225486,reference_only,False,3,,2,0,,,,,,,
W2765608652,Auditory display as feedback for a novel eye-tracking system for sterile operating room interaction,publication,True,31,2017.0,0,15,Healthcare Technology and Patient Monitoring,International Journal of Computer Assisted Radiology and Surgery,article,Surgery,Medicine,Health Sciences,https://doi.org/10.1007/s11548-017-1677-3
W2122570643,W2122570643,reference_only,False,31,,5,0,,,,,,,
W2249595199,W2249595199,reference_only,False,3,,5,0,,,,,,,
W4324117850,Molecular sonification for molecule to music information transfer,publication,True,14,2023.0,3,7,Various Chemistry Research Topics,Digital Discovery,article,Physical and Theoretical Chemistry,Chemistry,Physical Sciences,https://doi.org/10.1039/d3dd00008g
W2319932748,W2319932748,reference_only,False,14,,2,0,,,,,,,
W2951582018,Autoencoding sensory substitution,publication,True,26,2019.0,3,55,Neural dynamics and brain function,arXiv (Cornell University),preprint,Cognitive Neuroscience,Neuroscience,Life Sciences,https://doi.org/10.13140/rg.2.2.10576.87048
W2893968879,A Novel Auditory Display for Neonatal Resuscitation: Laboratory Studies Simulating Pulse Oximetry in the First 10 Minutes After Birth,publication,True,19,2018.0,3,22,Healthcare Technology and Patient Monitoring,Human Factors The Journal of the Human Factors and Ergonomics Society,article,Surgery,Medicine,Health Sciences,https://doi.org/10.1177/0018720818793769
W2133738611,W2133738611,reference_only,False,19,,2,0,,,,,,,
W2154559400,W2154559400,reference_only,False,19,,2,0,,,,,,,
W2163322071,W2163322071,reference_only,False,19,,6,0,,,,,,,
W2957880271,Comparison of Standard and Enhanced Pulse Oximeter Auditory Displays of Oxygen Saturation: A Laboratory Study With Clinician and Nonclinician Participants,publication,True,19,2019.0,5,18,Healthcare Technology and Patient Monitoring,Anesthesia & Analgesia,article,Surgery,Medicine,Health Sciences,https://doi.org/10.1213/ane.0000000000004267
W4253435090,W4253435090,reference_only,False,1,,2,0,,,,,,,
W1988786915,"On Breathing and Geography: Explorations of Data Sonifications of Timespace Processes with Illustrating Examples from a Tidally Dynamic Landscape (Severn Estuary, UK)",publication,True,6,2013.0,0,15,Diverse Musicological Studies,Environment and Planning A Economy and Space,article,Music,Arts and Humanities,Social Sciences,https://doi.org/10.1068/a45264
W635480747,W635480747,reference_only,False,6,,2,0,,,,,,,
W1513429524,W1513429524,reference_only,False,5,,3,0,,,,,,,
W4238014541,W4238014541,reference_only,False,6,,2,0,,,,,,,
W4243761327,W4243761327,reference_only,False,6,,2,0,,,,,,,
W4311176522,Exploring the influence of driver affective state and auditory display urgency on takeover performance in semi-automated vehicles: Experiment and modelling,publication,True,28,2022.0,0,25,Human-Automation Interaction and Safety,International Journal of Human-Computer Studies,article,Social Psychology,Psychology,Social Sciences,https://doi.org/10.1016/j.ijhcs.2022.102979
W2007203651,W2007203651,reference_only,False,28,,2,0,,,,,,,
W2043228310,W2043228310,reference_only,False,28,,2,0,,,,,,,
W2054738187,W2054738187,reference_only,False,28,,2,0,,,,,,,
W2062029950,W2062029950,reference_only,False,19,,3,0,,,,,,,
W2074331253,W2074331253,reference_only,False,28,,2,0,,,,,,,
W2077012593,W2077012593,reference_only,False,28,,2,0,,,,,,,
W2090858180,W2090858180,reference_only,False,28,,2,0,,,,,,,
W2117074369,W2117074369,reference_only,False,28,,2,0,,,,,,,
W2169574943,W2169574943,reference_only,False,3,,2,0,,,,,,,
W2301212998,W2301212998,reference_only,False,28,,2,0,,,,,,,
W2466521580,W2466521580,reference_only,False,28,,2,0,,,,,,,
W2769134927,W2769134927,reference_only,False,28,,2,0,,,,,,,
W2892546337,W2892546337,reference_only,False,28,,2,0,,,,,,,
W2915768693,W2915768693,reference_only,False,28,,2,0,,,,,,,
W2919609362,W2919609362,reference_only,False,28,,3,0,,,,,,,
W3042358928,Evaluation of an enhanced pulse oximeter auditory display: a simulation study,publication,True,19,2020.0,0,22,Healthcare Technology and Patient Monitoring,British Journal of Anaesthesia,article,Surgery,Medicine,Health Sciences,https://doi.org/10.1016/j.bja.2020.05.038
W1580377017,W1580377017,reference_only,False,19,,2,0,,,,,,,
W2020991929,W2020991929,reference_only,False,19,,2,0,,,,,,,
W2037557484,W2037557484,reference_only,False,35,,5,0,,,,,,,
W2053154970,W2053154970,reference_only,False,6,,3,0,,,,,,,
W2087484885,W2087484885,reference_only,False,19,,7,0,,,,,,,
W2143762787,W2143762787,reference_only,False,19,,2,0,,,,,,,
W2950068676,Smooth or Stepped? Laboratory Comparison of Enhanced Sonifications for Monitoring Patient Oxygen Saturation,publication,True,19,2019.0,3,33,Healthcare Technology and Patient Monitoring,Human Factors The Journal of the Human Factors and Ergonomics Society,article,Surgery,Medicine,Health Sciences,https://doi.org/10.1177/0018720819845742
W2979830676,W2979830676,reference_only,False,19,,2,0,,,,,,,
W1995939361,The Helical Keyboard: Perspectives for Spatial Auditory Displays and Visual Music,publication,True,0,2002.0,0,5,Music Technology and Sound Studies,Journal of New Music Research,article,Computer Vision and Pattern Recognition,Computer Science,Physical Sciences,https://doi.org/10.1076/jnmr.31.3.269.14180
W1522563648,W1522563648,reference_only,False,0,,2,0,,,,,,,
W2007055291,W2007055291,reference_only,False,0,,2,0,,,,,,,
W43735165,W43735165,reference_only,False,35,,2,0,,,,,,,
W1974032361,W1974032361,reference_only,False,35,,2,0,,,,,,,
W1976858987,W1976858987,reference_only,False,19,,4,0,,,,,,,
W1978549497,W1978549497,reference_only,False,35,,2,0,,,,,,,
W1982453218,W1982453218,reference_only,False,35,,2,0,,,,,,,
W2014115543,W2014115543,reference_only,False,35,,3,0,,,,,,,
W2018914358,W2018914358,reference_only,False,35,,2,0,,,,,,,
W2023536559,W2023536559,reference_only,False,35,,2,0,,,,,,,
W2026787474,W2026787474,reference_only,False,35,,2,0,,,,,,,
W2034780273,W2034780273,reference_only,False,31,,3,0,,,,,,,
W2038686210,W2038686210,reference_only,False,35,,2,0,,,,,,,
W2041106677,W2041106677,reference_only,False,35,,2,0,,,,,,,
W2042851409,W2042851409,reference_only,False,35,,2,0,,,,,,,
W2068310180,W2068310180,reference_only,False,35,,3,0,,,,,,,
W2072597636,W2072597636,reference_only,False,35,,3,0,,,,,,,
W2091956573,W2091956573,reference_only,False,35,,3,0,,,,,,,
W2096368785,W2096368785,reference_only,False,35,,2,0,,,,,,,
W2096591841,W2096591841,reference_only,False,35,,2,0,,,,,,,
W2109887283,W2109887283,reference_only,False,19,,2,0,,,,,,,
W2118607666,W2118607666,reference_only,False,35,,2,0,,,,,,,
W2120195728,W2120195728,reference_only,False,8,,4,0,,,,,,,
W2121860971,W2121860971,reference_only,False,35,,2,0,,,,,,,
W2123098610,W2123098610,reference_only,False,35,,2,0,,,,,,,
W2124827241,W2124827241,reference_only,False,35,,2,0,,,,,,,
W2138672651,W2138672651,reference_only,False,35,,2,0,,,,,,,
W2146928477,W2146928477,reference_only,False,35,,2,0,,,,,,,
W2150485654,W2150485654,reference_only,False,35,,2,0,,,,,,,
W2154204891,W2154204891,reference_only,False,35,,2,0,,,,,,,
W2320899008,W2320899008,reference_only,False,35,,3,0,,,,,,,
W2341542457,W2341542457,reference_only,False,35,,6,0,,,,,,,
W2341685500,W2341685500,reference_only,False,35,,3,0,,,,,,,
W2397212113,W2397212113,reference_only,False,35,,2,0,,,,,,,
W2418880548,W2418880548,reference_only,False,35,,3,0,,,,,,,
W2507718995,W2507718995,reference_only,False,35,,2,0,,,,,,,
W2560199723,W2560199723,reference_only,False,35,,3,0,,,,,,,
W2600124200,W2600124200,reference_only,False,35,,2,0,,,,,,,
W2617199496,W2617199496,reference_only,False,35,,3,0,,,,,,,
W2780672337,W2780672337,reference_only,False,35,,4,0,,,,,,,
W2783390141,W2783390141,reference_only,False,35,,2,0,,,,,,,
W4235011715,W4235011715,reference_only,False,19,,2,0,,,,,,,
W4237513721,W4237513721,reference_only,False,30,,4,0,,,,,,,
W4240402692,W4240402692,reference_only,False,35,,7,0,,,,,,,
W6780584328,W6780584328,reference_only,False,26,,2,0,,,,,,,
W6157337,W6157337,reference_only,False,1,,2,0,,,,,,,
W116148738,W116148738,reference_only,False,1,,2,0,,,,,,,
W1559384493,W1559384493,reference_only,False,1,,2,0,,,,,,,
W2058468883,W2058468883,reference_only,False,1,,5,0,,,,,,,
W2142596912,W2142596912,reference_only,False,8,,5,0,,,,,,,
W3023580939,W3023580939,reference_only,False,1,,2,0,,,,,,,
W2939696799,Cognitive load associations when utilizing auditory display within image-guided neurosurgery,publication,True,31,2019.0,2,13,Augmented Reality Applications,International Journal of Computer Assisted Radiology and Surgery,article,Computer Vision and Pattern Recognition,Computer Science,Physical Sciences,https://doi.org/10.1007/s11548-019-01970-w
W2098226206,W2098226206,reference_only,False,6,,2,0,,,,,,,
W2513927534,W2513927534,reference_only,False,31,,2,0,,,,,,,
W2798571922,W2798571922,reference_only,False,15,,3,0,,,,,,,
W2156408004,W2156408004,reference_only,False,6,,2,0,,,,,,,
W1977761341,W1977761341,reference_only,False,26,,3,0,,,,,,,
W1994893618,W1994893618,reference_only,False,26,,2,0,,,,,,,
W2049845852,W2049845852,reference_only,False,26,,6,0,,,,,,,
W2059450962,W2059450962,reference_only,False,0,,4,0,,,,,,,
W2071969679,W2071969679,reference_only,False,26,,5,0,,,,,,,
W2115589791,W2115589791,reference_only,False,26,,4,0,,,,,,,
W2514254236,"Lobbying for the ear, listening with the whole body: the (anti-)visual culture of sonification",publication,True,6,2016.0,5,24,Visual Culture and Art Theory,Sound Studies,article,Visual Arts and Performing Arts,Arts and Humanities,Social Sciences,https://doi.org/10.1080/20551940.2016.1214446
W1608056250,W1608056250,reference_only,False,6,,2,0,,,,,,,
W2137424775,W2137424775,reference_only,False,6,,2,0,,,,,,,
W2161601754,Data Karaoke: Sensory and Bodily Skills in Conference Presentations,publication,True,6,2015.0,2,19,Multisensory perception and integration,Science as Culture,article,Experimental and Cognitive Psychology,Psychology,Social Sciences,https://doi.org/10.1080/09505431.2015.1052390
W124250475,W124250475,reference_only,False,5,,2,0,,,,,,,
W4385979334,Sounding Robots: Design and Evaluation of Auditory Displays for Unintentional Human-robot Interaction,publication,True,3,2023.0,0,19,Social Robot Interaction and HRI,ACM Transactions on Human-Robot Interaction,article,Social Psychology,Psychology,Social Sciences,https://doi.org/10.1145/3611655
W1977386698,W1977386698,reference_only,False,19,,3,0,,,,,,,
W1998447053,W1998447053,reference_only,False,3,,2,0,,,,,,,
W2030177205,W2030177205,reference_only,False,3,,2,0,,,,,,,
W2227407841,W2227407841,reference_only,False,3,,5,0,,,,,,,
W2594562997,W2594562997,reference_only,False,3,,6,0,,,,,,,
W2736128047,W2736128047,reference_only,False,3,,3,0,,,,,,,
W3014708024,W3014708024,reference_only,False,3,,2,0,,,,,,,
W3094452219,W3094452219,reference_only,False,3,,4,0,,,,,,,
W3135360155,W3135360155,reference_only,False,3,,3,0,,,,,,,
W3164009507,Perceptual Evaluation of Blended Sonification of Mechanical Robot Sounds Produced by Emotionally Expressive Gestures: Augmenting Consequential Sounds to Improve Non-verbal Robot Communication,publication,True,3,2021.0,4,36,Multisensory perception and integration,International Journal of Social Robotics,article,Experimental and Cognitive Psychology,Psychology,Social Sciences,https://doi.org/10.1007/s12369-021-00788-4
W3207430945,W3207430945,reference_only,False,3,,3,0,,,,,,,
W2147992783,W2147992783,reference_only,False,3,,7,0,,,,,,,
W2603731390,W2603731390,reference_only,False,6,,2,0,,,,,,,
W2963223223,Automatic detection and sonification of nonmotor generalized onset epileptic seizures: Preliminary results,publication,True,6,2019.0,2,10,EEG and Brain-Computer Interfaces,Brain Research,article,Cognitive Neuroscience,Neuroscience,Life Sciences,https://doi.org/10.1016/j.brainres.2019.146341
W2014683958,W2014683958,reference_only,False,6,,2,0,,,,,,,
W2139212933,W2139212933,reference_only,False,6,,2,0,,,,,,,
W7019140572,W7019140572,reference_only,False,31,,5,0,,,,,,,
W107411382,Sonification Aesthetics and Listening for Network Situational Awareness,publication,True,30,2014.0,2,15,Human-Automation Interaction and Safety,arXiv (Cornell University),preprint,Social Psychology,Psychology,Social Sciences,https://doi.org/10.13140/2.1.4225.6648
W2001234381,W2001234381,reference_only,False,6,,2,0,,,,,,,
W2132904166,W2132904166,reference_only,False,6,,2,0,,,,,,,
W2154279390,W2154279390,reference_only,False,6,,2,0,,,,,,,
W2166950143,W2166950143,reference_only,False,6,,2,0,,,,,,,
W2592647215,Heart Alert: ECG Sonification for supporting the detection and diagnosis of ST segment deviations,publication,True,6,2016.0,3,8,Healthcare Technology and Patient Monitoring,,article,Surgery,Medicine,Health Sciences,
W2615876895,W2615876895,reference_only,False,6,,3,0,,,,,,,
W3106652968,W3106652968,reference_only,False,6,,3,0,,,,,,,
W2021694194,W2021694194,reference_only,False,35,,2,0,,,,,,,
W2147440173,Sound feedback for the optimization of performance in running,publication,True,35,2012.0,2,3,Music Technology and Sound Studies,,article,Computer Vision and Pattern Recognition,Computer Science,Physical Sciences,
W4248476739,W4248476739,reference_only,False,19,,2,0,,,,,,,
W1982904413,A Design for Auditory Display,publication,True,1,2000.0,0,13,Tactile and Sensory Interactions,Proceedings of the Human Factors and Ergonomics Society Annual Meeting,article,Cognitive Neuroscience,Neuroscience,Life Sciences,https://doi.org/10.1177/154193120004400159
W4205211754,W4205211754,reference_only,False,1,,2,0,,,,,,,
W172711948,W172711948,reference_only,False,35,,3,0,,,,,,,
W1576871820,W1576871820,reference_only,False,26,,3,0,,,,,,,
W1967590480,W1967590480,reference_only,False,26,,2,0,,,,,,,
W1985863029,W1985863029,reference_only,False,26,,2,0,,,,,,,
W2002507711,W2002507711,reference_only,False,8,,2,0,,,,,,,
W2034826838,W2034826838,reference_only,False,26,,2,0,,,,,,,
W2140232903,W2140232903,reference_only,False,26,,2,0,,,,,,,
W2165701656,W2165701656,reference_only,False,26,,2,0,,,,,,,
W2332457645,W2332457645,reference_only,False,6,,2,0,,,,,,,
W2509876617,W2509876617,reference_only,False,26,,3,0,,,,,,,
W2790493375,W2790493375,reference_only,False,26,,4,0,,,,,,,
W2805440904,W2805440904,reference_only,False,26,,2,0,,,,,,,
W2898741879,W2898741879,reference_only,False,26,,2,0,,,,,,,
W2943788284,W2943788284,reference_only,False,26,,3,0,,,,,,,
W2964842853,W2964842853,reference_only,False,26,,2,0,,,,,,,
W2981380018,W2981380018,reference_only,False,26,,2,0,,,,,,,
W2981433825,W2981433825,reference_only,False,26,,4,0,,,,,,,
W2999968954,W2999968954,reference_only,False,26,,2,0,,,,,,,
W2048211076,Effects of Interactive Sonification on Emotionally Expressive Walking Styles,publication,True,3,2015.0,2,34,Neuroscience and Music Perception,IEEE Transactions on Affective Computing,article,Cognitive Neuroscience,Neuroscience,Life Sciences,https://doi.org/10.1109/taffc.2015.2416724
W29529489,W29529489,reference_only,False,3,,3,0,,,,,,,
W417327207,W417327207,reference_only,False,5,,2,0,,,,,,,
W1529947985,W1529947985,reference_only,False,3,,2,0,,,,,,,
W1911060607,W1911060607,reference_only,False,1,,2,0,,,,,,,
W1969228838,W1969228838,reference_only,False,3,,2,0,,,,,,,
W1993008008,W1993008008,reference_only,False,3,,2,0,,,,,,,
W1994199133,W1994199133,reference_only,False,3,,8,0,,,,,,,
W2013988598,W2013988598,reference_only,False,3,,2,0,,,,,,,
W2107031757,W2107031757,reference_only,False,35,,5,0,,,,,,,
W2111919806,W2111919806,reference_only,False,3,,3,0,,,,,,,
W2166140710,W2166140710,reference_only,False,3,,3,0,,,,,,,
W2233813020,W2233813020,reference_only,False,3,,2,0,,,,,,,
W4230718620,W4230718620,reference_only,False,3,,2,0,,,,,,,
W1558643881,Scenes and Images into Sounds: A Taxonomy of Image Sonification Methods for Mobility Applications,publication,True,6,2014.0,3,0,Tactile and Sensory Interactions,Journal of the Audio Engineering Society,article,Cognitive Neuroscience,Neuroscience,Life Sciences,https://doi.org/10.17743/jaes.2014.0009
W2109990343,W2109990343,reference_only,False,26,,6,0,,,,,,,
W3005085113,Mapping for meaning: the embodied sonification listening model and its implications for the mapping problem in sonic information design,publication,True,5,2020.0,6,50,"Language, Metaphor, and Cognition",Journal on Multimodal User Interfaces,article,Experimental and Cognitive Psychology,Psychology,Social Sciences,https://doi.org/10.1007/s12193-020-00318-y
W350139113,W350139113,reference_only,False,5,,3,0,,,,,,,
W364991292,W364991292,reference_only,False,1,,2,0,,,,,,,
W1527935828,W1527935828,reference_only,False,5,,2,0,,,,,,,
W1564089514,W1564089514,reference_only,False,5,,2,0,,,,,,,
W1978365722,W1978365722,reference_only,False,5,,2,0,,,,,,,
W1984502100,W1984502100,reference_only,False,5,,3,0,,,,,,,
W1992160271,W1992160271,reference_only,False,5,,3,0,,,,,,,
W2011423846,W2011423846,reference_only,False,5,,4,0,,,,,,,
W2251410821,W2251410821,reference_only,False,5,,2,0,,,,,,,
W2277301908,W2277301908,reference_only,False,5,,2,0,,,,,,,
W2342321971,W2342321971,reference_only,False,5,,3,0,,,,,,,
W2406029310,W2406029310,reference_only,False,5,,4,0,,,,,,,
W2594321329,W2594321329,reference_only,False,5,,3,0,,,,,,,
W2616880359,W2616880359,reference_only,False,5,,2,0,,,,,,,
W2681842599,W2681842599,reference_only,False,5,,2,0,,,,,,,
W2897810656,"Addressing the Mapping Problem in Sonic Information Design through Embodied Image Schemata, Conceptual Metaphors, and Conceptual Blending",publication,True,5,2019.0,2,34,"Language, Metaphor, and Cognition",Journal of sonic studies,article,Experimental and Cognitive Psychology,Psychology,Social Sciences,https://doi.org/10.22501/jss.515156
W2903863026,W2903863026,reference_only,False,5,,2,0,,,,,,,
W2964368400,W2964368400,reference_only,False,5,,8,0,,,,,,,
W3081607173,W3081607173,reference_only,False,5,,2,0,,,,,,,
W2160470125,W2160470125,reference_only,False,1,,2,0,,,,,,,
W3199531051,Non-melanoma skin cancer diagnosis: a comparison between dermoscopic and smartphone images by unified visual and sonification deep learning algorithms,publication,True,6,2021.0,0,7,Cutaneous Melanoma Detection and Management,Journal of Cancer Research and Clinical Oncology,article,Oncology,Medicine,Health Sciences,https://doi.org/10.1007/s00432-021-03809-x
W2096016260,W2096016260,reference_only,False,6,,2,0,,,,,,,
W2946796433,Skin cancer detection by deep learning and sound analysis algorithms: A prospective clinical study of an elementary dermoscope,publication,True,6,2019.0,2,13,Cutaneous Melanoma Detection and Management,EBioMedicine,article,Oncology,Medicine,Health Sciences,https://doi.org/10.1016/j.ebiom.2019.04.055
W295772216,W295772216,reference_only,False,5,,2,0,,,,,,,
W563936930,W563936930,reference_only,False,5,,2,0,,,,,,,
W1493418801,W1493418801,reference_only,False,5,,2,0,,,,,,,
W2015101847,"Model-based sonification revisited---authors' comments on Hermann and Ritter, ICAD 2002",publication,True,6,2005.0,3,11,Music Technology and Sound Studies,ACM Transactions on Applied Perception,article,Computer Vision and Pattern Recognition,Computer Science,Physical Sciences,https://doi.org/10.1145/1101530.1101557
W2072785492,W2072785492,reference_only,False,6,,9,0,,,,,,,
W2076040368,W2076040368,reference_only,False,3,,7,0,,,,,,,
W4399969971,W4399969971,reference_only,False,1,,2,0,,,,,,,
W6645711090,W6645711090,reference_only,False,6,,2,0,,,,,,,
W2962242387,Sonification of Three-Dimensional Vector Fields,publication,True,8,2004.0,0,7,Music Technology and Sound Studies,eScholarship (California Digital Library),article,Computer Vision and Pattern Recognition,Computer Science,Physical Sciences,
W2004990376,W2004990376,reference_only,False,8,,3,0,,,,,,,
W2103368830,W2103368830,reference_only,False,8,,2,0,,,,,,,
W153595027,W153595027,reference_only,False,35,,2,0,,,,,,,
W1839056034,W1839056034,reference_only,False,35,,3,0,,,,,,,
W2047994903,W2047994903,reference_only,False,35,,2,0,,,,,,,
W2064136345,W2064136345,reference_only,False,35,,3,0,,,,,,,
W2125910719,W2125910719,reference_only,False,35,,4,0,,,,,,,
W2167066169,W2167066169,reference_only,False,35,,3,0,,,,,,,
W2278339107,W2278339107,reference_only,False,6,,2,0,,,,,,,
W2562983303,W2562983303,reference_only,False,35,,2,0,,,,,,,
W2786450869,W2786450869,reference_only,False,35,,4,0,,,,,,,
W2799914914,Sonifying social-ecological change: A wetland laments agricultural transformation,publication,True,6,2018.0,0,7,Land Use and Ecosystem Services,Ecology and Society,article,Global and Planetary Change,Environmental Science,Physical Sciences,https://doi.org/10.5751/es-10055-230220
W812793520,Listen to the Sound of Data,publication,True,6,2015.0,2,17,Music and Audio Processing,,book-chapter,Signal Processing,Computer Science,Physical Sciences,https://doi.org/10.1007/978-3-319-14998-1_19
W1971392238,W1971392238,reference_only,False,6,,2,0,,,,,,,
W2474317503,W2474317503,reference_only,False,6,,2,0,,,,,,,
W2626276769,An Introduction to Data Sonification,publication,True,6,2011.0,3,0,Music Technology and Sound Studies,Oxford University Press eBooks,book,Computer Vision and Pattern Recognition,Computer Science,Physical Sciences,https://doi.org/10.1093/oxfordhb/9780199792030.013.0016
W2791753912,W2791753912,reference_only,False,6,,2,0,,,,,,,
W3016418421,A Hierarchical Visual Feature-Based Approach For Image Sonification,publication,True,26,2020.0,2,32,Tactile and Sensory Interactions,IEEE Transactions on Multimedia,article,Cognitive Neuroscience,Neuroscience,Life Sciences,https://doi.org/10.1109/tmm.2020.2987710
W1908953056,W1908953056,reference_only,False,26,,2,0,,,,,,,
W1977007664,W1977007664,reference_only,False,26,,6,0,,,,,,,
W2021796188,Interactive Sonification [Guest editors' introduction],publication,True,6,2015.0,4,7,Tactile and Sensory Interactions,IEEE Multimedia,article,Cognitive Neuroscience,Neuroscience,Life Sciences,https://doi.org/10.1109/mmul.2015.8
W2029056124,W2029056124,reference_only,False,26,,2,0,,,,,,,
W2074750468,W2074750468,reference_only,False,26,,6,0,,,,,,,
W2095312086,W2095312086,reference_only,False,26,,3,0,,,,,,,
W2121927366,W2121927366,reference_only,False,26,,2,0,,,,,,,
W2151489780,W2151489780,reference_only,False,26,,2,0,,,,,,,
W2314223843,W2314223843,reference_only,False,26,,3,0,,,,,,,
W2544261385,PictureSensation – a mobile application to help the blind explore the visual world through touch and sound,publication,True,26,2016.0,2,12,Tactile and Sensory Interactions,Journal of Rehabilitation and Assistive Technologies Engineering,article,Cognitive Neuroscience,Neuroscience,Life Sciences,https://doi.org/10.1177/2055668316674582
W2771596738,W2771596738,reference_only,False,26,,3,0,,,,,,,
W4242621561,Designing an Interactive Audio Interface for Climate Science,publication,True,5,2015.0,4,13,Multisensory perception and integration,IEEE Multimedia,article,Experimental and Cognitive Psychology,Psychology,Social Sciences,https://doi.org/10.1109/mmul.2015.4
W6689554483,W6689554483,reference_only,False,26,,2,0,,,,,,,
W412097998,INVESTIGATION OF SYSTEM LATENCY DETECTION THRESHOLD OF VIRTUAL AUDITORY DISPLAY,publication,True,8,2006.0,0,13,Hearing Loss and Rehabilitation,,article,Cognitive Neuroscience,Neuroscience,Life Sciences,
W2068054279,Desktop data sonification,publication,True,1,2005.0,0,14,Tactile and Sensory Interactions,ACM Transactions on Applied Perception,article,Cognitive Neuroscience,Neuroscience,Life Sciences,https://doi.org/10.1145/1101530.1101545
W1888262238,An Auditory Display for Exploratory Visualization of Multidimensional Data,publication,True,1,1991.0,0,10,Noise Effects and Management,,book-chapter,Speech and Hearing,Health Professions,Health Sciences,https://doi.org/10.1007/978-3-642-75903-1_10
W1967595366,W1967595366,reference_only,False,1,,3,0,,,,,,,
W2002010034,W2002010034,reference_only,False,1,,2,0,,,,,,,
W2002041302,W2002041302,reference_only,False,1,,3,0,,,,,,,
W4212894378,An Embodied Sonification Model for Sit-to-Stand Transfers,publication,True,6,2022.0,2,53,Tactile and Sensory Interactions,Frontiers in Psychology,article,Cognitive Neuroscience,Neuroscience,Life Sciences,https://doi.org/10.3389/fpsyg.2022.806861
W1597258139,W1597258139,reference_only,False,6,,2,0,,,,,,,
W1980274578,W1980274578,reference_only,False,31,,6,0,,,,,,,
W2030742234,W2030742234,reference_only,False,6,,2,0,,,,,,,
W2038107928,W2038107928,reference_only,False,6,,2,0,,,,,,,
W2058706019,W2058706019,reference_only,False,6,,2,0,,,,,,,
W2060851700,W2060851700,reference_only,False,6,,2,0,,,,,,,
W2102617558,Using music as a signal for biofeedback,publication,True,6,2013.0,6,18,Neuroscience and Music Perception,International Journal of Psychophysiology,article,Cognitive Neuroscience,Neuroscience,Life Sciences,https://doi.org/10.1016/j.ijpsycho.2013.04.013
W2120798975,W2120798975,reference_only,False,6,,2,0,,,,,,,
W2124698660,W2124698660,reference_only,False,6,,2,0,,,,,,,
W2302732052,W2302732052,reference_only,False,6,,2,0,,,,,,,
W2792575828,W2792575828,reference_only,False,6,,2,0,,,,,,,
W3049182323,W3049182323,reference_only,False,6,,4,0,,,,,,,
W3127187336,W3127187336,reference_only,False,6,,2,0,,,,,,,
W3185101575,W3185101575,reference_only,False,6,,3,0,,,,,,,
W4234908646,W4234908646,reference_only,False,6,,2,0,,,,,,,
W4246707260,W4246707260,reference_only,False,6,,2,0,,,,,,,
W4248420834,Sound Information: Sonification in the Age of Complex Data and Digital Audio,publication,True,14,2015.0,4,0,Tactile and Sensory Interactions,Information & Culture,article,Cognitive Neuroscience,Neuroscience,Life Sciences,https://doi.org/10.7560/ic50401
W6600540020,W6600540020,reference_only,False,31,,2,0,,,,,,,
W2963309261,Interactive sonification of images in serious games as an education aid for visually impaired children,publication,True,26,2019.0,2,23,Tactile and Sensory Interactions,British Journal of Educational Technology,article,Cognitive Neuroscience,Neuroscience,Life Sciences,https://doi.org/10.1111/bjet.12852
W2002644089,W2002644089,reference_only,False,26,,4,0,,,,,,,
W2026283576,W2026283576,reference_only,False,26,,2,0,,,,,,,
W2271509354,W2271509354,reference_only,False,26,,2,0,,,,,,,
W3123420076,W3123420076,reference_only,False,26,,2,0,,,,,,,
W4230627298,W4230627298,reference_only,False,26,,2,0,,,,,,,
W2107626798,W2107626798,reference_only,False,14,,2,0,,,,,,,
W60334069,W60334069,reference_only,False,35,,3,0,,,,,,,
W1547315291,W1547315291,reference_only,False,35,,3,0,,,,,,,
W1993002202,W1993002202,reference_only,False,35,,2,0,,,,,,,
W2000822906,W2000822906,reference_only,False,35,,3,0,,,,,,,
W2042494379,W2042494379,reference_only,False,35,,3,0,,,,,,,
W2045395947,W2045395947,reference_only,False,35,,2,0,,,,,,,
W2139024465,W2139024465,reference_only,False,35,,4,0,,,,,,,
W2211125321,W2211125321,reference_only,False,31,,2,0,,,,,,,
W2764005569,W2764005569,reference_only,False,35,,4,0,,,,,,,
W2911754830,The Limitations of Being a Copycat: Learning Golf Putting Through Auditory and Visual Guidance,publication,True,35,2019.0,3,41,Action Observation and Synchronization,Frontiers in Psychology,article,Social Psychology,Psychology,Social Sciences,https://doi.org/10.3389/fpsyg.2019.00092
W3014904044,Improving the Pedal Force Effectiveness Using Real-Time Sonification,publication,True,35,2020.0,3,22,Tactile and Sensory Interactions,IEEE Access,article,Cognitive Neuroscience,Neuroscience,Life Sciences,https://doi.org/10.1109/access.2020.2984211
W2121752185,A system for the complementary visualization of 3D volume images using 2D and 3D binaurally processed sonification representations,publication,True,6,1996.0,2,5,Tactile and Sensory Interactions,IEEE Visualization,article,Cognitive Neuroscience,Neuroscience,Life Sciences,https://doi.org/10.5555/244979.245632
W2346131785,W2346131785,reference_only,False,14,,4,0,,,,,,,
W2467899972,W2467899972,reference_only,False,14,,4,0,,,,,,,
W2509398808,W2509398808,reference_only,False,14,,4,0,,,,,,,
W6628861248,W6628861248,reference_only,False,6,,3,0,,,,,,,
W6629874016,W6629874016,reference_only,False,0,,3,0,,,,,,,
W1996793401,Monitoring Performance on Visual and Auditory Displays,publication,True,1,1970.0,0,2,Color perception and design,Perceptual and Motor Skills,article,Social Psychology,Psychology,Social Sciences,https://doi.org/10.2466/pms.1970.30.1.235
W1987861576,W1987861576,reference_only,False,1,,2,0,,,,,,,
W2079702264,W2079702264,reference_only,False,19,,2,0,,,,,,,
W4236414151,W4236414151,reference_only,False,19,,2,0,,,,,,,
W4309791143,End-to-End Protein Normal Mode Frequency Predictions Using Language and Graph Models and Application to Sonification,publication,True,14,2022.0,0,20,Biochemical and Structural Characterization,ACS Nano,article,Molecular Biology,"Biochemistry, Genetics and Molecular Biology",Life Sciences,https://doi.org/10.1021/acsnano.2c07681
W2064675550,W2064675550,reference_only,False,0,,2,0,,,,,,,
W2950374603,W2950374603,reference_only,False,14,,2,0,,,,,,,
W3209573755,W3209573755,reference_only,False,14,,2,0,,,,,,,
W4205563941,Sonification of a 3-D Spider Web and Reconstitution for Musical Composition Using Granular Synthesis,publication,True,14,2020.0,4,23,Plant and Biological Electrophysiology Studies,Computer Music Journal,article,Plant Science,Agricultural and Biological Sciences,Life Sciences,https://doi.org/10.1162/comj_a_00580
W4292508613,W4292508613,reference_only,False,14,,2,0,,,,,,,
W3157071352,Effects of Auditory Display Types and Acoustic Variables on Subjective Driver Assessment in a Rail Crossing Context,publication,True,1,2021.0,2,16,Safety Warnings and Signage,Transportation Research Record Journal of the Transportation Research Board,article,Social Psychology,Psychology,Social Sciences,https://doi.org/10.1177/03611981211007838
W1519388409,Using Sound to Reduce Visual Distraction from In-vehicle Human–Machine Interfaces,publication,True,1,2015.0,2,10,Human-Automation Interaction and Safety,Traffic Injury Prevention,article,Social Psychology,Psychology,Social Sciences,https://doi.org/10.1080/15389588.2015.1020111
W2072628264,W2072628264,reference_only,False,1,,3,0,,,,,,,
W2153692424,"Menu Navigation With In-Vehicle Technologies: Auditory Menu Cues Improve Dual Task Performance, Preference, and Workload",publication,True,1,2014.0,6,51,Human-Automation Interaction and Safety,International Journal of Human-Computer Interaction,article,Social Psychology,Psychology,Social Sciences,https://doi.org/10.1080/10447318.2014.925774
W2280386867,Speech Auditory Alerts Promote Memory for Alerted Events in a Video-Simulated Self-Driving Car Ride,publication,True,1,2016.0,2,22,Human-Automation Interaction and Safety,Human Factors The Journal of the Human Factors and Ergonomics Society,article,Social Psychology,Psychology,Social Sciences,https://doi.org/10.1177/0018720816629279
W2502448385,W2502448385,reference_only,False,28,,2,0,,,,,,,
W2768450324,W2768450324,reference_only,False,28,,2,0,,,,,,,
W2909587423,W2909587423,reference_only,False,28,,3,0,,,,,,,
W1528003425,Sonification of 3D Scenes in an Electronic Travel Aid for the Blind,publication,True,26,2011.0,0,17,Tactile and Sensory Interactions,InTech eBooks,book-chapter,Cognitive Neuroscience,Neuroscience,Life Sciences,https://doi.org/10.5772/15311
W99879125,SLAB: A SOFTWARE-BASED REAL-TIME VIRTUAL ACOUSTIC ENVIRONMENT RENDERING SYSTEM,publication,True,8,2001.0,3,3,Music and Audio Processing,,article,Signal Processing,Computer Science,Physical Sciences,
W1568263626,W1568263626,reference_only,False,26,,2,0,,,,,,,
W1979846720,W1979846720,reference_only,False,26,,4,0,,,,,,,
W2026000422,W2026000422,reference_only,False,26,,2,0,,,,,,,
W2148424251,W2148424251,reference_only,False,26,,3,0,,,,,,,
W2807741105,Sonification of Network Traffic for Detecting and Learning About Botnet Behavior,publication,True,30,2018.0,3,12,Network Security and Intrusion Detection,IEEE Access,article,Computer Networks and Communications,Computer Science,Physical Sciences,https://doi.org/10.1109/access.2018.2847349
W1604602644,Exploratory Sound Analysis: Sonifying data about sound,publication,True,1,2008.0,0,11,Music and Audio Processing,,article,Signal Processing,Computer Science,Physical Sciences,
W13843506,Sonification of Sound: Tools for Teaching Acoustics and Audio,publication,True,31,2007.0,2,7,Vehicle Noise and Vibration Control,Archives of Biochemistry and Biophysics,article,Automotive Engineering,Engineering,Physical Sciences,https://doi.org/10.1016/0003-9861(59)90574-0
W1485782681,W1485782681,reference_only,False,6,,3,0,,,,,,,
W2167983404,W2167983404,reference_only,False,10,,2,0,,,,,,,
W2603310600,'Psysound3': Software for Acoustical and Psychoacoustical Analysis of Sound Recordings,publication,True,31,2007.0,2,17,Music and Audio Processing,,article,Signal Processing,Computer Science,Physical Sciences,
W2211533131,Data sonification and sound design in interactive systems,publication,True,6,2015.0,3,13,Tactile and Sensory Interactions,International Journal of Human-Computer Studies,editorial,Cognitive Neuroscience,Neuroscience,Life Sciences,https://doi.org/10.1016/j.ijhcs.2015.08.005
W1182186001,W1182186001,reference_only,False,6,,2,0,,,,,,,
W2294927243,W2294927243,reference_only,False,6,,2,0,,,,,,,
W2397925409,Auditory navigation with a tubular acoustic model for interactive distance cues and personalized head-related transfer functions,publication,True,8,2016.0,2,30,Hearing Loss and Rehabilitation,Journal on Multimodal User Interfaces,article,Cognitive Neuroscience,Neuroscience,Life Sciences,https://doi.org/10.1007/s12193-016-0221-z
W2784911068,Guest editors' note special issue on auditory displays,publication,True,6,2012.0,2,0,Interactive and Immersive Displays,,editorial,Human-Computer Interaction,Computer Science,Physical Sciences,
W4245838028,W4245838028,reference_only,False,6,,2,0,,,,,,,
W2032754165,An Auditory Display in Playlist Generation,publication,True,8,2011.0,0,14,Music and Audio Processing,IEEE Signal Processing Magazine,article,Signal Processing,Computer Science,Physical Sciences,https://doi.org/10.1109/msp.2011.940883
W102267855,W102267855,reference_only,False,8,,2,0,,,,,,,
W138579575,W138579575,reference_only,False,8,,2,0,,,,,,,
W164159772,W164159772,reference_only,False,8,,2,0,,,,,,,
W1498791409,W1498791409,reference_only,False,8,,2,0,,,,,,,
W1547734217,W1547734217,reference_only,False,8,,2,0,,,,,,,
W1565234656,W1565234656,reference_only,False,8,,2,0,,,,,,,
W1997062464,W1997062464,reference_only,False,8,,3,0,,,,,,,
W2138866747,W2138866747,reference_only,False,8,,2,0,,,,,,,
W2144546471,W2144546471,reference_only,False,8,,2,0,,,,,,,
W2342317837,W2342317837,reference_only,False,8,,4,0,,,,,,,
W1491899529,Guidelines for NextGen Auditory Displays,publication,True,8,2012.0,0,13,Human-Automation Interaction and Safety,Journal of the Audio Engineering Society,article,Social Psychology,Psychology,Social Sciences,
W1969105061,W1969105061,reference_only,False,8,,7,0,,,,,,,
W1982677985,W1982677985,reference_only,False,8,,2,0,,,,,,,
W2063636323,W2063636323,reference_only,False,3,,2,0,,,,,,,
W2394662735,W2394662735,reference_only,False,3,,2,0,,,,,,,
W2404460166,W2404460166,reference_only,False,3,,3,0,,,,,,,
W2471915850,W2471915850,reference_only,False,3,,4,0,,,,,,,
W2625715867,W2625715867,reference_only,False,3,,4,0,,,,,,,
W1594043684,W1594043684,reference_only,False,8,,2,0,,,,,,,
W1956538804,W1956538804,reference_only,False,31,,2,0,,,,,,,
W2117678320,W2117678320,reference_only,False,34,,7,0,,,,,,,
W2131090193,W2131090193,reference_only,False,5,,2,0,,,,,,,
W2267158555,SONIFICATION OF QUANTUM SPECTRA,publication,True,6,2005.0,3,1,Music Technology and Sound Studies,,article,Computer Vision and Pattern Recognition,Computer Science,Physical Sciences,
W3012133597,Modulation of ellipses drawing by sonification,publication,True,35,2020.0,4,21,Motor Control and Adaptation,Experimental Brain Research,article,Cognitive Neuroscience,Neuroscience,Life Sciences,https://doi.org/10.1007/s00221-020-05770-6
W2168828075,W2168828075,reference_only,False,35,,4,0,,,,,,,
W2342521515,W2342521515,reference_only,False,35,,3,0,,,,,,,
W2317125429,SUBJECTIVE EXPERIENCE METHODS FOR EARLY CONCEPTUAL DESIGN OF AUDITORY DISPLAYS,publication,True,1,2009.0,0,21,Innovative Human-Technology Interaction,,article,Human-Computer Interaction,Computer Science,Physical Sciences,
W41886624,STRATEGIES FOR SONIC INTERACTION DESIGN: FROM CONTEXT TO BASIC DESIGN,publication,True,5,2008.0,2,10,Innovative Human-Technology Interaction,,article,Human-Computer Interaction,Computer Science,Physical Sciences,
W88727532,W88727532,reference_only,False,1,,4,0,,,,,,,
W192548246,W192548246,reference_only,False,5,,2,0,,,,,,,
W1538854818,W1538854818,reference_only,False,1,,2,0,,,,,,,
W1799884102,Exploring concurrent auditory icon recognition,publication,True,1,2009.0,2,9,Multisensory perception and integration,,article,Experimental and Cognitive Psychology,Psychology,Social Sciences,
W2122437005,W2122437005,reference_only,False,1,,6,0,,,,,,,
W2754910808,Auditory display for fluorescence-guided open brain tumor surgery,publication,True,31,2017.0,0,19,Optical Imaging and Spectroscopy Techniques,International Journal of Computer Assisted Radiology and Surgery,article,"Radiology, Nuclear Medicine and Imaging",Medicine,Health Sciences,https://doi.org/10.1007/s11548-017-1667-5
W4427264,W4427264,reference_only,False,19,,2,0,,,,,,,
W1550840327,W1550840327,reference_only,False,19,,7,0,,,,,,,
W2914697353,W2914697353,reference_only,False,19,,2,0,,,,,,,
W3001036246,W3001036246,reference_only,False,19,,2,0,,,,,,,
W2894384264,Spearcon Sequences for Monitoring Multiple Patients: Laboratory Investigation Comparing Two Auditory Display Designs,publication,True,19,2018.0,4,28,Healthcare Technology and Patient Monitoring,Human Factors The Journal of the Human Factors and Ergonomics Society,article,Surgery,Medicine,Health Sciences,https://doi.org/10.1177/0018720818797502
W137308882,W137308882,reference_only,False,30,,2,0,,,,,,,
W1583788972,W1583788972,reference_only,False,19,,3,0,,,,,,,
W1977847827,W1977847827,reference_only,False,19,,2,0,,,,,,,
W1991237363,Continuously Informing Vibrotactile Displays in Support of Attention Management and Multitasking in Anesthesiology,publication,True,19,2011.0,5,22,Healthcare Technology and Patient Monitoring,Human Factors The Journal of the Human Factors and Ergonomics Society,article,Surgery,Medicine,Health Sciences,https://doi.org/10.1177/0018720811425043
W2072500831,W2072500831,reference_only,False,19,,3,0,,,,,,,
W2096457720,W2096457720,reference_only,False,19,,6,0,,,,,,,
W2134598164,W2134598164,reference_only,False,19,,2,0,,,,,,,
W2151794956,W2151794956,reference_only,False,19,,2,0,,,,,,,
W2190577106,W2190577106,reference_only,False,19,,3,0,,,,,,,
W2549214777,Using a Sequence of Earcons to Monitor Multiple Simulated Patients,publication,True,19,2016.0,3,27,Healthcare Technology and Patient Monitoring,Human Factors The Journal of the Human Factors and Ergonomics Society,article,Surgery,Medicine,Health Sciences,https://doi.org/10.1177/0018720816670986
W2620916946,W2620916946,reference_only,False,19,,5,0,,,,,,,
W2621231483,Spearcons for Patient Monitoring: Laboratory Investigation Comparing Earcons and Spearcons,publication,True,19,2017.0,5,21,Healthcare Technology and Patient Monitoring,Human Factors The Journal of the Human Factors and Ergonomics Society,article,Surgery,Medicine,Health Sciences,https://doi.org/10.1177/0018720817697536
W2768026895,Pitch-Based Earcons: An Auditory Display for Patient Monitoring,publication,True,19,2016.0,2,0,Healthcare Technology and Patient Monitoring,Queensland's institutional digital repository (The University of Queensland),dissertation,Surgery,Medicine,Health Sciences,
W4233416683,W4233416683,reference_only,False,19,,3,0,,,,,,,
W4240553276,W4240553276,reference_only,False,19,,3,0,,,,,,,
W4318045047,"Climate data sonification and visualization: An analysis of topics, aesthetics, and characteristics in 32 recent projects",publication,True,6,2023.0,4,24,Tactile and Sensory Interactions,Frontiers in Psychology,article,Cognitive Neuroscience,Neuroscience,Life Sciences,https://doi.org/10.3389/fpsyg.2022.1020102
W2028880259,W2028880259,reference_only,False,6,,2,0,,,,,,,
W2174558933,W2174558933,reference_only,False,6,,2,0,,,,,,,
W2215437196,"Interactive Sonification of Weather Data for <i>The Locust Wrath</i>, a Multimedia Dance Performance",publication,True,6,2016.0,2,12,Multisensory perception and integration,Leonardo,article,Experimental and Cognitive Psychology,Psychology,Social Sciences,https://doi.org/10.1162/leon_a_01339
W2904802400,Aesthetics of sonification,publication,True,6,2017.0,5,0,Visual Culture and Art Theory,,book-chapter,Visual Arts and Performing Arts,Arts and Humanities,Social Sciences,https://doi.org/10.4324/9781315569628-6
W3004426103,A Sonification of Cross-Cultural Differences in Happiness-Related Tweets,publication,True,6,2020.0,3,0,"Language, Metaphor, and Cognition",Journal of the Audio Engineering Society,article,Experimental and Cognitive Psychology,Psychology,Social Sciences,https://doi.org/10.17743/jaes.2019.0056
W6631563805,W6631563805,reference_only,False,6,,4,0,,,,,,,
W4398143851,Hydrogen bonding heterogeneity correlates with protein folding transition state passage time as revealed by data sonification,publication,True,14,2024.0,0,8,Protein Structure and Dynamics,Proceedings of the National Academy of Sciences,article,Molecular Biology,"Biochemistry, Genetics and Molecular Biology",Life Sciences,https://doi.org/10.1073/pnas.2319094121
W1999188026,W1999188026,reference_only,False,14,,2,0,,,,,,,
W2073086978,W2073086978,reference_only,False,14,,2,0,,,,,,,
W2122570878,W2122570878,reference_only,False,14,,2,0,,,,,,,
W2087517605,Sonifications for concert and live performance,publication,True,6,2011.0,0,2,Music Technology and Sound Studies,AI & Society,article,Computer Vision and Pattern Recognition,Computer Science,Physical Sciences,https://doi.org/10.1007/s00146-011-0348-0
W2810655659,"Sound, Ecological Affordances and Embodied Mappings in Auditory Display",publication,True,5,2018.0,0,102,Music Technology and Sound Studies,Human-computer interaction series,book-chapter,Computer Vision and Pattern Recognition,Computer Science,Physical Sciences,https://doi.org/10.1007/978-3-319-73374-6_12
W90818485,UNDERSTANDING AURAL FLUENCY IN AUDITORY DISPLAY DESIGN FOR AMBIENT INTELLIGENT ENVIRONMENTS,publication,True,1,2008.0,2,19,Tactile and Sensory Interactions,Summit (Simon Fraser University),article,Cognitive Neuroscience,Neuroscience,Life Sciences,
W1500910854,W1500910854,reference_only,False,5,,2,0,,,,,,,
W1513934811,W1513934811,reference_only,False,35,,2,0,,,,,,,
W1567866491,W1567866491,reference_only,False,5,,2,0,,,,,,,
W1748744376,W1748744376,reference_only,False,6,,2,0,,,,,,,
W1986550610,W1986550610,reference_only,False,5,,2,0,,,,,,,
W2000459129,W2000459129,reference_only,False,5,,2,0,,,,,,,
W2009589468,W2009589468,reference_only,False,6,,2,0,,,,,,,
W2014937798,W2014937798,reference_only,False,1,,2,0,,,,,,,
W2016687108,W2016687108,reference_only,False,35,,3,0,,,,,,,
W2075583053,W2075583053,reference_only,False,5,,2,0,,,,,,,
W2100833175,W2100833175,reference_only,False,5,,4,0,,,,,,,
W2126052372,W2126052372,reference_only,False,5,,3,0,,,,,,,
W2137260886,W2137260886,reference_only,False,5,,2,0,,,,,,,
W2141385588,W2141385588,reference_only,False,5,,2,0,,,,,,,
W2156897173,W2156897173,reference_only,False,14,,3,0,,,,,,,
W2751259691,W2751259691,reference_only,False,19,,3,0,,,,,,,
W4252497458,W4252497458,reference_only,False,6,,3,0,,,,,,,
W2899919357,Musical Vision: an interactive bio-inspired sonification tool to convert images into music,publication,True,26,2018.0,6,13,Tactile and Sensory Interactions,Journal on Multimodal User Interfaces,article,Cognitive Neuroscience,Neuroscience,Life Sciences,https://doi.org/10.1007/s12193-018-0280-4
W1607781014,W1607781014,reference_only,False,26,,3,0,,,,,,,
W2077651288,W2077651288,reference_only,False,26,,2,0,,,,,,,
W4385720390,Data-to-music sonification and user engagement,publication,True,6,2023.0,0,18,Tactile and Sensory Interactions,Frontiers in Big Data,article,Cognitive Neuroscience,Neuroscience,Life Sciences,https://doi.org/10.3389/fdata.2023.1206081
W2782898451,W2782898451,reference_only,False,6,,2,0,,,,,,,
W6727785822,W6727785822,reference_only,False,6,,2,0,,,,,,,
W7033147448,W7033147448,reference_only,False,6,,4,0,,,,,,,
W1487212816,W1487212816,reference_only,False,26,,6,0,,,,,,,
W1552481752,Analysis and Synthesis of Room Reverberation Based on a Statistical Time-Frequency Model,publication,True,8,1997.0,2,20,Speech and Audio Processing,,article,Signal Processing,Computer Science,Physical Sciences,
W1553887387,W1553887387,reference_only,False,8,,4,0,,,,,,,
W1569827162,W1569827162,reference_only,False,31,,3,0,,,,,,,
W1577231857,W1577231857,reference_only,False,1,,2,0,,,,,,,
W1594168327,W1594168327,reference_only,False,6,,4,0,,,,,,,
W1606839594,W1606839594,reference_only,False,8,,2,0,,,,,,,
W1977422919,W1977422919,reference_only,False,8,,3,0,,,,,,,
W1977703546,W1977703546,reference_only,False,8,,2,0,,,,,,,
W2021421911,W2021421911,reference_only,False,8,,4,0,,,,,,,
W2031865865,W2031865865,reference_only,False,8,,6,0,,,,,,,
W2056725642,W2056725642,reference_only,False,1,,5,0,,,,,,,
W2059340443,W2059340443,reference_only,False,10,,2,0,,,,,,,
W2103095385,W2103095385,reference_only,False,1,,2,0,,,,,,,
W2132050867,W2132050867,reference_only,False,10,,2,0,,,,,,,
W2135080377,W2135080377,reference_only,False,8,,4,0,,,,,,,
W2139138427,W2139138427,reference_only,False,8,,5,0,,,,,,,
W2172059270,W2172059270,reference_only,False,10,,2,0,,,,,,,
W2340839366,W2340839366,reference_only,False,8,,2,0,,,,,,,
W2970850616,W2970850616,reference_only,False,8,,3,0,,,,,,,
W2971127089,Musical sonification supports visual discrimination of color intensity,publication,True,6,2019.0,2,33,Color perception and design,Behaviour and Information Technology,article,Social Psychology,Psychology,Social Sciences,https://doi.org/10.1080/0144929x.2019.1657952
W1498714368,W1498714368,reference_only,False,26,,3,0,,,,,,,
W1521847617,W1521847617,reference_only,False,14,,9,0,,,,,,,
W1534547368,W1534547368,reference_only,False,6,,2,0,,,,,,,
W1572460559,W1572460559,reference_only,False,6,,4,0,,,,,,,
W1901546569,W1901546569,reference_only,False,26,,4,0,,,,,,,
W1986521970,W1986521970,reference_only,False,6,,3,0,,,,,,,
W2006497447,W2006497447,reference_only,False,6,,2,0,,,,,,,
W2020344772,W2020344772,reference_only,False,6,,5,0,,,,,,,
W2027867296,W2027867296,reference_only,False,6,,4,0,,,,,,,
W2093183881,Gestalt Principles in Multimodal Data Representation,publication,True,6,2015.0,4,11,Action Observation and Synchronization,IEEE Computer Graphics and Applications,article,Social Psychology,Psychology,Social Sciences,https://doi.org/10.1109/mcg.2015.29
W2144823142,W2144823142,reference_only,False,6,,4,0,,,,,,,
W2150085383,W2150085383,reference_only,False,6,,2,0,,,,,,,
W2289293720,W2289293720,reference_only,False,6,,4,0,,,,,,,
W2598154185,W2598154185,reference_only,False,6,,3,0,,,,,,,
W2898557974,W2898557974,reference_only,False,6,,3,0,,,,,,,
W3016825603,W3016825603,reference_only,False,6,,2,0,,,,,,,
W4298366219,W4298366219,reference_only,False,0,,2,0,,,,,,,
W3020522103,"Auditory displays and auditory user interfaces: art, design, science, and research",publication,True,6,2020.0,0,9,Tactile and Sensory Interactions,Journal on Multimodal User Interfaces,article,Cognitive Neuroscience,Neuroscience,Life Sciences,https://doi.org/10.1007/s12193-020-00324-0
W2964920197,Introduction to the special issue on interactive sonification,publication,True,35,2019.0,3,7,Tactile and Sensory Interactions,Journal on Multimodal User Interfaces,editorial,Cognitive Neuroscience,Neuroscience,Life Sciences,https://doi.org/10.1007/s12193-019-00312-z
W2995817536,Focused Audification and the optimization of its parameters,publication,True,6,2019.0,2,18,Tactile and Sensory Interactions,Journal on Multimodal User Interfaces,article,Cognitive Neuroscience,Neuroscience,Life Sciences,https://doi.org/10.1007/s12193-019-00317-8
W2971101646,SAVIOR ICU: sonification and vibrotactile interface for the operating room and intensive care unit,publication,True,19,2019.0,0,16,Healthcare Technology and Patient Monitoring,Journal of Clinical Monitoring and Computing,article,Surgery,Medicine,Health Sciences,https://doi.org/10.1007/s10877-019-00381-1
W2019267991,W2019267991,reference_only,False,19,,2,0,,,,,,,
W2606064217,W2606064217,reference_only,False,19,,2,0,,,,,,,
W2922315556,W2922315556,reference_only,False,19,,3,0,,,,,,,
W2514685340,Brainwaves in concert: the 20th century sonification of the electroencephalogram,publication,True,6,2016.0,0,7,EEG and Brain-Computer Interfaces,Brain,article,Cognitive Neuroscience,Neuroscience,Life Sciences,https://doi.org/10.1093/brain/aww207
W121667401,W121667401,reference_only,False,6,,4,0,,,,,,,
W1578098435,W1578098435,reference_only,False,19,,2,0,,,,,,,
W1971556657,W1971556657,reference_only,False,19,,5,0,,,,,,,
W1987591618,W1987591618,reference_only,False,19,,5,0,,,,,,,
W2052114876,W2052114876,reference_only,False,19,,5,0,,,,,,,
W2122989064,W2122989064,reference_only,False,19,,3,0,,,,,,,
W2160433250,W2160433250,reference_only,False,19,,3,0,,,,,,,
W2416677955,W2416677955,reference_only,False,19,,2,0,,,,,,,
W1559305623,W1559305623,reference_only,False,6,,2,0,,,,,,,
W2155414356,W2155414356,reference_only,False,6,,2,0,,,,,,,
W2055997450,An elevation coding method for auditory displays,publication,True,8,2006.0,0,22,Hearing Loss and Rehabilitation,Applied Acoustics,article,Cognitive Neuroscience,Neuroscience,Life Sciences,https://doi.org/10.1016/j.apacoust.2006.10.008
W1997836753,W1997836753,reference_only,False,8,,2,0,,,,,,,
W2003313743,W2003313743,reference_only,False,8,,3,0,,,,,,,
W2034554526,W2034554526,reference_only,False,8,,4,0,,,,,,,
W2038684692,W2038684692,reference_only,False,8,,3,0,,,,,,,
W2045030470,W2045030470,reference_only,False,8,,2,0,,,,,,,
W2062690590,W2062690590,reference_only,False,8,,4,0,,,,,,,
W2094924665,W2094924665,reference_only,False,8,,2,0,,,,,,,
W2148329528,W2148329528,reference_only,False,15,,11,0,,,,,,,
W2168510788,From Information Content to Auditory Display with Ecological Interface Design: Prospects and Challenges,publication,True,19,2005.0,0,21,Human-Automation Interaction and Safety,Proceedings of the Human Factors and Ergonomics Society Annual Meeting,article,Social Psychology,Psychology,Social Sciences,https://doi.org/10.1177/154193120504900310
W1523532444,W1523532444,reference_only,False,19,,7,0,,,,,,,
W2163520596,W2163520596,reference_only,False,19,,7,0,,,,,,,
W4242608241,W4242608241,reference_only,False,19,,4,0,,,,,,,
W4253515609,W4253515609,reference_only,False,19,,4,0,,,,,,,
W4224255674,Measurement and sonification of construction site noise and particle pollution data,publication,True,6,2022.0,0,25,Noise Effects and Management,Smart and Sustainable Built Environment,article,Speech and Hearing,Health Professions,Health Sciences,https://doi.org/10.1108/sasbe-11-2021-0189
W2529275262,W2529275262,reference_only,False,6,,2,0,,,,,,,
W2615708997,W2615708997,reference_only,False,6,,2,0,,,,,,,
W2795609262,W2795609262,reference_only,False,6,,6,0,,,,,,,
W2899440314,W2899440314,reference_only,False,6,,2,0,,,,,,,
W2902894080,W2902894080,reference_only,False,6,,2,0,,,,,,,
W2965150687,W2965150687,reference_only,False,31,,17,0,,,,,,,
W3125610818,Designing the user experience of musical sonification in public and semi-public spaces,publication,True,6,2021.0,2,21,Music Technology and Sound Studies,SoundEffects - An Interdisciplinary Journal of Sound and Sound Experience,article,Computer Vision and Pattern Recognition,Computer Science,Physical Sciences,https://doi.org/10.7146/se.v10i1.124202
W4298210108,W4298210108,reference_only,False,6,,2,0,,,,,,,
W1988082944,W1988082944,reference_only,False,0,,6,0,,,,,,,
W1994441409,W1994441409,reference_only,False,0,,2,0,,,,,,,
W2012510869,W2012510869,reference_only,False,0,,3,0,,,,,,,
W2023942272,W2023942272,reference_only,False,26,,4,0,,,,,,,
W2086912078,W2086912078,reference_only,False,8,,5,0,,,,,,,
W2110794031,W2110794031,reference_only,False,5,,2,0,,,,,,,
W2316944851,W2316944851,reference_only,False,5,,2,0,,,,,,,
W2332748509,W2332748509,reference_only,False,0,,2,0,,,,,,,
W2345739896,W2345739896,reference_only,False,6,,8,0,,,,,,,
W3110196125,W3110196125,reference_only,False,1,,2,0,,,,,,,
W2048254319,W2048254319,reference_only,False,35,,3,0,,,,,,,
W2782758532,W2782758532,reference_only,False,35,,2,0,,,,,,,
W167331078,W167331078,reference_only,False,28,,4,0,,,,,,,
W1535516115,W1535516115,reference_only,False,19,,3,0,,,,,,,
W1999247002,W1999247002,reference_only,False,19,,2,0,,,,,,,
W2034391172,W2034391172,reference_only,False,19,,3,0,,,,,,,
W2096905586,W2096905586,reference_only,False,19,,4,0,,,,,,,
W2099783414,W2099783414,reference_only,False,19,,3,0,,,,,,,
W3096648358,A Novel Method for Sleep-Stage Classification Based on Sonification of Sleep Electroencephalogram Signals Using Wavelet Transform and Recurrent Neural Network,publication,True,0,2020.0,2,7,EEG and Brain-Computer Interfaces,European Neurology,article,Cognitive Neuroscience,Neuroscience,Life Sciences,https://doi.org/10.1159/000511306
W4320884152,WeatherChimes: An Open IoT Weather Station and Data Sonification System,publication,True,6,2023.0,0,3,Urban Heat Island Mitigation,HardwareX,article,Environmental Engineering,Environmental Science,Physical Sciences,https://doi.org/10.1016/j.ohx.2023.e00402
W2265745,W2265745,reference_only,False,0,,2,0,,,,,,,
W1986921898,W1986921898,reference_only,False,0,,2,0,,,,,,,
W2049833070,W2049833070,reference_only,False,0,,2,0,,,,,,,
W2052471278,W2052471278,reference_only,False,0,,3,0,,,,,,,
W2058004561,W2058004561,reference_only,False,0,,2,0,,,,,,,
W2105372391,W2105372391,reference_only,False,0,,2,0,,,,,,,
W2739206525,W2739206525,reference_only,False,0,,2,0,,,,,,,
W2326169873,Sonification and the Mysticism of Negation,publication,True,5,2014.0,0,12,Neuroscience and Music Perception,Organised Sound,article,Cognitive Neuroscience,Neuroscience,Life Sciences,https://doi.org/10.1017/s1355771814000296
W2051981399,W2051981399,reference_only,False,5,,2,0,,,,,,,
W2156366082,W2156366082,reference_only,False,14,,5,0,,,,,,,
W2983958770,W2983958770,reference_only,False,5,,3,0,,,,,,,
W2117773238,Dataffect: Numerical Epistemology and the Art of Data Sonification,publication,True,6,2014.0,0,4,Posthumanist Ethics and Activism,Leonardo Music Journal,article,Cultural Studies,Social Sciences,Social Sciences,https://doi.org/10.1162/lmj_a_00192
W583799156,W583799156,reference_only,False,6,,3,0,,,,,,,
W1983188187,W1983188187,reference_only,False,6,,2,0,,,,,,,
W2295995918,"Sonification and Music, Music and Sonification",publication,True,5,2016.0,0,19,Music Technology and Sound Studies,Northumbria Research Link (Northumbria University),book-chapter,Computer Vision and Pattern Recognition,Computer Science,Physical Sciences,
W3199695506,Using sound to understand protein sequence data: new sonification algorithms for protein sequences and multiple sequence alignments,publication,True,14,2021.0,5,27,Tactile and Sensory Interactions,BMC Bioinformatics,article,Cognitive Neuroscience,Neuroscience,Life Sciences,https://doi.org/10.1186/s12859-021-04362-7
W1572665971,W1572665971,reference_only,False,26,,3,0,,,,,,,
W2136522326,W2136522326,reference_only,False,14,,2,0,,,,,,,
W2149315699,W2149315699,reference_only,False,5,,2,0,,,,,,,
W2485630716,W2485630716,reference_only,False,1,,2,0,,,,,,,
W2505364441,W2505364441,reference_only,False,0,,3,0,,,,,,,
W1914753470,W1914753470,reference_only,False,35,,2,0,,,,,,,
W2005232126,W2005232126,reference_only,False,35,,2,0,,,,,,,
W2012374187,W2012374187,reference_only,False,35,,2,0,,,,,,,
W2046937901,W2046937901,reference_only,False,35,,4,0,,,,,,,
W2134412455,W2134412455,reference_only,False,35,,3,0,,,,,,,
W2409386862,W2409386862,reference_only,False,35,,2,0,,,,,,,
W6632684176,W6632684176,reference_only,False,35,,2,0,,,,,,,
W6678284203,W6678284203,reference_only,False,35,,2,0,,,,,,,
W6714488918,W6714488918,reference_only,False,35,,2,0,,,,,,,
W6850408245,W6850408245,reference_only,False,35,,2,0,,,,,,,
W2503608423,Prototype auditory displays for a fuel efficiency driver interface,publication,True,32,2014.0,0,2,Vehicle emissions and performance,Digital Commons - Michigan Tech (Michigan Technological University),article,Automotive Engineering,Engineering,Physical Sciences,
W2034768418,W2034768418,reference_only,False,32,,2,0,,,,,,,
W2067457993,W2067457993,reference_only,False,32,,2,0,,,,,,,
W2897278185,First Results From Sonification and Exploratory Citizen Science of Magnetospheric ULF Waves: Long‐Lasting Decreasing‐Frequency Poloidal Field Line Resonances Following Geomagnetic Storms,publication,True,6,2018.0,3,29,Ionosphere and magnetosphere dynamics,Space Weather,article,Astronomy and Astrophysics,Physics and Astronomy,Physical Sciences,https://doi.org/10.1029/2018sw001988
W1967888462,W1967888462,reference_only,False,6,,2,0,,,,,,,
W1973180725,W1973180725,reference_only,False,6,,2,0,,,,,,,
W2010760790,W2010760790,reference_only,False,6,,2,0,,,,,,,
W2012238473,W2012238473,reference_only,False,6,,2,0,,,,,,,
W2041827080,W2041827080,reference_only,False,6,,2,0,,,,,,,
W2046507154,W2046507154,reference_only,False,6,,2,0,,,,,,,
W2051356150,W2051356150,reference_only,False,6,,2,0,,,,,,,
W2061586628,W2061586628,reference_only,False,6,,2,0,,,,,,,
W2105637237,W2105637237,reference_only,False,6,,2,0,,,,,,,
W2118849485,W2118849485,reference_only,False,6,,2,0,,,,,,,
W2121307982,W2121307982,reference_only,False,6,,2,0,,,,,,,
W2127695393,W2127695393,reference_only,False,6,,2,0,,,,,,,
W2149095746,W2149095746,reference_only,False,10,,2,0,,,,,,,
W2194731015,W2194731015,reference_only,False,6,,2,0,,,,,,,
W2427551199,A PROTON-CYCLOTRON WAVE STORM GENERATED BY UNSTABLE PROTON DISTRIBUTION FUNCTIONS IN THE SOLAR WIND,publication,True,6,2016.0,2,5,Solar and Space Plasma Dynamics,The Astrophysical Journal,article,Astronomy and Astrophysics,Physics and Astronomy,Physical Sciences,https://doi.org/10.3847/0004-637x/819/1/6
W2563455099,W2563455099,reference_only,False,6,,2,0,,,,,,,
W2779895865,W2779895865,reference_only,False,6,,2,0,,,,,,,
W3106889297,W3106889297,reference_only,False,6,,2,0,,,,,,,
W3165898261,W3165898261,reference_only,False,6,,2,0,,,,,,,
W4252684946,W4252684946,reference_only,False,6,,2,0,,,,,,,
W4283757948,From Visual Art to Music: Sonification Can Adapt to Painting Styles and Augment User Experience,publication,True,26,2022.0,2,21,Tactile and Sensory Interactions,International Journal of Human-Computer Interaction,article,Cognitive Neuroscience,Neuroscience,Life Sciences,https://doi.org/10.1080/10447318.2022.2091210
W2023772589,W2023772589,reference_only,False,26,,3,0,,,,,,,
W2569299383,W2569299383,reference_only,False,26,,2,0,,,,,,,
W2589688792,W2589688792,reference_only,False,26,,2,0,,,,,,,
W2887465914,W2887465914,reference_only,False,26,,2,0,,,,,,,
W2964371734,W2964371734,reference_only,False,6,,3,0,,,,,,,
W3162917476,Seeing through Events: Real-Time Moving Object Sonification for Visually Impaired People Using Event-Based Camera,publication,True,26,2021.0,2,20,Tactile and Sensory Interactions,Sensors,article,Cognitive Neuroscience,Neuroscience,Life Sciences,https://doi.org/10.3390/s21103558
W3198656788,Sound of databases,publication,True,26,2021.0,2,3,Data Visualization and Analytics,Proceedings of the VLDB Endowment,article,Computer Vision and Pattern Recognition,Computer Science,Physical Sciences,https://doi.org/10.14778/3476311.3476322
W2599773616,Can an aircraft be piloted via sonification with an acceptable attentional cost? A comparison of blind and sighted pilots,publication,True,26,2017.0,4,27,Tactile and Sensory Interactions,Applied Ergonomics,article,Cognitive Neuroscience,Neuroscience,Life Sciences,https://doi.org/10.1016/j.apergo.2017.03.001
W1253821352,W1253821352,reference_only,False,26,,4,0,,,,,,,
W1980859038,W1980859038,reference_only,False,28,,2,0,,,,,,,
W1987302113,W1987302113,reference_only,False,28,,8,0,,,,,,,
W2025791332,W2025791332,reference_only,False,26,,2,0,,,,,,,
W2031317277,W2031317277,reference_only,False,26,,2,0,,,,,,,
W2046254084,W2046254084,reference_only,False,26,,3,0,,,,,,,
W2119322603,W2119322603,reference_only,False,26,,2,0,,,,,,,
W2200220262,W2200220262,reference_only,False,26,,2,0,,,,,,,
W1506986435,W1506986435,reference_only,False,1,,9,0,,,,,,,
W1624652969,W1624652969,reference_only,False,1,,2,0,,,,,,,
W2131476766,W2131476766,reference_only,False,1,,3,0,,,,,,,
W2171688791,W2171688791,reference_only,False,1,,2,0,,,,,,,
W2166789517,Development and evaluation of two prototypes for providing weather map data to blind users through sonification,publication,True,1,2013.0,0,12,Tactile and Sensory Interactions,Journal of Usability Studies archive,article,Cognitive Neuroscience,Neuroscience,Life Sciences,
W1992743299,W1992743299,reference_only,False,6,,2,0,,,,,,,
W2011301426,W2011301426,reference_only,False,6,,3,0,,,,,,,
W2018310331,"A user study of auditory, head-up and multi-modal displays in vehicles",publication,True,28,2014.0,4,15,Human-Automation Interaction and Safety,Applied Ergonomics,article,Social Psychology,Psychology,Social Sciences,https://doi.org/10.1016/j.apergo.2014.08.008
W2018706238,W2018706238,reference_only,False,6,,2,0,,,,,,,
W2068708830,W2068708830,reference_only,False,6,,4,0,,,,,,,
W2073800769,W2073800769,reference_only,False,1,,3,0,,,,,,,
W2161133721,W2161133721,reference_only,False,6,,2,0,,,,,,,
W2197148580,W2197148580,reference_only,False,14,,2,0,,,,,,,
W2546509545,W2546509545,reference_only,False,6,,2,0,,,,,,,
W2805305763,W2805305763,reference_only,False,6,,2,0,,,,,,,
W2857065457,Graphically Hearing: Enhancing Understanding of Geospatial Data through an Integrated Auditory and Visual Experience,publication,True,0,2018.0,2,4,Data Visualization and Analytics,IEEE Computer Graphics and Applications,article,Computer Vision and Pattern Recognition,Computer Science,Physical Sciences,https://doi.org/10.1109/mcg.2018.042731655
W2884091473,W2884091473,reference_only,False,6,,3,0,,,,,,,
W2894066053,Interactive Mode Explorer Sonification Enhances Exploratory Cluster Analysis,publication,True,6,2018.0,2,0,Music Technology and Sound Studies,Journal of the Audio Engineering Society,article,Computer Vision and Pattern Recognition,Computer Science,Physical Sciences,https://doi.org/10.17743/jaes.2018.0042
W2948894190,W2948894190,reference_only,False,6,,2,0,,,,,,,
W3024620362,W3024620362,reference_only,False,6,,2,0,,,,,,,
W3091543479,W3091543479,reference_only,False,6,,2,0,,,,,,,
W3152441428,W3152441428,reference_only,False,0,,2,0,,,,,,,
W3175819408,W3175819408,reference_only,False,1,,2,0,,,,,,,
W3205632492,W3205632492,reference_only,False,23,,4,0,,,,,,,
W3206479251,W3206479251,reference_only,False,6,,2,0,,,,,,,
W4224992944,W4224992944,reference_only,False,6,,2,0,,,,,,,
W4245732064,W4245732064,reference_only,False,6,,5,0,,,,,,,
W4253728868,W4253728868,reference_only,False,6,,2,0,,,,,,,
W4254949989,W4254949989,reference_only,False,6,,2,0,,,,,,,
W4256270747,W4256270747,reference_only,False,6,,4,0,,,,,,,
W4366548861,W4366548861,reference_only,False,6,,3,0,,,,,,,
W4387543538,W4387543538,reference_only,False,6,,4,0,,,,,,,
W4387644990,W4387644990,reference_only,False,6,,2,0,,,,,,,
W4387644994,W4387644994,reference_only,False,31,,3,0,,,,,,,
W4387645014,W4387645014,reference_only,False,6,,2,0,,,,,,,
W6949693590,W6949693590,reference_only,False,31,,2,0,,,,,,,
W2068574390,W2068574390,reference_only,False,26,,2,0,,,,,,,
W2560752920,BIRD-WATTCHING: EXPLORING SONIFICATION OF HOME ELECTRICITY USE WITH BIRDSONG,publication,True,5,2014.0,0,15,Innovative Human-Technology Interaction,,article,Human-Computer Interaction,Computer Science,Physical Sciences,https://doi.org/10.13140/2.1.3706.0489
W1544338826,W1544338826,reference_only,False,5,,2,0,,,,,,,
W1987061880,W1987061880,reference_only,False,5,,2,0,,,,,,,
W1987523869,W1987523869,reference_only,False,5,,2,0,,,,,,,
W2010494968,W2010494968,reference_only,False,5,,2,0,,,,,,,
W2051142527,W2051142527,reference_only,False,5,,2,0,,,,,,,
W2070860675,W2070860675,reference_only,False,5,,2,0,,,,,,,
W2076966025,W2076966025,reference_only,False,5,,3,0,,,,,,,
W2097418373,W2097418373,reference_only,False,5,,2,0,,,,,,,
W2108297840,W2108297840,reference_only,False,5,,2,0,,,,,,,
W2109688080,W2109688080,reference_only,False,5,,2,0,,,,,,,
W2149512138,W2149512138,reference_only,False,5,,2,0,,,,,,,
W1827347067,Exploring novel auditory displays for supporting accelerated skills acquisition and enhanced performance in motorsport,publication,True,35,2015.0,3,14,Human-Automation Interaction and Safety,Aston Publications Explorer (Aston University),article,Social Psychology,Psychology,Social Sciences,
W2156220398,W2156220398,reference_only,False,35,,3,0,,,,,,,
W2045195091,The effect of sonification display pulse rate and reliability on operator trust and perceived workload during a simulated patient monitoring task,publication,True,19,2008.0,0,41,Human-Automation Interaction and Safety,Ergonomics,article,Social Psychology,Psychology,Social Sciences,https://doi.org/10.1080/00140130802120234
W1967487948,W1967487948,reference_only,False,19,,2,0,,,,,,,
W1973213502,W1973213502,reference_only,False,28,,2,0,,,,,,,
W2063052894,W2063052894,reference_only,False,28,,2,0,,,,,,,
W2110171129,W2110171129,reference_only,False,28,,2,0,,,,,,,
W2147851174,W2147851174,reference_only,False,19,,3,0,,,,,,,
W2150519206,W2150519206,reference_only,False,19,,2,0,,,,,,,
W651070295,W651070295,reference_only,False,5,,2,0,,,,,,,
W1553424343,W1553424343,reference_only,False,5,,2,0,,,,,,,
W1585231348,W1585231348,reference_only,False,5,,3,0,,,,,,,
W2078265833,W2078265833,reference_only,False,5,,3,0,,,,,,,
W2128673355,W2128673355,reference_only,False,5,,2,0,,,,,,,
W2162703728,W2162703728,reference_only,False,5,,2,0,,,,,,,
W2328745383,W2328745383,reference_only,False,5,,2,0,,,,,,,
W2987353323,W2987353323,reference_only,False,6,,3,0,,,,,,,
W4289886303,W4289886303,reference_only,False,5,,2,0,,,,,,,
W2138754805,W2138754805,reference_only,False,6,,2,0,,,,,,,
W2600882327,3D Auditory Displays for Parking Assistance Systems,publication,True,1,2017.0,0,10,Human-Automation Interaction and Safety,SAE International journal of passenger cars. Electronic and electrical systems,article,Social Psychology,Psychology,Social Sciences,https://doi.org/10.4271/2017-01-9627
W1978827725,W1978827725,reference_only,False,8,,3,0,,,,,,,
W4245990317,W4245990317,reference_only,False,1,,2,0,,,,,,,
W1781071671,"Clique: perceptually based, task oriented auditory display for gui applications",publication,True,1,2008.0,0,76,Tactile and Sensory Interactions,,dissertation,Cognitive Neuroscience,Neuroscience,Life Sciences,
W176618896,W176618896,reference_only,False,26,,3,0,,,,,,,
W1482101826,W1482101826,reference_only,False,1,,2,0,,,,,,,
W1506395192,W1506395192,reference_only,False,19,,4,0,,,,,,,
W1521296817,Efficient listening with two ears: Dichotic time compression and spatialization,publication,True,1,1994.0,2,5,Speech and Audio Processing,,article,Signal Processing,Computer Science,Physical Sciences,
W1521634345,W1521634345,reference_only,False,1,,2,0,,,,,,,
W1553723287,W1553723287,reference_only,False,1,,7,0,,,,,,,
W1562817185,W1562817185,reference_only,False,1,,2,0,,,,,,,
W1595614466,W1595614466,reference_only,False,1,,2,0,,,,,,,
W1677705107,DETECTION AND LOCALIZATION OF SPEECH IN THE PRESENCE OF COMPETING SPEECH SIGNALS,publication,True,8,2006.0,2,5,Hearing Loss and Rehabilitation,,article,Cognitive Neuroscience,Neuroscience,Life Sciences,
W1791587663,W1791587663,reference_only,False,1,,2,0,,,,,,,
W1802760973,W1802760973,reference_only,False,10,,3,0,,,,,,,
W1824194814,Leaving the screen New perspectives in audio-only gaming,publication,True,23,2005.0,4,7,Multimedia Communication and Technology,,article,Sociology and Political Science,Social Sciences,Social Sciences,
W1980775907,W1980775907,reference_only,False,1,,2,0,,,,,,,
W2018679040,W2018679040,reference_only,False,31,,2,0,,,,,,,
W2045534969,W2045534969,reference_only,False,1,,2,0,,,,,,,
W2056383672,W2056383672,reference_only,False,26,,3,0,,,,,,,
W2088688867,W2088688867,reference_only,False,1,,2,0,,,,,,,
W2096036274,W2096036274,reference_only,False,1,,2,0,,,,,,,
W2110930288,W2110930288,reference_only,False,1,,2,0,,,,,,,
W2166470807,W2166470807,reference_only,False,19,,2,0,,,,,,,
W2167702024,W2167702024,reference_only,False,5,,2,0,,,,,,,
W2496009392,W2496009392,reference_only,False,8,,2,0,,,,,,,
W2091836804,W2091836804,reference_only,False,6,,2,0,,,,,,,
W2784130759,W2784130759,reference_only,False,6,,2,0,,,,,,,
W2986768922,W2986768922,reference_only,False,6,,2,0,,,,,,,
W1986840445,W1986840445,reference_only,False,1,,3,0,,,,,,,
W2033253044,Head-Up Auditory Display Research at NASA Ames Research Center,publication,True,8,1995.0,2,10,Hearing Loss and Rehabilitation,Proceedings of the Human Factors and Ergonomics Society Annual Meeting,article,Cognitive Neuroscience,Neuroscience,Life Sciences,https://doi.org/10.1177/154193129503900127
W2069096535,Multichannel spatial auditory display for speech communications.,publication,True,8,1994.0,2,0,Tactile and Sensory Interactions,PubMed,article,Cognitive Neuroscience,Neuroscience,Life Sciences,
W3020184375,Point Estimation with Markers for Effective Mobile Auditory Graphs,publication,True,26,2020.0,0,13,Tactile and Sensory Interactions,International Journal of Emerging Technologies in Learning (iJET),article,Cognitive Neuroscience,Neuroscience,Life Sciences,https://doi.org/10.3991/ijet.v15i08.12347
W1965331164,W1965331164,reference_only,False,26,,2,0,,,,,,,
W1988631354,W1988631354,reference_only,False,26,,2,0,,,,,,,
W2047137626,W2047137626,reference_only,False,26,,2,0,,,,,,,
W2059008731,W2059008731,reference_only,False,26,,2,0,,,,,,,
W2258329725,W2258329725,reference_only,False,26,,2,0,,,,,,,
W1964734637,W1964734637,reference_only,False,5,,3,0,,,,,,,
W1991002671,W1991002671,reference_only,False,26,,2,0,,,,,,,
W2057381308,W2057381308,reference_only,False,35,,2,0,,,,,,,
W2082051261,W2082051261,reference_only,False,35,,2,0,,,,,,,
W2107788319,W2107788319,reference_only,False,0,,3,0,,,,,,,
W2124124952,W2124124952,reference_only,False,3,,2,0,,,,,,,
W2142246364,W2142246364,reference_only,False,26,,5,0,,,,,,,
W2142796031,W2142796031,reference_only,False,31,,2,0,,,,,,,
W2145730574,W2145730574,reference_only,False,35,,2,0,,,,,,,
W2220532877,W2220532877,reference_only,False,35,,3,0,,,,,,,
W2610740284,W2610740284,reference_only,False,6,,2,0,,,,,,,
W2754798205,Sonification of scalp-recorded frequency-following responses (FFRs) offers improved response detection over conventional statistical metrics,publication,True,19,2017.0,2,21,Neuroscience and Music Perception,Journal of Neuroscience Methods,article,Cognitive Neuroscience,Neuroscience,Life Sciences,https://doi.org/10.1016/j.jneumeth.2017.09.005
W1966030508,W1966030508,reference_only,False,19,,2,0,,,,,,,
W2006571108,W2006571108,reference_only,False,19,,2,0,,,,,,,
W2066175052,W2066175052,reference_only,False,19,,2,0,,,,,,,
W2067724039,W2067724039,reference_only,False,1,,2,0,,,,,,,
W2085894439,W2085894439,reference_only,False,19,,2,0,,,,,,,
W2097725660,W2097725660,reference_only,False,19,,2,0,,,,,,,
W2283333817,W2283333817,reference_only,False,14,,3,0,,,,,,,
W2610777080,W2610777080,reference_only,False,19,,2,0,,,,,,,
W4300870773,W4300870773,reference_only,False,27,,4,0,,,,,,,
W2460040830,Sonification of geophysical data through time–frequency analysis: theory and applications,publication,True,6,2016.0,2,14,Seismic Waves and Analysis,Geophysical Prospecting,article,Geophysics,Earth and Planetary Sciences,Physical Sciences,https://doi.org/10.1111/1365-2478.12402
W590134283,W590134283,reference_only,False,6,,2,0,,,,,,,
W1986754283,W1986754283,reference_only,False,6,,2,0,,,,,,,
W2051224630,W2051224630,reference_only,False,6,,2,0,,,,,,,
W2091314387,W2091314387,reference_only,False,6,,2,0,,,,,,,
W2312998035,W2312998035,reference_only,False,6,,2,0,,,,,,,
W159545904,Interacting with Sonifications: An Evaluation,publication,True,6,2007.0,1,9,Data Visualization and Analytics,,article,Computer Vision and Pattern Recognition,Computer Science,Physical Sciences,
W2171321644,PROVIDING A SIZE-INDEPENDENT OVERVIEW OF NON-VISUAL TABLES,publication,True,1,2006.0,2,14,Tactile and Sensory Interactions,,article,Cognitive Neuroscience,Neuroscience,Life Sciences,
W1641861117,Sonification for the Analysis of Plasma Bubbles at 21 MHz,publication,True,6,2009.0,0,4,Neuroscience and Music Perception,,article,Cognitive Neuroscience,Neuroscience,Life Sciences,
W2068431842,W2068431842,reference_only,False,6,,2,0,,,,,,,
W2559959858,Understanding Divergent Thermal Conductivity in Single Polythiophene Chains Using Green–Kubo Modal Analysis and Sonification,publication,True,6,2017.0,0,3,Thermal properties of materials,The Journal of Physical Chemistry A,article,Materials Chemistry,Materials Science,Physical Sciences,https://doi.org/10.1021/acs.jpca.7b05099
W2940443647,Artificial synesthesia via sonification: A wearable augmented sensory system,publication,True,8,1999.0,0,7,Tactile and Sensory Interactions,Mobile Networks and Applications,article,Cognitive Neuroscience,Neuroscience,Life Sciences,https://doi.org/10.1023/a:1019178210975
W1592743612,W1592743612,reference_only,False,8,,2,0,,,,,,,
W4281635534,Exploring Sonification Mapping Strategies for Spatial Auditory Guidance in Immersive Virtual Environments,publication,True,8,2022.0,2,35,Tactile and Sensory Interactions,ACM Transactions on Applied Perception,article,Cognitive Neuroscience,Neuroscience,Life Sciences,https://doi.org/10.1145/3528171
W2080101027,W2080101027,reference_only,False,8,,9,0,,,,,,,
W2104806923,W2104806923,reference_only,False,1,,2,0,,,,,,,
W2580237913,W2580237913,reference_only,False,26,,3,0,,,,,,,
W3087718106,W3087718106,reference_only,False,8,,2,0,,,,,,,
W1538453846,Auditory Display of Audio,publication,True,31,2006.0,2,0,Hearing Loss and Rehabilitation,Journal of the Audio Engineering Society,article,Cognitive Neuroscience,Neuroscience,Life Sciences,
W1578209594,W1578209594,reference_only,False,31,,2,0,,,,,,,
W2036845774,W2036845774,reference_only,False,31,,2,0,,,,,,,
W2127168030,W2127168030,reference_only,False,31,,2,0,,,,,,,
W2827988337,Heart-rate sonification biofeedback for poker,publication,True,3,2018.0,0,4,Heart Rate Variability and Autonomic Control,International Journal of Human-Computer Studies,article,Cardiology and Cardiovascular Medicine,Medicine,Health Sciences,https://doi.org/10.1016/j.ijhcs.2018.07.001
W1985560922,W1985560922,reference_only,False,3,,2,0,,,,,,,
W2915335925,W2915335925,reference_only,False,3,,3,0,,,,,,,
W4214625311,Sonification as a Tool for Data Analysis,publication,True,6,2022.0,3,13,Tactile and Sensory Interactions,International Journal of Sociotechnology and Knowledge Development,article,Cognitive Neuroscience,Neuroscience,Life Sciences,https://doi.org/10.4018/ijskd.299048
W2051476498,See-Through-Sound,publication,True,26,2014.0,2,10,Tactile and Sensory Interactions,Journal of Information Technology Research,article,Cognitive Neuroscience,Neuroscience,Life Sciences,https://doi.org/10.4018/jitr.2014010105
W2086108383,W2086108383,reference_only,False,6,,2,0,,,,,,,
W2888532099,W2888532099,reference_only,False,6,,2,0,,,,,,,
W2954348731,W2954348731,reference_only,False,6,,3,0,,,,,,,
W3102230680,W3102230680,reference_only,False,6,,2,0,,,,,,,
W3163827371,W3163827371,reference_only,False,6,,2,0,,,,,,,
W15066456,W15066456,reference_only,False,10,,2,0,,,,,,,
W3135338647,The impact of movement sonification on haptic perception changes with aging,publication,True,35,2021.0,0,21,Multisensory perception and integration,Scientific Reports,article,Experimental and Cognitive Psychology,Psychology,Social Sciences,https://doi.org/10.1038/s41598-021-84581-3
W1516914559,W1516914559,reference_only,False,3,,3,0,,,,,,,
W2067610985,W2067610985,reference_only,False,1,,8,0,,,,,,,
W2102938845,W2102938845,reference_only,False,34,,2,0,,,,,,,
W4319290960,W4319290960,reference_only,False,35,,4,0,,,,,,,
W4388635185,Movement Sonification Techniques to Improve Balance in Parkinson’s Disease: A Pilot Randomized Controlled Trial,publication,True,35,2023.0,4,43,Musicians’ Health and Performance,Brain Sciences,article,Rehabilitation,Medicine,Health Sciences,https://doi.org/10.3390/brainsci13111586
W2054409955,W2054409955,reference_only,False,35,,2,0,,,,,,,
W2075295470,W2075295470,reference_only,False,35,,3,0,,,,,,,
W2098642616,W2098642616,reference_only,False,35,,2,0,,,,,,,
W2173575191,W2173575191,reference_only,False,35,,4,0,,,,,,,
W2788457686,W2788457686,reference_only,False,35,,2,0,,,,,,,
W2945177483,W2945177483,reference_only,False,35,,2,0,,,,,,,
W3088170012,Action observation improves sit-to-walk in patients with Parkinson's disease and freezing of gait. Biomechanical analysis of performance,publication,True,35,2020.0,2,3,"Balance, Gait, and Falls Prevention",Parkinsonism & Related Disorders,article,"Physical Therapy, Sports Therapy and Rehabilitation",Health Professions,Health Sciences,https://doi.org/10.1016/j.parkreldis.2020.09.029
W2169005460,Sound sample detection and numerosity estimation using auditory display,publication,True,1,2013.0,0,32,Tactile and Sensory Interactions,ACM Transactions on Applied Perception,article,Cognitive Neuroscience,Neuroscience,Life Sciences,https://doi.org/10.1145/2422105.2422109
W2000556841,W2000556841,reference_only,False,8,,5,0,,,,,,,
W2039081291,W2039081291,reference_only,False,1,,2,0,,,,,,,
W2057367133,W2057367133,reference_only,False,1,,2,0,,,,,,,
W2059440439,W2059440439,reference_only,False,8,,5,0,,,,,,,
W2133337274,W2133337274,reference_only,False,1,,3,0,,,,,,,
W4392710323,A review of sonification solutions in assistive systems for visually impaired people,publication,True,26,2024.0,0,37,Tactile and Sensory Interactions,Disability and Rehabilitation Assistive Technology,article,Cognitive Neuroscience,Neuroscience,Life Sciences,https://doi.org/10.1080/17483107.2024.2326590
W1525476464,W1525476464,reference_only,False,26,,2,0,,,,,,,
W1831408421,Mobile Video-to-Audio Transducer and Motion Detection for Sensory Substitution,publication,True,26,2015.0,4,31,Tactile and Sensory Interactions,Frontiers in ICT,article,Cognitive Neuroscience,Neuroscience,Life Sciences,https://doi.org/10.3389/fict.2015.00020
W2070251253,Open Touch/Sound Maps: A system to convey street data through haptic and auditory feedback,publication,True,26,2013.0,2,18,Tactile and Sensory Interactions,Computers & Geosciences,article,Cognitive Neuroscience,Neuroscience,Life Sciences,https://doi.org/10.1016/j.cageo.2013.03.005
W2108163494,W2108163494,reference_only,False,26,,2,0,,,,,,,
W2770941075,W2770941075,reference_only,False,26,,4,0,,,,,,,
W2940779895,W2940779895,reference_only,False,26,,2,0,,,,,,,
W3011451419,W3011451419,reference_only,False,26,,3,0,,,,,,,
W3089686247,W3089686247,reference_only,False,26,,2,0,,,,,,,
W3094535122,W3094535122,reference_only,False,26,,5,0,,,,,,,
W3160330714,W3160330714,reference_only,False,26,,2,0,,,,,,,
W3214498996,W3214498996,reference_only,False,26,,2,0,,,,,,,
W4225285639,W4225285639,reference_only,False,26,,3,0,,,,,,,
W4237829435,"SoundSight: A Mobile Sensory Substitution Device that Sonifies Colour, Distance, and Temperature",publication,True,26,2019.0,2,0,Tactile and Sensory Interactions,,preprint,Cognitive Neuroscience,Neuroscience,Life Sciences,https://doi.org/10.31234/osf.io/xsjwr
W4311599199,W4311599199,reference_only,False,26,,2,0,,,,,,,
W2785618184,Harnessing Audio in Auto Control: The Challenge of Sonifying Virtual Objects for Gesture Control of Cars,publication,True,31,2018.0,0,21,Tactile and Sensory Interactions,IEEE Consumer Electronics Magazine,article,Cognitive Neuroscience,Neuroscience,Life Sciences,https://doi.org/10.1109/mce.2017.2721678
W2168443748,W2168443748,reference_only,False,31,,2,0,,,,,,,
W4205780200,Motor Variability in Complex Gesture Learning: Effects of Movement Sonification and Musical Background,publication,True,35,2022.0,2,52,Hearing Impairment and Communication,ACM Transactions on Applied Perception,article,Developmental and Educational Psychology,Psychology,Social Sciences,https://doi.org/10.1145/3482967
W614933755,W614933755,reference_only,False,35,,5,0,,,,,,,
W2013655498,W2013655498,reference_only,False,3,,2,0,,,,,,,
W2046329526,W2046329526,reference_only,False,35,,2,0,,,,,,,
W2109606373,W2109606373,reference_only,False,6,,2,0,,,,,,,
W3007546032,W3007546032,reference_only,False,35,,2,0,,,,,,,
W2809837731,Brain's Night Symphony (BraiNSy): A Methodology for EEG Sonification,publication,True,0,2018.0,2,18,EEG and Brain-Computer Interfaces,IEEE Transactions on Affective Computing,article,Cognitive Neuroscience,Neuroscience,Life Sciences,https://doi.org/10.1109/taffc.2018.2850008
W1973401750,W1973401750,reference_only,False,0,,2,0,,,,,,,
W1980128988,W1980128988,reference_only,False,0,,3,0,,,,,,,
W2924334804,Auditory Display for Telerobotic Transnasal Surgery Using a Continuum Robot,publication,True,31,2019.0,0,12,Soft Robotics and Applications,Journal of Medical Robotics Research,article,Biomedical Engineering,Engineering,Physical Sciences,https://doi.org/10.1142/s2424905x19500041
W3213654856,Examining Narrative Sonification: Using First-Person Retrospection Methods to Translate Radio Production to Interaction Design,publication,True,6,2021.0,0,22,Music Technology and Sound Studies,ACM Transactions on Computer-Human Interaction,article,Computer Vision and Pattern Recognition,Computer Science,Physical Sciences,https://doi.org/10.1145/3461762
W1980907054,W1980907054,reference_only,False,6,,2,0,,,,,,,
W2000677804,W2000677804,reference_only,False,6,,4,0,,,,,,,
W2008638238,W2008638238,reference_only,False,6,,2,0,,,,,,,
W2118369420,W2118369420,reference_only,False,3,,2,0,,,,,,,
W2143880496,W2143880496,reference_only,False,6,,2,0,,,,,,,
W2157900633,W2157900633,reference_only,False,6,,2,0,,,,,,,
W2893439826,W2893439826,reference_only,False,6,,3,0,,,,,,,
W53981600,W53981600,reference_only,False,34,,2,0,,,,,,,
W1971040701,W1971040701,reference_only,False,34,,4,0,,,,,,,
W2020813568,W2020813568,reference_only,False,35,,2,0,,,,,,,
W2034556069,W2034556069,reference_only,False,35,,2,0,,,,,,,
W2095208095,W2095208095,reference_only,False,1,,3,0,,,,,,,
W2144734076,W2144734076,reference_only,False,35,,2,0,,,,,,,
W2738634460,W2738634460,reference_only,False,35,,2,0,,,,,,,
W2995178028,Psychoacoustic Sonification as User Interface for Human-Machine Interaction,publication,True,31,2019.0,4,23,Tactile and Sensory Interactions,arXiv (Cornell University),preprint,Cognitive Neuroscience,Neuroscience,Life Sciences,https://doi.org/10.13140/rg.2.2.14342.11848
W45207317,W45207317,reference_only,False,26,,2,0,,,,,,,
W2111357907,W2111357907,reference_only,False,28,,3,0,,,,,,,
W2787821446,Can Monaural Auditory Displays Convey Directional Information to Users,publication,True,8,2016.0,2,13,Tactile and Sensory Interactions,eScholarship (California Digital Library),article,Cognitive Neuroscience,Neuroscience,Life Sciences,
W2899641089,W2899641089,reference_only,False,31,,2,0,,,,,,,
W3155374563,A Breathing Sonification System to Reduce Stress During the COVID-19 Pandemic,publication,True,6,2021.0,2,17,Neuroscience and Music Perception,Frontiers in Psychology,article,Cognitive Neuroscience,Neuroscience,Life Sciences,https://doi.org/10.3389/fpsyg.2021.623110
W68067019,W68067019,reference_only,False,6,,2,0,,,,,,,
W1491469017,W1491469017,reference_only,False,6,,3,0,,,,,,,
W1985426391,W1985426391,reference_only,False,6,,2,0,,,,,,,
W2013312124,W2013312124,reference_only,False,6,,2,0,,,,,,,
W2079846728,W2079846728,reference_only,False,6,,2,0,,,,,,,
W2080124005,W2080124005,reference_only,False,1,,4,0,,,,,,,
W2099296256,W2099296256,reference_only,False,6,,4,0,,,,,,,
W2327467462,W2327467462,reference_only,False,3,,2,0,,,,,,,
W2403497458,W2403497458,reference_only,False,6,,2,0,,,,,,,
W2270999179,W2270999179,reference_only,False,14,,2,0,,,,,,,
W2426872594,W2426872594,reference_only,False,14,,2,0,,,,,,,
W2498217698,W2498217698,reference_only,False,14,,2,0,,,,,,,
W2513567053,W2513567053,reference_only,False,14,,3,0,,,,,,,
W2735464602,W2735464602,reference_only,False,14,,2,0,,,,,,,
W2973969640,W2973969640,reference_only,False,14,,2,0,,,,,,,
W4246251651,W4246251651,reference_only,False,14,,2,0,,,,,,,
W4292833736,The impact of data sonification in virtual reality robot teleoperation,publication,True,6,2022.0,0,34,Tactile and Sensory Interactions,Frontiers in Virtual Reality,article,Cognitive Neuroscience,Neuroscience,Life Sciences,https://doi.org/10.3389/frvir.2022.904720
W1528045197,W1528045197,reference_only,False,0,,3,0,,,,,,,
W2039894621,Sonification: what where how why artistic practice relating sonification to environments,publication,True,6,2011.0,3,0,Tactile and Sensory Interactions,AI & Society,article,Cognitive Neuroscience,Neuroscience,Life Sciences,https://doi.org/10.1007/s00146-011-0346-2
W2126514505,W2126514505,reference_only,False,6,,2,0,,,,,,,
W2149516323,The Role of Participatory Workshops in Investigating Narrative and Sound Ecologies in the Design of an Ambient Intelligence Audio Display,publication,True,5,2006.0,4,12,Innovative Human-Technology Interaction,Summit (Simon Fraser University),article,Human-Computer Interaction,Computer Science,Physical Sciences,
W2158435382,W2158435382,reference_only,False,26,,2,0,,,,,,,
W2607078030,W2607078030,reference_only,False,6,,2,0,,,,,,,
W2942542648,W2942542648,reference_only,False,1,,2,0,,,,,,,
W6628271223,W6628271223,reference_only,False,6,,2,0,,,,,,,
W4317743422,Sonification of Motor Imagery in the Basketball Jump Shot: Effect on Muscle Activity Amplitude,publication,True,35,2023.0,0,31,Sport Psychology and Performance,Applied Sciences,article,Developmental and Educational Psychology,Psychology,Social Sciences,https://doi.org/10.3390/app13031495
W50489971,W50489971,reference_only,False,35,,2,0,,,,,,,
W1964715846,W1964715846,reference_only,False,35,,3,0,,,,,,,
W1975022795,W1975022795,reference_only,False,35,,2,0,,,,,,,
W1981315913,W1981315913,reference_only,False,35,,2,0,,,,,,,
W1991149669,W1991149669,reference_only,False,35,,2,0,,,,,,,
W2033708081,W2033708081,reference_only,False,35,,2,0,,,,,,,
W2098534755,W2098534755,reference_only,False,35,,2,0,,,,,,,
W2099533911,W2099533911,reference_only,False,35,,2,0,,,,,,,
W2127708373,W2127708373,reference_only,False,35,,2,0,,,,,,,
W2150164710,W2150164710,reference_only,False,35,,2,0,,,,,,,
W2158504547,W2158504547,reference_only,False,35,,2,0,,,,,,,
W2188331920,W2188331920,reference_only,False,35,,3,0,,,,,,,
W2566984559,PERCEPTUAL EFFECTS OF AUDITORY INFORMATION ABOUT OWN AND OTHER MOVEMENTS,publication,True,35,2012.0,6,13,Action Observation and Synchronization,SMARTech Repository (Georgia Institute of Technology),article,Social Psychology,Psychology,Social Sciences,
W2743109015,W2743109015,reference_only,False,35,,2,0,,,,,,,
W2800448955,W2800448955,reference_only,False,35,,2,0,,,,,,,
W3082959246,The Effect of Audiovisual Integration on Performance Accuracy and Learning in Motor Task,publication,True,35,2015.0,2,0,Sport Psychology and Performance,DOAJ (DOAJ: Directory of Open Access Journals),article,Developmental and Educational Psychology,Psychology,Social Sciences,https://doi.org/10.22122/jrrs.v11i1.2176
W6687356763,W6687356763,reference_only,False,35,,2,0,,,,,,,
W2010567361,Music as an Auditory Display,publication,True,19,2013.0,0,12,Human-Automation Interaction and Safety,Proceedings of the Human Factors and Ergonomics Society Annual Meeting,article,Social Psychology,Psychology,Social Sciences,https://doi.org/10.1177/1541931213571256
W2014512609,W2014512609,reference_only,False,31,,2,0,,,,,,,
W2048708794,W2048708794,reference_only,False,1,,2,0,,,,,,,
W2064989151,W2064989151,reference_only,False,19,,3,0,,,,,,,
W2072592751,W2072592751,reference_only,False,23,,4,0,,,,,,,
W1971168548,W1971168548,reference_only,False,35,,2,0,,,,,,,
W3148106702,W3148106702,reference_only,False,6,,2,0,,,,,,,
W7034277823,W7034277823,reference_only,False,1,,2,0,,,,,,,
W2402683081,W2402683081,reference_only,False,0,,2,0,,,,,,,
W3000196130,W3000196130,reference_only,False,5,,2,0,,,,,,,
W2302993077,The Sound of Data (a gentle introduction to sonification for historians),publication,True,6,2016.0,2,8,Diverse Musicological Studies,The Programming Historian,article,Music,Arts and Humanities,Social Sciences,https://doi.org/10.46430/phen0057
W4387798788,"In-Depth Quantification of Cell Division and Elongation Dynamics at the Tip of Growing Arabidopsis Roots Using 4D Microscopy, AI-Assisted Image Processing and Data Sonification",publication,True,14,2023.0,0,5,Plant Molecular Biology Research,Plant and Cell Physiology,article,Plant Science,Agricultural and Biological Sciences,Life Sciences,https://doi.org/10.1093/pcp/pcad105
W1677182931,W1677182931,reference_only,False,14,,3,0,,,,,,,
W2502312327,W2502312327,reference_only,False,14,,2,0,,,,,,,
W4392560958,Data sonification of film capacitors,publication,True,6,2024.0,0,7,Tactile and Sensory Interactions,IET Nanodielectrics,article,Cognitive Neuroscience,Neuroscience,Life Sciences,https://doi.org/10.1049/nde2.12078
W1976522035,W1976522035,reference_only,False,6,,2,0,,,,,,,
W2982303213,W2982303213,reference_only,False,6,,4,0,,,,,,,
W3043982717,W3043982717,reference_only,False,6,,2,0,,,,,,,
W2021986710,W2021986710,reference_only,False,35,,2,0,,,,,,,
W2028408091,W2028408091,reference_only,False,35,,2,0,,,,,,,
W2067951170,W2067951170,reference_only,False,35,,2,0,,,,,,,
W2140780590,W2140780590,reference_only,False,35,,3,0,,,,,,,
W2795777216,W2795777216,reference_only,False,35,,2,0,,,,,,,
W2987765137,W2987765137,reference_only,False,35,,2,0,,,,,,,
W4256484569,W4256484569,reference_only,False,35,,2,0,,,,,,,
W2555111281,Use of a sonification system for science learning by people who are blind,publication,True,26,2016.0,0,26,Tactile and Sensory Interactions,Journal of Assistive Technologies,article,Cognitive Neuroscience,Neuroscience,Life Sciences,https://doi.org/10.1108/jat-11-2015-0032
W4309183070,PAINTING GRAPHS WITH SOUNDS: COSMONIC SONIFICATION PROJECT,publication,True,3,2022.0,0,1,Tactile and Sensory Interactions,Revista Mexicana de Astronomía y Astrofísica Serie de Conferencias,article,Cognitive Neuroscience,Neuroscience,Life Sciences,https://doi.org/10.22201/ia.14052059p.2022.54.06
W2110129516,Sonification of Large Datasets in a 3D Immersive Environment: A Neuroscience Case Study,publication,True,6,2014.0,0,21,Neural dynamics and brain function,Advances in Computer-Human Interaction,article,Cognitive Neuroscience,Neuroscience,Life Sciences,
W2145070337,W2145070337,reference_only,False,1,,3,0,,,,,,,
W2043650058,W2043650058,reference_only,False,35,,2,0,,,,,,,
W1584308190,W1584308190,reference_only,False,30,,2,0,,,,,,,
W1941037119,W1941037119,reference_only,False,30,,2,0,,,,,,,
W2040576886,W2040576886,reference_only,False,30,,2,0,,,,,,,
W2615396116,W2615396116,reference_only,False,30,,3,0,,,,,,,
W2724612790,A Formalised Approach to Designing Sonification Systems for Network−Security Monitoring,publication,True,30,2017.0,5,0,Music Technology and Sound Studies,Oxford University Research Archive (ORA) (University of Oxford),article,Computer Vision and Pattern Recognition,Computer Science,Physical Sciences,
W2804207136,W2804207136,reference_only,False,30,,3,0,,,,,,,
W2907761082,"Sonification Mappings: Estimating Effectiveness, Polarities and Scaling in an Online Experiment",publication,True,31,2018.0,2,0,Design Education and Practice,Journal of the Audio Engineering Society,article,Mechanical Engineering,Engineering,Physical Sciences,https://doi.org/10.17743/jaes.2018.00057
W2922132587,Hearing attacks in network data: An effectiveness study,publication,True,30,2019.0,4,40,Music and Audio Processing,Computers & Security,article,Signal Processing,Computer Science,Physical Sciences,https://doi.org/10.1016/j.cose.2019.03.004
W6635269506,W6635269506,reference_only,False,30,,2,0,,,,,,,
W6740161652,W6740161652,reference_only,False,30,,3,0,,,,,,,
W4387687859,Three-dimensional sonification as a surgical guidance tool,publication,True,31,2023.0,0,26,Tactile and Sensory Interactions,Journal on Multimodal User Interfaces,article,Cognitive Neuroscience,Neuroscience,Life Sciences,https://doi.org/10.1007/s12193-023-00422-9
W50471992,W50471992,reference_only,False,31,,2,0,,,,,,,
W2964625598,W2964625598,reference_only,False,31,,2,0,,,,,,,
W3048014122,A multi-modal approach to cognitive training and assistance in minimally invasive surgery,publication,True,31,2020.0,3,37,Augmented Reality Applications,Cognitive Systems Research,article,Computer Vision and Pattern Recognition,Computer Science,Physical Sciences,https://doi.org/10.1016/j.cogsys.2020.07.005
W4242370366,W4242370366,reference_only,False,31,,4,0,,,,,,,
W4246187999,W4246187999,reference_only,False,31,,2,0,,,,,,,
W4287992485,Psychoacoustic Sonification as User Interface for Human-Machine\n Interaction,publication,True,31,2019.0,4,0,Music Technology and Sound Studies,arXiv (Cornell University),preprint,Computer Vision and Pattern Recognition,Computer Science,Physical Sciences,https://doi.org/10.48550/arxiv.1912.08609
W4407838646,W4407838646,reference_only,False,31,,3,0,,,,,,,
W2017904042,W2017904042,reference_only,False,14,,2,0,,,,,,,
W2025949779,W2025949779,reference_only,False,5,,3,0,,,,,,,
W2104527208,W2104527208,reference_only,False,5,,4,0,,,,,,,
W4205259079,SonoUno: a user-centred approach to sonification,publication,True,6,2019.0,0,2,Tactile and Sensory Interactions,Proceedings of the International Astronomical Union,article,Cognitive Neuroscience,Neuroscience,Life Sciences,https://doi.org/10.1017/s174392132100079x
W2961975747,Sonification supports perception of brightness contrast,publication,True,6,2019.0,2,31,Multisensory perception and integration,Journal on Multimodal User Interfaces,article,Experimental and Cognitive Psychology,Psychology,Social Sciences,https://doi.org/10.1007/s12193-019-00311-0
W68346849,W68346849,reference_only,False,6,,3,0,,,,,,,
W2144869632,W2144869632,reference_only,False,5,,6,0,,,,,,,
W1971793735,W1971793735,reference_only,False,14,,4,0,,,,,,,
W2955144053,W2955144053,reference_only,False,6,,5,0,,,,,,,
W2803085345,An exploration of semiotics of new auditory displays: A comparative analysis with visual displays,publication,True,1,2015.0,0,11,Innovative Human-Technology Interaction,Digital Commons - Michigan Tech (Michigan Technological University),article,Human-Computer Interaction,Computer Science,Physical Sciences,
W1967679659,W1967679659,reference_only,False,1,,5,0,,,,,,,
W2027753150,W2027753150,reference_only,False,1,,4,0,,,,,,,
W2279844206,W2279844206,reference_only,False,1,,3,0,,,,,,,
W2046225591,Algorithmic approach to sonification of classical Chinese poetry,publication,True,1,2011.0,0,20,Music and Audio Processing,Multimedia Tools and Applications,article,Signal Processing,Computer Science,Physical Sciences,https://doi.org/10.1007/s11042-011-0856-4
W112407144,W112407144,reference_only,False,6,,2,0,,,,,,,
W1977731574,W1977731574,reference_only,False,0,,3,0,,,,,,,
W1986430509,W1986430509,reference_only,False,3,,2,0,,,,,,,
W2108819475,W2108819475,reference_only,False,1,,3,0,,,,,,,
W2169896877,W2169896877,reference_only,False,1,,2,0,,,,,,,
W278095399,W278095399,reference_only,False,26,,2,0,,,,,,,
W2200443215,W2200443215,reference_only,False,35,,2,0,,,,,,,
W4302424670,W4302424670,reference_only,False,35,,3,0,,,,,,,
W1720845883,Design space exploration of hardware platforms for interactive low latency movement sonification,publication,True,35,2015.0,0,9,Tactile and Sensory Interactions,Journal on Multimodal User Interfaces,article,Cognitive Neuroscience,Neuroscience,Life Sciences,https://doi.org/10.1007/s12193-015-0199-y
W2163558616,W2163558616,reference_only,False,35,,2,0,,,,,,,
W2256981893,W2256981893,reference_only,False,35,,2,0,,,,,,,
W3206536277,A Comparative Analysis of Modeling and Predicting Perceived and Induced Emotions in Sonification,publication,True,30,2021.0,0,9,Music and Audio Processing,Electronics,article,Signal Processing,Computer Science,Physical Sciences,https://doi.org/10.3390/electronics10202519
W1966797434,W1966797434,reference_only,False,6,,2,0,,,,,,,
W2345500348,W2345500348,reference_only,False,30,,3,0,,,,,,,
W2526050071,W2526050071,reference_only,False,30,,2,0,,,,,,,
W1978865112,High-level control of sound synthesis for sonification processes,publication,True,3,2011.0,0,22,Music Technology and Sound Studies,AI & Society,article,Computer Vision and Pattern Recognition,Computer Science,Physical Sciences,https://doi.org/10.1007/s00146-011-0340-8
W1515611531,W1515611531,reference_only,False,8,,2,0,,,,,,,
W2008142581,W2008142581,reference_only,False,3,,2,0,,,,,,,
W2101961607,W2101961607,reference_only,False,3,,3,0,,,,,,,
W2159922251,W2159922251,reference_only,False,4,,3,0,,,,,,,
W2161065603,W2161065603,reference_only,False,0,,5,0,,,,,,,
W2610814423,W2610814423,reference_only,False,3,,2,0,,,,,,,
W4301141993,W4301141993,reference_only,False,6,,4,0,,,,,,,
W2100966560,The Niche Hypothesis: Implications for Auditory Display Design,publication,True,1,2000.0,0,2,Music Technology and Sound Studies,Proceedings of the Human Factors and Ergonomics Society Annual Meeting,article,Computer Vision and Pattern Recognition,Computer Science,Physical Sciences,https://doi.org/10.1177/154193120004402258
W2174990966,Enhanced Auditory Displays for Discriminating Landmines from Clutter Using Electromagnetic Induction Sensors,publication,True,8,2003.0,0,2,Geophysical Methods and Applications,Subsurface Sensing Technologies and Applications,article,Ocean Engineering,Engineering,Physical Sciences,https://doi.org/10.1023/a:1026002601028
W1500551892,W1500551892,reference_only,False,8,,2,0,,,,,,,
W2528793050,Sonifying science: listening to cancer,publication,True,6,2016.0,0,2,Empathy and Medical Education,Nursing Philosophy,article,Psychiatry and Mental health,Medicine,Health Sciences,https://doi.org/10.1111/nup.12152
W2546812941,New Directions for Sonification of Expressive Movement in Music,publication,True,3,2012.0,0,10,Tactile and Sensory Interactions,,article,Cognitive Neuroscience,Neuroscience,Life Sciences,
W1991118510,W1991118510,reference_only,False,3,,3,0,,,,,,,
W2040221341,W2040221341,reference_only,False,3,,2,0,,,,,,,
W2086826913,W2086826913,reference_only,False,3,,3,0,,,,,,,
W2095018050,W2095018050,reference_only,False,3,,2,0,,,,,,,
W2102033257,W2102033257,reference_only,False,3,,2,0,,,,,,,
W1989930777,“Walk on the Sun”: an interactive image sonification exhibit,publication,True,6,2011.0,0,2,Planetary Science and Exploration,AI & Society,article,Astronomy and Astrophysics,Physics and Astronomy,Physical Sciences,https://doi.org/10.1007/s00146-011-0355-1
W2965104667,Sonification: An Overview,publication,True,1,2019.0,0,49,Tactile and Sensory Interactions,Human-computer interaction series,book-chapter,Cognitive Neuroscience,Neuroscience,Life Sciences,https://doi.org/10.1007/978-3-030-01497-1_2
W598688589,W598688589,reference_only,False,1,,3,0,,,,,,,
W1571743830,W1571743830,reference_only,False,5,,2,0,,,,,,,
W1606409458,W1606409458,reference_only,False,5,,2,0,,,,,,,
W2129659870,Rhetorical strategies for sound design and auditory display : A case study,publication,True,1,2013.0,2,40,Tactile and Sensory Interactions,HAL (Le Centre pour la Communication Scientifique Directe),article,Cognitive Neuroscience,Neuroscience,Life Sciences,
W2903489948,W2903489948,reference_only,False,31,,3,0,,,,,,,
W3141560225,W3141560225,reference_only,False,19,,3,0,,,,,,,
W4231570034,W4231570034,reference_only,False,1,,2,0,,,,,,,
W1490685197,W1490685197,reference_only,False,3,,3,0,,,,,,,
W1699047987,W1699047987,reference_only,False,3,,4,0,,,,,,,
W1993418972,W1993418972,reference_only,False,3,,2,0,,,,,,,
W1999218281,W1999218281,reference_only,False,8,,2,0,,,,,,,
W2053708742,W2053708742,reference_only,False,3,,4,0,,,,,,,
W2101739789,W2101739789,reference_only,False,3,,4,0,,,,,,,
W2123038687,W2123038687,reference_only,False,26,,2,0,,,,,,,
W2463043631,W2463043631,reference_only,False,3,,2,0,,,,,,,
W2587772351,W2587772351,reference_only,False,32,,2,0,,,,,,,
W2626622360,W2626622360,reference_only,False,3,,3,0,,,,,,,
W2774016823,W2774016823,reference_only,False,3,,3,0,,,,,,,
W2791904197,W2791904197,reference_only,False,3,,2,0,,,,,,,
W2899786853,W2899786853,reference_only,False,3,,3,0,,,,,,,
W2941592508,W2941592508,reference_only,False,3,,2,0,,,,,,,
W2978049389,W2978049389,reference_only,False,3,,2,0,,,,,,,
W2564408579,Audification of Ultrasound for Human Echolocation,publication,True,8,2008.0,0,67,Tactile and Sensory Interactions,Library and Archives Canada (Government of Canada),dissertation,Cognitive Neuroscience,Neuroscience,Life Sciences,
W168800580,W168800580,reference_only,False,8,,3,0,,,,,,,
W1486595902,W1486595902,reference_only,False,26,,4,0,,,,,,,
W1835947927,W1835947927,reference_only,False,26,,2,0,,,,,,,
W1975128442,W1975128442,reference_only,False,8,,2,0,,,,,,,
W1975191186,W1975191186,reference_only,False,8,,2,0,,,,,,,
W1975881268,W1975881268,reference_only,False,26,,2,0,,,,,,,
W1979279461,W1979279461,reference_only,False,26,,2,0,,,,,,,
W2000183361,W2000183361,reference_only,False,8,,4,0,,,,,,,
W2002050679,W2002050679,reference_only,False,8,,2,0,,,,,,,
W2005888073,W2005888073,reference_only,False,8,,2,0,,,,,,,
W2007607399,W2007607399,reference_only,False,8,,4,0,,,,,,,
W2024787486,W2024787486,reference_only,False,8,,2,0,,,,,,,
W2040560153,W2040560153,reference_only,False,8,,2,0,,,,,,,
W2041881071,W2041881071,reference_only,False,8,,5,0,,,,,,,
W2054778588,W2054778588,reference_only,False,8,,2,0,,,,,,,
W2065735684,W2065735684,reference_only,False,8,,2,0,,,,,,,
W2071230191,W2071230191,reference_only,False,8,,12,0,,,,,,,
W2088658207,W2088658207,reference_only,False,8,,2,0,,,,,,,
W2099334720,W2099334720,reference_only,False,8,,2,0,,,,,,,
W2118004237,W2118004237,reference_only,False,8,,3,0,,,,,,,
W2139060499,W2139060499,reference_only,False,8,,2,0,,,,,,,
W2140889287,W2140889287,reference_only,False,8,,7,0,,,,,,,
W2145464420,W2145464420,reference_only,False,8,,2,0,,,,,,,
W2171579823,W2171579823,reference_only,False,8,,2,0,,,,,,,
W2327402526,W2327402526,reference_only,False,8,,4,0,,,,,,,
W2331964673,W2331964673,reference_only,False,8,,2,0,,,,,,,
W2394854684,W2394854684,reference_only,False,8,,2,0,,,,,,,
W3036419813,W3036419813,reference_only,False,8,,2,0,,,,,,,
W1982479115,W1982479115,reference_only,False,28,,2,0,,,,,,,
W2017630903,W2017630903,reference_only,False,3,,4,0,,,,,,,
W2025668003,W2025668003,reference_only,False,19,,2,0,,,,,,,
W2056064558,W2056064558,reference_only,False,1,,2,0,,,,,,,
W2068289032,W2068289032,reference_only,False,1,,2,0,,,,,,,
W2090095712,W2090095712,reference_only,False,1,,3,0,,,,,,,
W2121740835,W2121740835,reference_only,False,1,,3,0,,,,,,,
W1992711417,The role of unbalanced probabilities of occurrence in the identification of elementary auditory displays,publication,True,1,1971.0,0,2,Hearing Loss and Rehabilitation,Psychonomic Science,article,Cognitive Neuroscience,Neuroscience,Life Sciences,https://doi.org/10.3758/bf03332512
W1994063459,W1994063459,reference_only,False,1,,2,0,,,,,,,
W2187500017,Auditory Display Modes and Guidance,publication,True,8,1998.0,0,24,Tactile and Sensory Interactions,,article,Cognitive Neuroscience,Neuroscience,Life Sciences,
W4399134813,Evaluating the effectiveness of sonification in science education using Edukoi,publication,True,6,2024.0,0,20,Tactile and Sensory Interactions,Personal and Ubiquitous Computing,article,Cognitive Neuroscience,Neuroscience,Life Sciences,https://doi.org/10.1007/s00779-024-01809-5
W2117241286,W2117241286,reference_only,False,26,,3,0,,,,,,,
W2886146260,W2886146260,reference_only,False,14,,2,0,,,,,,,
W3204608261,W3204608261,reference_only,False,19,,2,0,,,,,,,
W4320723376,W4320723376,reference_only,False,6,,3,0,,,,,,,
W4205229063,Recurrence analysis of sensorimotor trajectories in a minimalist perceptual task using sonification,publication,True,26,2022.0,0,10,Tactile and Sensory Interactions,Cognitive Processing,article,Cognitive Neuroscience,Neuroscience,Life Sciences,https://doi.org/10.1007/s10339-021-01068-9
W1555152234,W1555152234,reference_only,False,26,,2,0,,,,,,,
W1969299770,W1969299770,reference_only,False,26,,2,0,,,,,,,
W1971028688,W1971028688,reference_only,False,26,,2,0,,,,,,,
W2007344349,W2007344349,reference_only,False,26,,2,0,,,,,,,
W2040704490,W2040704490,reference_only,False,26,,2,0,,,,,,,
W2108139264,W2108139264,reference_only,False,19,,2,0,,,,,,,
W2805592092,W2805592092,reference_only,False,26,,2,0,,,,,,,
W2525799065,MULTI-DIMENSIONAL SYNCHRONIZATION FOR RHYTHMIC SONIFICATION,publication,True,35,2012.0,0,5,Plant and Biological Electrophysiology Studies,,article,Plant Science,Agricultural and Biological Sciences,Life Sciences,
W838369200,RHYTHMIC GAIT SIGNATURES FROM VIDEO WITHOUT MOTION CAPTURE,publication,True,35,2010.0,2,6,Gait Recognition and Analysis,,article,Biomedical Engineering,Engineering,Physical Sciences,
W2029129322,W2029129322,reference_only,False,35,,2,0,,,,,,,
W2029476168,W2029476168,reference_only,False,35,,2,0,,,,,,,
W4393165238,A Universe of Sound: processing NASA data into sonifications to explore participant response,publication,True,6,2024.0,0,15,Multisensory perception and integration,Frontiers in Communication,article,Experimental and Cognitive Psychology,Psychology,Social Sciences,https://doi.org/10.3389/fcomm.2024.1288896
W6633563157,W6633563157,reference_only,False,6,,3,0,,,,,,,
W6651754182,W6651754182,reference_only,False,31,,3,0,,,,,,,
W2511260950,W2511260950,reference_only,False,6,,2,0,,,,,,,
W2514233551,W2514233551,reference_only,False,6,,3,0,,,,,,,
W2591300916,W2591300916,reference_only,False,6,,2,0,,,,,,,
W4379740208,Zens: Designing and evaluating a movement sonification interface to alter body and flexibility perception in Yoga,publication,True,35,2023.0,0,25,Music Therapy and Health,International Journal of Human-Computer Studies,article,Social Psychology,Psychology,Social Sciences,https://doi.org/10.1016/j.ijhcs.2023.103084
W1970908694,W1970908694,reference_only,False,35,,3,0,,,,,,,
W2055120733,W2055120733,reference_only,False,31,,7,0,,,,,,,
W2514803236,W2514803236,reference_only,False,35,,2,0,,,,,,,
W2735655859,W2735655859,reference_only,False,35,,2,0,,,,,,,
W2901556669,Interactive sonification of a fluid dance movement: an exploratory study,publication,True,3,2018.0,2,15,Music Technology and Sound Studies,Journal on Multimodal User Interfaces,article,Computer Vision and Pattern Recognition,Computer Science,Physical Sciences,https://doi.org/10.1007/s12193-018-0278-y
W3162841871,W3162841871,reference_only,False,35,,2,0,,,,,,,
W4296923461,Direct Segmented Sonification of Characteristic Features of the Data\n Domain,publication,True,14,2017.0,3,0,Music Technology and Sound Studies,arXiv (Cornell University),preprint,Computer Vision and Pattern Recognition,Computer Science,Physical Sciences,https://doi.org/10.48550/arxiv.1711.11368
W3166620049,The CURAT Sonification Game: Gamification for Remote Sonification Evaluation,publication,True,31,2021.0,2,21,Tactile and Sensory Interactions,Preprints.org,preprint,Cognitive Neuroscience,Neuroscience,Life Sciences,https://doi.org/10.20944/preprints202106.0292.v1
W1549003867,W1549003867,reference_only,False,31,,3,0,,,,,,,
W6941038656,W6941038656,reference_only,False,31,,3,0,,,,,,,
W4225408468,Dataset and semantic based-approach for image sonification,publication,True,26,2022.0,0,22,Tactile and Sensory Interactions,Multimedia Tools and Applications,article,Cognitive Neuroscience,Neuroscience,Life Sciences,https://doi.org/10.1007/s11042-022-12914-z
W1977738030,W1977738030,reference_only,False,26,,2,0,,,,,,,
W2919115771,W2919115771,reference_only,False,8,,2,0,,,,,,,
W2037010000,Interactive sonification of expressive hand gestures on a handheld device,publication,True,3,2011.0,0,25,Hand Gesture Recognition Systems,Journal on Multimodal User Interfaces,article,Human-Computer Interaction,Computer Science,Physical Sciences,https://doi.org/10.1007/s12193-011-0076-2
W1515617868,W1515617868,reference_only,False,3,,6,0,,,,,,,
W1617249722,W1617249722,reference_only,False,3,,2,0,,,,,,,
W2012104941,W2012104941,reference_only,False,3,,2,0,,,,,,,
W2043162293,W2043162293,reference_only,False,3,,3,0,,,,,,,
W2097909335,W2097909335,reference_only,False,3,,2,0,,,,,,,
W4390618154,Improving Earth science communication and accessibility with data sonification,publication,True,6,2024.0,0,7,Cognitive Science and Education Research,Nature Reviews Earth & Environment,article,Cognitive Neuroscience,Neuroscience,Life Sciences,https://doi.org/10.1038/s43017-023-00512-y
W4308735523,W4308735523,reference_only,False,6,,3,0,,,,,,,
W1984544737,Electron microscopic study on reassembly of plasma high density apoprotein with various lipids,publication,True,2,1971.0,2,5,"Diabetes, Cardiovascular Risks, and Lipoproteins",Biochimica et Biophysica Acta (BBA) - Lipids and Lipid Metabolism,article,"Endocrinology, Diabetes and Metabolism",Medicine,Health Sciences,https://doi.org/10.1016/0005-2760(71)90026-9
W1561164143,W1561164143,reference_only,False,2,,2,0,,,,,,,
W2015106951,W2015106951,reference_only,False,2,,2,0,,,,,,,
W2038547942,W2038547942,reference_only,False,2,,2,0,,,,,,,
W2046688695,W2046688695,reference_only,False,2,,2,0,,,,,,,
W2073062158,W2073062158,reference_only,False,2,,2,0,,,,,,,
W2320856359,AN INTERACTIVE FRAMEWORK FOR MULTILEVEL SONIFICATION,publication,True,5,2010.0,0,9,Tactile and Sensory Interactions,,article,Cognitive Neuroscience,Neuroscience,Life Sciences,
W2794784463,W2794784463,reference_only,False,5,,2,0,,,,,,,
W4387844867,An interdisciplinary journey towards an aesthetics of sonification experience,publication,True,5,2023.0,0,16,Multisensory perception and integration,Journal on Multimodal User Interfaces,article,Experimental and Cognitive Psychology,Psychology,Social Sciences,https://doi.org/10.1007/s12193-023-00416-7
W2015949973,W2015949973,reference_only,False,5,,2,0,,,,,,,
W2620079763,W2620079763,reference_only,False,6,,2,0,,,,,,,
W6139098,Monitoring real-time data: a sonification approach,publication,True,8,2006.0,2,19,Tactile and Sensory Interactions,Archives of internal medicine,article,Cognitive Neuroscience,Neuroscience,Life Sciences,
W2021489206,W2021489206,reference_only,False,8,,4,0,,,,,,,
W2085151448,W2085151448,reference_only,False,8,,5,0,,,,,,,
W4327728388,Probing Aesthetics Strategies for Robot Sound: Complexity and Materiality in Movement Sonification,publication,True,3,2023.0,0,31,Multisensory perception and integration,ACM Transactions on Human-Robot Interaction,article,Experimental and Cognitive Psychology,Psychology,Social Sciences,https://doi.org/10.1145/3585277
W2035419550,W2035419550,reference_only,False,3,,3,0,,,,,,,
W2084235337,W2084235337,reference_only,False,0,,2,0,,,,,,,
W2111040806,W2111040806,reference_only,False,3,,2,0,,,,,,,
W2762384153,W2762384153,reference_only,False,3,,3,0,,,,,,,
W3150836594,W3150836594,reference_only,False,3,,3,0,,,,,,,
W1986038104,Speech-Based Distance Cueing in Virtual Auditory Displays,publication,True,8,2000.0,0,4,Hearing Loss and Rehabilitation,Proceedings of the Human Factors and Ergonomics Society Annual Meeting,article,Cognitive Neuroscience,Neuroscience,Life Sciences,https://doi.org/10.1177/154193120004402257
W4395961984,Listening to life: Sonification for enhancing discovery in biological research,publication,True,14,2024.0,0,83,Plant and Biological Electrophysiology Studies,Biotechnology and Bioengineering,article,Plant Science,Agricultural and Biological Sciences,Life Sciences,https://doi.org/10.1002/bit.28729
W2059331321,W2059331321,reference_only,False,5,,2,0,,,,,,,
W2080884306,W2080884306,reference_only,False,14,,2,0,,,,,,,
W4232370433,W4232370433,reference_only,False,5,,2,0,,,,,,,
W4242554725,W4242554725,reference_only,False,26,,2,0,,,,,,,
W4295766617,"Evaluating the efficacy of sonification for signal detection in univariate, evenly sampled light curves using <scp>astronify</scp>",publication,True,6,2022.0,4,14,Tactile and Sensory Interactions,Monthly Notices of the Royal Astronomical Society,article,Cognitive Neuroscience,Neuroscience,Life Sciences,https://doi.org/10.1093/mnras/stac2590
W4382371001,Inspecting spectra with sound: proof-of-concept and extension to datacubes,publication,True,6,2023.0,3,14,Music and Audio Processing,RAS Techniques and Instruments,article,Signal Processing,Computer Science,Physical Sciences,https://doi.org/10.1093/rasti/rzad021
W4387644987,W4387644987,reference_only,False,14,,2,0,,,,,,,
W6632078616,W6632078616,reference_only,False,0,,3,0,,,,,,,
W4376478934,Evaluation of Short-Range Depth Sonifications for Visual-to-Auditory Sensory Substitution,publication,True,26,2023.0,2,35,Tactile and Sensory Interactions,IEEE Transactions on Human-Machine Systems,article,Cognitive Neuroscience,Neuroscience,Life Sciences,https://doi.org/10.1109/thms.2023.3265972
W1977657001,W1977657001,reference_only,False,26,,3,0,,,,,,,
W1997819292,W1997819292,reference_only,False,26,,3,0,,,,,,,
W2017372346,W2017372346,reference_only,False,26,,2,0,,,,,,,
W2109704768,W2109704768,reference_only,False,26,,5,0,,,,,,,
W2207100718,W2207100718,reference_only,False,26,,6,0,,,,,,,
W2819222535,Stereosonic vision: Exploring visual-to-auditory sensory substitution mappings in an immersive virtual reality navigation paradigm,publication,True,26,2018.0,4,57,Tactile and Sensory Interactions,PLoS ONE,article,Cognitive Neuroscience,Neuroscience,Life Sciences,https://doi.org/10.1371/journal.pone.0199389
W3081370207,W3081370207,reference_only,False,26,,3,0,,,,,,,
W6688315975,W6688315975,reference_only,False,26,,4,0,,,,,,,
W1979025748,Experimental evaluation of binary pure-tone auditory displays.,publication,True,1,1965.0,0,1,Advanced Optical Imaging Technologies,Journal of Applied Psychology,article,Media Technology,Engineering,Physical Sciences,https://doi.org/10.1037/h0021962
W1954343111,Role of sonification in shell weight measurements,publication,True,7,2003.0,0,4,Geology and Paleoclimatology Research,Geochemistry Geophysics Geosystems,article,Atmospheric Science,Earth and Planetary Sciences,Physical Sciences,https://doi.org/10.1029/2003gc000569
W219957973,W219957973,reference_only,False,7,,2,0,,,,,,,
W1965828509,W1965828509,reference_only,False,7,,2,0,,,,,,,
W1974835908,W1974835908,reference_only,False,7,,2,0,,,,,,,
W2043460413,W2043460413,reference_only,False,7,,2,0,,,,,,,
W1976717666,On Sonification of Place: Psychosonography and <i>Urban Portrait</i>,publication,True,5,2009.0,0,12,Sound Studies and Aurality,Organised Sound,article,Experimental and Cognitive Psychology,Psychology,Social Sciences,https://doi.org/10.1017/s1355771809000077
W92657957,W92657957,reference_only,False,6,,4,0,,,,,,,
W2028271033,W2028271033,reference_only,False,5,,2,0,,,,,,,
W2072026461,W2072026461,reference_only,False,5,,2,0,,,,,,,
W6945187943,W6945187943,reference_only,False,5,,3,0,,,,,,,
W1544998350,Interactive Spatial Auditory Display of Graphical Data,publication,True,26,2013.0,0,3,Tactile and Sensory Interactions,"White Rose eTheses Online (University of Leeds, The University of Sheffield, University of York)",dissertation,Cognitive Neuroscience,Neuroscience,Life Sciences,
W4366769061,Paving the way for social touch at a distance: sonifying tactile interactions and their underlying emotions,publication,True,27,2023.0,0,40,Tactile and Sensory Interactions,,preprint,Cognitive Neuroscience,Neuroscience,Life Sciences,https://doi.org/10.31234/osf.io/mchzy
W2088312083,W2088312083,reference_only,False,27,,2,0,,,,,,,
W3002629079,Data presentation in security operations centres: exploring the potential for sonification to enhance existing practice,publication,True,30,2020.0,0,28,Data Visualization and Analytics,Journal of Cybersecurity,article,Computer Vision and Pattern Recognition,Computer Science,Physical Sciences,https://doi.org/10.1093/cybsec/tyaa004
W1494756088,W1494756088,reference_only,False,30,,3,0,,,,,,,
W1946320230,W1946320230,reference_only,False,30,,2,0,,,,,,,
W1976990110,W1976990110,reference_only,False,30,,2,0,,,,,,,
W2003554883,W2003554883,reference_only,False,30,,2,0,,,,,,,
W2021026018,W2021026018,reference_only,False,30,,2,0,,,,,,,
W2063466632,W2063466632,reference_only,False,30,,2,0,,,,,,,
W2089858241,W2089858241,reference_only,False,30,,2,0,,,,,,,
W2095478627,W2095478627,reference_only,False,30,,2,0,,,,,,,
W2108353880,W2108353880,reference_only,False,30,,3,0,,,,,,,
W2113147897,W2113147897,reference_only,False,30,,2,0,,,,,,,
W2115811139,W2115811139,reference_only,False,30,,2,0,,,,,,,
W2119555207,W2119555207,reference_only,False,30,,2,0,,,,,,,
W2478800122,W2478800122,reference_only,False,30,,3,0,,,,,,,
W2491409387,W2491409387,reference_only,False,30,,2,0,,,,,,,
W2769512728,W2769512728,reference_only,False,30,,2,0,,,,,,,
W4235683296,W4235683296,reference_only,False,28,,2,0,,,,,,,
W2339367298,EDUCATIONAL TESTING OF AN AUDITORY DISPLAY REGARDING SEASONAL VARIATION OF MARTIAN POLAR ICE CAPS,publication,True,5,2003.0,0,1,Planetary Science and Exploration,,article,Astronomy and Astrophysics,Physics and Astronomy,Physical Sciences,
W2605113665,"Individual Differences and the Field of Auditory Display: Past Research, A Present Study, and an Agenda for the Future",publication,True,1,2007.0,0,8,Urban Green Space and Health,,article,"Health, Toxicology and Mutagenesis",Environmental Science,Physical Sciences,
W2189059323,Effects of training and context on human performance in a point estimation sonification task,publication,True,1,2003.0,2,30,Tactile and Sensory Interactions,SMARTech Repository (Georgia Institute of Technology),dissertation,Cognitive Neuroscience,Neuroscience,Life Sciences,
W1874212524,W1874212524,reference_only,False,35,,2,0,,,,,,,
W1970870254,W1970870254,reference_only,False,1,,2,0,,,,,,,
W2026504595,W2026504595,reference_only,False,35,,2,0,,,,,,,
W2047717968,W2047717968,reference_only,False,35,,2,0,,,,,,,
W2901849013,W2901849013,reference_only,False,35,,2,0,,,,,,,
W4303184270,PAMPAS: A PsychoAcoustical Method for the Perceptual Analysis of multidimensional Sonification,publication,True,31,2022.0,0,69,Tactile and Sensory Interactions,Frontiers in Neuroscience,article,Cognitive Neuroscience,Neuroscience,Life Sciences,https://doi.org/10.3389/fnins.2022.930944
W1980459029,W1980459029,reference_only,False,31,,2,0,,,,,,,
W1984779310,W1984779310,reference_only,False,31,,3,0,,,,,,,
W1998667807,W1998667807,reference_only,False,31,,2,0,,,,,,,
W2072026886,W2072026886,reference_only,False,31,,2,0,,,,,,,
W2092816272,W2092816272,reference_only,False,31,,2,0,,,,,,,
W2093953724,W2093953724,reference_only,False,31,,2,0,,,,,,,
W2159840028,W2159840028,reference_only,False,31,,2,0,,,,,,,
W2283126062,W2283126062,reference_only,False,31,,3,0,,,,,,,
W2463119953,W2463119953,reference_only,False,31,,2,0,,,,,,,
W2965630837,W2965630837,reference_only,False,31,,2,0,,,,,,,
W2970787104,W2970787104,reference_only,False,31,,2,0,,,,,,,
W3089414860,W3089414860,reference_only,False,31,,2,0,,,,,,,
W3090085550,W3090085550,reference_only,False,31,,2,0,,,,,,,
W3110201100,W3110201100,reference_only,False,31,,3,0,,,,,,,
W3198705679,W3198705679,reference_only,False,31,,3,0,,,,,,,
W4237549518,W4237549518,reference_only,False,31,,2,0,,,,,,,
W4255819089,W4255819089,reference_only,False,31,,4,0,,,,,,,
W6606477337,W6606477337,reference_only,False,31,,2,0,,,,,,,
W6712769774,W6712769774,reference_only,False,31,,4,0,,,,,,,
W6737606108,W6737606108,reference_only,False,31,,2,0,,,,,,,
W7020204085,W7020204085,reference_only,False,31,,2,0,,,,,,,
W2052900576,W2052900576,reference_only,False,5,,2,0,,,,,,,
W2345596440,W2345596440,reference_only,False,3,,3,0,,,,,,,
W2773816955,Sonification of fluidity - An exploration of perceptual connotations of a particular movement feature,publication,True,3,2016.0,2,4,Music and Audio Processing,,article,Signal Processing,Computer Science,Physical Sciences,
W4392741404,Evaluation of the Effectiveness of Sonification for Time-series Data Exploration,publication,True,6,2024.0,0,13,Time Series Analysis and Forecasting,The Astronomical Journal,article,Signal Processing,Computer Science,Physical Sciences,https://doi.org/10.3847/1538-3881/ad2943
W2408145820,Vosis: A Multi-Touch Image Sonification Interface,publication,True,6,2013.0,0,4,Music Technology and Sound Studies,Zenodo (CERN European Organization for Nuclear Research),article,Computer Vision and Pattern Recognition,Computer Science,Physical Sciences,https://doi.org/10.5281/zenodo.1178603
W1501701257,W1501701257,reference_only,False,6,,2,0,,,,,,,
W1980291542,The mirage of real-time algorithmic synaesthesia: Some compositional mechanisms and research agendas in computer music and sonification,publication,True,26,2006.0,0,14,Tactile and Sensory Interactions,Contemporary Music Review,article,Cognitive Neuroscience,Neuroscience,Life Sciences,https://doi.org/10.1080/07494460600760981
W1565617960,W1565617960,reference_only,False,8,,2,0,,,,,,,
W1579516283,W1579516283,reference_only,False,0,,3,0,,,,,,,
W1595897223,W1595897223,reference_only,False,0,,2,0,,,,,,,
W2001070311,W2001070311,reference_only,False,26,,3,0,,,,,,,
W2044842793,W2044842793,reference_only,False,26,,2,0,,,,,,,
W2052355397,W2052355397,reference_only,False,3,,2,0,,,,,,,
W2122544517,W2122544517,reference_only,False,26,,2,0,,,,,,,
W4388254066,W4388254066,reference_only,False,26,,2,0,,,,,,,
W2007010327,Sonification Discriminability and Perceived Urgency,publication,True,1,2012.0,2,8,Tactile and Sensory Interactions,Proceedings of the Human Factors and Ergonomics Society Annual Meeting,article,Cognitive Neuroscience,Neuroscience,Life Sciences,https://doi.org/10.1177/1071181312561377
W2756783367,Modeling and Continuous Sonification of Affordances for Gesture-Based Interfaces,publication,True,6,2007.0,0,8,Tactile and Sensory Interactions,,article,Cognitive Neuroscience,Neuroscience,Life Sciences,
W2177728812,An Annotated Portfolio of Research through Design in Acoustic Sonification,publication,True,5,2015.0,0,8,Music Technology and Sound Studies,Leonardo,article,Computer Vision and Pattern Recognition,Computer Science,Physical Sciences,https://doi.org/10.1162/leon_a_01116
W2139470221,W2139470221,reference_only,False,5,,3,0,,,,,,,
W3022307797,W3022307797,reference_only,False,5,,5,0,,,,,,,
W4396608929,Sound Terminology in Sonification,publication,True,31,2024.0,0,37,Tactile and Sensory Interactions,Journal of the Audio Engineering Society,article,Cognitive Neuroscience,Neuroscience,Life Sciences,https://doi.org/10.17743/jaes.2022.0133
W155768388,W155768388,reference_only,False,31,,2,0,,,,,,,
W599124251,W599124251,reference_only,False,6,,3,0,,,,,,,
W2312542136,W2312542136,reference_only,False,26,,4,0,,,,,,,
W2514058586,W2514058586,reference_only,False,31,,2,0,,,,,,,
W2792606748,W2792606748,reference_only,False,31,,3,0,,,,,,,
W2021275403,W2021275403,reference_only,False,6,,2,0,,,,,,,
W2137509658,W2137509658,reference_only,False,6,,2,0,,,,,,,
W1972151814,W1972151814,reference_only,False,6,,2,0,,,,,,,
W2095409369,W2095409369,reference_only,False,6,,2,0,,,,,,,
W4240854344,Auditory Augmentation,publication,True,6,2010.0,2,15,Interactive and Immersive Displays,International Journal of Ambient Computing and Intelligence,article,Human-Computer Interaction,Computer Science,Physical Sciences,https://doi.org/10.4018/jaci.2010040102
W2966474027,Parameter-Mapping Sonification of Tick-Data,publication,True,1,2019.0,0,2,Plant and Biological Electrophysiology Studies,Human-computer interaction series,book-chapter,Plant Science,Agricultural and Biological Sciences,Life Sciences,https://doi.org/10.1007/978-3-030-01497-1_8
W4220768673,Links between sonification and generative music,publication,True,5,2022.0,0,3,Music Technology and Sound Studies,Interdisciplinary Science Reviews,article,Computer Vision and Pattern Recognition,Computer Science,Physical Sciences,https://doi.org/10.1080/03080188.2022.2035106
W1977109026,W1977109026,reference_only,False,5,,2,0,,,,,,,
W2034580061,W2034580061,reference_only,False,5,,3,0,,,,,,,
W4243735707,W4243735707,reference_only,False,5,,2,0,,,,,,,
W3036493540,Musical Smart City: Perspectives on Ubiquitous Sonification,publication,True,6,2020.0,0,19,Tactile and Sensory Interactions,arXiv (Cornell University),preprint,Cognitive Neuroscience,Neuroscience,Life Sciences,https://doi.org/10.48550/arxiv.2006.12305
W1852444169,W1852444169,reference_only,False,6,,2,0,,,,,,,
W2041404167,W2041404167,reference_only,False,5,,3,0,,,,,,,
W2008202171,W2008202171,reference_only,False,8,,7,0,,,,,,,
W4310588935,Vigilance to Spatialized Auditory Displays: Initial Assessment of Performance and Workload,publication,True,8,2022.0,0,15,Human-Automation Interaction and Safety,Human Factors The Journal of the Human Factors and Ergonomics Society,article,Social Psychology,Psychology,Social Sciences,https://doi.org/10.1177/00187208221139744
W1979898043,W1979898043,reference_only,False,19,,8,0,,,,,,,
W2030818890,Three-Dimensional Audio Versus Head-Down Traffic Alert and Collision Avoidance System Displays,publication,True,8,1996.0,5,13,Hearing Loss and Rehabilitation,International Journal of Aviation Psychology,article,Cognitive Neuroscience,Neuroscience,Life Sciences,https://doi.org/10.1207/s15327108ijap0601_5
W2154951491,W2154951491,reference_only,False,8,,3,0,,,,,,,
W2323243293,W2323243293,reference_only,False,8,,3,0,,,,,,,
W2538195819,W2538195819,reference_only,False,8,,2,0,,,,,,,
W4285138208,Applying Sonification to Sketching in the Air With Mobile AR Devices,publication,True,1,2022.0,0,20,Tactile and Sensory Interactions,IEEE Transactions on Human-Machine Systems,article,Cognitive Neuroscience,Neuroscience,Life Sciences,https://doi.org/10.1109/thms.2022.3186592
W1982964137,W1982964137,reference_only,False,1,,4,0,,,,,,,
W2164777277,W2164777277,reference_only,False,6,,3,0,,,,,,,
W2334651604,W2334651604,reference_only,False,1,,3,0,,,,,,,
W2346044523,W2346044523,reference_only,False,6,,4,0,,,,,,,
W2943122706,W2943122706,reference_only,False,1,,2,0,,,,,,,
W2090135651,W2090135651,reference_only,False,35,,2,0,,,,,,,
W2092387354,W2092387354,reference_only,False,31,,3,0,,,,,,,
W2762217564,W2762217564,reference_only,False,31,,2,0,,,,,,,
W2781332463,Music of Brain and Music on Brain: A Novel EEG Sonification approach,publication,True,0,2017.0,0,15,Complex Systems and Time Series Analysis,arXiv (Cornell University),preprint,Economics and Econometrics,"Economics, Econometrics and Finance",Social Sciences,https://doi.org/10.48550/arxiv.1712.08336
W4280500028,"Novel sonification designs: Compressed, iconic, and pitch-dynamic auditory icons boost driving behavior",publication,True,1,2022.0,0,43,Safety Warnings and Signage,Applied Ergonomics,article,Social Psychology,Psychology,Social Sciences,https://doi.org/10.1016/j.apergo.2022.103797
W1919099765,W1919099765,reference_only,False,1,,2,0,,,,,,,
W1985335593,W1985335593,reference_only,False,1,,2,0,,,,,,,
W2114126971,W2114126971,reference_only,False,1,,2,0,,,,,,,
W2140723827,W2140723827,reference_only,False,1,,3,0,,,,,,,
W2146576775,EFFECTS OF AUDITORY ICONS AND EARCONS ON VISUAL CATEGORIZATION: THE BIGGER PICTURE,publication,True,1,2001.0,2,9,Multisensory perception and integration,,article,Experimental and Cognitive Psychology,Psychology,Social Sciences,
W2516028181,W2516028181,reference_only,False,31,,2,0,,,,,,,
W2549358157,W2549358157,reference_only,False,1,,2,0,,,,,,,
W3086348885,W3086348885,reference_only,False,1,,2,0,,,,,,,
W3208118424,W3208118424,reference_only,False,19,,3,0,,,,,,,
W3008963471,Using Conceptual Metaphors to Represent Temporal Context in Time Series Data Sonification,publication,True,5,2019.0,0,41,Multisensory perception and integration,Interacting with Computers,article,Experimental and Cognitive Psychology,Psychology,Social Sciences,https://doi.org/10.1093/iwc/iwz036
W1491504725,W1491504725,reference_only,False,5,,2,0,,,,,,,
W2004150192,W2004150192,reference_only,False,5,,2,0,,,,,,,
W2082343703,W2082343703,reference_only,False,5,,2,0,,,,,,,
W2166667242,W2166667242,reference_only,False,5,,2,0,,,,,,,
W4210849719,W4210849719,reference_only,False,26,,2,0,,,,,,,
W4254012472,W4254012472,reference_only,False,8,,2,0,,,,,,,
W3044197643,"Sensing data: Encountering data sonifications, materializations, and interactives as <i>knowledge objects</i>",publication,True,6,2020.0,0,5,Music Technology and Sound Studies,Convergence The International Journal of Research into New Media Technologies,article,Computer Vision and Pattern Recognition,Computer Science,Physical Sciences,https://doi.org/10.1177/1354856520938601
W92796414,W92796414,reference_only,False,6,,3,0,,,,,,,
W2119073998,W2119073998,reference_only,False,5,,2,0,,,,,,,
W2138110513,W2138110513,reference_only,False,0,,2,0,,,,,,,
W4289976181,A New Approach to Sonification of Astrophysical Data: The User Centred Design of SonoUno,publication,True,6,2021.0,3,10,Tactile and Sensory Interactions,American Journal of Astronomy and Astrophysics,article,Cognitive Neuroscience,Neuroscience,Life Sciences,https://doi.org/10.11648/j.ajaa.20210904.11
W4294214983,W4294214983,reference_only,False,6,,3,0,,,,,,,
W1993577777,Auditory Display Applied to Research in Music and Acoustics,publication,True,10,2015.0,0,16,Music and Audio Processing,Archives of Acoustics,article,Signal Processing,Computer Science,Physical Sciences,https://doi.org/10.2478/aoa-2014-0025
W1497063361,W1497063361,reference_only,False,10,,2,0,,,,,,,
W1499588919,W1499588919,reference_only,False,10,,2,0,,,,,,,
W1551510483,W1551510483,reference_only,False,10,,2,0,,,,,,,
W2023874396,W2023874396,reference_only,False,10,,2,0,,,,,,,
W2065331554,W2065331554,reference_only,False,10,,3,0,,,,,,,
W4319439333,On the sonification technique,publication,True,15,2019.0,0,16,Underwater Acoustics Research,Journal of Engineering Sciences and Innovation,article,Oceanography,Earth and Planetary Sciences,Physical Sciences,https://doi.org/10.56958/jesi.2019.4.2.155
W940555473,Enhancing Medical Needle Placement with Auditory Display,publication,True,31,2013.0,0,4,Teleoperation and Haptic Systems,Oldenbourg Wissenschaftsverlag eBooks,book-chapter,Mechanical Engineering,Engineering,Physical Sciences,https://doi.org/10.1524/9783486781229.289
W2005919847,W2005919847,reference_only,False,31,,2,0,,,,,,,
W2950560034,Data sonification and sound visualization,publication,True,0,2000.0,0,11,Music Technology and Sound Studies,arXiv (Cornell University),preprint,Computer Vision and Pattern Recognition,Computer Science,Physical Sciences,https://doi.org/10.48550/arxiv.cs/0007007
W2468143500,Enabling the effective application of spatial auditory displays in modern flight decks,publication,True,8,2016.0,0,30,Noise Effects and Management,The University of Queensland,dissertation,Speech and Hearing,Health Professions,Health Sciences,https://doi.org/10.14264/uql.2016.171
W1967323061,W1967323061,reference_only,False,8,,2,0,,,,,,,
W2002659098,W2002659098,reference_only,False,8,,3,0,,,,,,,
W2039293470,W2039293470,reference_only,False,31,,2,0,,,,,,,
W2083262661,Transfer effects on sound localization performances from playing a virtual three-dimensional auditory game,publication,True,8,2006.0,2,12,Hearing Loss and Rehabilitation,Applied Acoustics,article,Cognitive Neuroscience,Neuroscience,Life Sciences,https://doi.org/10.1016/j.apacoust.2006.08.007
W2084691966,W2084691966,reference_only,False,8,,2,0,,,,,,,
W2100649735,W2100649735,reference_only,False,8,,2,0,,,,,,,
W2129403747,W2129403747,reference_only,False,8,,2,0,,,,,,,
W2132794967,3-D Audio in the Fighter Cockpit Improves Task Performance,publication,True,8,2004.0,3,11,Human-Automation Interaction and Safety,International Journal of Aviation Psychology,article,Social Psychology,Psychology,Social Sciences,https://doi.org/10.1207/s15327108ijap1403_2
W2154350510,W2154350510,reference_only,False,30,,2,0,,,,,,,
W4213104722,A machine learning tutorial for spatial auditory display using head-related transfer functions,publication,True,8,2022.0,0,28,Tactile and Sensory Interactions,The Journal of the Acoustical Society of America,article,Cognitive Neuroscience,Neuroscience,Life Sciences,https://doi.org/10.1121/10.0007486
W1518077539,W1518077539,reference_only,False,8,,4,0,,,,,,,
W1556264121,W1556264121,reference_only,False,8,,2,0,,,,,,,
W1559450712,W1559450712,reference_only,False,8,,2,0,,,,,,,
W1792834816,W1792834816,reference_only,False,8,,3,0,,,,,,,
W1970989411,W1970989411,reference_only,False,8,,5,0,,,,,,,
W1974038455,W1974038455,reference_only,False,8,,3,0,,,,,,,
W1995140922,W1995140922,reference_only,False,8,,3,0,,,,,,,
W2012835248,W2012835248,reference_only,False,8,,2,0,,,,,,,
W2023619353,W2023619353,reference_only,False,8,,2,0,,,,,,,
W2027772439,W2027772439,reference_only,False,8,,2,0,,,,,,,
W2040912986,W2040912986,reference_only,False,8,,3,0,,,,,,,
W2043950439,W2043950439,reference_only,False,8,,3,0,,,,,,,
W2048952579,W2048952579,reference_only,False,8,,2,0,,,,,,,
W2082539279,W2082539279,reference_only,False,8,,2,0,,,,,,,
W2120294020,W2120294020,reference_only,False,8,,4,0,,,,,,,
W2290578471,W2290578471,reference_only,False,8,,4,0,,,,,,,
W2337235234,W2337235234,reference_only,False,8,,3,0,,,,,,,
W2730002746,W2730002746,reference_only,False,8,,2,0,,,,,,,
W4239510810,W4239510810,reference_only,False,6,,2,0,,,,,,,
W71936225,W71936225,reference_only,False,19,,4,0,,,,,,,
W2164011449,W2164011449,reference_only,False,3,,2,0,,,,,,,
W2165130450,W2165130450,reference_only,False,3,,3,0,,,,,,,
W2597606893,Sonophenology: A Tangible Interface for Sonification of Geo-Spatial Phenological Data at Multiple Time-scales,publication,True,5,2010.0,0,4,Music Technology and Sound Studies,,article,Computer Vision and Pattern Recognition,Computer Science,Physical Sciences,
W2037703416,W2037703416,reference_only,False,5,,2,0,,,,,,,
W2187885537,TWO TOOLS FOR INTEGRATING SONIFICATION INTO CALCULUS INSTRUCTION 1,publication,True,1,2006.0,2,6,Cognitive Science and Education Research,,article,Cognitive Neuroscience,Neuroscience,Life Sciences,
W1608482299,W1608482299,reference_only,False,1,,2,0,,,,,,,
W4387370567,Effect of sonification types in upper-limb movement: a quantitative and qualitative study in hemiparetic and healthy participants,publication,True,35,2023.0,0,49,Music Therapy and Health,Journal of NeuroEngineering and Rehabilitation,article,Social Psychology,Psychology,Social Sciences,https://doi.org/10.1186/s12984-023-01248-y
W2026724654,W2026724654,reference_only,False,35,,3,0,,,,,,,
W2055237787,W2055237787,reference_only,False,35,,2,0,,,,,,,
W2160179628,W2160179628,reference_only,False,19,,2,0,,,,,,,
W2346795597,W2346795597,reference_only,False,35,,2,0,,,,,,,
W2898019185,"A Tribe Called Red’s Halluci Nation: Sonifying Embodied Global Allegiances, Decolonization, And Indigenous Activism",publication,True,19,2018.0,0,1,Diverse Musicological Studies,Intersections Canadian Journal of Music,article,Music,Arts and Humanities,Social Sciences,https://doi.org/10.7202/1051602ar
W4211014397,Intelligible Sonifications,publication,True,5,2019.0,0,26,Neuroscience and Music Perception,Human-computer interaction series,book-chapter,Cognitive Neuroscience,Neuroscience,Life Sciences,https://doi.org/10.1007/978-3-030-01497-1_4
W2093083435,W2093083435,reference_only,False,5,,2,0,,,,,,,
W2133485962,W2133485962,reference_only,False,5,,2,0,,,,,,,
W2799014876,W2799014876,reference_only,False,5,,2,0,,,,,,,
W4207080468,W4207080468,reference_only,False,5,,3,0,,,,,,,
W4243133805,Molecular biology’s symphony orchestra from DNA to ribosome: a sonification from gene to protein,publication,True,14,2020.0,0,52,Diverse Musicological Studies,Biointerface Research in Applied Chemistry,article,Music,Arts and Humanities,Social Sciences,https://doi.org/10.33263/briac104.679688
W314834796,W314834796,reference_only,False,14,,3,0,,,,,,,
W1874871483,W1874871483,reference_only,False,14,,3,0,,,,,,,
W1925453747,W1925453747,reference_only,False,14,,3,0,,,,,,,
W1964430758,W1964430758,reference_only,False,14,,2,0,,,,,,,
W1964508170,W1964508170,reference_only,False,14,,2,0,,,,,,,
W1975832363,W1975832363,reference_only,False,14,,3,0,,,,,,,
W1993967057,W1993967057,reference_only,False,14,,2,0,,,,,,,
W2006462399,W2006462399,reference_only,False,14,,3,0,,,,,,,
W2029486142,W2029486142,reference_only,False,14,,3,0,,,,,,,
W2038967548,W2038967548,reference_only,False,14,,2,0,,,,,,,
W2060631797,W2060631797,reference_only,False,14,,3,0,,,,,,,
W2071607521,W2071607521,reference_only,False,14,,2,0,,,,,,,
W2076614587,W2076614587,reference_only,False,14,,2,0,,,,,,,
W2093110250,W2093110250,reference_only,False,14,,2,0,,,,,,,
W2101621056,W2101621056,reference_only,False,14,,2,0,,,,,,,
W2115558475,W2115558475,reference_only,False,14,,2,0,,,,,,,
W2164408174,W2164408174,reference_only,False,14,,3,0,,,,,,,
W2184002495,W2184002495,reference_only,False,14,,3,0,,,,,,,
W2187018748,W2187018748,reference_only,False,14,,2,0,,,,,,,
W2317076371,W2317076371,reference_only,False,14,,3,0,,,,,,,
W2571784596,W2571784596,reference_only,False,14,,3,0,,,,,,,
W2610464621,W2610464621,reference_only,False,14,,3,0,,,,,,,
W2614621135,W2614621135,reference_only,False,14,,3,0,,,,,,,
W2622306208,W2622306208,reference_only,False,14,,5,0,,,,,,,
W2731300931,W2731300931,reference_only,False,14,,3,0,,,,,,,
W2784272104,W2784272104,reference_only,False,14,,3,0,,,,,,,
W2792359253,W2792359253,reference_only,False,14,,3,0,,,,,,,
W4205691162,W4205691162,reference_only,False,14,,3,0,,,,,,,
W4205711532,W4205711532,reference_only,False,14,,3,0,,,,,,,
W958707041,Image data sonification in medicine,publication,True,0,2008.0,0,6,Teleoperation and Haptic Systems,Journal of Medical Informatics & Technologies,article,Mechanical Engineering,Engineering,Physical Sciences,
W1494026234,W1494026234,reference_only,False,5,,2,0,,,,,,,
W1983807218,W1983807218,reference_only,False,3,,2,0,,,,,,,
W2156424572,W2156424572,reference_only,False,5,,2,0,,,,,,,
W2161866293,W2161866293,reference_only,False,3,,2,0,,,,,,,
W1991510159,"Antigenic properties of bovine, porcine, and ovine erythrocyte stroma after solubilization by sodium dodecyl sulfate and sonification",publication,True,2,1969.0,0,1,Protein Interaction Studies and Fluorescence Analysis,Immunochemistry,article,Molecular Biology,"Biochemistry, Genetics and Molecular Biology",Life Sciences,https://doi.org/10.1016/0019-2791(69)90201-8
W2018377262,W2018377262,reference_only,False,2,,2,0,,,,,,,
W2801641699,Sonification of Animal Tracks as an Alternative Representation of Multi-Dimensional Data: A Northern Elephant Seal Example,publication,True,1,2018.0,0,6,Marine animal studies overview,Frontiers in Marine Science,article,Ecology,Environmental Science,Physical Sciences,https://doi.org/10.3389/fmars.2018.00128
W2965269633,Data Sonification: A Prehistory,publication,True,5,2019.0,0,14,Music Technology and Sound Studies,Human-computer interaction series,book-chapter,Computer Vision and Pattern Recognition,Computer Science,Physical Sciences,https://doi.org/10.1007/978-3-030-01497-1_1
W208345331,W208345331,reference_only,False,5,,2,0,,,,,,,
W1563214018,Human-Computer Interaction Design based on Interactive Sonification – Hearing Actions or Instruments/Agents,publication,True,1,2004.0,0,14,Hermeneutics and Narrative Identity,,article,Philosophy,Arts and Humanities,Social Sciences,
W2143483079,W2143483079,reference_only,False,1,,3,0,,,,,,,
W3139947764,Tiltification — An Accessible App to Popularize Sonification,publication,True,31,2021.0,0,20,Tactile and Sensory Interactions,Preprints.org,preprint,Cognitive Neuroscience,Neuroscience,Life Sciences,https://doi.org/10.20944/preprints202104.0234.v1
W2615430638,W2615430638,reference_only,False,6,,2,0,,,,,,,
W3200989843,Application of sonification to GPR data for various pipe fillings,publication,True,6,2021.0,0,7,Geophysical Methods and Applications,NDT & E International,article,Ocean Engineering,Engineering,Physical Sciences,https://doi.org/10.1016/j.ndteint.2021.102540
W1984633726,Shhhh. Listen to the data,publication,True,6,2012.0,3,0,Plant and Biological Electrophysiology Studies,Physics Today,article,Plant Science,Agricultural and Biological Sciences,Life Sciences,https://doi.org/10.1063/pt.3.1550
W2054541685,W2054541685,reference_only,False,1,,2,0,,,,,,,
W33295287,The Effects of Workload Presented via Visual and Auditory Displays on Soldier Shooting and Secondary Task Performance,publication,True,28,2007.0,0,9,Human-Automation Interaction and Safety,Indian Journal of Medical Ethics,article,Social Psychology,Psychology,Social Sciences,https://doi.org/10.20529/ijme.2020.071
W1532083937,W1532083937,reference_only,False,28,,2,0,,,,,,,
W1962316117,W1962316117,reference_only,False,28,,3,0,,,,,,,
W2092741127,W2092741127,reference_only,False,28,,2,0,,,,,,,
W2100090900,W2100090900,reference_only,False,28,,3,0,,,,,,,
W2129318928,W2129318928,reference_only,False,28,,2,0,,,,,,,
W2018837876,Conduction Equivalency Ratios: A Means for Comparing the Frequency Response of Bone and Air Conduction Auditory Displays,publication,True,31,2012.0,0,7,Gait Recognition and Analysis,Proceedings of the Human Factors and Ergonomics Society Annual Meeting,article,Biomedical Engineering,Engineering,Physical Sciences,https://doi.org/10.1177/1071181312561389
W1971810863,W1971810863,reference_only,False,31,,2,0,,,,,,,
W1990568845,W1990568845,reference_only,False,31,,2,0,,,,,,,
W2003371979,W2003371979,reference_only,False,31,,2,0,,,,,,,
W2039425997,W2039425997,reference_only,False,31,,2,0,,,,,,,
W2061104278,W2061104278,reference_only,False,31,,2,0,,,,,,,
W2087745349,W2087745349,reference_only,False,31,,2,0,,,,,,,
W2223081797,W2223081797,reference_only,False,31,,2,0,,,,,,,
W2579900634,“It will discourse most eloquent music”: Sonifying Variants of Hamlet,publication,True,1,2016.0,0,5,Music and Audio Processing,Journal of the Text Encoding Initiative,article,Signal Processing,Computer Science,Physical Sciences,https://doi.org/10.4000/jtei.1535
W2476814756,Sonifying ECoG seizure data with overtone mapping: a strategy for creating auditory gestalt from correlated multichannel data,publication,True,0,2012.0,0,8,Neuroscience and Music Perception,,article,Cognitive Neuroscience,Neuroscience,Life Sciences,
W2023731768,W2023731768,reference_only,False,35,,3,0,,,,,,,
W2100110002,W2100110002,reference_only,False,35,,6,0,,,,,,,
W3158724358,Acoustic Feedback in Gait Rehabilitation—Pre-Post Effects in Patients With Unilateral Hip Arthroplasty,publication,True,35,2021.0,2,30,"Balance, Gait, and Falls Prevention",Frontiers in Sports and Active Living,article,"Physical Therapy, Sports Therapy and Rehabilitation",Health Professions,Health Sciences,https://doi.org/10.3389/fspor.2021.654546
W4387186732,W4387186732,reference_only,False,35,,2,0,,,,,,,
W4386283064,Perceptually congruent sonification of auditory line charts,publication,True,31,2023.0,0,19,Tactile and Sensory Interactions,Journal on Multimodal User Interfaces,article,Cognitive Neuroscience,Neuroscience,Life Sciences,https://doi.org/10.1007/s12193-023-00413-w
W1984569591,W1984569591,reference_only,False,31,,2,0,,,,,,,
W4238042604,W4238042604,reference_only,False,6,,4,0,,,,,,,
W4249323970,Ecological Psychoacoustics and Auditory Displays,publication,True,31,2004.0,2,0,Noise Effects and Management,,book-chapter,Speech and Hearing,Health Professions,Health Sciences,https://doi.org/10.1163/9780080477442_009
W2039772475,How far is that wall? Judging distance with audification,publication,True,8,2009.0,0,12,Hearing Loss and Rehabilitation,Proceedings of the Human Factors and Ergonomics Society Annual Meeting,article,Cognitive Neuroscience,Neuroscience,Life Sciences,https://doi.org/10.1177/154193120905301710
W2796406545,Sonification in an Artistic Context,publication,True,6,2018.0,0,8,Music Technology and Sound Studies,Gaming media and social effects,book-chapter,Computer Vision and Pattern Recognition,Computer Science,Physical Sciences,https://doi.org/10.1007/978-981-10-1891-6_10
W2091863045,W2091863045,reference_only,False,6,,2,0,,,,,,,
W2150958177,W2150958177,reference_only,False,6,,2,0,,,,,,,
W2396953862,{3D}inMotion A Mocap Based Interface for Real Time Visualisation and Sonification of Multi-User Interactions,publication,True,6,2014.0,0,1,Music Technology and Sound Studies,New Interfaces for Musical Expression,article,Computer Vision and Pattern Recognition,Computer Science,Physical Sciences,https://doi.org/10.5072/zenodo.207561
W3213597375,"Colorophone 2.0: A Wearable Color Sonification Device Generating Live Stereo-Soundscapes—Design, Implementation, and Usability Audit",publication,True,26,2021.0,3,52,Tactile and Sensory Interactions,Sensors,article,Cognitive Neuroscience,Neuroscience,Life Sciences,https://doi.org/10.3390/s21217351
W1497148900,W1497148900,reference_only,False,8,,10,0,,,,,,,
W1761027016,W1761027016,reference_only,False,8,,4,0,,,,,,,
W1966534954,W1966534954,reference_only,False,26,,2,0,,,,,,,
W2011116941,W2011116941,reference_only,False,8,,2,0,,,,,,,
W2016735081,W2016735081,reference_only,False,26,,4,0,,,,,,,
W2078065772,W2078065772,reference_only,False,26,,2,0,,,,,,,
W2078140195,W2078140195,reference_only,False,26,,2,0,,,,,,,
W2085669305,W2085669305,reference_only,False,26,,3,0,,,,,,,
W2106746989,W2106746989,reference_only,False,26,,2,0,,,,,,,
W2162610948,W2162610948,reference_only,False,8,,6,0,,,,,,,
W2330573464,W2330573464,reference_only,False,26,,4,0,,,,,,,
W2352161979,W2352161979,reference_only,False,35,,3,0,,,,,,,
W2461948500,W2461948500,reference_only,False,26,,2,0,,,,,,,
W2887489420,W2887489420,reference_only,False,26,,5,0,,,,,,,
W2953164479,W2953164479,reference_only,False,26,,3,0,,,,,,,
W3045640687,W3045640687,reference_only,False,26,,2,0,,,,,,,
W3113586984,Visual Echolocation Concept for the Colorophone Sensory Substitution Device Using Virtual Reality,publication,True,26,2021.0,2,18,Tactile and Sensory Interactions,Sensors,article,Cognitive Neuroscience,Neuroscience,Life Sciences,https://doi.org/10.3390/s21010237
W6629682348,W6629682348,reference_only,False,8,,7,0,,,,,,,
W6639848026,W6639848026,reference_only,False,26,,5,0,,,,,,,
W3092460645,Sonification Of Facial Actions For Musical Expression,publication,True,3,2005.0,0,17,Tactile and Sensory Interactions,arXiv (Cornell University),preprint,Cognitive Neuroscience,Neuroscience,Life Sciences,https://doi.org/10.48550/arxiv.2010.03223
W82485184,W82485184,reference_only,False,34,,2,0,,,,,,,
W2006291576,W2006291576,reference_only,False,26,,3,0,,,,,,,
W2293174243,W2293174243,reference_only,False,34,,7,0,,,,,,,
W3179161036,W3179161036,reference_only,False,1,,3,0,,,,,,,
W4391276856,The sound of silence: Quantification of typical absence seizures by sonifying <scp>EEG</scp> signals from a custom‐built wearable device,publication,True,19,2024.0,0,13,EEG and Brain-Computer Interfaces,Epileptic Disorders,article,Cognitive Neuroscience,Neuroscience,Life Sciences,https://doi.org/10.1002/epd2.20194
W2800903401,Interactive Sonification Exploring Emergent Behavior Applying Models for Biological Information and Listening,publication,True,19,2018.0,0,13,Plant and Biological Electrophysiology Studies,Frontiers in Neuroscience,article,Plant Science,Agricultural and Biological Sciences,Life Sciences,https://doi.org/10.3389/fnins.2018.00197
W2150312211,W2150312211,reference_only,False,5,,2,0,,,,,,,
W2163834511,W2163834511,reference_only,False,19,,2,0,,,,,,,
W2185795379,W2185795379,reference_only,False,1,,2,0,,,,,,,
W4244757066,W4244757066,reference_only,False,19,,2,0,,,,,,,
W4255713411,W4255713411,reference_only,False,28,,3,0,,,,,,,
W2005880295,Sonification and Acoustic Environments,publication,True,6,2012.0,0,9,Noise Effects and Management,Leonardo Music Journal,article,Speech and Hearing,Health Professions,Health Sciences,https://doi.org/10.1162/lmj_a_00101
W568544327,W568544327,reference_only,False,6,,2,0,,,,,,,
W2119253849,W2119253849,reference_only,False,6,,2,0,,,,,,,
W35576504,Sonification of Facial Expressions,publication,True,26,2015.0,0,2,Hermeneutics and Narrative Identity,,article,Philosophy,Arts and Humanities,Social Sciences,
W4226165666,Sonification of Emotion in Social Media: Affect and Accessibility in Facebook Reactions,publication,True,3,2022.0,0,25,Tactile and Sensory Interactions,Proceedings of the ACM on Human-Computer Interaction,article,Cognitive Neuroscience,Neuroscience,Life Sciences,https://doi.org/10.1145/3512966
W1968311814,W1968311814,reference_only,False,26,,3,0,,,,,,,
W1993624695,W1993624695,reference_only,False,3,,2,0,,,,,,,
W2020776366,W2020776366,reference_only,False,3,,2,0,,,,,,,
W2136691781,W2136691781,reference_only,False,26,,4,0,,,,,,,
W2289988710,W2289988710,reference_only,False,3,,3,0,,,,,,,
W2913974265,W2913974265,reference_only,False,3,,3,0,,,,,,,
W3118257075,W3118257075,reference_only,False,3,,2,0,,,,,,,
W6769831151,W6769831151,reference_only,False,3,,2,0,,,,,,,
W2055297610,"Issues Relating to Automatic Speech Recognition and Spatial Auditory Displays in High Noise, Stressful Tank Environments",publication,True,1,2000.0,0,1,Human-Automation Interaction and Safety,Proceedings of the Human Factors and Ergonomics Society Annual Meeting,article,Social Psychology,Psychology,Social Sciences,https://doi.org/10.1177/154193120004402267
W2022250057,Multidimensional encoding within the temporal microstructure of auditory displays. II,publication,True,1,1973.0,0,4,Visual perception and processing mechanisms,The Journal of the Acoustical Society of America,article,Cognitive Neuroscience,Neuroscience,Life Sciences,https://doi.org/10.1121/1.1913569
W2405128847,On Applying Sonification Methods to Convey Business Process Data.,publication,True,6,2012.0,0,8,Data Visualization and Analytics,CAiSE Forum,article,Computer Vision and Pattern Recognition,Computer Science,Physical Sciences,
W206864471,W206864471,reference_only,False,6,,3,0,,,,,,,
W3211380182,Sonification and Music: Science meets Art,publication,True,1,2021.0,0,3,Multisensory perception and integration,English Studies in Africa,article,Experimental and Cognitive Psychology,Psychology,Social Sciences,https://doi.org/10.1080/00138398.2021.1969120
W4229004999,Listening to the silent struggles of bipolar disorder through sonification of iMoodJournal data,publication,True,6,2022.0,0,3,Neuroscience and Music Perception,Bipolar Disorders,article,Cognitive Neuroscience,Neuroscience,Life Sciences,https://doi.org/10.1111/bdi.13210
W2535459548,W2535459548,reference_only,False,6,,2,0,,,,,,,
W4386580226,PepperOSC: enabling interactive sonification of a robot’s expressive movement,publication,True,3,2023.0,0,9,Social Robot Interaction and HRI,Journal on Multimodal User Interfaces,article,Social Psychology,Psychology,Social Sciences,https://doi.org/10.1007/s12193-023-00414-9
W4281685026,W4281685026,reference_only,False,3,,2,0,,,,,,,
W4256579231,INTERACTIVE SONIFICATION STRATEGIES FOR THE MOTION AND EMOTION OF DANCE PERFORMANCES,publication,True,3,2019.0,0,132,Tactile and Sensory Interactions,,dissertation,Cognitive Neuroscience,Neuroscience,Life Sciences,https://doi.org/10.37099/mtu.dc.etdr/896
W1576653627,W1576653627,reference_only,False,3,,2,0,,,,,,,
W2082000140,W2082000140,reference_only,False,3,,2,0,,,,,,,
W2555668463,W2555668463,reference_only,False,3,,3,0,,,,,,,
W6665346695,W6665346695,reference_only,False,23,,2,0,,,,,,,
W6670308541,W6670308541,reference_only,False,26,,2,0,,,,,,,
W4285792890,A Strata-Based Approach to Discussing Artistic Data Sonification,publication,True,6,2022.0,0,12,Data Visualization and Analytics,Leonardo,article,Computer Vision and Pattern Recognition,Computer Science,Physical Sciences,https://doi.org/10.1162/leon_a_02257
W3017220216,W3017220216,reference_only,False,5,,2,0,,,,,,,
W4406128306,The sound of science: a sonification learning experience in an Italian secondary school,publication,True,14,2025.0,0,32,Educational Philosophies and Pedagogies,Frontiers in Education,article,Education,Social Sciences,Social Sciences,https://doi.org/10.3389/feduc.2024.1502396
W2043558955,W2043558955,reference_only,False,6,,2,0,,,,,,,
W2170644967,W2170644967,reference_only,False,1,,2,0,,,,,,,
W2475426101,W2475426101,reference_only,False,23,,2,0,,,,,,,
W2494250053,W2494250053,reference_only,False,14,,2,0,,,,,,,
W3184458317,Spatial sonification of letters on tablets to stimulate literacy skills and handwriting in 5 y-o children: A pilot study,publication,True,35,2021.0,2,9,Tactile and Sensory Interactions,Human Movement Science,article,Cognitive Neuroscience,Neuroscience,Life Sciences,https://doi.org/10.1016/j.humov.2021.102844
W2098315017,W2098315017,reference_only,False,35,,2,0,,,,,,,
W4391294942,Body-mind Sonification to Improve Players Actions in Sports,publication,True,35,2016.0,0,2,Action Observation and Synchronization,NTT technical review,article,Social Psychology,Psychology,Social Sciences,https://doi.org/10.53829/ntr201601ra1
W4319660011,Adding visual contextual information to continuous sonification feedback about low-reliability situations in conditionally automated driving: A driving simulator study,publication,True,28,2023.0,0,17,Human-Automation Interaction and Safety,Transportation Research Part F Traffic Psychology and Behaviour,article,Social Psychology,Psychology,Social Sciences,https://doi.org/10.1016/j.trf.2023.01.017
W1976570622,W1976570622,reference_only,False,19,,2,0,,,,,,,
W2045128528,W2045128528,reference_only,False,28,,2,0,,,,,,,
W2604259471,W2604259471,reference_only,False,28,,2,0,,,,,,,
W2764319616,W2764319616,reference_only,False,28,,2,0,,,,,,,
W2902480251,W2902480251,reference_only,False,28,,3,0,,,,,,,
W2903211045,W2903211045,reference_only,False,28,,2,0,,,,,,,
W2905986839,W2905986839,reference_only,False,28,,2,0,,,,,,,
W3043202512,W3043202512,reference_only,False,28,,2,0,,,,,,,
W3047516569,Manipulating music to communicate automation reliability in conditionally automated driving: A driving simulator study,publication,True,28,2020.0,2,37,Human-Automation Interaction and Safety,International Journal of Human-Computer Studies,article,Social Psychology,Psychology,Social Sciences,https://doi.org/10.1016/j.ijhcs.2020.102518
W3096107788,W3096107788,reference_only,False,28,,2,0,,,,,,,
W4200358009,W4200358009,reference_only,False,28,,2,0,,,,,,,
W6756539950,W6756539950,reference_only,False,28,,2,0,,,,,,,
W2406192348,A Symbolic Sonification of L-Systems,publication,True,26,2009.0,0,1,Plant and Biological Electrophysiology Studies,CUNY Academic Works (City University of New York),article,Plant Science,Agricultural and Biological Sciences,Life Sciences,
W999888355,Creating a Coral Symphony: Sound Art and Sonification,publication,True,6,2016.0,0,7,Multisensory perception and integration,eTropic electronic journal of studies in the tropics,article,Experimental and Cognitive Psychology,Psychology,Social Sciences,https://doi.org/10.25120/etropic.12.2.2013.3342
W6603753047,W6603753047,reference_only,False,6,,2,0,,,,,,,
W2139853867,Feature-Based Synthesis for Sonification and Psychoacoustic Research,publication,True,6,2006.0,0,6,Music and Audio Processing,,article,Signal Processing,Computer Science,Physical Sciences,
W21964159,W21964159,reference_only,False,1,,2,0,,,,,,,
W2027634492,Sound/tracks: artistic real-time sonification of train journeys,publication,True,26,2012.0,0,10,Tactile and Sensory Interactions,Journal on Multimodal User Interfaces,article,Cognitive Neuroscience,Neuroscience,Life Sciences,https://doi.org/10.1007/s12193-011-0089-x
W129212977,W129212977,reference_only,False,0,,2,0,,,,,,,
W2042978954,W2042978954,reference_only,False,26,,2,0,,,,,,,
W4367623970,Parameter Mapping Sonification of Human Olfactory Thresholds,publication,True,14,2023.0,0,27,Olfactory and Sensory Function Studies,Biology,article,Sensory Systems,Neuroscience,Life Sciences,https://doi.org/10.3390/biology12050670
W2073507015,W2073507015,reference_only,False,14,,2,0,,,,,,,
W2082470899,W2082470899,reference_only,False,14,,2,0,,,,,,,
W2175189714,W2175189714,reference_only,False,14,,2,0,,,,,,,
W2178477699,W2178477699,reference_only,False,14,,2,0,,,,,,,
W3166820160,W3166820160,reference_only,False,14,,2,0,,,,,,,
W6631508147,W6631508147,reference_only,False,14,,2,0,,,,,,,
W17778624,Sonification: listen to brain activity,publication,True,0,2009.0,0,10,EEG and Brain-Computer Interfaces,,book-chapter,Cognitive Neuroscience,Neuroscience,Life Sciences,https://doi.org/10.1007/978-3-211-75121-3_2
W2896920121,Layered Motion and Gesture Sonification in an Interactive Installation,publication,True,3,2018.0,0,11,Tactile and Sensory Interactions,Journal of the Audio Engineering Society,article,Cognitive Neuroscience,Neuroscience,Life Sciences,https://doi.org/10.17743/jaes.2018.0047
W2001918695,W2001918695,reference_only,False,3,,2,0,,,,,,,
W2142639790,W2142639790,reference_only,False,35,,2,0,,,,,,,
W2227773046,W2227773046,reference_only,False,3,,3,0,,,,,,,
W2248907644,W2248907644,reference_only,False,3,,2,0,,,,,,,
W2477550758,W2477550758,reference_only,False,3,,3,0,,,,,,,
W2549178590,W2549178590,reference_only,False,3,,2,0,,,,,,,
W4396609104,A Natural Sonification Mapping for Handwriting,publication,True,35,2024.0,0,21,Tactile and Sensory Interactions,Journal of the Audio Engineering Society,article,Cognitive Neuroscience,Neuroscience,Life Sciences,https://doi.org/10.17743/jaes.2022.0148
W2115487776,W2115487776,reference_only,False,32,,2,0,,,,,,,
W4233385860,W4233385860,reference_only,False,35,,8,0,,,,,,,
W4313175365,SONOUNO WEB INTERFACE FOR SONIFICATION AND ANALYSIS OF ASTROPHYSICAL DATA,publication,True,6,2022.0,0,2,Tactile and Sensory Interactions,Revista Mexicana de Astronomía y Astrofísica Serie de Conferencias,article,Cognitive Neuroscience,Neuroscience,Life Sciences,https://doi.org/10.22201/ia.14052059p.2022.54.28
W2736259092,Information-theoretic Performance Analysis of Azimuthal Localization for Spatial-Auditory Display of Beamformed Sonar Data,publication,True,8,2010.0,0,4,Underwater Acoustics Research,,article,Oceanography,Earth and Planetary Sciences,Physical Sciences,
W1992825986,W1992825986,reference_only,False,8,,2,0,,,,,,,
W4400269829,Online reach adjustments induced by real-time movement sonification,publication,True,35,2024.0,0,54,Tactile and Sensory Interactions,Human Movement Science,article,Cognitive Neuroscience,Neuroscience,Life Sciences,https://doi.org/10.1016/j.humov.2024.103250
W2081817157,W2081817157,reference_only,False,35,,2,0,,,,,,,
W2082764500,W2082764500,reference_only,False,35,,2,0,,,,,,,
W2889710185,W2889710185,reference_only,False,35,,3,0,,,,,,,
W71569423,"""Informative auditory warning signals"": a review of published material within the HCI and Auditory Display communities",publication,True,1,2007.0,0,16,Tactile and Sensory Interactions,,review,Cognitive Neuroscience,Neuroscience,Life Sciences,
W1506967282,W1506967282,reference_only,False,1,,3,0,,,,,,,
W2886628190,Web sonification with synesthesia tools,publication,True,1,2018.0,0,14,Music Technology and Sound Studies,Música Hodie,article,Computer Vision and Pattern Recognition,Computer Science,Physical Sciences,https://doi.org/10.5216/mh.v18i1.53572
W587052083,W587052083,reference_only,False,5,,2,0,,,,,,,
W1537357046,W1537357046,reference_only,False,10,,2,0,,,,,,,
W2396878506,Digiti Sonus: Advanced Interactive Fingerprint Sonification Using Visual Feature Analysis,publication,True,6,2013.0,0,5,Tactile and Sensory Interactions,,article,Cognitive Neuroscience,Neuroscience,Life Sciences,https://doi.org/10.5281/zenodo.1178548
W2294798173,W2294798173,reference_only,False,6,,2,0,,,,,,,
W4387623868,"It Sounds Cool: Exploring Sonification of Mid-Air Haptic Textures Exploration on Texture Judgments, Body Perception, and Motor Behaviour",publication,True,35,2023.0,0,18,Multisensory perception and integration,IEEE Transactions on Haptics,article,Experimental and Cognitive Psychology,Psychology,Social Sciences,https://doi.org/10.1109/toh.2023.3320492
W2078118823,W2078118823,reference_only,False,34,,14,0,,,,,,,
W2123917150,W2123917150,reference_only,False,35,,2,0,,,,,,,
W2951486999,W2951486999,reference_only,False,35,,2,0,,,,,,,
W3008258409,W3008258409,reference_only,False,35,,2,0,,,,,,,
W4309646510,W4309646510,reference_only,False,35,,2,0,,,,,,,
W3177324217,Sonification System of Maps for Blind,publication,True,1,2008.0,0,15,Tactile and Sensory Interactions,InTech eBooks,book-chapter,Cognitive Neuroscience,Neuroscience,Life Sciences,https://doi.org/10.5772/5926
W2139275323,W2139275323,reference_only,False,1,,2,0,,,,,,,
W2160359758,W2160359758,reference_only,False,1,,2,0,,,,,,,
W4242592731,W4242592731,reference_only,False,1,,2,0,,,,,,,
W6671149193,W6671149193,reference_only,False,1,,2,0,,,,,,,
W4304775435,Participatory Design of Sonification Development for Learning about Molecular Structures in Virtual Reality,publication,True,14,2022.0,0,27,Tactile and Sensory Interactions,Multimodal Technologies and Interaction,article,Cognitive Neuroscience,Neuroscience,Life Sciences,https://doi.org/10.3390/mti6100089
W2160215060,W2160215060,reference_only,False,26,,2,0,,,,,,,
W2535732482,W2535732482,reference_only,False,5,,2,0,,,,,,,
W2885254904,W2885254904,reference_only,False,14,,2,0,,,,,,,
W6893153891,W6893153891,reference_only,False,23,,2,0,,,,,,,
W2953470290,Data sonification in creative practice,publication,True,5,2019.0,0,16,Tactile and Sensory Interactions,,dissertation,Cognitive Neuroscience,Neuroscience,Life Sciences,
W2750105098,From Particle Data to Particular Sounds: Reflections on The Affordances of Contemporary Sonification Practices,publication,True,5,2015.0,2,0,Music Technology and Sound Studies,Journal of sonic studies,article,Computer Vision and Pattern Recognition,Computer Science,Physical Sciences,https://doi.org/10.22501/jss.220323
W4220663269,The Use of Sonification for the Analysis and Teaching of Interpretive Auditory Nuances,publication,True,6,2022.0,0,8,Music Technology and Sound Studies,Frontiers in Neuroscience,article,Computer Vision and Pattern Recognition,Computer Science,Physical Sciences,https://doi.org/10.3389/fnins.2022.808038
W2103476886,W2103476886,reference_only,False,35,,2,0,,,,,,,
W6641172791,W6641172791,reference_only,False,35,,2,0,,,,,,,
W3184002544,Listening to Dura Europos: An Experiment in Archaeological Image Sonification,publication,True,6,2021.0,0,6,3D Surveying and Cultural Heritage,Internet Archaeology,article,Geology,Earth and Planetary Sciences,Physical Sciences,https://doi.org/10.11141/ia.56.8
W2966093409,W2966093409,reference_only,False,23,,3,0,,,,,,,
W3118618320,“Remediatizing Visual Media as Sonic Data. Sonification and Cultural History.”,publication,True,6,2020.0,2,11,Diverse Musicological Studies,Revue d histoire culturelle,article,Music,Arts and Humanities,Social Sciences,https://doi.org/10.4000/rhc.348
W4400798271,Audio augmented reality using sonification to enhance visual art experiences: Lessons learned,publication,True,23,2024.0,0,42,Virtual Reality Applications and Impacts,International Journal of Human-Computer Studies,article,Human-Computer Interaction,Computer Science,Physical Sciences,https://doi.org/10.1016/j.ijhcs.2024.103329
W767989316,W767989316,reference_only,False,23,,2,0,,,,,,,
W1502664367,W1502664367,reference_only,False,23,,2,0,,,,,,,
W1593163947,W1593163947,reference_only,False,28,,4,0,,,,,,,
W1991560649,W1991560649,reference_only,False,23,,3,0,,,,,,,
W2007979092,W2007979092,reference_only,False,23,,3,0,,,,,,,
W2122122381,W2122122381,reference_only,False,23,,2,0,,,,,,,
W2149003305,W2149003305,reference_only,False,23,,3,0,,,,,,,
W2507528279,W2507528279,reference_only,False,23,,2,0,,,,,,,
W2763766763,W2763766763,reference_only,False,23,,3,0,,,,,,,
W2783539613,W2783539613,reference_only,False,31,,4,0,,,,,,,
W2944523811,W2944523811,reference_only,False,23,,2,0,,,,,,,
W2995435724,W2995435724,reference_only,False,23,,2,0,,,,,,,
W3139429868,W3139429868,reference_only,False,23,,2,0,,,,,,,
W4312384156,W4312384156,reference_only,False,23,,2,0,,,,,,,
W2802384224,SoniFight: Software to Provide Additional Sonification Cues to Video Games for Visually Impaired Players,publication,True,26,2018.0,0,4,Tactile and Sensory Interactions,The Computer Games Journal,article,Cognitive Neuroscience,Neuroscience,Life Sciences,https://doi.org/10.1007/s40869-018-0059-6
W2073168890,W2073168890,reference_only,False,26,,3,0,,,,,,,
W2795989848,W2795989848,reference_only,False,26,,3,0,,,,,,,
W2157400060,DoppelLab : spatialized data sonification in a 3D virtual environment,publication,True,0,2013.0,0,24,Music Technology and Sound Studies,DSpace@MIT (Massachusetts Institute of Technology),dissertation,Computer Vision and Pattern Recognition,Computer Science,Physical Sciences,
W75224404,W75224404,reference_only,False,0,,2,0,,,,,,,
W112450954,W112450954,reference_only,False,0,,2,0,,,,,,,
W1999577921,W1999577921,reference_only,False,0,,2,0,,,,,,,
W2018377917,W2018377917,reference_only,False,0,,2,0,,,,,,,
W2028677178,W2028677178,reference_only,False,0,,2,0,,,,,,,
W2075006603,W2075006603,reference_only,False,0,,2,0,,,,,,,
W2077566900,W2077566900,reference_only,False,0,,2,0,,,,,,,
W2161755617,W2161755617,reference_only,False,0,,2,0,,,,,,,
W2166409620,W2166409620,reference_only,False,0,,2,0,,,,,,,
W4312668095,THE POWER OF LISTENING TO YOUR DATA: OPENING DOORS AND ENHANCING DISCOVERY USING SONIFICATION,publication,True,6,2022.0,0,9,Neuroscience and Music Perception,Revista Mexicana de Astronomía y Astrofísica Serie de Conferencias,article,Cognitive Neuroscience,Neuroscience,Life Sciences,https://doi.org/10.22201/ia.14052059p.2022.54.01
W3113479924,Quasar Spectroscopy Sound: Analyzing Intergalactic and Circumgalactic Media via Data Sonification,publication,True,6,2020.0,3,0,Computational Physics and Python Applications,Journal of the Audio Engineering Society,article,Artificial Intelligence,Computer Science,Physical Sciences,https://doi.org/10.17743/jaes.2020.0011
W4280516949,PAMPAS: A PsychoAcoustical Method for the Perceptual Analysis of Multidimensional Sonification,publication,True,31,2022.0,0,83,Tactile and Sensory Interactions,Preprints.org,preprint,Cognitive Neuroscience,Neuroscience,Life Sciences,https://doi.org/10.20944/preprints202205.0167.v1
W410914020,W410914020,reference_only,False,31,,1,0,,,,,,,
W1660250924,W1660250924,reference_only,False,31,,1,0,,,,,,,
W1975943887,W1975943887,reference_only,False,31,,1,0,,,,,,,
W2517649105,W2517649105,reference_only,False,31,,1,0,,,,,,,
W2538673965,W2538673965,reference_only,False,0,,2,0,,,,,,,
W2952792098,W2952792098,reference_only,False,31,,1,0,,,,,,,
W4214913551,W4214913551,reference_only,False,31,,1,0,,,,,,,
W6636149796,W6636149796,reference_only,False,31,,1,0,,,,,,,
W6721764065,W6721764065,reference_only,False,31,,1,0,,,,,,,
W2106571503,W2106571503,reference_only,False,1,,2,0,,,,,,,
W2553308749,OVERCOMING SOFTWARE INERTIA IN DATA SONIFICATION RESEARCH USING THE SoniPy FRAMEWORK,publication,True,6,2007.0,0,9,Music Technology and Sound Studies,,article,Computer Vision and Pattern Recognition,Computer Science,Physical Sciences,
W2020594273,W2020594273,reference_only,False,6,,1,0,,,,,,,
W2090107153,Studies in metamusical methods for sound and image composition,publication,True,5,1996.0,1,5,Music Technology and Sound Studies,Organised Sound,article,Computer Vision and Pattern Recognition,Computer Science,Physical Sciences,https://doi.org/10.1017/s135577189600026x
W26662613,W26662613,reference_only,False,19,,2,0,,,,,,,
W1968761003,W1968761003,reference_only,False,0,,4,0,,,,,,,
W6680081395,W6680081395,reference_only,False,0,,3,0,,,,,,,
W2949600973,Sonification in security operations centres: what do security practitioners think?,publication,True,30,2018.0,0,26,User Authentication and Security Systems,arXiv (Cornell University),preprint,Information Systems,Computer Science,Physical Sciences,https://doi.org/10.48550/arxiv.1807.06706
W218615589,W218615589,reference_only,False,30,,2,0,,,,,,,
W2033329918,W2033329918,reference_only,False,30,,2,0,,,,,,,
W2072927538,Masked Thresholds and Predicting the Audibility of Auditory Displays: An Example for Long-Haul Trucks,publication,True,28,2002.0,0,1,Vehicle Noise and Vibration Control,Proceedings of the Human Factors and Ergonomics Society Annual Meeting,article,Automotive Engineering,Engineering,Physical Sciences,https://doi.org/10.1177/154193120204601901
W2089085880,W2089085880,reference_only,False,28,,2,0,,,,,,,
W2734960309,"Climate and Music, Beyond Sonification: Balance-Unbalance 2016",publication,True,3,2017.0,0,3,Neuroscience and Music Perception,Leonardo,article,Cognitive Neuroscience,Neuroscience,Life Sciences,https://doi.org/10.1162/leon_a_01527
W2303741391,Virtual reality simulator for sonification studies,publication,True,26,2009.0,2,1,Tactile and Sensory Interactions,Computational intelligence,article,Cognitive Neuroscience,Neuroscience,Life Sciences,
W4322503920,Sonification Use Cases in Highly Automated Vehicles: Designing and Evaluating Use Cases in Level 4 Automation,publication,True,28,2023.0,0,27,Human-Automation Interaction and Safety,International Journal of Human-Computer Interaction,article,Social Psychology,Psychology,Social Sciences,https://doi.org/10.1080/10447318.2023.2180236
W1570321471,W1570321471,reference_only,False,31,,2,0,,,,,,,
W1973748529,W1973748529,reference_only,False,28,,3,0,,,,,,,
W2143074722,W2143074722,reference_only,False,28,,2,0,,,,,,,
W2765520797,W2765520797,reference_only,False,28,,2,0,,,,,,,
W2891214356,W2891214356,reference_only,False,28,,3,0,,,,,,,
W2107071826,Sonimime: Movement Sonification For Real-Time Timbre Shaping,publication,True,5,2005.0,0,2,Tactile and Sensory Interactions,,article,Cognitive Neuroscience,Neuroscience,Life Sciences,https://doi.org/10.5281/zenodo.1176740
W2158233635,W2158233635,reference_only,False,5,,3,0,,,,,,,
W2024339013,Sonification as Sensemaking in Control Room Applications,publication,True,19,2013.0,0,7,Tactile and Sensory Interactions,Proceedings of the Human Factors and Ergonomics Society Annual Meeting,article,Cognitive Neuroscience,Neuroscience,Life Sciences,https://doi.org/10.1177/1541931213571318
W4253047668,W4253047668,reference_only,False,19,,2,0,,,,,,,
W4300059504,W4300059504,reference_only,False,19,,3,0,,,,,,,
W4249776178,Artificial intelligence &amp; self-consistent sonification method for converting DNA sequence to music,publication,True,14,2019.0,0,51,Plant and Biological Electrophysiology Studies,Biointerface Research in Applied Chemistry,article,Plant Science,Agricultural and Biological Sciences,Life Sciences,https://doi.org/10.33263/briac96.494501
W4246216446,W4246216446,reference_only,False,14,,2,0,,,,,,,
W2186293173,Sonification of multiple Fibonacci-related sequences,publication,True,6,2013.0,0,1,Music Technology and Sound Studies,"Acta Biologica Plantarum Agriensis (Eszterházy Károly University, Hungary)",article,Computer Vision and Pattern Recognition,Computer Science,Physical Sciences,
W2126209209,W2126209209,reference_only,False,6,,2,0,,,,,,,
W2186404723,Auditory Graphs Need Error Bars: Validating Error-to-Sound Mappings and Scalings,publication,True,1,2013.0,0,10,Multisensory perception and integration,,article,Experimental and Cognitive Psychology,Psychology,Social Sciences,
W2025645323,Navigation of interactive sonifications and visualisations of time-series data using multi-touch computing,publication,True,6,2011.0,0,22,Data Visualization and Analytics,Journal on Multimodal User Interfaces,article,Computer Vision and Pattern Recognition,Computer Science,Physical Sciences,https://doi.org/10.1007/s12193-011-0075-3
W1563329648,W1563329648,reference_only,False,6,,2,0,,,,,,,
W1590066057,W1590066057,reference_only,False,6,,5,0,,,,,,,
W4402238461,Sonification of Genomic Data to Represent Genetic Load in Zoo Populations,publication,True,14,2024.0,0,7,Genetic and phenotypic traits in livestock,Zoo Biology,article,Genetics,"Biochemistry, Genetics and Molecular Biology",Life Sciences,https://doi.org/10.1002/zoo.21859
W4254687493,W4254687493,reference_only,False,26,,2,0,,,,,,,
W2630119004,Menu Sonification in an Automotive Media Center : Design and Evaluation,publication,True,1,2011.0,0,15,Tactile and Sensory Interactions,HAL (Le Centre pour la Communication Scientifique Directe),book-chapter,Cognitive Neuroscience,Neuroscience,Life Sciences,
W2039869565,W2039869565,reference_only,False,1,,2,0,,,,,,,
W1968742399,Morphic features variation of solid particles after size reduction: sonification compared to jet mill grinding,publication,True,19,1988.0,0,1,Calcium Carbonate Crystallization and Inhibition,International Journal of Pharmaceutics,article,Biomaterials,Materials Science,Physical Sciences,https://doi.org/10.1016/0378-5173(88)90228-1
W2031655769,Mental scanning of sonifications reveals flexible encoding of nonspeech sounds and a universal per-item scanning cost,publication,True,1,2011.0,0,24,Tactile and Sensory Interactions,Acta Psychologica,article,Cognitive Neuroscience,Neuroscience,Life Sciences,https://doi.org/10.1016/j.actpsy.2011.03.012
W1729578042,W1729578042,reference_only,False,1,,3,0,,,,,,,
W2045652842,W2045652842,reference_only,False,26,,3,0,,,,,,,
W6683268542,W6683268542,reference_only,False,1,,5,0,,,,,,,
W3119553192,A model for spectroscopic food sample analysis using data sonification,publication,True,6,2021.0,0,19,Advanced Chemical Sensor Technologies,International Journal of Speech Technology,article,Biomedical Engineering,Engineering,Physical Sciences,https://doi.org/10.1007/s10772-020-09794-9
W2157606235,W2157606235,reference_only,False,6,,2,0,,,,,,,
W1981505283,W1981505283,reference_only,False,19,,2,0,,,,,,,
W2770923252,W2770923252,reference_only,False,6,,2,0,,,,,,,
W4288658192,W4288658192,reference_only,False,6,,2,0,,,,,,,
W2062266239,"Removal of As, Cadmium and Lead in Sandy Soil with Sonification-Electrokinetic Remediation",publication,True,19,2013.0,0,1,Electrokinetic Soil Remediation Techniques,Journal of Soil and Groundwater Environment,article,Electrical and Electronic Engineering,Engineering,Physical Sciences,https://doi.org/10.7857/jsge.2013.18.7.001
W1991376523,W1991376523,reference_only,False,5,,5,0,,,,,,,
W2043774331,Knowing by ear: leveraging human attention abilities in interaction design,publication,True,5,2011.0,3,21,Tactile and Sensory Interactions,Journal on Multimodal User Interfaces,article,Cognitive Neuroscience,Neuroscience,Life Sciences,https://doi.org/10.1007/s12193-011-0062-8
W2133443878,W2133443878,reference_only,False,6,,4,0,,,,,,,
W6869289545,W6869289545,reference_only,False,5,,2,0,,,,,,,
W2765379808,Sonification and visualization of predecisional information search: Identifying toolboxes in children.,publication,True,6,2017.0,0,3,Child and Animal Learning Development,Developmental Psychology,article,Developmental and Educational Psychology,Psychology,Social Sciences,https://doi.org/10.1037/dev0000447
W3154347787,Sonification and Animation of Multivariate Data to Illuminate Dynamics of Geyser Eruptions,publication,True,6,2020.0,0,19,Music and Audio Processing,Computer Music Journal,article,Signal Processing,Computer Science,Physical Sciences,https://doi.org/10.1162/comj_a_00551
W2076118826,W2076118826,reference_only,False,31,,2,0,,,,,,,
W2316878502,W2316878502,reference_only,False,0,,2,0,,,,,,,
W2914687129,W2914687129,reference_only,False,6,,2,0,,,,,,,
W2973818247,W2973818247,reference_only,False,26,,2,0,,,,,,,
W4256122687,W4256122687,reference_only,False,6,,3,0,,,,,,,
W6637227637,W6637227637,reference_only,False,6,,2,0,,,,,,,
W2164135594,"Developing Telematic Electroacoustic Music: Complex networks, machine intelligence and affective data stream sonification",publication,True,5,2015.0,0,18,Music Technology and Sound Studies,Organised Sound,article,Computer Vision and Pattern Recognition,Computer Science,Physical Sciences,https://doi.org/10.1017/s1355771814000478
W1867691547,W1867691547,reference_only,False,0,,2,0,,,,,,,
W2108864454,W2108864454,reference_only,False,5,,2,0,,,,,,,
W2161012827,W2161012827,reference_only,False,3,,3,0,,,,,,,
W2188832265,Kinetic surface friction rendering for interactive sonification: an initial exploration,publication,True,6,2021.0,0,1,Tactile and Sensory Interactions,arXiv (Cornell University),preprint,Cognitive Neuroscience,Neuroscience,Life Sciences,https://doi.org/10.48550/arxiv.2107.13825
W2810058650,AirQ sonification as a context for mutual contribution between science and music,publication,True,6,2018.0,0,9,Music Technology and Sound Studies,Música Hodie,article,Computer Vision and Pattern Recognition,Computer Science,Physical Sciences,https://doi.org/10.5216/mh.v18i1.53573
W4308946688,Evaluating enhanced pulse oximetry auditory displays for neonatal oxygen targeting: A randomized laboratory trial with clinicians and non-clinicians,publication,True,19,2022.0,0,16,Healthcare Technology and Patient Monitoring,Applied Ergonomics,article,Surgery,Medicine,Health Sciences,https://doi.org/10.1016/j.apergo.2022.103918
W2011846968,W2011846968,reference_only,False,0,,2,0,,,,,,,
W2036859903,W2036859903,reference_only,False,0,,2,0,,,,,,,
W2061155279,W2061155279,reference_only,False,0,,3,0,,,,,,,
W2062283099,W2062283099,reference_only,False,0,,2,0,,,,,,,
W2082136405,W2082136405,reference_only,False,0,,4,0,,,,,,,
W2101976538,W2101976538,reference_only,False,0,,2,0,,,,,,,
W2170448121,W2170448121,reference_only,False,0,,2,0,,,,,,,
W2036853357,Where did that sound come from? Comparing the ability to localise using audification and audition,publication,True,8,2011.0,0,37,Human auditory perception and evaluation,Disability and Rehabilitation Assistive Technology,article,Aerospace Engineering,Engineering,Physical Sciences,https://doi.org/10.3109/17483107.2011.602172
W2396724862,The effect of pitch shifts on the identification of environmental sounds: Design considerations for the modification of sounds in auditory displays,publication,True,19,2005.0,0,3,Noise Effects and Management,,article,Speech and Hearing,Health Professions,Health Sciences,
W2506943126,DEVELOPMENT OF VIRTUAL AUDITORY DISPLAY SOFTWARE RESPONSIVE TO HEAD MOVEMENT AND A CONSIDERATION ON DERATION OF SPATIALIZED AMBIENT SOUND TO IMPROVE REALISM OF PERCEIVED SOUND SPACE,publication,True,8,2010.0,0,4,Hearing Loss and Rehabilitation,WORLD SCIENTIFIC eBooks,book-chapter,Cognitive Neuroscience,Neuroscience,Life Sciences,https://doi.org/10.1142/9789814299312_0010
W1497371565,W1497371565,reference_only,False,8,,8,0,,,,,,,
W2069885144,Individualization of head-related transfer functions with tournament-style listening test: Listening with other's ears,publication,True,8,2006.0,2,5,Hearing Loss and Rehabilitation,Nippon Onkyo Gakkaishi/Acoustical science and technology/Nihon Onkyo Gakkaishi,article,Cognitive Neuroscience,Neuroscience,Life Sciences,https://doi.org/10.1250/ast.27.340
W1975680207,W1975680207,reference_only,False,35,,3,0,,,,,,,
W2901190693,W2901190693,reference_only,False,35,,2,0,,,,,,,
W3207239826,The effect of eye movement sonification on visual search patterns and anticipation in novices,publication,True,35,2021.0,0,9,Sport Psychology and Performance,Journal on Multimodal User Interfaces,article,Developmental and Educational Psychology,Psychology,Social Sciences,https://doi.org/10.1007/s12193-021-00381-z
W2792142377,W2792142377,reference_only,False,35,,2,0,,,,,,,
W3039496228,PLAY ME: interactive sonification of sexual arousal in long-distance relationships,publication,True,0,2020.0,0,3,Music Therapy and Health,Paladyn Journal of Behavioral Robotics,article,Social Psychology,Psychology,Social Sciences,https://doi.org/10.1515/pjbr-2020-0014
W2073738449,W2073738449,reference_only,False,0,,2,0,,,,,,,
W2792242692,W2792242692,reference_only,False,0,,3,0,,,,,,,
W4407853877,Creating trust in fully autonomous vehicles through spatialized predictive sonification,publication,True,28,2025.0,0,7,Human-Automation Interaction and Safety,International Journal of Human-Computer Studies,article,Social Psychology,Psychology,Social Sciences,https://doi.org/10.1016/j.ijhcs.2025.103481
W2801702920,W2801702920,reference_only,False,28,,2,0,,,,,,,
W6634234239,W6634234239,reference_only,False,28,,2,0,,,,,,,
W2516735759,Sonnotile: Audio Annotation and Sonification for Large Tiled Audio/Visual Display Environments,publication,True,6,2011.0,0,9,Tactile and Sensory Interactions,,article,Cognitive Neuroscience,Neuroscience,Life Sciences,
W1524161747,W1524161747,reference_only,False,4,,3,0,,,,,,,
W2062261629,Listen and learn: An investigation of sonification as an instructional variable to improve understanding of complex environments,publication,True,5,2007.0,0,2,Tactile and Sensory Interactions,Computers in Human Behavior,article,Cognitive Neuroscience,Neuroscience,Life Sciences,https://doi.org/10.1016/j.chb.2007.02.006
W2158929635,Listening to Maps: User Evaluation of Interactive Sonifications of Geo-Referenced Data (2004),publication,True,1,2005.0,0,12,Tactile and Sensory Interactions,University Libraries (University of Maryland),report,Cognitive Neuroscience,Neuroscience,Life Sciences,
W4394954050,Orchestrating Motion: Real-Time Sonification Tools and Methods to Support Movement Rehabilitation,publication,True,6,2024.0,0,119,Tactile and Sensory Interactions,,dissertation,Cognitive Neuroscience,Neuroscience,Life Sciences,https://doi.org/10.54337/aau696001045
W2012385708,W2012385708,reference_only,False,6,,2,0,,,,,,,
W2039271743,W2039271743,reference_only,False,6,,2,0,,,,,,,
W2039539255,W2039539255,reference_only,False,6,,2,0,,,,,,,
W2079641058,W2079641058,reference_only,False,6,,2,0,,,,,,,
W2142533684,W2142533684,reference_only,False,35,,2,0,,,,,,,
W2317215606,W2317215606,reference_only,False,6,,2,0,,,,,,,
W4242032411,W4242032411,reference_only,False,6,,2,0,,,,,,,
W4317556929,W4317556929,reference_only,False,6,,2,0,,,,,,,
W6602078741,W6602078741,reference_only,False,0,,2,0,,,,,,,
W4392915303,Sonification of molecular electronic energy density and its dynamics,publication,True,14,2024.0,0,3,Advanced Chemical Sensor Technologies,RSC Advances,article,Biomedical Engineering,Engineering,Physical Sciences,https://doi.org/10.1039/d4ra00999a
W4396609080,Connecting Sound to Data: Sonification Workshop Methods With Expert and Non-Expert Participants,publication,True,5,2024.0,0,15,Tactile and Sensory Interactions,Journal of the Audio Engineering Society,article,Cognitive Neuroscience,Neuroscience,Life Sciences,https://doi.org/10.17743/jaes.2022.0143
W2580921585,W2580921585,reference_only,False,5,,3,0,,,,,,,
W4387645019,W4387645019,reference_only,False,5,,2,0,,,,,,,
W2007272132,Clinical significance of antibodies against neutrophils in patients with inflammatory bowel disease and primary sclerosing cholangitis.,publication,True,2,1992.0,0,15,Inflammatory Bowel Disease,Gut,article,Genetics,"Biochemistry, Genetics and Molecular Biology",Life Sciences,https://doi.org/10.1136/gut.33.5.657
W94779788,W94779788,reference_only,False,2,,2,0,,,,,,,
W117467031,W117467031,reference_only,False,2,,2,0,,,,,,,
W1680550889,W1680550889,reference_only,False,2,,2,0,,,,,,,
W1985884757,W1985884757,reference_only,False,2,,2,0,,,,,,,
W1989865860,W1989865860,reference_only,False,2,,2,0,,,,,,,
W2007715568,W2007715568,reference_only,False,2,,2,0,,,,,,,
W2018289835,W2018289835,reference_only,False,2,,2,0,,,,,,,
W2019652093,W2019652093,reference_only,False,2,,2,0,,,,,,,
W2039582264,W2039582264,reference_only,False,2,,2,0,,,,,,,
W2098638622,W2098638622,reference_only,False,2,,2,0,,,,,,,
W2101108802,W2101108802,reference_only,False,2,,3,0,,,,,,,
W2137676749,W2137676749,reference_only,False,2,,2,0,,,,,,,
W2171789845,W2171789845,reference_only,False,2,,2,0,,,,,,,
W2337817634,W2337817634,reference_only,False,2,,2,0,,,,,,,
W2028361101,Measurement of non-specific binding by parallel or consecutive incubation procedures in receptor homogenates follwong tissue disintegrations by sonification,publication,True,2,1990.0,0,1,Estrogen and related hormone effects,Journal of Biochemical and Biophysical Methods,article,Genetics,"Biochemistry, Genetics and Molecular Biology",Life Sciences,https://doi.org/10.1016/0165-022x(90)90047-g
W2127298667,SONIFICATION USING DIGITAL WAVEGUIDES AND 2- AND 3-DIMENSIONAL DIGITAL WAVEGUIDE MESH,publication,True,6,2005.0,0,7,Music Technology and Sound Studies,,article,Computer Vision and Pattern Recognition,Computer Science,Physical Sciences,
W2023539336,W2023539336,reference_only,False,34,,3,0,,,,,,,
W2176792076,Crystallization Sonification of High-dimensional Datasets,publication,True,6,2002.0,2,0,Plant and Biological Electrophysiology Studies,,article,Plant Science,Agricultural and Biological Sciences,Life Sciences,
W4401480693,SYSTEMATIC REVIEW OF SONIFICATION FOR CONTROLLING AN OBJECT’S POSITION IN SPACE,publication,True,31,2024.0,0,4,Tactile and Sensory Interactions,Cognition and Experience,review,Cognitive Neuroscience,Neuroscience,Life Sciences,https://doi.org/10.51217/cogexp_2024_05_02_04
W4407558787,Effects of Sentiment-Based Sonification on Fairy Tale Listening Experience,publication,True,23,2025.0,0,10,"Language, Metaphor, and Cognition",Auditory Perception & Cognition,article,Experimental and Cognitive Psychology,Psychology,Social Sciences,https://doi.org/10.1080/25742442.2025.2463888
W4412391168,"ST Elevation Sonification of a 12-Lead ECG for the Assessment, Diagnosis, and Monitoring of ST Elevation Myocardial Infarction",publication,True,6,2025.0,0,18,ECG Monitoring and Analysis,Sensors,article,Cardiology and Cardiovascular Medicine,Medicine,Health Sciences,https://doi.org/10.3390/s25144373
W2760094771,W2760094771,reference_only,False,6,,2,0,,,,,,,
W4407344171,Gesture sonification for enhancing agency: an exploratory study on healthy participants,publication,True,29,2025.0,0,14,Action Observation and Synchronization,Frontiers in Psychology,article,Social Psychology,Psychology,Social Sciences,https://doi.org/10.3389/fpsyg.2024.1450365
W2119363275,W2119363275,reference_only,False,29,,2,0,,,,,,,
W2126233790,W2126233790,reference_only,False,29,,2,0,,,,,,,
W2147940452,W2147940452,reference_only,False,29,,2,0,,,,,,,
W2148203610,W2148203610,reference_only,False,29,,2,0,,,,,,,
W2587573685,W2587573685,reference_only,False,29,,3,0,,,,,,,
W2739310792,W2739310792,reference_only,False,29,,2,0,,,,,,,
W2800837140,W2800837140,reference_only,False,29,,4,0,,,,,,,
W2981663365,W2981663365,reference_only,False,29,,3,0,,,,,,,
W2994826077,W2994826077,reference_only,False,29,,2,0,,,,,,,
W4388948727,W4388948727,reference_only,False,29,,2,0,,,,,,,
W4409203711,From traditional algorithms to artificial intelligence: a review of the development of sensory substitution sonification methods,publication,True,26,2025.0,0,53,Tactile and Sensory Interactions,The European Physical Journal Special Topics,article,Cognitive Neuroscience,Neuroscience,Life Sciences,https://doi.org/10.1140/epjs/s11734-025-01596-x
W161349203,W161349203,reference_only,False,14,,2,0,,,,,,,
W1861492603,W1861492603,reference_only,False,26,,3,0,,,,,,,
W1976697918,W1976697918,reference_only,False,26,,2,0,,,,,,,
W2069757078,W2069757078,reference_only,False,26,,2,0,,,,,,,
W2126636462,W2126636462,reference_only,False,26,,4,0,,,,,,,
W2781228439,W2781228439,reference_only,False,26,,3,0,,,,,,,
W2963150697,W2963150697,reference_only,False,26,,2,0,,,,,,,
W3039179567,W3039179567,reference_only,False,26,,2,0,,,,,,,
W3048032066,W3048032066,reference_only,False,26,,2,0,,,,,,,
W3132026872,W3132026872,reference_only,False,26,,2,0,,,,,,,
W3170251876,W3170251876,reference_only,False,26,,2,0,,,,,,,
W4308454489,W4308454489,reference_only,False,26,,2,0,,,,,,,
W4318066425,W4318066425,reference_only,False,26,,2,0,,,,,,,
W4391633339,W4391633339,reference_only,False,26,,2,0,,,,,,,
W2029812497,The removal of cholesterol from landschütz ascites cells by high-density apolipoprotein,publication,True,2,1973.0,0,9,Cholesterol and Lipid Metabolism,Biochimica et Biophysica Acta (BBA) - Lipids and Lipid Metabolism,article,Surgery,Medicine,Health Sciences,https://doi.org/10.1016/0005-2760(73)90249-x
W1513897103,W1513897103,reference_only,False,2,,3,0,,,,,,,
W2011221882,W2011221882,reference_only,False,2,,2,0,,,,,,,
W2044659121,W2044659121,reference_only,False,2,,2,0,,,,,,,
W2111301002,W2111301002,reference_only,False,2,,3,0,,,,,,,
W2168526937,W2168526937,reference_only,False,2,,3,0,,,,,,,
W4386814265,"Comparing Performance and Preference of Visually Impaired Individuals in Object Localization: Tactile, Verbal, and Sonification Cueing Modalities",publication,True,26,2023.0,0,7,Tactile and Sensory Interactions,Technologies,article,Cognitive Neuroscience,Neuroscience,Life Sciences,https://doi.org/10.3390/technologies11050127
W2072852299,W2072852299,reference_only,False,26,,2,0,,,,,,,
W2886781340,W2886781340,reference_only,False,26,,2,0,,,,,,,
W4301394459,W4301394459,reference_only,False,26,,2,0,,,,,,,
W4403600686,Low-Power Real-Time Seizure Monitoring Using AI-Assisted Sonification of Neonatal EEG,publication,True,6,2024.0,0,10,EEG and Brain-Computer Interfaces,IEEE Transactions on Emerging Topics in Computing,article,Cognitive Neuroscience,Neuroscience,Life Sciences,https://doi.org/10.1109/tetc.2024.3481035
W2128160875,W2128160875,reference_only,False,6,,3,0,,,,,,,
W2128653836,W2128653836,reference_only,False,6,,2,0,,,,,,,
W4231031726,13C-NMR sonification of human insulin: a method for conversion of amino-acid sequences to music notes,publication,True,14,2019.0,0,37,Microfluidic and Capillary Electrophoresis Applications,Biointerface Research in Applied Chemistry,article,Biomedical Engineering,Engineering,Physical Sciences,https://doi.org/10.33263/briac94.077084
W4406047343,EEG-Based Cognitive Load Estimation of Acoustic Parameters for Data Sonification,publication,True,6,2025.0,0,20,EEG and Brain-Computer Interfaces,IEEE Transactions on Cognitive and Developmental Systems,article,Cognitive Neuroscience,Neuroscience,Life Sciences,https://doi.org/10.1109/tcds.2025.3525492
W2120847449,W2120847449,reference_only,False,6,,2,0,,,,,,,
W2190369823,W2190369823,reference_only,False,31,,2,0,,,,,,,
W4253180431,W4253180431,reference_only,False,6,,2,0,,,,,,,
W6605743654,W6605743654,reference_only,False,6,,2,0,,,,,,,
W4393871019,Sonification methods for enabling augmented data analysis applied to graphene optoelectronics,publication,True,6,2024.0,0,8,Design Education and Practice,Applied Research,article,Mechanical Engineering,Engineering,Physical Sciences,https://doi.org/10.1002/appl.202300092
W2625114350,"Designing, Prototyping and Evaluating Digital Mindfulness Applications: A Case Study of Mindful Breathing for Stress Reduction",publication,True,6,2017.0,0,7,Mindfulness and Compassion Interventions,Journal of Medical Internet Research,article,Clinical Psychology,Psychology,Social Sciences,https://doi.org/10.2196/jmir.6955
W2117504085,W2117504085,reference_only,False,6,,2,0,,,,,,,
W2156331665,W2156331665,reference_only,False,6,,2,0,,,,,,,
W2169368100,W2169368100,reference_only,False,6,,2,0,,,,,,,
W4206254914,W4206254914,reference_only,False,6,,2,0,,,,,,,
W2774231567,Listening to Social Rhythms: Exploring Logged Interactional Data Through Sonification,publication,True,1,2016.0,0,7,Data Visualization and Analytics,,book-chapter,Computer Vision and Pattern Recognition,Computer Science,Physical Sciences,https://doi.org/10.4135/9781473983847.n24
W2311144422,W2311144422,reference_only,False,5,,2,0,,,,,,,
W4415206915,"Feasibility of IMU-Based Wearable Sonification: Toward Personalized, Real-Time Gait Monitoring and Rehabilitation",publication,True,35,2025.0,0,25,Tactile and Sensory Interactions,Biosensors,article,Cognitive Neuroscience,Neuroscience,Life Sciences,https://doi.org/10.3390/bios15100698
W1951810765,W1951810765,reference_only,False,35,,3,0,,,,,,,
W2157384224,W2157384224,reference_only,False,35,,2,0,,,,,,,
W2883880018,W2883880018,reference_only,False,35,,3,0,,,,,,,
W3012029195,W3012029195,reference_only,False,35,,2,0,,,,,,,
W1581044592,Leukotriene A4: preparation and enzymatic conversion in a cell-free system to leukotriene B4.,publication,True,9,1982.0,0,2,Pediatric health and respiratory diseases,Journal of Biological Chemistry,article,Emergency Medical Services,Health Professions,Health Sciences,https://doi.org/10.1016/s0021-9258(19)45318-0
W270348947,W270348947,reference_only,False,9,,2,0,,,,,,,
W2051279958,W2051279958,reference_only,False,9,,2,0,,,,,,,
W4385455853,New Design Potentials of Non-mimetic Sonification in Human–Robot Interaction,publication,True,3,2023.0,0,12,Tactile and Sensory Interactions,ACM Transactions on Human-Robot Interaction,article,Cognitive Neuroscience,Neuroscience,Life Sciences,https://doi.org/10.1145/3611646
W2604103570,Sonification of Spin Models. Listening to Phase Transitions in the Ising and Potts Model.,publication,True,6,2007.0,0,5,Opinion Dynamics and Social Influence,,article,Statistical and Nonlinear Physics,Physics and Astronomy,Physical Sciences,
W2089527894,W2089527894,reference_only,False,35,,2,0,,,,,,,
W2103771133,W2103771133,reference_only,False,35,,2,0,,,,,,,
W2131580180,W2131580180,reference_only,False,35,,2,0,,,,,,,
W4396219326,Movement Sonification: Intermodal Transformation of Movement Data to Enhance Motor Learning,publication,True,35,2024.0,0,33,Action Observation and Synchronization,Sports Technology,book-chapter,Social Psychology,Psychology,Social Sciences,https://doi.org/10.1007/978-3-662-68703-1_20
W360130987,A Mobile Application for Improving Running Performance Using Interactive Sonification,publication,True,35,2014.0,2,0,Music Technology and Sound Studies,,article,Computer Vision and Pattern Recognition,Computer Science,Physical Sciences,
W2089374896,W2089374896,reference_only,False,35,,2,0,,,,,,,
W2795131855,W2795131855,reference_only,False,35,,2,0,,,,,,,
W4409599300,Metrics sonification: The introduction of new ways to present bibliometric data using publication data of Loet Leydesdorff as an example,publication,True,6,2025.0,0,16,scientometrics and bibliometrics research,Scientometrics,article,"Statistics, Probability and Uncertainty",Decision Sciences,Social Sciences,https://doi.org/10.1007/s11192-025-05320-3
W3084109652,Introducing the Sounds of Data to the Study of Politics: A Choir of Global Legitimacy Crises,publication,True,6,2020.0,2,0,Diverse Musicological Studies,New Political Science,article,Music,Arts and Humanities,Social Sciences,https://doi.org/10.1080/07393148.2020.1809760
W2809199446,Rapid Bedside Evaluation of Seizures in the ICU by Listening to the Sound of Brainwaves: A Prospective Observational Clinical Trial of Ceribell’s Brain Stethoscope Function,publication,True,0,2018.0,3,18,Epilepsy research and treatment,Neurocritical Care,article,Psychiatry and Mental health,Medicine,Health Sciences,https://doi.org/10.1007/s12028-018-0543-7
W2006059271,W2006059271,reference_only,False,0,,2,0,,,,,,,
W2021402007,W2021402007,reference_only,False,0,,2,0,,,,,,,
W2082863795,W2082863795,reference_only,False,0,,3,0,,,,,,,
W2085360535,W2085360535,reference_only,False,0,,2,0,,,,,,,
W2299771842,W2299771842,reference_only,False,0,,2,0,,,,,,,
W2513728839,W2513728839,reference_only,False,0,,2,0,,,,,,,
W2793319918,W2793319918,reference_only,False,0,,3,0,,,,,,,
W4406381016,Effects of Movement Sonification Auditory Feedback on Repetitions and Brain Activity During the Bench Press,publication,True,35,2024.0,0,15,Multisensory perception and integration,The Journal of Strength and Conditioning Research,article,Experimental and Cognitive Psychology,Psychology,Social Sciences,https://doi.org/10.1519/jsc.0000000000004927
W2054405556,W2054405556,reference_only,False,35,,3,0,,,,,,,
W6639746089,W6639746089,reference_only,False,35,,2,0,,,,,,,
W6685129526,W6685129526,reference_only,False,35,,2,0,,,,,,,
W2916760162,Assisting Dumbbell Curls via Interactive Sonification of Arm Movement and Muscular Signals,publication,True,35,2019.0,0,5,Tactile and Sensory Interactions,Ergonomics in Design The Quarterly of Human Factors Applications,article,Cognitive Neuroscience,Neuroscience,Life Sciences,https://doi.org/10.1177/1064804619829664
W1991209828,W1991209828,reference_only,False,28,,2,0,,,,,,,
W1998215981,W1998215981,reference_only,False,28,,2,0,,,,,,,
W2015668054,W2015668054,reference_only,False,28,,3,0,,,,,,,
W2027163964,W2027163964,reference_only,False,28,,2,0,,,,,,,
W2058302527,W2058302527,reference_only,False,28,,2,0,,,,,,,
W2071588400,W2071588400,reference_only,False,28,,2,0,,,,,,,
W2266522735,W2266522735,reference_only,False,28,,2,0,,,,,,,
W3098369908,Torrents of torment: turbulence as a mechanism of pulsatile tinnitus secondary to venous stenosis revealed by high-fidelity computational fluid dynamics,publication,True,6,2020.0,0,2,Cerebral Venous Sinus Thrombosis,Journal of NeuroInterventional Surgery,article,Neurology,Medicine,Health Sciences,https://doi.org/10.1136/neurintsurg-2020-016636
W2974504236,W2974504236,reference_only,False,6,,2,0,,,,,,,
W4313194083,[Paper] Image Sonification System Based on Auditory Icons and Stereophonic Presentation Considering Image Scenes and Human Action,publication,True,26,2022.0,0,21,Tactile and Sensory Interactions,ITE Transactions on Media Technology and Applications,article,Cognitive Neuroscience,Neuroscience,Life Sciences,https://doi.org/10.3169/mta.10.216
W2016280197,W2016280197,reference_only,False,26,,2,0,,,,,,,
W2028104493,W2028104493,reference_only,False,26,,3,0,,,,,,,
W2132702046,W2132702046,reference_only,False,26,,3,0,,,,,,,
W2136757566,W2136757566,reference_only,False,5,,3,0,,,,,,,
W2194775991,W2194775991,reference_only,False,26,,2,0,,,,,,,
W2533798587,W2533798587,reference_only,False,26,,2,0,,,,,,,
W2970095434,W2970095434,reference_only,False,26,,2,0,,,,,,,
W3202285270,"Hydroacoustic Sonification and Flow Pattern Investigation of Venous Pulsatile Tinnitus Using MEMS Hydrophone Sensing and Dye Flow Visualization Techniques: Pilot 3D Printing, Computational Fluid Dynamics, and Psychoacoustic Study",publication,True,6,2021.0,0,2,Cerebral Venous Sinus Thrombosis,Sensors and Materials,article,Neurology,Medicine,Health Sciences,https://doi.org/10.18494/sam.2021.3519
W4288400169,W4288400169,reference_only,False,6,,3,0,,,,,,,
W4412379965,Enhancing eyes-free interaction in virtual reality using sonification for multiple object selection,publication,True,31,2025.0,0,18,Tactile and Sensory Interactions,Frontiers in Virtual Reality,article,Cognitive Neuroscience,Neuroscience,Life Sciences,https://doi.org/10.3389/frvir.2025.1598776
W2134049031,W2134049031,reference_only,False,8,,3,0,,,,,,,
W2914783728,W2914783728,reference_only,False,6,,2,0,,,,,,,
W2964458738,W2964458738,reference_only,False,31,,3,0,,,,,,,
W3175748231,W3175748231,reference_only,False,31,,2,0,,,,,,,
W2401621684,HOW MUSICAL ARE IMAGES? FROM SOUND REPRESENTATION TO IMAGE SONIFICATION: AN ECO SYSTEMIC APPROACH,publication,True,3,2007.0,0,4,Music Technology and Sound Studies,,article,Computer Vision and Pattern Recognition,Computer Science,Physical Sciences,
W2008765103,W2008765103,reference_only,False,10,,3,0,,,,,,,
W2515546314,W2515546314,reference_only,False,30,,2,0,,,,,,,
W130187652,EXPLORE THE MATRIX: BROWSING NUMERICAL DATA TABLES USING SOUND,publication,True,1,2005.0,3,7,Tactile and Sensory Interactions,,article,Cognitive Neuroscience,Neuroscience,Life Sciences,
W1556620691,W1556620691,reference_only,False,1,,3,0,,,,,,,
W1975951639,ExoBuilding,publication,True,6,2012.0,0,5,Tactile and Sensory Interactions,ACM Transactions on Computer-Human Interaction,article,Cognitive Neuroscience,Neuroscience,Life Sciences,https://doi.org/10.1145/2395131.2395132
W2138123121,W2138123121,reference_only,False,6,,2,0,,,,,,,
W4390766897,Concurrent Supra-Postural Auditory-Hand Coordination Task Affects Postural Control: Using Sonification to Explore Environmental Unpredictability in Factors Affecting Fall Risk,publication,True,35,2024.0,0,4,"Balance, Gait, and Falls Prevention",Preprints.org,preprint,"Physical Therapy, Sports Therapy and Rehabilitation",Health Professions,Health Sciences,https://doi.org/10.20944/preprints202401.0910.v1
W2141181135,W2141181135,reference_only,False,35,,3,0,,,,,,,
W4401577099,EchoSee: An Assistive Mobile Application for Real-Time 3D Environment Reconstruction and Sonification Supporting Enhanced Navigation for People with Vision Impairments,publication,True,26,2024.0,0,23,Tactile and Sensory Interactions,Bioengineering,article,Cognitive Neuroscience,Neuroscience,Life Sciences,https://doi.org/10.3390/bioengineering11080831
W1498254256,W1498254256,reference_only,False,26,,4,0,,,,,,,
W1965463267,W1965463267,reference_only,False,26,,2,0,,,,,,,
W2095525210,W2095525210,reference_only,False,26,,2,0,,,,,,,
W2155480270,W2155480270,reference_only,False,26,,2,0,,,,,,,
W2518469796,W2518469796,reference_only,False,26,,3,0,,,,,,,
W2750019276,Different Approaches to Aiding Blind Persons in Mobility and Navigation in the “Naviton” and “Sound of Vision” Projects,publication,True,26,2017.0,2,31,Tactile and Sensory Interactions,,book-chapter,Cognitive Neuroscience,Neuroscience,Life Sciences,https://doi.org/10.1007/978-3-319-54446-5_15
W6674563149,W6674563149,reference_only,False,26,,2,0,,,,,,,
W1544561280,W1544561280,reference_only,False,14,,2,0,,,,,,,
W1862727846,W1862727846,reference_only,False,14,,2,0,,,,,,,
W1982559408,W1982559408,reference_only,False,14,,2,0,,,,,,,
W2000772900,W2000772900,reference_only,False,14,,2,0,,,,,,,
W2191798142,W2191798142,reference_only,False,14,,2,0,,,,,,,
W2518706921,W2518706921,reference_only,False,14,,2,0,,,,,,,
W2908822468,W2908822468,reference_only,False,14,,2,0,,,,,,,
W2955766048,W2955766048,reference_only,False,14,,2,0,,,,,,,
W3003217347,W3003217347,reference_only,False,14,,3,0,,,,,,,
W3011488280,W3011488280,reference_only,False,14,,2,0,,,,,,,
W87589087,Online data mining services for dynamic spatial databases II: air quality location based services and sonification,publication,True,1,2005.0,0,1,Air Quality Monitoring and Forecasting,"Portuguese National Funding Agency for Science, Research and Technology (RCAAP Project by FCT)",article,Environmental Engineering,Environmental Science,Physical Sciences,
W2128181169,W2128181169,reference_only,False,1,,3,0,,,,,,,
W30163844,W30163844,reference_only,False,35,,2,0,,,,,,,
W1650505698,W1650505698,reference_only,False,35,,2,0,,,,,,,
W1834977650,W1834977650,reference_only,False,35,,2,0,,,,,,,
W1987533153,W1987533153,reference_only,False,35,,2,0,,,,,,,
W1994441688,W1994441688,reference_only,False,35,,2,0,,,,,,,
W2006347837,W2006347837,reference_only,False,35,,4,0,,,,,,,
W2009089299,W2009089299,reference_only,False,35,,2,0,,,,,,,
W2027607543,W2027607543,reference_only,False,35,,2,0,,,,,,,
W2052257432,W2052257432,reference_only,False,35,,3,0,,,,,,,
W2073142013,W2073142013,reference_only,False,6,,2,0,,,,,,,
W2132894148,W2132894148,reference_only,False,35,,2,0,,,,,,,
W2140656991,W2140656991,reference_only,False,35,,2,0,,,,,,,
W2151391406,W2151391406,reference_only,False,35,,2,0,,,,,,,
W2206399141,W2206399141,reference_only,False,35,,2,0,,,,,,,
W2400924679,W2400924679,reference_only,False,35,,2,0,,,,,,,
W2511801167,W2511801167,reference_only,False,35,,3,0,,,,,,,
W2551407378,W2551407378,reference_only,False,35,,2,0,,,,,,,
W2763949949,W2763949949,reference_only,False,35,,3,0,,,,,,,
W2784382664,W2784382664,reference_only,False,35,,2,0,,,,,,,
W2801773253,W2801773253,reference_only,False,35,,2,0,,,,,,,
W2891504732,W2891504732,reference_only,False,35,,2,0,,,,,,,
W2899116860,W2899116860,reference_only,False,35,,2,0,,,,,,,
W3020883268,W3020883268,reference_only,False,35,,2,0,,,,,,,
W6611887907,W6611887907,reference_only,False,6,,2,0,,,,,,,
W6638728563,W6638728563,reference_only,False,32,,2,0,,,,,,,
W1954151425,Sensory Substitution for Force Feedback in Teleoperation,publication,True,15,1993.0,0,14,Tactile and Sensory Interactions,PRESENCE Virtual and Augmented Reality,article,Cognitive Neuroscience,Neuroscience,Life Sciences,https://doi.org/10.1162/pres.1993.2.4.344
W8263138,W8263138,reference_only,False,15,,2,0,,,,,,,
W754366988,W754366988,reference_only,False,15,,3,0,,,,,,,
W1499117269,W1499117269,reference_only,False,15,,3,0,,,,,,,
W1509145630,W1509145630,reference_only,False,15,,2,0,,,,,,,
W1516073598,W1516073598,reference_only,False,15,,3,0,,,,,,,
W1516922469,W1516922469,reference_only,False,15,,3,0,,,,,,,
W1591442885,W1591442885,reference_only,False,15,,3,0,,,,,,,
W2057918936,W2057918936,reference_only,False,15,,2,0,,,,,,,
W2080730127,W2080730127,reference_only,False,15,,2,0,,,,,,,
W2104926117,W2104926117,reference_only,False,15,,2,0,,,,,,,
W2123014542,W2123014542,reference_only,False,15,,2,0,,,,,,,
W1677409904,W1677409904,reference_only,False,26,,2,0,,,,,,,
W2128272608,W2128272608,reference_only,False,26,,2,0,,,,,,,
W2136244153,W2136244153,reference_only,False,8,,3,0,,,,,,,
W1965067737,Transcortin: A corticosteroid-binding protein of plasma—XII. Immunologic studies on transcortin in guinea-pig tissues,publication,True,2,1974.0,0,2,Receptor Mechanisms and Signaling,Journal of Steroid Biochemistry,article,Molecular Biology,"Biochemistry, Genetics and Molecular Biology",Life Sciences,https://doi.org/10.1016/0022-4731(74)90135-6
W1990942696,W1990942696,reference_only,False,2,,2,0,,,,,,,
W2081989384,Significance and specificity of antibodies to neutrophils detected by western blotting for the serological diagnosis of primary sclerosing cholangitis,publication,True,2,1991.0,0,14,Liver Diseases and Immunity,Hepatology,article,Hepatology,Medicine,Health Sciences,https://doi.org/10.1002/hep.1840140632
W125569172,The accuracy of absolute localization judgments for speech stimuli.,publication,True,8,1996.0,4,0,Hearing Loss and Rehabilitation,PubMed,article,Cognitive Neuroscience,Neuroscience,Life Sciences,
W1523713660,W1523713660,reference_only,False,8,,6,0,,,,,,,
W1984838248,W1984838248,reference_only,False,8,,2,0,,,,,,,
W1984994202,W1984994202,reference_only,False,8,,3,0,,,,,,,
W2035505590,W2035505590,reference_only,False,8,,2,0,,,,,,,
W2054121892,W2054121892,reference_only,False,8,,5,0,,,,,,,
W2083076286,W2083076286,reference_only,False,8,,4,0,,,,,,,
W4248490552,W4248490552,reference_only,False,8,,3,0,,,,,,,
W2599599434,Seismic facies analysis through musical attributes,publication,True,6,2017.0,0,9,Music and Audio Processing,Geophysical Prospecting,article,Signal Processing,Computer Science,Physical Sciences,https://doi.org/10.1111/1365-2478.12504
W3021908862,W3021908862,reference_only,False,6,,2,0,,,,,,,
W6604987197,W6604987197,reference_only,False,6,,2,0,,,,,,,
W1509949770,W1509949770,reference_only,False,19,,4,0,,,,,,,
W1543075505,W1543075505,reference_only,False,19,,3,0,,,,,,,
W2002737721,W2002737721,reference_only,False,8,,2,0,,,,,,,
W2047922146,W2047922146,reference_only,False,0,,2,0,,,,,,,
W2085778933,W2085778933,reference_only,False,19,,3,0,,,,,,,
W2111264589,W2111264589,reference_only,False,19,,3,0,,,,,,,
W2117036308,W2117036308,reference_only,False,1,,2,0,,,,,,,
W2119870251,W2119870251,reference_only,False,19,,2,0,,,,,,,
W2165324667,W2165324667,reference_only,False,19,,2,0,,,,,,,
W2908282323,W2908282323,reference_only,False,19,,2,0,,,,,,,
W2966424161,The sound of the underwater dolphin-kick: developing real-time audio feedback in swimming,publication,True,6,2019.0,0,27,Tactile and Sensory Interactions,Displays,article,Cognitive Neuroscience,Neuroscience,Life Sciences,https://doi.org/10.1016/j.displa.2019.08.001
W3038489480,Evaluating the Clinical Impact of Rapid Response Electroencephalography: The DECIDE Multicenter Prospective Observational Clinical Study*,publication,True,0,2020.0,0,15,Epilepsy research and treatment,Critical Care Medicine,article,Psychiatry and Mental health,Medicine,Health Sciences,https://doi.org/10.1097/ccm.0000000000004428
W2007191899,W2007191899,reference_only,False,0,,2,0,,,,,,,
W2571918371,W2571918371,reference_only,False,0,,2,0,,,,,,,
W2988848585,W2988848585,reference_only,False,0,,2,0,,,,,,,
W2047902461,Purification and characterization of rat liver glutaminase,publication,True,2,1987.0,0,4,Liver Disease Diagnosis and Treatment,European Journal of Biochemistry,article,Epidemiology,Medicine,Health Sciences,https://doi.org/10.1111/j.1432-1033.1987.tb10673.x
W1566830427,W1566830427,reference_only,False,2,,2,0,,,,,,,
W2128635872,W2128635872,reference_only,False,2,,7,0,,,,,,,
W4293247451,W4293247451,reference_only,False,2,,7,0,,,,,,,
W1986474367,"Driving and Side Task Performance: The Effects of Display Clutter, Separation, and Modality",publication,True,28,2004.0,4,47,Human-Automation Interaction and Safety,Human Factors The Journal of the Human Factors and Ergonomics Society,article,Social Psychology,Psychology,Social Sciences,https://doi.org/10.1518/hfes.46.4.611.56805
W599264352,W599264352,reference_only,False,28,,2,0,,,,,,,
W607127973,W607127973,reference_only,False,28,,2,0,,,,,,,
W1198389994,W1198389994,reference_only,False,19,,2,0,,,,,,,
W1484629987,W1484629987,reference_only,False,28,,2,0,,,,,,,
W1543283058,W1543283058,reference_only,False,28,,4,0,,,,,,,
W1556516233,W1556516233,reference_only,False,28,,5,0,,,,,,,
W1838052923,W1838052923,reference_only,False,28,,3,0,,,,,,,
W1879777331,W1879777331,reference_only,False,28,,2,0,,,,,,,
W1949602236,W1949602236,reference_only,False,28,,4,0,,,,,,,
W1983442353,W1983442353,reference_only,False,28,,2,0,,,,,,,
W2000743030,W2000743030,reference_only,False,28,,2,0,,,,,,,
W2003498135,W2003498135,reference_only,False,28,,3,0,,,,,,,
W2018183895,W2018183895,reference_only,False,28,,2,0,,,,,,,
W2019921249,W2019921249,reference_only,False,28,,5,0,,,,,,,
W2036638758,W2036638758,reference_only,False,28,,3,0,,,,,,,
W2037753098,W2037753098,reference_only,False,28,,3,0,,,,,,,
W2039246056,W2039246056,reference_only,False,28,,2,0,,,,,,,
W2043319922,W2043319922,reference_only,False,28,,2,0,,,,,,,
W2044793658,W2044793658,reference_only,False,28,,4,0,,,,,,,
W2050400702,W2050400702,reference_only,False,28,,2,0,,,,,,,
W2055044151,W2055044151,reference_only,False,28,,2,0,,,,,,,
W2087926960,W2087926960,reference_only,False,28,,2,0,,,,,,,
W2090973846,W2090973846,reference_only,False,28,,4,0,,,,,,,
W2158058159,W2158058159,reference_only,False,28,,2,0,,,,,,,
W2170082409,Sensory and Cognitive Factors Affecting Automotive Head-Up Display Effectiveness,publication,True,28,1999.0,3,3,Human-Automation Interaction and Safety,Transportation Research Record Journal of the Transportation Research Board,article,Social Psychology,Psychology,Social Sciences,https://doi.org/10.3141/1694-02
W2283704081,W2283704081,reference_only,False,28,,2,0,,,,,,,
W2494487601,W2494487601,reference_only,False,28,,2,0,,,,,,,
W2995067936,W2995067936,reference_only,False,28,,4,0,,,,,,,
W124275677,The Sense of Presence within Auditory Virtual Environments,publication,True,8,1996.0,2,4,Virtual Reality Applications and Impacts,PRESENCE Virtual and Augmented Reality,article,Human-Computer Interaction,Computer Science,Physical Sciences,https://doi.org/10.1162/pres.1996.5.3.290
W104998059,W104998059,reference_only,False,8,,3,0,,,,,,,
W131114607,W131114607,reference_only,False,8,,2,0,,,,,,,
W280363888,W280363888,reference_only,False,28,,2,0,,,,,,,
W584549724,W584549724,reference_only,False,28,,3,0,,,,,,,
W1483155202,W1483155202,reference_only,False,28,,4,0,,,,,,,
W1985953330,W1985953330,reference_only,False,28,,2,0,,,,,,,
W1990411935,Auditory Icons as Warning and Advisory Signals in the U.S. Army Battlefield Combat Identification System (BCIS),publication,True,28,1995.0,3,5,Human-Automation Interaction and Safety,Proceedings of the Human Factors and Ergonomics Society Annual Meeting,article,Social Psychology,Psychology,Social Sciences,https://doi.org/10.1177/154193129503901507
W2002664886,W2002664886,reference_only,False,28,,5,0,,,,,,,
W2036499653,W2036499653,reference_only,False,28,,2,0,,,,,,,
W2064395932,W2064395932,reference_only,False,28,,3,0,,,,,,,
W2734418564,W2734418564,reference_only,False,28,,2,0,,,,,,,
W2738115719,W2738115719,reference_only,False,28,,2,0,,,,,,,
W1989477529,W1989477529,reference_only,False,35,,3,0,,,,,,,
W2019492195,Determination of adenine nucleotides in soil by ion-paired reverse-phase high-performance liquid chromatography,publication,True,11,1989.0,0,7,Amino Acid Enzymes and Metabolism,Journal of Microbiological Methods,article,Biochemistry,"Biochemistry, Genetics and Molecular Biology",Life Sciences,https://doi.org/10.1016/0167-7012(89)90077-8
W1981148285,W1981148285,reference_only,False,11,,2,0,,,,,,,
W2018572001,W2018572001,reference_only,False,11,,2,0,,,,,,,
W2048239488,W2048239488,reference_only,False,11,,2,0,,,,,,,
W2053621112,W2053621112,reference_only,False,11,,2,0,,,,,,,
W2079160255,W2079160255,reference_only,False,11,,2,0,,,,,,,
W2087375803,W2087375803,reference_only,False,11,,2,0,,,,,,,
W2135277297,W2135277297,reference_only,False,11,,2,0,,,,,,,
W1488910349,W1488910349,reference_only,False,8,,4,0,,,,,,,
W1497479016,W1497479016,reference_only,False,8,,3,0,,,,,,,
W1497813288,W1497813288,reference_only,False,8,,2,0,,,,,,,
W1504036882,W1504036882,reference_only,False,10,,2,0,,,,,,,
W1565871512,W1565871512,reference_only,False,8,,2,0,,,,,,,
W1570287259,W1570287259,reference_only,False,8,,2,0,,,,,,,
W1595766596,W1595766596,reference_only,False,8,,2,0,,,,,,,
W1918015476,W1918015476,reference_only,False,8,,2,0,,,,,,,
W1953978355,W1953978355,reference_only,False,8,,2,0,,,,,,,
W1999159310,W1999159310,reference_only,False,3,,2,0,,,,,,,
W2015388002,W2015388002,reference_only,False,8,,3,0,,,,,,,
W2043984641,W2043984641,reference_only,False,8,,4,0,,,,,,,
W2063109535,W2063109535,reference_only,False,8,,2,0,,,,,,,
W2064442382,W2064442382,reference_only,False,8,,2,0,,,,,,,
W2068440436,W2068440436,reference_only,False,8,,8,0,,,,,,,
W2070151367,W2070151367,reference_only,False,8,,2,0,,,,,,,
W2121441211,W2121441211,reference_only,False,8,,4,0,,,,,,,
W2169504607,W2169504607,reference_only,False,8,,2,0,,,,,,,
W2234007130,W2234007130,reference_only,False,8,,3,0,,,,,,,
W6629190877,W6629190877,reference_only,False,8,,2,0,,,,,,,
W6629953547,W6629953547,reference_only,False,8,,2,0,,,,,,,
W6678898151,W6678898151,reference_only,False,8,,2,0,,,,,,,
W2048963473,Interactions in Perceived Quality of Auditory-Visual Displays,publication,True,26,2000.0,0,22,Multisensory perception and integration,PRESENCE Virtual and Augmented Reality,article,Experimental and Cognitive Psychology,Psychology,Social Sciences,https://doi.org/10.1162/105474600300040385
W563527040,W563527040,reference_only,False,26,,2,0,,,,,,,
W1542441392,Auditory-visual cross-modal perception phenomena,publication,True,8,1998.0,2,35,Multisensory perception and integration,Calhoun: The Naval Postgraduate School Institutional Archive (Naval Postgraduate School),dissertation,Experimental and Cognitive Psychology,Psychology,Social Sciences,
W1967489151,W1967489151,reference_only,False,26,,2,0,,,,,,,
W1968375094,W1968375094,reference_only,False,26,,3,0,,,,,,,
W2060565253,W2060565253,reference_only,False,26,,2,0,,,,,,,
W2081996934,W2081996934,reference_only,False,26,,2,0,,,,,,,
W2088974767,W2088974767,reference_only,False,26,,2,0,,,,,,,
W1489143527,W1489143527,reference_only,False,28,,4,0,,,,,,,
W1575578752,W1575578752,reference_only,False,28,,2,0,,,,,,,
W1594707381,W1594707381,reference_only,False,28,,2,0,,,,,,,
W1930559447,W1930559447,reference_only,False,28,,5,0,,,,,,,
W2026882766,W2026882766,reference_only,False,28,,3,0,,,,,,,
W2033760847,W2033760847,reference_only,False,28,,2,0,,,,,,,
W2054679835,W2054679835,reference_only,False,28,,4,0,,,,,,,
W2538938429,W2538938429,reference_only,False,28,,2,0,,,,,,,
W3174232827,Interactive exploration of a hierarchical spider web structure with sound,publication,True,14,2021.0,0,21,Plant and Biological Electrophysiology Studies,Journal on Multimodal User Interfaces,article,Plant Science,Agricultural and Biological Sciences,Life Sciences,https://doi.org/10.1007/s12193-021-00375-x
W2322368572,W2322368572,reference_only,False,1,,2,0,,,,,,,
W2112292613,W2112292613,reference_only,False,3,,2,0,,,,,,,
W72590251,W72590251,reference_only,False,1,,2,0,,,,,,,
W412359583,W412359583,reference_only,False,1,,2,0,,,,,,,
W2074094522,W2074094522,reference_only,False,28,,4,0,,,,,,,
W2121925785,W2121925785,reference_only,False,1,,2,0,,,,,,,
W2733396255,W2733396255,reference_only,False,1,,2,0,,,,,,,
W2346970182,Audio-haptic interfaces for digital audio workstations,publication,True,5,2016.0,0,12,Tactile and Sensory Interactions,Journal on Multimodal User Interfaces,article,Cognitive Neuroscience,Neuroscience,Life Sciences,https://doi.org/10.1007/s12193-016-0217-8
W1497642243,W1497642243,reference_only,False,5,,3,0,,,,,,,
W2009078006,W2009078006,reference_only,False,5,,2,0,,,,,,,
W2912767111,Cross-reality environments in smart buildings to advance STEM cyberlearning,publication,True,6,2019.0,0,14,Augmented Reality Applications,International Journal on Interactive Design and Manufacturing (IJIDeM),article,Computer Vision and Pattern Recognition,Computer Science,Physical Sciences,https://doi.org/10.1007/s12008-019-00546-x
W1961379460,W1961379460,reference_only,False,6,,2,0,,,,,,,
W2187022131,W2187022131,reference_only,False,6,,2,0,,,,,,,
W2566164720,W2566164720,reference_only,False,6,,2,0,,,,,,,
W2051326605,Singing function,publication,True,1,2011.0,0,12,Tactile and Sensory Interactions,Journal on Multimodal User Interfaces,article,Cognitive Neuroscience,Neuroscience,Life Sciences,https://doi.org/10.1007/s12193-011-0068-2
W2014057003,W2014057003,reference_only,False,1,,2,0,,,,,,,
W2046068451,W2046068451,reference_only,False,3,,3,0,,,,,,,
W2134618463,W2134618463,reference_only,False,1,,4,0,,,,,,,
W2159130556,W2159130556,reference_only,False,1,,2,0,,,,,,,
W1964773302,W1964773302,reference_only,False,19,,3,0,,,,,,,
W1998811360,W1998811360,reference_only,False,19,,4,0,,,,,,,
W2003717912,W2003717912,reference_only,False,19,,2,0,,,,,,,
W2009630118,W2009630118,reference_only,False,19,,2,0,,,,,,,
W2077116682,W2077116682,reference_only,False,19,,2,0,,,,,,,
W2097598502,W2097598502,reference_only,False,19,,2,0,,,,,,,
W2164958138,W2164958138,reference_only,False,19,,4,0,,,,,,,
W1514416384,"Tetrahydrobiopterin, a Cofactor in Mitochondrial Electron Transfer",publication,True,2,1972.0,0,1,Metabolism and Genetic Disorders,European Journal of Biochemistry,article,Clinical Biochemistry,"Biochemistry, Genetics and Molecular Biology",Life Sciences,https://doi.org/10.1111/j.1432-1033.1972.tb01946.x
W2014209142,W2014209142,reference_only,False,35,,2,0,,,,,,,
W2035561937,W2035561937,reference_only,False,35,,2,0,,,,,,,
W2102189839,W2102189839,reference_only,False,35,,2,0,,,,,,,
W2163203473,W2163203473,reference_only,False,35,,2,0,,,,,,,
W1485566581,W1485566581,reference_only,False,8,,1,0,,,,,,,
W2746757484,W2746757484,reference_only,False,8,,3,0,,,,,,,
W2749268032,W2749268032,reference_only,False,8,,2,0,,,,,,,
W2024006773,Listening to the Brainstem: Musicianship Enhances Intelligibility of Subcortical Representations for Speech,publication,True,19,2015.0,0,8,Neuroscience and Music Perception,Journal of Neuroscience,article,Cognitive Neuroscience,Neuroscience,Life Sciences,https://doi.org/10.1523/jneurosci.3680-14.2015
W1771606159,W1771606159,reference_only,False,26,,2,0,,,,,,,
W2009522769,W2009522769,reference_only,False,26,,2,0,,,,,,,
W2011029963,W2011029963,reference_only,False,26,,2,0,,,,,,,
W2040463736,W2040463736,reference_only,False,26,,5,0,,,,,,,
W2042805779,W2042805779,reference_only,False,26,,2,0,,,,,,,
W2049567999,W2049567999,reference_only,False,26,,5,0,,,,,,,
W2068147451,W2068147451,reference_only,False,26,,2,0,,,,,,,
W2076854347,W2076854347,reference_only,False,26,,2,0,,,,,,,
W2085075010,W2085075010,reference_only,False,26,,6,0,,,,,,,
W2090285495,W2090285495,reference_only,False,26,,2,0,,,,,,,
W2105869280,W2105869280,reference_only,False,26,,2,0,,,,,,,
W2106217689,W2106217689,reference_only,False,26,,2,0,,,,,,,
W2123215356,W2123215356,reference_only,False,26,,2,0,,,,,,,
W2133256163,W2133256163,reference_only,False,26,,2,0,,,,,,,
W2158326388,W2158326388,reference_only,False,26,,3,0,,,,,,,
W2405152953,W2405152953,reference_only,False,26,,2,0,,,,,,,
W6713707261,W6713707261,reference_only,False,26,,2,0,,,,,,,
W2027192016,W2027192016,reference_only,False,1,,3,0,,,,,,,
W1984717348,A modification of a method to determine adenosine nucleotides in forest organic layers and mineral soils by ion-paired reversed-phase high-performance liquid chromatography,publication,True,11,1997.0,0,7,Amino Acid Enzymes and Metabolism,Journal of Microbiological Methods,article,Biochemistry,"Biochemistry, Genetics and Molecular Biology",Life Sciences,https://doi.org/10.1016/s0167-7012(97)00039-0
W2177539049,Audio-Based Feedback Techniques for Teaching Touchscreen Gestures,publication,True,26,2015.0,0,21,Tactile and Sensory Interactions,ACM Transactions on Accessible Computing,article,Cognitive Neuroscience,Neuroscience,Life Sciences,https://doi.org/10.1145/2764917
W1480985346,W1480985346,reference_only,False,26,,2,0,,,,,,,
W2041571037,W2041571037,reference_only,False,26,,2,0,,,,,,,
W2104779182,W2104779182,reference_only,False,26,,3,0,,,,,,,
W2119036186,W2119036186,reference_only,False,26,,2,0,,,,,,,
W2104871110,The Power-Velocity Integral at the Vena Contracta,publication,True,17,2000.0,0,35,Cardiovascular Function and Risk Factors,Circulation,article,Cardiology and Cardiovascular Medicine,Medicine,Health Sciences,https://doi.org/10.1161/01.cir.102.9.1053
W1970818178,W1970818178,reference_only,False,17,,2,0,,,,,,,
W1992148767,W1992148767,reference_only,False,17,,2,0,,,,,,,
W2058441408,W2058441408,reference_only,False,17,,2,0,,,,,,,
W2072517633,W2072517633,reference_only,False,17,,2,0,,,,,,,
W2158742466,W2158742466,reference_only,False,17,,2,0,,,,,,,
W2340341408,W2340341408,reference_only,False,17,,2,0,,,,,,,
W2030061208,W2030061208,reference_only,False,1,,2,0,,,,,,,
W2081693101,W2081693101,reference_only,False,1,,2,0,,,,,,,
W2086641568,W2086641568,reference_only,False,1,,2,0,,,,,,,
W2180794161,W2180794161,reference_only,False,1,,2,0,,,,,,,
W4248812721,W4248812721,reference_only,False,8,,3,0,,,,,,,
W129273190,Presence in human eosinophils of a lysophospholipase similar to that found in the pancreas,publication,True,2,1995.0,0,3,Eosinophilic Disorders and Syndromes,Biochemical Journal,article,Rheumatology,Medicine,Health Sciences,https://doi.org/10.1042/bj3090141
W2016554629,W2016554629,reference_only,False,19,,2,0,,,,,,,
W2335875463,The Perception of Auditory Motion,publication,True,8,2016.0,0,46,Hearing Loss and Rehabilitation,Trends in Hearing,article,Cognitive Neuroscience,Neuroscience,Life Sciences,https://doi.org/10.1177/2331216516644254
W1593640816,W1593640816,reference_only,False,8,,3,0,,,,,,,
W1967930130,W1967930130,reference_only,False,8,,2,0,,,,,,,
W1973125220,W1973125220,reference_only,False,3,,2,0,,,,,,,
W1983974022,W1983974022,reference_only,False,8,,3,0,,,,,,,
W1987847152,W1987847152,reference_only,False,8,,2,0,,,,,,,
W1992760047,W1992760047,reference_only,False,3,,4,0,,,,,,,
W2015706719,W2015706719,reference_only,False,8,,5,0,,,,,,,
W2037054001,W2037054001,reference_only,False,8,,2,0,,,,,,,
W2040010579,W2040010579,reference_only,False,8,,2,0,,,,,,,
W2052729196,W2052729196,reference_only,False,8,,3,0,,,,,,,
W2056072528,W2056072528,reference_only,False,8,,2,0,,,,,,,
W2077939707,W2077939707,reference_only,False,8,,2,0,,,,,,,
W2080374276,W2080374276,reference_only,False,8,,3,0,,,,,,,
W2116049294,W2116049294,reference_only,False,8,,2,0,,,,,,,
W2124608088,W2124608088,reference_only,False,8,,2,0,,,,,,,
W2161214472,W2161214472,reference_only,False,8,,2,0,,,,,,,
W2476889190,W2476889190,reference_only,False,8,,3,0,,,,,,,
W2498871928,W2498871928,reference_only,False,8,,2,0,,,,,,,
W1510182197,W1510182197,reference_only,False,6,,2,0,,,,,,,
W4212848460,W4212848460,reference_only,False,6,,2,0,,,,,,,
W1966102675,Sound Synthesis of a Gaussian Quantum Particle in an Infinite Square Well,publication,True,6,2014.0,0,4,Quantum Mechanics and Applications,Computer Music Journal,article,"Atomic and Molecular Physics, and Optics",Physics and Astronomy,Physical Sciences,https://doi.org/10.1162/comj_a_00268
W792814583,"Natural Turn-Taking Needs No Manual: Computational Theory and Model, from Perception to Action",publication,True,5,2002.0,0,4,"Language, Discourse, Communication Strategies","Text, speech and language technology",book-chapter,Language and Linguistics,Arts and Humanities,Social Sciences,https://doi.org/10.1007/978-94-017-2367-1_8
W1991691398,W1991691398,reference_only,False,5,,2,0,,,,,,,
W2118163921,W2118163921,reference_only,False,5,,3,0,,,,,,,
W1523267444,W1523267444,reference_only,False,8,,2,0,,,,,,,
W1598517079,W1598517079,reference_only,False,8,,2,0,,,,,,,
W1963487351,W1963487351,reference_only,False,8,,2,0,,,,,,,
W2129354862,W2129354862,reference_only,False,8,,2,0,,,,,,,
W4282935978,StereoPilot: A Wearable Target Location System for Blind and Visually Impaired Using Spatial Audio Rendering,publication,True,26,2022.0,0,25,Tactile and Sensory Interactions,IEEE Transactions on Neural Systems and Rehabilitation Engineering,article,Cognitive Neuroscience,Neuroscience,Life Sciences,https://doi.org/10.1109/tnsre.2022.3182661
W2279721076,W2279721076,reference_only,False,26,,2,0,,,,,,,
W2336094218,W2336094218,reference_only,False,23,,2,0,,,,,,,
W3110054227,W3110054227,reference_only,False,26,,2,0,,,,,,,
W6629150500,W6629150500,reference_only,False,8,,2,0,,,,,,,
W6682060950,W6682060950,reference_only,False,26,,2,0,,,,,,,
W1506442914,Inhibition of mammalian 5-lipoxygenase by aromatic disulfides.,publication,True,9,1985.0,0,4,Synthesis and Biological Evaluation,Journal of Biological Chemistry,article,Organic Chemistry,Chemistry,Physical Sciences,https://doi.org/10.1016/s0021-9258(17)39067-1
W1542632241,W1542632241,reference_only,False,9,,2,0,,,,,,,
W2046630732,W2046630732,reference_only,False,9,,2,0,,,,,,,
W2005943303,W2005943303,reference_only,False,26,,3,0,,,,,,,
W2036859078,W2036859078,reference_only,False,26,,2,0,,,,,,,
W2978915449,W2978915449,reference_only,False,26,,2,0,,,,,,,
W1991325763,Effects of in-vehicle warning information displays with or without spatial compatibility on driving behaviors and response performance,publication,True,28,2011.0,0,15,Human-Automation Interaction and Safety,Applied Ergonomics,article,Social Psychology,Psychology,Social Sciences,https://doi.org/10.1016/j.apergo.2011.10.005
W570232060,W570232060,reference_only,False,28,,2,0,,,,,,,
W2116324066,W2116324066,reference_only,False,28,,4,0,,,,,,,
W3176110163,Warning users about cyber threats through sounds,publication,True,30,2021.0,0,18,User Authentication and Security Systems,SN Applied Sciences,article,Information Systems,Computer Science,Physical Sciences,https://doi.org/10.1007/s42452-021-04703-4
W599938767,W599938767,reference_only,False,1,,2,0,,,,,,,
W1985154889,Reticulocyte lipoxygenase changes the passive electrical properties of bovine heart submitochondrial particles,publication,True,9,1983.0,0,2,Planarian Biology and Electrostimulation,Biochimica et Biophysica Acta (BBA) - Biomembranes,article,Molecular Biology,"Biochemistry, Genetics and Molecular Biology",Life Sciences,https://doi.org/10.1016/0005-2736(83)90303-6
W2085078102,Haptic Seat Interfaces for Driver Information and Warning Systems,publication,True,19,2011.0,2,6,Human-Automation Interaction and Safety,International Journal of Human-Computer Interaction,article,Social Psychology,Psychology,Social Sciences,https://doi.org/10.1080/10447318.2011.555321
W154566603,W154566603,reference_only,False,19,,2,0,,,,,,,
W2124269093,W2124269093,reference_only,False,19,,2,0,,,,,,,
W2004162386,W2004162386,reference_only,False,1,,3,0,,,,,,,
W2029520384,W2029520384,reference_only,False,1,,2,0,,,,,,,
W2036669046,W2036669046,reference_only,False,1,,2,0,,,,,,,
W2048468590,W2048468590,reference_only,False,1,,2,0,,,,,,,
W2116411927,W2116411927,reference_only,False,1,,2,0,,,,,,,
W2915830007,"Introduction to the Special Issue on Sonic Information Design: Theory, Methods, and Practice, Part 2",publication,True,15,2018.0,0,4,Innovative Human-Technology Interaction,Ergonomics in Design The Quarterly of Human Factors Applications,editorial,Human-Computer Interaction,Computer Science,Physical Sciences,https://doi.org/10.1177/1064804618814232
W2158051598,W2158051598,reference_only,False,1,,2,0,,,,,,,
W1823786552,W1823786552,reference_only,False,19,,2,0,,,,,,,
W1951490636,W1951490636,reference_only,False,19,,3,0,,,,,,,
W1964340263,W1964340263,reference_only,False,19,,2,0,,,,,,,
W2024215900,W2024215900,reference_only,False,19,,2,0,,,,,,,
W2050375958,W2050375958,reference_only,False,19,,4,0,,,,,,,
W2059448132,W2059448132,reference_only,False,19,,2,0,,,,,,,
W2104880015,W2104880015,reference_only,False,19,,2,0,,,,,,,
W2118799840,W2118799840,reference_only,False,19,,2,0,,,,,,,
W2170321438,W2170321438,reference_only,False,19,,2,0,,,,,,,
W2797748524,W2797748524,reference_only,False,19,,2,0,,,,,,,
W2427260984,Translating Slime Mould Responses: A Novel Way to Present Data to the Public,publication,True,0,2016.0,0,6,Slime Mold and Myxomycetes Research,"Emergence, complexity and computation",book-chapter,Biomedical Engineering,Engineering,Physical Sciences,https://doi.org/10.1007/978-3-319-26662-6_35
W2109063077,W2109063077,reference_only,False,0,,2,0,,,,,,,
W2162010745,W2162010745,reference_only,False,0,,2,0,,,,,,,
W2102595860,W2102595860,reference_only,False,28,,2,0,,,,,,,
W2124853884,W2124853884,reference_only,False,28,,3,0,,,,,,,
W2153246402,W2153246402,reference_only,False,28,,2,0,,,,,,,
W2311191605,W2311191605,reference_only,False,19,,2,0,,,,,,,
W2765135656,W2765135656,reference_only,False,28,,2,0,,,,,,,
W2957205388,W2957205388,reference_only,False,26,,2,0,,,,,,,
W4225555528,W4225555528,reference_only,False,28,,2,0,,,,,,,
W4390344966,Outdoor Navigation Assistive System Based on Robust and Real-Time Visual–Auditory Substitution Approach,publication,True,26,2023.0,0,17,Tactile and Sensory Interactions,Sensors,article,Cognitive Neuroscience,Neuroscience,Life Sciences,https://doi.org/10.3390/s24010166
W2217810635,W2217810635,reference_only,False,26,,2,0,,,,,,,
W6676530657,W6676530657,reference_only,False,26,,3,0,,,,,,,
W3084322950,Virtual Reality as a Remote Workspace Platform: Opportunities and Challenges,publication,True,26,2020.0,0,5,Virtual Reality Applications and Impacts,,article,Human-Computer Interaction,Computer Science,Physical Sciences,
W2005219594,W2005219594,reference_only,False,26,,2,0,,,,,,,
W4388286254,TactualPlot: Spatializing Data as Sound Using Sensory Substitution for Touchscreen Accessibility,publication,True,1,2023.0,0,30,Tactile and Sensory Interactions,IEEE Transactions on Visualization and Computer Graphics,article,Cognitive Neuroscience,Neuroscience,Life Sciences,https://doi.org/10.1109/tvcg.2023.3326937
W1525231104,W1525231104,reference_only,False,1,,2,0,,,,,,,
W2089640842,W2089640842,reference_only,False,34,,2,0,,,,,,,
W2094938076,W2094938076,reference_only,False,26,,4,0,,,,,,,
W2098545273,W2098545273,reference_only,False,26,,3,0,,,,,,,
W2102848110,W2102848110,reference_only,False,1,,3,0,,,,,,,
W2796356930,W2796356930,reference_only,False,1,,2,0,,,,,,,
W2888011329,W2888011329,reference_only,False,1,,2,0,,,,,,,
W2959442326,W2959442326,reference_only,False,1,,3,0,,,,,,,
W2981593056,W2981593056,reference_only,False,1,,2,0,,,,,,,
W2995882565,W2995882565,reference_only,False,1,,2,0,,,,,,,
W3029632410,W3029632410,reference_only,False,1,,2,0,,,,,,,
W4226074878,W4226074878,reference_only,False,1,,2,0,,,,,,,
W4291138601,Seeing Through Sounds: Mapping Auditory Dimensions to Data and Charts for People with Visual Impairments,publication,True,1,2022.0,2,26,Multisensory perception and integration,Computer Graphics Forum,article,Experimental and Cognitive Psychology,Psychology,Social Sciences,https://doi.org/10.1111/cgf.14523
W148261105,W148261105,reference_only,False,26,,2,0,,,,,,,
W2047517934,W2047517934,reference_only,False,26,,2,0,,,,,,,
W2096323824,W2096323824,reference_only,False,26,,2,0,,,,,,,
W2097277361,W2097277361,reference_only,False,26,,2,0,,,,,,,
W2140249772,W2140249772,reference_only,False,26,,2,0,,,,,,,
W2154834451,W2154834451,reference_only,False,26,,2,0,,,,,,,
W2159074298,W2159074298,reference_only,False,26,,4,0,,,,,,,
W2229107992,W2229107992,reference_only,False,26,,2,0,,,,,,,
W1977503195,W1977503195,reference_only,False,35,,2,0,,,,,,,
W2124002103,W2124002103,reference_only,False,35,,2,0,,,,,,,
W2171731706,W2171731706,reference_only,False,35,,2,0,,,,,,,
W174493642,W174493642,reference_only,False,5,,2,0,,,,,,,
W2739453458,Animating elastic rods with sound,publication,True,34,2017.0,0,6,Music Technology and Sound Studies,ACM Transactions on Graphics,article,Computer Vision and Pattern Recognition,Computer Science,Physical Sciences,https://doi.org/10.1145/3072959.3073680
W2084858263,W2084858263,reference_only,False,34,,3,0,,,,,,,
W2159497557,W2159497557,reference_only,False,34,,6,0,,,,,,,
W3003396222,W3003396222,reference_only,False,34,,3,0,,,,,,,
W4313396542,Audiovisual augmentation for coil positioning in transcranial magnetic stimulation,publication,True,31,2022.0,0,8,Transcranial Magnetic Stimulation Studies,Computer Methods in Biomechanics and Biomedical Engineering Imaging & Visualization,article,Neurology,Neuroscience,Life Sciences,https://doi.org/10.1080/21681163.2022.2154277
W3090394251,W3090394251,reference_only,False,31,,2,0,,,,,,,
W3083117821,Inner Rhythms: <i>Vessels</i> as a Sustained Brain-Body Performance Practice,publication,True,5,2020.0,0,3,EEG and Brain-Computer Interfaces,Leonardo,article,Cognitive Neuroscience,Neuroscience,Life Sciences,https://doi.org/10.1162/leon_a_01963
W2120939402,W2120939402,reference_only,False,5,,2,0,,,,,,,
W317965616,W317965616,reference_only,False,8,,4,0,,,,,,,
W1977611487,W1977611487,reference_only,False,8,,2,0,,,,,,,
W2024527431,W2024527431,reference_only,False,8,,4,0,,,,,,,
W2588528150,W2588528150,reference_only,False,8,,2,0,,,,,,,
W1970794612,W1970794612,reference_only,False,26,,2,0,,,,,,,
W2012596618,W2012596618,reference_only,False,26,,3,0,,,,,,,
W2021879338,W2021879338,reference_only,False,26,,2,0,,,,,,,
W2146670093,W2146670093,reference_only,False,26,,2,0,,,,,,,
W2136635628,Designing Systems for the Creation and Evaluation of Dynamic Peripheral Soundscapes: A Usability Study,publication,True,19,2004.0,0,12,Tactile and Sensory Interactions,Proceedings of the Human Factors and Ergonomics Society Annual Meeting,article,Cognitive Neuroscience,Neuroscience,Life Sciences,https://doi.org/10.1177/154193120404800505
W119330944,W119330944,reference_only,False,34,,3,0,,,,,,,
W2128156516,W2128156516,reference_only,False,1,,3,0,,,,,,,
W2128590751,W2128590751,reference_only,False,1,,2,0,,,,,,,
W2149891956,W2149891956,reference_only,False,5,,3,0,,,,,,,
W4320730830,Unsupervised cross-domain translation via deep learning and adversarial attention neural networks and application to music-inspired protein designs,publication,True,14,2023.0,0,25,RNA and protein synthesis mechanisms,Patterns,article,Molecular Biology,"Biochemistry, Genetics and Molecular Biology",Life Sciences,https://doi.org/10.1016/j.patter.2023.100692
W1522301498,W1522301498,reference_only,False,6,,2,0,,,,,,,
W2051661051,W2051661051,reference_only,False,5,,3,0,,,,,,,
W6631190155,W6631190155,reference_only,False,6,,2,0,,,,,,,
W2047228495,Effects of storage on direct estimates of bacterial numbers of preserved seawater samples,publication,True,19,1992.0,0,1,Microbial Community Ecology and Physiology,Deep Sea Research Part A Oceanographic Research Papers,article,Ecology,Environmental Science,Physical Sciences,https://doi.org/10.1016/0198-0149(92)90079-9
W1976791644,A GPU-accelerated immersive audio-visual framework for interaction with molecular dynamics using consumer depth sensors,publication,True,14,2014.0,0,5,Experimental and Theoretical Physics Studies,Faraday Discussions,article,Statistical and Nonlinear Physics,Physics and Astronomy,Physical Sciences,https://doi.org/10.1039/c4fd00008k
W2056898157,W2056898157,reference_only,False,14,,2,0,,,,,,,
W63783813,W63783813,reference_only,False,8,,2,0,,,,,,,
W1514396530,W1514396530,reference_only,False,8,,2,0,,,,,,,
W1516779020,W1516779020,reference_only,False,8,,4,0,,,,,,,
W1523796630,W1523796630,reference_only,False,3,,2,0,,,,,,,
W1554894313,W1554894313,reference_only,False,8,,3,0,,,,,,,
W1601638326,W1601638326,reference_only,False,8,,2,0,,,,,,,
W1816154165,W1816154165,reference_only,False,8,,2,0,,,,,,,
W2085106076,W2085106076,reference_only,False,8,,2,0,,,,,,,
W1995064831,Ultrasound-Enhanced Dissolution of UO<sub>2</sub>in Supercritical CO<sub>2</sub>Containing a CO<sub>2</sub>-Philic Complexant of Tri-<i>n</i>-butylphosphate and Nitric Acid,publication,True,12,2002.0,0,2,Radioactive element chemistry and processing,Industrial & Engineering Chemistry Research,article,Inorganic Chemistry,Chemistry,Physical Sciences,https://doi.org/10.1021/ie010761q
W2017704939,W2017704939,reference_only,False,12,,2,0,,,,,,,
W2073301775,W2073301775,reference_only,False,12,,2,0,,,,,,,
W96644080,The Hop Sensor : Wireless Motion Sensor,publication,True,6,2008.0,0,2,Robotics and Automated Systems,,article,Control and Systems Engineering,Engineering,Physical Sciences,https://doi.org/10.5281/zenodo.1179582
W2171413395,W2171413395,reference_only,False,6,,2,0,,,,,,,
W2797817877,A Natural User Interface for Gestural Expression and Emotional Elicitation to Access the Musical Intangible Cultural Heritage,publication,True,3,2018.0,0,11,Music Technology and Sound Studies,Journal on Computing and Cultural Heritage,article,Computer Vision and Pattern Recognition,Computer Science,Physical Sciences,https://doi.org/10.1145/3127324
W610729113,W610729113,reference_only,False,3,,2,0,,,,,,,
W2118361060,W2118361060,reference_only,False,3,,2,0,,,,,,,
W2028493660,W2028493660,reference_only,False,0,,2,0,,,,,,,
W2171671453,W2171671453,reference_only,False,0,,2,0,,,,,,,
W1978437855,Exploration of directional-predictive sounds for nonvisual interaction with graphs,publication,True,1,2007.0,0,13,Tactile and Sensory Interactions,Knowledge and Information Systems,article,Cognitive Neuroscience,Neuroscience,Life Sciences,https://doi.org/10.1007/s10115-006-0059-x
W1853350959,W1853350959,reference_only,False,1,,3,0,,,,,,,
W2110588113,W2110588113,reference_only,False,26,,3,0,,,,,,,
W1694265479,The use of zirconium sulphate in the preparation of albumin macroaggregates,publication,True,13,1970.0,0,3,Medical Imaging and Pathology Studies,The International Journal of Applied Radiation and Isotopes,article,Pulmonary and Respiratory Medicine,Medicine,Health Sciences,https://doi.org/10.1016/0020-708x(70)90125-0
W2014797258,Technetium lung scanning,publication,True,13,1969.0,2,1,Medical Imaging and Pathology Studies,The International Journal of Applied Radiation and Isotopes,article,Pulmonary and Respiratory Medicine,Medicine,Health Sciences,https://doi.org/10.1016/0020-708x(69)90169-0
W2064028055,W2064028055,reference_only,False,13,,2,0,,,,,,,
W2091591591,Albumin macroaggregates labelled with Tc99m,publication,True,13,1966.0,2,2,Radiopharmaceutical Chemistry and Applications,The International Journal of Applied Radiation and Isotopes,article,"Radiology, Nuclear Medicine and Imaging",Medicine,Health Sciences,https://doi.org/10.1016/0020-708x(66)90115-3
W3007959348,Potential benefits of music playing in stroke upper limb motor rehabilitation,publication,True,35,2020.0,0,45,Stroke Rehabilitation and Recovery,Neuroscience & Biobehavioral Reviews,article,Rehabilitation,Medicine,Health Sciences,https://doi.org/10.1016/j.neubiorev.2020.02.027
W1496587751,W1496587751,reference_only,False,35,,2,0,,,,,,,
W1990257603,W1990257603,reference_only,False,35,,2,0,,,,,,,
W2073246877,W2073246877,reference_only,False,35,,2,0,,,,,,,
W2124239333,W2124239333,reference_only,False,35,,2,0,,,,,,,
W2126819724,W2126819724,reference_only,False,6,,3,0,,,,,,,
W2595464218,A case study of auditory navigation in virtual acoustic environments,publication,True,34,2000.0,3,6,Hearing Loss and Rehabilitation,,article,Cognitive Neuroscience,Neuroscience,Life Sciences,
W4236814579,W4236814579,reference_only,False,8,,2,0,,,,,,,
W1971134719,W1971134719,reference_only,False,1,,2,0,,,,,,,
W1974878894,W1974878894,reference_only,False,6,,2,0,,,,,,,
W2966307037,W2966307037,reference_only,False,6,,2,0,,,,,,,
W2130582542,W2130582542,reference_only,False,35,,2,0,,,,,,,
W2221855230,W2221855230,reference_only,False,26,,2,0,,,,,,,
W2124174101,W2124174101,reference_only,False,8,,2,0,,,,,,,
W1550282313,W1550282313,reference_only,False,0,,2,0,,,,,,,
W1982534037,W1982534037,reference_only,False,0,,2,0,,,,,,,
W2151204983,W2151204983,reference_only,False,0,,3,0,,,,,,,
W2536466075,W2536466075,reference_only,False,0,,2,0,,,,,,,
W2548344165,Doing laboratory ethnography: reflections on method in scientific workplaces,publication,True,6,2017.0,0,5,Geographies of human-animal interactions,Qualitative Research,article,"Geography, Planning and Development",Social Sciences,Social Sciences,https://doi.org/10.1177/1468794116678040
W95067517,W95067517,reference_only,False,28,,2,0,,,,,,,
W1996499888,W1996499888,reference_only,False,28,,2,0,,,,,,,
W2024367063,W2024367063,reference_only,False,28,,2,0,,,,,,,
W2056422604,W2056422604,reference_only,False,28,,2,0,,,,,,,
W2066167297,W2066167297,reference_only,False,26,,2,0,,,,,,,
W2157119650,W2157119650,reference_only,False,28,,2,0,,,,,,,
W6603808447,W6603808447,reference_only,False,28,,2,0,,,,,,,
W1999949665,W1999949665,reference_only,False,31,,3,0,,,,,,,
W2049686551,W2049686551,reference_only,False,35,,2,0,,,,,,,
W2130089340,W2130089340,reference_only,False,31,,2,0,,,,,,,
W1974047352,Perceptual recalibration in human sound localization: Learning to remediate front-back reversals,publication,True,8,2006.0,4,34,Hearing Loss and Rehabilitation,The Journal of the Acoustical Society of America,article,Cognitive Neuroscience,Neuroscience,Life Sciences,https://doi.org/10.1121/1.2208429
W1983382828,W1983382828,reference_only,False,8,,5,0,,,,,,,
W2020917372,W2020917372,reference_only,False,8,,2,0,,,,,,,
W2044229137,W2044229137,reference_only,False,8,,2,0,,,,,,,
W2139499278,W2139499278,reference_only,False,8,,2,0,,,,,,,
W2412722461,W2412722461,reference_only,False,8,,2,0,,,,,,,
W2091579489,Review on aspects of artificial tactile feedback in laparoscopic surgery,publication,True,19,2009.0,0,13,Tactile and Sensory Interactions,Medical Engineering & Physics,article,Cognitive Neuroscience,Neuroscience,Life Sciences,https://doi.org/10.1016/j.medengphy.2009.06.003
W2017613065,W2017613065,reference_only,False,19,,2,0,,,,,,,
W2025552030,Technologies and Solutions for Data Display in the Operating Room,publication,True,19,2006.0,2,31,Augmented Reality Applications,Journal of Clinical Monitoring and Computing,article,Computer Vision and Pattern Recognition,Computer Science,Physical Sciences,https://doi.org/10.1007/s10877-006-9017-0
W2049866433,W2049866433,reference_only,False,19,,2,0,,,,,,,
W2130624147,W2130624147,reference_only,False,19,,2,0,,,,,,,
W2160328540,W2160328540,reference_only,False,19,,2,0,,,,,,,
W2174896420,W2174896420,reference_only,False,19,,2,0,,,,,,,
W2340310814,Computer solutions on sensory substitution for sensory disabled people,publication,True,26,2009.0,0,8,Tactile and Sensory Interactions,Computational intelligence,article,Cognitive Neuroscience,Neuroscience,Life Sciences,
W2028310195,W2028310195,reference_only,False,26,,2,0,,,,,,,
W2075621112,W2075621112,reference_only,False,26,,3,0,,,,,,,
W1538762240,THE IMPORTANCE OF HEAD MOVEMENTS FOR BINAURAL ROOM SYNTHESIS,publication,True,8,1996.0,0,4,Hearing Loss and Rehabilitation,,article,Cognitive Neuroscience,Neuroscience,Life Sciences,
W1602185297,W1602185297,reference_only,False,8,,2,0,,,,,,,
W1605174559,W1605174559,reference_only,False,8,,2,0,,,,,,,
W9540587,Survey of Methods for Modeling Sound Propagation in Interactive Virtual Environment Systems,publication,True,8,2003.0,0,27,Speech and Audio Processing,Dentistry today,article,Signal Processing,Computer Science,Physical Sciences,
W1480876431,W1480876431,reference_only,False,8,,2,0,,,,,,,
W1576635857,W1576635857,reference_only,False,1,,3,0,,,,,,,
W2070215586,W2070215586,reference_only,False,34,,4,0,,,,,,,
W3194965282,Deep Sensory Substitution: Noninvasively Enabling Biological Neural Networks to Receive Input from Artificial Neural Networks,publication,True,26,2020.0,0,13,Neural dynamics and brain function,arXiv (Cornell University),preprint,Cognitive Neuroscience,Neuroscience,Life Sciences,https://doi.org/10.48550/arxiv.2005.13291
W1850742715,W1850742715,reference_only,False,26,,3,0,,,,,,,
W2951535099,W2951535099,reference_only,False,26,,3,0,,,,,,,
W2089466877,W2089466877,reference_only,False,13,,2,0,,,,,,,
W2344667426,W2344667426,reference_only,False,13,,2,0,,,,,,,
W106191336,W106191336,reference_only,False,6,,2,0,,,,,,,
W1606775610,W1606775610,reference_only,False,6,,2,0,,,,,,,
W1979494212,W1979494212,reference_only,False,6,,2,0,,,,,,,
W2121938245,W2121938245,reference_only,False,6,,2,0,,,,,,,
W2126918443,W2126918443,reference_only,False,14,,3,0,,,,,,,
W2162273778,W2162273778,reference_only,False,6,,3,0,,,,,,,
W6636295218,W6636295218,reference_only,False,6,,2,0,,,,,,,
W4408177703,Wearable multi-sensory haptic devices,publication,True,26,2025.0,0,21,Tactile and Sensory Interactions,Nature Reviews Bioengineering,article,Cognitive Neuroscience,Neuroscience,Life Sciences,https://doi.org/10.1038/s44222-025-00274-w
W46830337,W46830337,reference_only,False,26,,2,0,,,,,,,
W2077026220,W2077026220,reference_only,False,26,,2,0,,,,,,,
W2084552231,W2084552231,reference_only,False,26,,2,0,,,,,,,
W2114987226,W2114987226,reference_only,False,6,,4,0,,,,,,,
W2115763420,W2115763420,reference_only,False,35,,2,0,,,,,,,
W2237068932,W2237068932,reference_only,False,26,,2,0,,,,,,,
W2511931873,W2511931873,reference_only,False,26,,2,0,,,,,,,
W2612110125,W2612110125,reference_only,False,26,,2,0,,,,,,,
W2736525866,W2736525866,reference_only,False,26,,2,0,,,,,,,
W2765184744,W2765184744,reference_only,False,26,,2,0,,,,,,,
W162342618,W162342618,reference_only,False,19,,3,0,,,,,,,
W1503218620,W1503218620,reference_only,False,19,,2,0,,,,,,,
W1543654099,W1543654099,reference_only,False,19,,4,0,,,,,,,
W2018324499,W2018324499,reference_only,False,28,,2,0,,,,,,,
W3035543289,W3035543289,reference_only,False,28,,2,0,,,,,,,
W1508044820,W1508044820,reference_only,False,8,,2,0,,,,,,,
W2050620362,W2050620362,reference_only,False,8,,2,0,,,,,,,
W1989038175,"The StarCAVE, a third-generation CAVE and virtual reality OptIPortal",publication,True,8,2008.0,0,5,Advanced Optical Imaging Technologies,Future Generation Computer Systems,article,Media Technology,Engineering,Physical Sciences,https://doi.org/10.1016/j.future.2008.07.015
W4241112126,W4241112126,reference_only,False,8,,2,0,,,,,,,
W2885474371,Computer-model-based audio and its influence on science learning by people who are blind,publication,True,26,2018.0,0,24,Tactile and Sensory Interactions,Interactive Learning Environments,article,Cognitive Neuroscience,Neuroscience,Life Sciences,https://doi.org/10.1080/10494820.2018.1500378
W120266317,W120266317,reference_only,False,3,,2,0,,,,,,,
W1604089826,W1604089826,reference_only,False,3,,3,0,,,,,,,
W1996122818,W1996122818,reference_only,False,5,,2,0,,,,,,,
W4205635234,Haptic Feedback to Assist Blind People in Indoor Environment Using Vibration Patterns,publication,True,26,2022.0,0,7,Tactile and Sensory Interactions,Sensors,article,Cognitive Neuroscience,Neuroscience,Life Sciences,https://doi.org/10.3390/s22010361
W1999945931,W1999945931,reference_only,False,26,,2,0,,,,,,,
W3082544822,W3082544822,reference_only,False,26,,2,0,,,,,,,
W6782318812,W6782318812,reference_only,False,26,,2,0,,,,,,,
W4387779051,Listening to or looking at models: Learning about dynamic complex systems in science among learners who are blind and learners who are sighted,publication,True,26,2023.0,0,21,Tactile and Sensory Interactions,Journal of Computer Assisted Learning,article,Cognitive Neuroscience,Neuroscience,Life Sciences,https://doi.org/10.1111/jcal.12886
W242266841,W242266841,reference_only,False,23,,2,0,,,,,,,
W2942169651,W2942169651,reference_only,False,26,,2,0,,,,,,,
W4255335337,Real-time audio and visual display of the Coronavirus genome,publication,True,14,2020.0,0,27,Image Processing Techniques and Applications,Research Square,preprint,Media Technology,Engineering,Physical Sciences,https://doi.org/10.21203/rs.3.rs-30483/v1
W4253611526,SENSORY SUBSTITUTION FOR FORCE FEEDBACK IN TELEOPERATION,publication,True,15,1993.0,0,13,Tactile and Sensory Interactions,Elsevier eBooks,book-chapter,Cognitive Neuroscience,Neuroscience,Life Sciences,https://doi.org/10.1016/b978-0-08-041900-8.50020-7
W652889451,W652889451,reference_only,False,5,,2,0,,,,,,,
W2121484459,Cross‐Reactions between Mycobacteria,publication,True,2,1975.0,0,1,Mycobacterium research and diagnosis,Scandinavian Journal of Immunology,article,Epidemiology,Medicine,Health Sciences,https://doi.org/10.1111/j.1365-3083.1975.tb03824.x
W4387950336,An investigation into the effectiveness of using acoustic touch to assist people who are blind,publication,True,26,2023.0,0,22,Tactile and Sensory Interactions,PLoS ONE,article,Cognitive Neuroscience,Neuroscience,Life Sciences,https://doi.org/10.1371/journal.pone.0290431
W191749596,W191749596,reference_only,False,34,,2,0,,,,,,,
W1782270568,W1782270568,reference_only,False,26,,2,0,,,,,,,
W2168674307,W2168674307,reference_only,False,26,,3,0,,,,,,,
W2507227608,W2507227608,reference_only,False,26,,2,0,,,,,,,
W1972541826,Seeing and hearing and space and space and time,publication,True,5,1972.0,0,1,Multisensory perception and integration,Perception & Psychophysics,article,Experimental and Cognitive Psychology,Psychology,Social Sciences,https://doi.org/10.3758/bf03212682
W1591490676,W1591490676,reference_only,False,0,,4,0,,,,,,,
W1603655386,W1603655386,reference_only,False,3,,5,0,,,,,,,
W1667165204,W1667165204,reference_only,False,3,,2,0,,,,,,,
W2143621823,W2143621823,reference_only,False,6,,4,0,,,,,,,
W59186300,"Manipulation, analysis and retrieval systems for audio signals",publication,True,10,2002.0,0,24,Music and Audio Processing,,article,Signal Processing,Computer Science,Physical Sciences,
W1581875138,W1581875138,reference_only,False,10,,2,0,,,,,,,
W2023723978,W2023723978,reference_only,False,5,,4,0,,,,,,,
W2027518030,W2027518030,reference_only,False,6,,2,0,,,,,,,
W2147174722,W2147174722,reference_only,False,10,,2,0,,,,,,,
W2799061466,W2799061466,reference_only,False,10,,2,0,,,,,,,
W2122400032,Motion Tracking of a Fish as a Novel Way to Control Electronic Music Performance,publication,True,5,2015.0,0,14,Marine animal studies overview,Leonardo,article,Ecology,Environmental Science,Physical Sciences,https://doi.org/10.1162/leon_a_01072
W140037322,W140037322,reference_only,False,5,,2,0,,,,,,,
W1525990558,W1525990558,reference_only,False,5,,3,0,,,,,,,
W2002339212,W2002339212,reference_only,False,5,,2,0,,,,,,,
W1588789942,Auditory Morse Analysis of Triangulated Manifolds,publication,True,1,1998.0,0,2,Music Technology and Sound Studies,,book-chapter,Computer Vision and Pattern Recognition,Computer Science,Physical Sciences,https://doi.org/10.1007/978-3-662-03567-2_17
W1997028558,Computer Music Meets Unconventional Computing: Towards Sound Synthesis with In Vitro Neuronal Networks,publication,True,0,2009.0,0,7,Advanced Memory and Neural Computing,Computer Music Journal,article,Electrical and Electronic Engineering,Engineering,Physical Sciences,https://doi.org/10.1162/comj.2009.33.1.9
W1593993808,W1593993808,reference_only,False,0,,2,0,,,,,,,
W2088529060,W2088529060,reference_only,False,0,,2,0,,,,,,,
W4315481746,The Effects of Natural Sounds and Proxemic Distances on the Perception of a Noisy Domestic Flying Robot,publication,True,3,2023.0,0,16,Innovative Human-Technology Interaction,ACM Transactions on Human-Robot Interaction,article,Human-Computer Interaction,Computer Science,Physical Sciences,https://doi.org/10.1145/3579859
W2000250157,W2000250157,reference_only,False,26,,2,0,,,,,,,
W2951713056,A Review on Visual Water Quality Monitoring System in Precision Aquaculture,publication,True,30,2019.0,0,6,Water Quality Monitoring Technologies,Applied Mechanics and Materials,article,Water Science and Technology,Environmental Science,Physical Sciences,https://doi.org/10.4028/www.scientific.net/amm.892.23
W2144313611,Efficient and accurate sound propagation using adaptive rectangular decomposition,publication,True,34,2009.0,0,38,Digital Filter Design and Implementation,IEEE Transactions on Visualization and Computer Graphics,article,Signal Processing,Computer Science,Physical Sciences,https://doi.org/10.1109/tvcg.2009.27
W119319906,W119319906,reference_only,False,34,,2,0,,,,,,,
W1725473968,W1725473968,reference_only,False,34,,2,0,,,,,,,
W1997936723,W1997936723,reference_only,False,34,,2,0,,,,,,,
W2000582360,W2000582360,reference_only,False,34,,2,0,,,,,,,
W2004227067,W2004227067,reference_only,False,34,,2,0,,,,,,,
W2008484012,W2008484012,reference_only,False,34,,2,0,,,,,,,
W2013785258,W2013785258,reference_only,False,34,,2,0,,,,,,,
W2014123787,W2014123787,reference_only,False,34,,2,0,,,,,,,
W2068407998,W2068407998,reference_only,False,34,,2,0,,,,,,,
W2069087214,W2069087214,reference_only,False,34,,5,0,,,,,,,
W2077873280,W2077873280,reference_only,False,34,,2,0,,,,,,,
W2080441807,W2080441807,reference_only,False,34,,2,0,,,,,,,
W2088219051,W2088219051,reference_only,False,34,,2,0,,,,,,,
W2093632550,W2093632550,reference_only,False,34,,3,0,,,,,,,
W2102182691,W2102182691,reference_only,False,34,,2,0,,,,,,,
W2112680420,W2112680420,reference_only,False,34,,2,0,,,,,,,
W2113223048,W2113223048,reference_only,False,34,,2,0,,,,,,,
W2128141288,W2128141288,reference_only,False,34,,2,0,,,,,,,
W2138256380,W2138256380,reference_only,False,34,,2,0,,,,,,,
W2142063750,W2142063750,reference_only,False,34,,2,0,,,,,,,
W2148823015,W2148823015,reference_only,False,34,,2,0,,,,,,,
W2158995076,W2158995076,reference_only,False,34,,2,0,,,,,,,
W2163239203,W2163239203,reference_only,False,34,,2,0,,,,,,,
W3147878143,W3147878143,reference_only,False,34,,2,0,,,,,,,
W3011766335,Auditory augmented process monitoring for cyber physical production systems,publication,True,19,2020.0,0,22,Tactile and Sensory Interactions,Personal and Ubiquitous Computing,article,Cognitive Neuroscience,Neuroscience,Life Sciences,https://doi.org/10.1007/s00779-020-01394-3
W2191779130,W2191779130,reference_only,False,31,,4,0,,,,,,,
W2916212790,W2916212790,reference_only,False,19,,2,0,,,,,,,
W3146186587,Efficient and Accurate Sound Propagation Using Adaptive Rectangular Decomposition,publication,True,34,2009.0,0,32,Image and Signal Denoising Methods,IEEE Transactions on Visualization and Computer Graphics,article,Computer Vision and Pattern Recognition,Computer Science,Physical Sciences,https://doi.org/10.1109/tvcg.2009.28
W2153134014,W2153134014,reference_only,False,0,,2,0,,,,,,,
W804707536,Evaluation of the effects of spatial separation and timbral differences on the identifiability of features of concurrent auditory streams,publication,True,1,2011.0,0,26,Hearing Loss and Rehabilitation,UPT. Syiah Kuala University Library (Syiah Kuala University),dissertation,Cognitive Neuroscience,Neuroscience,Life Sciences,
W2031279453,W2031279453,reference_only,False,1,,2,0,,,,,,,
W2069736034,W2069736034,reference_only,False,1,,3,0,,,,,,,
W2137674393,W2137674393,reference_only,False,1,,2,0,,,,,,,
W2146811980,W2146811980,reference_only,False,1,,2,0,,,,,,,
W2794957743,W2794957743,reference_only,False,35,,3,0,,,,,,,
W34717048,Structure of human high density lipoprotein reassembled in vitro. Radioimmunoassay studies.,publication,True,2,1975.0,0,8,"Cancer, Lipids, and Metabolism",Journal of Biological Chemistry,article,Cancer Research,"Biochemistry, Genetics and Molecular Biology",Life Sciences,https://doi.org/10.1016/s0021-9258(19)40906-x
W2017108196,W2017108196,reference_only,False,26,,2,0,,,,,,,
W2077728934,W2077728934,reference_only,False,19,,4,0,,,,,,,
W4294214781,W4294214781,reference_only,False,26,,2,0,,,,,,,
W2191886813,W2191886813,reference_only,False,35,,2,0,,,,,,,
W3201109886,"Emergent Interfaces: Vague, Complex, Bespoke and Embodied Interaction between Humans and Computers",publication,True,5,2021.0,0,7,Music Technology and Sound Studies,Applied Sciences,article,Computer Vision and Pattern Recognition,Computer Science,Physical Sciences,https://doi.org/10.3390/app11188531
W2003882094,Manual performance of a repeated pattern by older and younger adults with supplementary auditory cues.,publication,True,35,1993.0,0,4,Motor Control and Adaptation,Psychology and Aging,article,Cognitive Neuroscience,Neuroscience,Life Sciences,https://doi.org/10.1037/0882-7974.8.3.429
W1989155269,W1989155269,reference_only,False,35,,2,0,,,,,,,
W1608844340,W1608844340,reference_only,False,19,,4,0,,,,,,,
W2114189509,SUBJECTIVE EVALUATION OF AURALIZATION OF PHYSICS-BASED ROOM ACOUSTICS MODELING,publication,True,8,2001.0,0,8,Hearing Loss and Rehabilitation,,article,Cognitive Neuroscience,Neuroscience,Life Sciences,
W2080403942,The Impact of Signal Bandwidth on Auditory Localization: Implications for the Design of Three-Dimensional Audio Displays,publication,True,8,1997.0,0,17,Hearing Loss and Rehabilitation,Human Factors The Journal of the Human Factors and Ergonomics Society,article,Cognitive Neuroscience,Neuroscience,Life Sciences,https://doi.org/10.1518/001872097778543895
W1980508104,W1980508104,reference_only,False,8,,2,0,,,,,,,
W2049306644,W2049306644,reference_only,False,8,,6,0,,,,,,,
W2329296183,Detection by Direct Immunofluorescence of Antibodies to Treponema pallidum in the Cutaneous Infiltrates of Rabbit Syphilomas,publication,True,16,1978.0,0,6,Skin and Cellular Biology Research,The Journal of Infectious Diseases,article,Cell Biology,"Biochemistry, Genetics and Molecular Biology",Life Sciences,https://doi.org/10.1093/infdis/138.2.222
W1984819629,W1984819629,reference_only,False,16,,2,0,,,,,,,
W2019747490,W2019747490,reference_only,False,16,,2,0,,,,,,,
W2034620350,W2034620350,reference_only,False,16,,2,0,,,,,,,
W2037100223,W2037100223,reference_only,False,16,,2,0,,,,,,,
W2128813423,W2128813423,reference_only,False,16,,2,0,,,,,,,
W2412504345,W2412504345,reference_only,False,16,,2,0,,,,,,,
W1515723312,W1515723312,reference_only,False,1,,2,0,,,,,,,
W2071783141,W2071783141,reference_only,False,28,,3,0,,,,,,,
W1986861222,Demonstration by Labeled Treponemal Antigen of Specific Antibodies in The Tissue Infiltrates of Secondary Syphilis,publication,True,16,1977.0,0,6,Autoimmune Bullous Skin Diseases,Journal of Investigative Dermatology,article,Pathology and Forensic Medicine,Medicine,Health Sciences,https://doi.org/10.1111/1523-1747.ep12510730
W110835525,W110835525,reference_only,False,1,,2,0,,,,,,,
W1497850559,W1497850559,reference_only,False,8,,2,0,,,,,,,
W1596590607,W1596590607,reference_only,False,1,,3,0,,,,,,,
W1973594775,W1973594775,reference_only,False,26,,4,0,,,,,,,
W1989892032,W1989892032,reference_only,False,34,,2,0,,,,,,,
W2183916594,W2183916594,reference_only,False,26,,2,0,,,,,,,
W2038769021,Effects of Frequency on Free-Field Masking,publication,True,8,1995.0,0,12,Hearing Loss and Rehabilitation,Human Factors The Journal of the Human Factors and Ergonomics Society,article,Cognitive Neuroscience,Neuroscience,Life Sciences,https://doi.org/10.1518/001872095778995580
W2018541726,W2018541726,reference_only,False,8,,6,0,,,,,,,
W1772373321,Design of spatialized audio in nomadic environments,publication,True,1,1997.0,0,7,Context-Aware Activity Recognition Systems,,article,Computer Vision and Pattern Recognition,Computer Science,Physical Sciences,
W2046058153,W2046058153,reference_only,False,8,,2,0,,,,,,,
W2075774708,W2075774708,reference_only,False,8,,2,0,,,,,,,
W2517582026,Cross-modal collaborative interaction between visually-impaired and sighted users in the workplace,publication,True,1,2012.0,0,9,Tactile and Sensory Interactions,Bristol Research (University of Bristol),article,Cognitive Neuroscience,Neuroscience,Life Sciences,
W2045856702,W2045856702,reference_only,False,1,,4,0,,,,,,,
W128447131,Measurements of perceptual quality of contact sound models,publication,True,34,2002.0,0,9,Hermeneutics and Narrative Identity,,article,Philosophy,Arts and Humanities,Social Sciences,
W2043506339,W2043506339,reference_only,False,34,,2,0,,,,,,,
W2289865848,W2289865848,reference_only,False,34,,2,0,,,,,,,
W1970308604,W1970308604,reference_only,False,26,,3,0,,,,,,,
W2149192056,W2149192056,reference_only,False,26,,2,0,,,,,,,
W4243082568,W4243082568,reference_only,False,26,,2,0,,,,,,,
W4249470454,W4249470454,reference_only,False,26,,2,0,,,,,,,
W2157978543,W2157978543,reference_only,False,8,,3,0,,,,,,,
W146222539,Wearable Real-Time Stereo Vision for the Visually Impaired,publication,True,26,2007.0,0,9,Tactile and Sensory Interactions,,article,Cognitive Neuroscience,Neuroscience,Life Sciences,
W23451984,On intelligent image processing methodologies applied to navigation assistance for visually impaired,publication,True,26,2002.0,3,0,Tactile and Sensory Interactions,,dissertation,Cognitive Neuroscience,Neuroscience,Life Sciences,
W364891699,W364891699,reference_only,False,26,,3,0,,,,,,,
W2050405342,W2050405342,reference_only,False,26,,2,0,,,,,,,
W2169510838,W2169510838,reference_only,False,26,,3,0,,,,,,,
W121320114,USABILITY OF NON-SPEECH SOUNDS IN USER INTERFACES,publication,True,1,2008.0,0,36,Tactile and Sensory Interactions,,article,Cognitive Neuroscience,Neuroscience,Life Sciences,
W1966720382,W1966720382,reference_only,False,1,,2,0,,,,,,,
W2169355694,W2169355694,reference_only,False,23,,3,0,,,,,,,
W2150694759,Models of musical instruments from Chua's circuit with time delay,publication,True,34,1993.0,0,7,Chaos control and synchronization,IEEE Transactions on Circuits and Systems II Analog and Digital Signal Processing,article,Statistical and Nonlinear Physics,Physics and Astronomy,Physical Sciences,https://doi.org/10.1109/82.246173
W138878823,W138878823,reference_only,False,34,,2,0,,,,,,,
W1982141461,SOUND AND MUSIC FROM CHUA'S CIRCUIT,publication,True,34,1993.0,2,0,Music Technology and Sound Studies,Journal of Circuits Systems and Computers,article,Computer Vision and Pattern Recognition,Computer Science,Physical Sciences,https://doi.org/10.1142/s0218126693000058
W1985014571,W1985014571,reference_only,False,34,,2,0,,,,,,,
W2014517420,W2014517420,reference_only,False,34,,2,0,,,,,,,
W4297140400,W4297140400,reference_only,False,34,,2,0,,,,,,,
W6843765241,W6843765241,reference_only,False,34,,2,0,,,,,,,
W2121026132,Flow quantification in valvular heart disease based on the integral of backscattered acoustic power using Doppler ultrasound,publication,True,17,2000.0,0,34,Cardiac Valve Diseases and Treatments,Proceedings of the IEEE,article,Cardiology and Cardiovascular Medicine,Medicine,Health Sciences,https://doi.org/10.1109/5.838068
W1757119857,W1757119857,reference_only,False,5,,2,0,,,,,,,
W2070729636,W2070729636,reference_only,False,5,,2,0,,,,,,,
W2103865647,W2103865647,reference_only,False,5,,3,0,,,,,,,
W3144372880,W3144372880,reference_only,False,19,,2,0,,,,,,,
W3183719664,Combining audio and visual displays to highlight temporal and spatial seismic patterns,publication,True,6,2021.0,0,32,Seismic Waves and Analysis,Journal on Multimodal User Interfaces,article,Geophysics,Earth and Planetary Sciences,Physical Sciences,https://doi.org/10.1007/s12193-021-00378-8
W2295119716,W2295119716,reference_only,False,8,,2,0,,,,,,,
W3096719213,Acoustic indices perform better when applied at ecologically meaningful time and frequency scales,publication,True,27,2020.0,0,2,Animal Vocal Communication and Behavior,Methods in Ecology and Evolution,article,Developmental Biology,"Biochemistry, Genetics and Molecular Biology",Life Sciences,https://doi.org/10.1111/2041-210x.13521
W1772524731,Tactile Cuing to Augment Multisensory Human-Machine Interaction,publication,True,26,2015.0,0,3,Tactile and Sensory Interactions,Ergonomics in Design The Quarterly of Human Factors Applications,article,Cognitive Neuroscience,Neuroscience,Life Sciences,https://doi.org/10.1177/1064804615572623
W2154473778,W2154473778,reference_only,False,26,,2,0,,,,,,,
W4205285830,W4205285830,reference_only,False,26,,2,0,,,,,,,
W2041905826,W2041905826,reference_only,False,6,,2,0,,,,,,,
W2180774566,A Camera-Based Mobility Aid for Visually Impaired People,publication,True,26,2015.0,0,6,Tactile and Sensory Interactions,K&uuml;nstliche Intell.,article,Cognitive Neuroscience,Neuroscience,Life Sciences,https://doi.org/10.1007/s13218-015-0407-7
W2093717316,Cross-Modal Source Information and Spoken Word Recognition.,publication,True,35,2004.0,0,12,Multisensory perception and integration,Journal of Experimental Psychology Human Perception & Performance,article,Experimental and Cognitive Psychology,Psychology,Social Sciences,https://doi.org/10.1037/0096-1523.30.2.378
W2033606892,W2033606892,reference_only,False,1,,3,0,,,,,,,
W2067031273,W2067031273,reference_only,False,35,,2,0,,,,,,,
W2144695825,Activity of Isepamicin and Selection of Permeability Mutants to  -Lactams during Aminoglycoside Therapy of Experimental Endocarditis Due to Klebsiella pneumoniae CF104 Producing an Aminoglycoside Acetyltransferase 6' Modifying Enzyme and a TEM-3  -Lactamase,publication,True,18,1994.0,0,1,Antibiotics Pharmacokinetics and Efficacy,The Journal of Infectious Diseases,article,Pharmacology,Medicine,Health Sciences,https://doi.org/10.1093/infdis/169.6.1318
W2132491970,W2132491970,reference_only,False,18,,2,0,,,,,,,
W1548245440,W1548245440,reference_only,False,8,,2,0,,,,,,,
W1558444862,W1558444862,reference_only,False,8,,2,0,,,,,,,
W2009987077,W2009987077,reference_only,False,8,,2,0,,,,,,,
W2043303163,W2043303163,reference_only,False,8,,3,0,,,,,,,
W2047784714,W2047784714,reference_only,False,8,,3,0,,,,,,,
W2102208671,W2102208671,reference_only,False,8,,4,0,,,,,,,
W2804956325,Design and evaluation of auditory-supported air gesture controls in vehicles,publication,True,1,2019.0,0,51,Human-Automation Interaction and Safety,Journal on Multimodal User Interfaces,article,Social Psychology,Psychology,Social Sciences,https://doi.org/10.1007/s12193-019-00298-8
W805355577,W805355577,reference_only,False,1,,2,0,,,,,,,
W1549690437,W1549690437,reference_only,False,1,,2,0,,,,,,,
W2019817660,W2019817660,reference_only,False,1,,2,0,,,,,,,
W2075928993,W2075928993,reference_only,False,1,,2,0,,,,,,,
W2102151007,W2102151007,reference_only,False,1,,3,0,,,,,,,
W2135101375,W2135101375,reference_only,False,1,,2,0,,,,,,,
W2168883727,W2168883727,reference_only,False,1,,2,0,,,,,,,
W2170972032,W2170972032,reference_only,False,28,,2,0,,,,,,,
W2345595749,W2345595749,reference_only,False,1,,2,0,,,,,,,
W2760367275,W2760367275,reference_only,False,28,,2,0,,,,,,,
W2494448165,W2494448165,reference_only,False,1,,2,0,,,,,,,
W1983432292,W1983432292,reference_only,False,1,,3,0,,,,,,,
W2098827290,W2098827290,reference_only,False,8,,2,0,,,,,,,
W2332710119,W2332710119,reference_only,False,8,,3,0,,,,,,,
W2113259390,Audio-enhanced collaboration at an interactive electronic whiteboard,publication,True,0,2001.0,0,4,Interactive and Immersive Displays,,article,Human-Computer Interaction,Computer Science,Physical Sciences,
W1970165020,A new technique for the preparation of ready-to-use macroaggregated albumin (MAA) kits to be labelled with 99Tc for lung scanning,publication,True,13,1983.0,0,4,Medical Imaging and Pathology Studies,The International Journal of Applied Radiation and Isotopes,article,Pulmonary and Respiratory Medicine,Medicine,Health Sciences,https://doi.org/10.1016/0020-708x(83)90050-9
W2474744747,Acoustic Gestalt: On the perceptibility of melodic symmetry,publication,True,27,2016.0,0,10,Multisensory perception and integration,Musicae Scientiae,article,Experimental and Cognitive Psychology,Psychology,Social Sciences,https://doi.org/10.1177/1029864916637116
W2326250005,W2326250005,reference_only,False,27,,2,0,,,,,,,
W280877622,W280877622,reference_only,False,26,,2,0,,,,,,,
W1485268022,W1485268022,reference_only,False,26,,3,0,,,,,,,
W1508960934,W1508960934,reference_only,False,26,,2,0,,,,,,,
W1794221836,W1794221836,reference_only,False,26,,2,0,,,,,,,
W2461788480,W2461788480,reference_only,False,26,,3,0,,,,,,,
W2033923509,Effect of advanced traveler information system displays on younger and older drivers’ performance,publication,True,28,2000.0,0,16,Human-Automation Interaction and Safety,Displays,article,Social Psychology,Psychology,Social Sciences,https://doi.org/10.1016/s0141-9382(00)00054-8
W3131499599,Structure and Outcomes of Educational Programs for Training Non-electroencephalographers in Performing and Screening Adult EEG: A Systematic Review,publication,True,0,2021.0,0,10,EEG and Brain-Computer Interfaces,Neurocritical Care,review,Cognitive Neuroscience,Neuroscience,Life Sciences,https://doi.org/10.1007/s12028-020-01172-2
W1907552911,Ultrasound enhancement of dissolution kinetics of uranium oxides in supercritical carbon dioxide,publication,True,12,2001.0,0,2,Catalysis and Oxidation Reactions,Journal of Chemical Technology & Biotechnology,article,Catalysis,Chemical Engineering,Physical Sciences,https://doi.org/10.1002/jctb.509
W2010693471,Visual and Auditory Localization as a Function of Azimuth and Elevation,publication,True,8,1997.0,0,17,Tactile and Sensory Interactions,International Journal of Aviation Psychology,article,Cognitive Neuroscience,Neuroscience,Life Sciences,https://doi.org/10.1207/s15327108ijap0702_2
W180011331,W180011331,reference_only,False,6,,2,0,,,,,,,
W3181210588,Physical Modeling of the Ancient Greek Wind Musical Instrument Aulos: A Double-Reed Exciter Linked to an Acoustic Resonator,publication,True,34,2021.0,0,6,Music Technology and Sound Studies,IEEE Access,article,Computer Vision and Pattern Recognition,Computer Science,Physical Sciences,https://doi.org/10.1109/access.2021.3095720
W2926968907,W2926968907,reference_only,False,35,,2,0,,,,,,,
W1988685835,"Vibrotactile Perceived Intensity for Mobile Devices as a Function of Direction, Amplitude, and Frequency",publication,True,26,2013.0,0,5,Tactile and Sensory Interactions,IEEE Transactions on Haptics,article,Cognitive Neuroscience,Neuroscience,Life Sciences,https://doi.org/10.1109/toh.2013.2
W1989062072,W1989062072,reference_only,False,26,,2,0,,,,,,,
W1993450913,W1993450913,reference_only,False,26,,2,0,,,,,,,
W2736227267,Eyes-Free Art,publication,True,26,2017.0,3,15,Tactile and Sensory Interactions,Proceedings of the ACM on Interactive Mobile Wearable and Ubiquitous Technologies,article,Cognitive Neuroscience,Neuroscience,Life Sciences,https://doi.org/10.1145/3130958
W1969023376,W1969023376,reference_only,False,26,,2,0,,,,,,,
W2139486723,W2139486723,reference_only,False,26,,3,0,,,,,,,
W2146817586,W2146817586,reference_only,False,26,,2,0,,,,,,,
W2148558021,W2148558021,reference_only,False,26,,2,0,,,,,,,
W2159007862,W2159007862,reference_only,False,6,,2,0,,,,,,,
W1988812280,Musical signals from Chua's circuit,publication,True,34,1993.0,0,4,Music Technology and Sound Studies,IEEE Transactions on Circuits and Systems II Analog and Digital Signal Processing,article,Computer Vision and Pattern Recognition,Computer Science,Physical Sciences,https://doi.org/10.1109/82.246172
W4833242,A 3D REAL TIME RENDERING ENGINE FOR BINAURAL SOUND REPRODUCTION,publication,True,8,2003.0,0,5,Hearing Loss and Rehabilitation,Nature,article,Cognitive Neuroscience,Neuroscience,Life Sciences,https://doi.org/10.1038/249266a0
W2072266200,Non-visual interaction with graphs assisted with directional-predictive sounds and vibrations: a comparative study,publication,True,1,2007.0,0,13,Tactile and Sensory Interactions,Universal Access in the Information Society,article,Cognitive Neuroscience,Neuroscience,Life Sciences,https://doi.org/10.1007/s10209-007-0105-9
W1559989381,W1559989381,reference_only,False,1,,2,0,,,,,,,
W2084048244,W2084048244,reference_only,False,1,,2,0,,,,,,,
W2741791549,W2741791549,reference_only,False,1,,2,0,,,,,,,
W2028115554,Inter-Laboratory Round Robin HRTF Measurement Comparison,publication,True,8,2015.0,0,20,Hearing Loss and Rehabilitation,IEEE Journal of Selected Topics in Signal Processing,article,Cognitive Neuroscience,Neuroscience,Life Sciences,https://doi.org/10.1109/jstsp.2015.2400417
W1519304377,W1519304377,reference_only,False,8,,3,0,,,,,,,
W1565581153,W1565581153,reference_only,False,8,,2,0,,,,,,,
W1925830838,W1925830838,reference_only,False,8,,3,0,,,,,,,
W1982455116,W1982455116,reference_only,False,8,,2,0,,,,,,,
W1988425371,W1988425371,reference_only,False,8,,2,0,,,,,,,
W2006053431,W2006053431,reference_only,False,8,,2,0,,,,,,,
W2165809715,W2165809715,reference_only,False,8,,2,0,,,,,,,
W6631027644,W6631027644,reference_only,False,8,,2,0,,,,,,,
W6651858270,W6651858270,reference_only,False,8,,2,0,,,,,,,
W2996836029,The audio abacus,publication,True,1,2003.0,0,11,Tactile and Sensory Interactions,ACM SIGACCESS Accessibility and Computing,article,Cognitive Neuroscience,Neuroscience,Life Sciences,https://doi.org/10.1145/1029014.1028634
W4398247409,Immaculate Sounds,publication,True,6,2023.0,0,5,Diverse Musicological Studies,,book,Music,Arts and Humanities,Social Sciences,https://doi.org/10.1093/oso/9780197621899.001.0001
W1989852790,W1989852790,reference_only,False,6,,2,0,,,,,,,
W2797067800,W2797067800,reference_only,False,6,,2,0,,,,,,,
W2156570860,Auditory Preemption versus Multiple Resources: Who Wins in Interruption Management?,publication,True,28,2005.0,0,14,Human-Automation Interaction and Safety,Proceedings of the Human Factors and Ergonomics Society Annual Meeting,article,Social Psychology,Psychology,Social Sciences,https://doi.org/10.1177/154193120504900353
W1972046139,W1972046139,reference_only,False,28,,2,0,,,,,,,
W2063874275,W2063874275,reference_only,False,28,,5,0,,,,,,,
W429282616,DEVELOPMENT OF HUMAN FACTORS GUIDELINES FOR ADVANCED TRAVELER INFORMATION SYSTEMS (ATIS) AND COMMERCIAL VEHICLE OPERATIONS (CVO): HUMAN FACTORS EVALUATION OF THE EFFECTIVENESS OF MULTI-MODALITY DISPLAYS IN ADVANCED TRAVELER INFORMATION SYSTEMS,publication,True,28,1999.0,0,6,Human-Automation Interaction and Safety,,article,Social Psychology,Psychology,Social Sciences,
W2225006073,Human pepsinogen A isozymogen patterns in serum and gastric mucosa,publication,True,2,1990.0,0,1,Helicobacter pylori-related gastroenterology studies,Gastroenterology,article,Surgery,Medicine,Health Sciences,https://doi.org/10.1016/0016-5085(90)90460-i
W2059824183,Recommendations for enhancing the role of the auditory modality for processing sonar data,publication,True,8,2005.0,0,29,Underwater Acoustics Research,Applied Acoustics,article,Oceanography,Earth and Planetary Sciences,Physical Sciences,https://doi.org/10.1016/j.apacoust.2004.11.010
W1551284826,W1551284826,reference_only,False,8,,2,0,,,,,,,
W2055596494,W2055596494,reference_only,False,8,,2,0,,,,,,,
W2152759373,W2152759373,reference_only,False,8,,2,0,,,,,,,
W2482670602,W2482670602,reference_only,False,8,,2,0,,,,,,,
W2009488535,Desizing of untreated cotton fabric with the conventional and ultrasonic bath procedures by immobilized and native α‐amylase,publication,True,20,2010.0,0,1,Enzyme Production and Characterization,Starch - Stärke,article,Biotechnology,"Biochemistry, Genetics and Molecular Biology",Life Sciences,https://doi.org/10.1002/star.201000109
W2021875524,W2021875524,reference_only,False,20,,2,0,,,,,,,
W2889183776,Comparing Haptic Pattern Matching on Tablets and Phones: Large Screens Are Not Necessarily Better,publication,True,26,2018.0,0,6,Tactile and Sensory Interactions,Optometry and Vision Science,article,Cognitive Neuroscience,Neuroscience,Life Sciences,https://doi.org/10.1097/opx.0000000000001274
W2115966148,W2115966148,reference_only,False,26,,3,0,,,,,,,
W2182153856,W2182153856,reference_only,False,26,,3,0,,,,,,,
W2772479565,Audio-Visual Feedback For Self-Monitoring Posture In Ballet Training,publication,True,35,2017.0,0,4,Diversity and Impact of Dance,VBN Forskningsportal (Aalborg Universitet),article,Experimental and Cognitive Psychology,Psychology,Social Sciences,https://doi.org/10.5281/zenodo.1181421
W4391167387,SonoUno development: a User-Centered Sonificationsoftware for data analysis,publication,True,6,2024.0,0,12,Tactile and Sensory Interactions,The Journal of Open Source Software,article,Cognitive Neuroscience,Neuroscience,Life Sciences,https://doi.org/10.21105/joss.05819
W4401809431,Accessible Mathematics: Representation of Functions Through Sound and Touch,publication,True,1,2024.0,0,7,Tactile and Sensory Interactions,IEEE Access,article,Cognitive Neuroscience,Neuroscience,Life Sciences,https://doi.org/10.1109/access.2024.3448509
W3003759491,W3003759491,reference_only,False,1,,2,0,,,,,,,
W2315359425,Twenty Years of Cognitive Work Analysis in Health Care,publication,True,19,2013.0,0,14,Patient Safety and Medication Errors,Journal of Cognitive Engineering and Decision Making,article,Emergency Medical Services,Health Professions,Health Sciences,https://doi.org/10.1177/1555343413488391
W2124126801,W2124126801,reference_only,False,19,,3,0,,,,,,,
W2063648817,Perceptual evaluation of filters controlling source direction: Customized and generalized HRTFs for binaural synthesis,publication,True,8,2003.0,4,30,Hearing Loss and Rehabilitation,Nippon Onkyo Gakkaishi/Acoustical science and technology/Nihon Onkyo Gakkaishi,article,Cognitive Neuroscience,Neuroscience,Life Sciences,https://doi.org/10.1250/ast.24.220
W12490552,W12490552,reference_only,False,8,,2,0,,,,,,,
W17855792,W17855792,reference_only,False,8,,4,0,,,,,,,
W1975566470,W1975566470,reference_only,False,0,,2,0,,,,,,,
W2068370932,W2068370932,reference_only,False,8,,2,0,,,,,,,
W2069786694,W2069786694,reference_only,False,8,,3,0,,,,,,,
W2254897840,W2254897840,reference_only,False,8,,3,0,,,,,,,
W1998604895,W1998604895,reference_only,False,1,,2,0,,,,,,,
W2134204712,"Experimental observation of magnetosome chain collapse in magnetotactic bacteria: Sedimentological, paleomagnetic, and evolutionary implications",publication,True,19,2006.0,0,1,Geomagnetism and Paleomagnetism Studies,Earth and Planetary Science Letters,article,Molecular Biology,"Biochemistry, Genetics and Molecular Biology",Life Sciences,https://doi.org/10.1016/j.epsl.2006.03.041
W2008460910,Effect of different extraction protocols on anticancer and antioxidant activities of Berberis koreana bark extracts,publication,True,8,2009.0,0,1,Microbial Inactivation Methods,Journal of Bioscience and Bioengineering,article,Biotechnology,"Biochemistry, Genetics and Molecular Biology",Life Sciences,https://doi.org/10.1016/j.jbiosc.2008.11.021
W1526915519,W1526915519,reference_only,False,35,,2,0,,,,,,,
W1784695092,W1784695092,reference_only,False,8,,2,0,,,,,,,
W2082941424,W2082941424,reference_only,False,35,,2,0,,,,,,,
W2138196863,W2138196863,reference_only,False,35,,2,0,,,,,,,
W1534915284,W1534915284,reference_only,False,8,,2,0,,,,,,,
W2007519957,Using 3D Sound to Improve the Effectiveness of the Advanced Driver Assistance Systems,publication,True,28,2002.0,0,7,Tactile and Sensory Interactions,Personal and Ubiquitous Computing,article,Cognitive Neuroscience,Neuroscience,Life Sciences,https://doi.org/10.1007/s007790200016
W2088648795,W2088648795,reference_only,False,28,,2,0,,,,,,,
W2739879521,Locative Media as Sonic Interaction Design: Walking through Placed Sounds,publication,True,5,2015.0,0,6,Music Technology and Sound Studies,Wi Journal of Mobile Media,article,Computer Vision and Pattern Recognition,Computer Science,Physical Sciences,https://doi.org/10.65968/usnm3225
W1931273666,"Sonic Interaction Design. Catalogue of an Exhibition at Norwegian Museum of Science, Technology and Medicine",publication,True,5,2011.0,2,0,Music Technology and Sound Studies,,article,Computer Vision and Pattern Recognition,Computer Science,Physical Sciences,
W2296042826,Reappropriating Museum Collections: Performing Geology Specimens And Meterology Data As New Instruments For Musical Expression,publication,True,5,2014.0,0,1,Music Technology and Sound Studies,Zenodo (CERN European Organization for Nuclear Research),article,Computer Vision and Pattern Recognition,Computer Science,Physical Sciences,https://doi.org/10.5281/zenodo.1178719
W1521889271,W1521889271,reference_only,False,5,,2,0,,,,,,,
W2052912711,Preparation of Raspberry-Like Adsorbed Silica Nanoparticles via Miniemulsion Polymerization Using a Glycerol-Functionalized Silica Sol,publication,True,19,2012.0,0,1,Mesoporous Materials and Catalysis,International Journal of Polymeric Materials,article,Materials Chemistry,Materials Science,Physical Sciences,https://doi.org/10.1080/00914037.2012.719135
W6734884751,W6734884751,reference_only,False,19,,3,0,,,,,,,
W2148306650,Characterization of cytosolic sialidase from Chinese hamster ovary cells,publication,True,2,2001.0,0,3,Viral Infectious Diseases and Gene Expression in Insects,Carbohydrate Research,article,Molecular Biology,"Biochemistry, Genetics and Molecular Biology",Life Sciences,https://doi.org/10.1016/s0008-6215(00)00294-9
W2020764593,Intelligibility of Speech in a Virtual 3-D Environment,publication,True,8,2002.0,0,18,Hearing Loss and Rehabilitation,Human Factors The Journal of the Human Factors and Ergonomics Society,article,Cognitive Neuroscience,Neuroscience,Life Sciences,https://doi.org/10.1518/0018720024497934
W2034586919,W2034586919,reference_only,False,8,,3,0,,,,,,,
W3005133000,W3005133000,reference_only,False,8,,2,0,,,,,,,
W1634447209,Design of virtual three-dimensional instruments for sound control,publication,True,5,1998.0,0,24,Tactile and Sensory Interactions,,article,Cognitive Neuroscience,Neuroscience,Life Sciences,
W19855640,W19855640,reference_only,False,35,,2,0,,,,,,,
W104553443,W104553443,reference_only,False,5,,2,0,,,,,,,
W1981251982,W1981251982,reference_only,False,1,,2,0,,,,,,,
W2087802603,W2087802603,reference_only,False,5,,3,0,,,,,,,
W2100355365,W2100355365,reference_only,False,5,,2,0,,,,,,,
W2123564600,W2123564600,reference_only,False,5,,2,0,,,,,,,
W2152988638,W2152988638,reference_only,False,5,,2,0,,,,,,,
W2164261480,W2164261480,reference_only,False,5,,2,0,,,,,,,
W2329015203,W2329015203,reference_only,False,5,,2,0,,,,,,,
W2763075208,W2763075208,reference_only,False,1,,2,0,,,,,,,
W2167913425,W2167913425,reference_only,False,23,,2,0,,,,,,,
W1517776996,Chapter 17 Sound maps: Music and sound in cybercartography,publication,True,26,2005.0,0,10,Tactile and Sensory Interactions,Modern cartography,book-chapter,Cognitive Neuroscience,Neuroscience,Life Sciences,https://doi.org/10.1016/s1363-0814(05)80020-6
W1561994421,W1561994421,reference_only,False,1,,2,0,,,,,,,
W2050865954,W2050865954,reference_only,False,8,,2,0,,,,,,,
W2778205983,W2778205983,reference_only,False,1,,2,0,,,,,,,
W2986198775,W2986198775,reference_only,False,6,,2,0,,,,,,,
W591106111,W591106111,reference_only,False,6,,2,0,,,,,,,
W1514161587,W1514161587,reference_only,False,5,,2,0,,,,,,,
W1606540910,W1606540910,reference_only,False,5,,2,0,,,,,,,
W2001136156,W2001136156,reference_only,False,5,,2,0,,,,,,,
W2003103143,W2003103143,reference_only,False,5,,2,0,,,,,,,
W2100362436,W2100362436,reference_only,False,5,,3,0,,,,,,,
W2119982708,W2119982708,reference_only,False,5,,2,0,,,,,,,
W2497735908,W2497735908,reference_only,False,5,,2,0,,,,,,,
W1481273337,W1481273337,reference_only,False,26,,2,0,,,,,,,
W1531273953,W1531273953,reference_only,False,1,,3,0,,,,,,,
W2096147331,W2096147331,reference_only,False,34,,3,0,,,,,,,
W2112420768,W2112420768,reference_only,False,34,,3,0,,,,,,,
W4388976519,Enhancing Art Gallery Visitors' Experiences through Audio Augmented Reality Technology,publication,True,23,2023.0,0,14,Augmented Reality Applications,Proceedings of the Human Factors and Ergonomics Society Annual Meeting,article,Computer Vision and Pattern Recognition,Computer Science,Physical Sciences,https://doi.org/10.1177/21695067231192706
W1992323100,W1992323100,reference_only,False,8,,2,0,,,,,,,
W2395176884,Harnessing the Intelligence of Physarum Polycephalum for Unconventional Computing-Aided Musical Composition.,publication,True,0,2014.0,0,8,Slime Mold and Myxomycetes Research,,article,Biomedical Engineering,Engineering,Physical Sciences,
W3021254173,Auditory Interfaces,publication,True,1,2008.0,0,65,Personal Information Management and User Behavior,Elsevier eBooks,book-chapter,Information Systems and Management,Decision Sciences,Social Sciences,https://doi.org/10.1016/b978-0-12-374017-5.00005-5
W1574322542,W1574322542,reference_only,False,1,,3,0,,,,,,,
W2111587852,W2111587852,reference_only,False,28,,2,0,,,,,,,
W2152077962,W2152077962,reference_only,False,1,,2,0,,,,,,,
W616614584,W616614584,reference_only,False,19,,2,0,,,,,,,
W2094155817,W2094155817,reference_only,False,19,,4,0,,,,,,,
W2129758742,W2129758742,reference_only,False,1,,2,0,,,,,,,
W2500623101,W2500623101,reference_only,False,28,,2,0,,,,,,,
W163371625,Cell-mediated immune response to Babesia equi-transformed lymphoblastoid cells in vitro.,publication,True,21,1983.0,0,13,Vector-borne infectious diseases,PubMed,article,Parasitology,Immunology and Microbiology,Life Sciences,
W51883999,W51883999,reference_only,False,21,,2,0,,,,,,,
W1550310038,W1550310038,reference_only,False,21,,2,0,,,,,,,
W1556069577,W1556069577,reference_only,False,21,,2,0,,,,,,,
W1968054588,W1968054588,reference_only,False,21,,2,0,,,,,,,
W1972159097,W1972159097,reference_only,False,21,,2,0,,,,,,,
W2014126881,W2014126881,reference_only,False,21,,2,0,,,,,,,
W2019589306,W2019589306,reference_only,False,21,,2,0,,,,,,,
W2045391960,W2045391960,reference_only,False,21,,2,0,,,,,,,
W2061115493,W2061115493,reference_only,False,21,,2,0,,,,,,,
W2087273739,W2087273739,reference_only,False,21,,2,0,,,,,,,
W2103838106,W2103838106,reference_only,False,21,,2,0,,,,,,,
W2152284950,W2152284950,reference_only,False,21,,2,0,,,,,,,
W2229344040,W2229344040,reference_only,False,21,,2,0,,,,,,,
W2748376870,A Model of Nature Soundscape for Calm Information Display,publication,True,1,2017.0,0,28,Noise Effects and Management,Interacting with Computers,article,Speech and Hearing,Health Professions,Health Sciences,https://doi.org/10.1093/iwc/iwx007
W2064406339,W2064406339,reference_only,False,32,,2,0,,,,,,,
W2890913619,Siamese Style Convolutional Neural Networks for Sound Search by Vocal Imitation,publication,True,6,2018.0,0,10,Music and Audio Processing,IEEE/ACM Transactions on Audio Speech and Language Processing,article,Signal Processing,Computer Science,Physical Sciences,https://doi.org/10.1109/taslp.2018.2868428
W2054139811,W2054139811,reference_only,False,6,,2,0,,,,,,,
W2100495367,W2100495367,reference_only,False,6,,2,0,,,,,,,
W1994184859,Use of Ultrasonic Energy in the Enzymatic Treatment of Cotton Fabric,publication,True,20,1998.0,0,1,Dyeing and Modifying Textile Fibers,Industrial & Engineering Chemistry Research,article,Building and Construction,Engineering,Physical Sciences,https://doi.org/10.1021/ie980274j
W1588957466,W1588957466,reference_only,False,1,,3,0,,,,,,,
W2003503096,W2003503096,reference_only,False,1,,2,0,,,,,,,
W3191904179,New Water and Air Pollution Sensors Added to the Sonic Kayak Citizen Science System for Low Cost Environmental Mapping,publication,True,27,2021.0,0,20,Water Quality Monitoring Technologies,Journal of Open Hardware,article,Water Science and Technology,Environmental Science,Physical Sciences,https://doi.org/10.5334/joh.35
W1971700825,W1971700825,reference_only,False,27,,2,0,,,,,,,
W2012807638,W2012807638,reference_only,False,27,,2,0,,,,,,,
W2064283725,W2064283725,reference_only,False,27,,2,0,,,,,,,
W2115408538,W2115408538,reference_only,False,27,,2,0,,,,,,,
W2262933009,W2262933009,reference_only,False,27,,2,0,,,,,,,
W2467721114,W2467721114,reference_only,False,27,,3,0,,,,,,,
W2557919609,W2557919609,reference_only,False,27,,2,0,,,,,,,
W2801959627,W2801959627,reference_only,False,27,,2,0,,,,,,,
W2804233742,W2804233742,reference_only,False,27,,2,0,,,,,,,
W2946042712,W2946042712,reference_only,False,27,,2,0,,,,,,,
W2954492718,W2954492718,reference_only,False,27,,2,0,,,,,,,
W2982479261,W2982479261,reference_only,False,27,,2,0,,,,,,,
W2999594827,W2999594827,reference_only,False,27,,2,0,,,,,,,
W3027509960,W3027509960,reference_only,False,27,,2,0,,,,,,,
W3088996828,W3088996828,reference_only,False,27,,2,0,,,,,,,
W4399650503,W4399650503,reference_only,False,27,,2,0,,,,,,,
W6795848648,W6795848648,reference_only,False,27,,2,0,,,,,,,
W1482021371,W1482021371,reference_only,False,5,,2,0,,,,,,,
W1551833548,W1551833548,reference_only,False,5,,2,0,,,,,,,
W2582355921,A graph-based system for the dynamic generation of soundscapes,publication,True,5,2009.0,0,17,Music Technology and Sound Studies,,article,Computer Vision and Pattern Recognition,Computer Science,Physical Sciences,
W1505888555,W1505888555,reference_only,False,5,,2,0,,,,,,,
W2171033441,W2171033441,reference_only,False,5,,3,0,,,,,,,
W3004102077,Brain Art,publication,True,0,2019.0,0,18,Creativity in Education and Neuroscience,,book,Experimental and Cognitive Psychology,Psychology,Social Sciences,https://doi.org/10.1007/978-3-030-14323-7
W42578071,W42578071,reference_only,False,0,,2,0,,,,,,,
W2006355762,W2006355762,reference_only,False,0,,2,0,,,,,,,
W2031808039,W2031808039,reference_only,False,0,,2,0,,,,,,,
W2105410303,W2105410303,reference_only,False,0,,2,0,,,,,,,
W2113437737,W2113437737,reference_only,False,0,,3,0,,,,,,,
W2155006080,W2155006080,reference_only,False,0,,2,0,,,,,,,
W2177328977,Arts and Brain-Computer Interfaces (BCIs),publication,True,0,2015.0,2,0,EEG and Brain-Computer Interfaces,Brain-Computer Interfaces,article,Cognitive Neuroscience,Neuroscience,Life Sciences,https://doi.org/10.1080/2326263x.2015.1100514
W2360403697,W2360403697,reference_only,False,0,,2,0,,,,,,,
W2430549185,W2430549185,reference_only,False,0,,2,0,,,,,,,
W2795162484,W2795162484,reference_only,False,0,,2,0,,,,,,,
W2796391149,W2796391149,reference_only,False,0,,2,0,,,,,,,
W2898753563,W2898753563,reference_only,False,0,,2,0,,,,,,,
W2945608185,W2945608185,reference_only,False,0,,2,0,,,,,,,
W4302430368,W4302430368,reference_only,False,0,,2,0,,,,,,,
W2020464594,Estimation of interaural level difference based on anthropometry and its effect on sound localization,publication,True,8,2007.0,0,24,Hearing Loss and Rehabilitation,The Journal of the Acoustical Society of America,article,Cognitive Neuroscience,Neuroscience,Life Sciences,https://doi.org/10.1121/1.2785039
W2037866942,W2037866942,reference_only,False,8,,2,0,,,,,,,
W2594917419,Software Design for Low-Latency Visuo-Auditory Sensory Substitution on Mobile Devices,publication,True,26,2017.0,0,19,Tactile and Sensory Interactions,Computer and Information Science,article,Cognitive Neuroscience,Neuroscience,Life Sciences,https://doi.org/10.5539/cis.v10n2p1
W204005500,Spatial audio teleconferencing - which way is better,publication,True,8,1997.0,0,6,Speech and Audio Processing,,article,Signal Processing,Computer Science,Physical Sciences,
W1976714163,Manometric determination of biological degradability of substances poorly soluble in aqueous environments,publication,True,19,1997.0,0,1,Analytical Chemistry and Sensors,International Biodeterioration & Biodegradation,article,Bioengineering,Chemical Engineering,Physical Sciences,https://doi.org/10.1016/s0964-8305(97)00033-4
W1563666739,Design of Virtual 3D Instruments for Musical Interaction,publication,True,5,1999.0,0,7,Tactile and Sensory Interactions,,article,Cognitive Neuroscience,Neuroscience,Life Sciences,https://doi.org/10.20380/gi1999.11
W2014224395,The use of vocal signals in the social play of barbary macaques,publication,True,28,2002.0,0,1,Primate Behavior and Ecology,Primates,article,Social Psychology,Psychology,Social Sciences,https://doi.org/10.1007/bf02629572
W2163827236,Monitoring the Anesthetized Patient: An Analysis of Confusions in Vital Sign Reports,publication,True,19,2003.0,0,8,Healthcare Technology and Patient Monitoring,Proceedings of the Human Factors and Ergonomics Society Annual Meeting,article,Surgery,Medicine,Health Sciences,https://doi.org/10.1177/154193120304701243
W4400842024,Game accessibility for visually impaired people: a review,publication,True,26,2024.0,0,14,Tactile and Sensory Interactions,Soft Computing,article,Cognitive Neuroscience,Neuroscience,Life Sciences,https://doi.org/10.1007/s00500-024-09827-4
W2345925440,W2345925440,reference_only,False,26,,2,0,,,,,,,
W1993934635,W1993934635,reference_only,False,35,,2,0,,,,,,,
W2030269848,W2030269848,reference_only,False,3,,3,0,,,,,,,
W2145103322,W2145103322,reference_only,False,35,,2,0,,,,,,,
W2202261414,W2202261414,reference_only,False,35,,2,0,,,,,,,
W2402349478,Exploring Sound-Motion Similarity in Musical Experience,publication,True,5,2016.0,0,25,Neuroscience and Music Perception,Journal of New Music Research,article,Cognitive Neuroscience,Neuroscience,Life Sciences,https://doi.org/10.1080/09298215.2016.1184689
W2071620525,W2071620525,reference_only,False,35,,4,0,,,,,,,
W2493459293,W2493459293,reference_only,False,5,,2,0,,,,,,,
W2004790668,The Effects of Ecological Auditory Feedback on Rhythmic Walking Interaction,publication,True,3,2015.0,0,18,Music Technology and Sound Studies,IEEE Multimedia,article,Computer Vision and Pattern Recognition,Computer Science,Physical Sciences,https://doi.org/10.1109/mmul.2015.17
W1508609913,W1508609913,reference_only,False,3,,2,0,,,,,,,
W1985370685,W1985370685,reference_only,False,3,,2,0,,,,,,,
W1985869838,W1985869838,reference_only,False,3,,2,0,,,,,,,
W1986104867,W1986104867,reference_only,False,3,,4,0,,,,,,,
W2110297641,W2110297641,reference_only,False,3,,2,0,,,,,,,
W2141645628,W2141645628,reference_only,False,3,,2,0,,,,,,,
W2552342068,W2552342068,reference_only,False,3,,3,0,,,,,,,
W6636292608,W6636292608,reference_only,False,3,,2,0,,,,,,,
W4396938863,Exploring Different Types of Music Cues for Arm Movements in Adults with Parkinson’s,publication,True,35,2024.0,0,13,Parkinson's Disease Mechanisms and Treatments,Music Therapy Perspectives,article,Neurology,Medicine,Health Sciences,https://doi.org/10.1093/mtp/miae008
W2968739964,W2968739964,reference_only,False,35,,2,0,,,,,,,
W6766463233,W6766463233,reference_only,False,35,,2,0,,,,,,,
W2177181945,W2177181945,reference_only,False,1,,2,0,,,,,,,
W2996676559,<i>Points Further North</i>: An acoustemological cartography of non-place,publication,True,5,2019.0,0,7,Sound Studies and Aurality,Journal of New Music Research,article,Experimental and Cognitive Psychology,Psychology,Social Sciences,https://doi.org/10.1080/09298215.2019.1704020
W603866903,W603866903,reference_only,False,6,,2,0,,,,,,,
W2049321451,The Sensorium: A Multimodal Neurofeedback Environment,publication,True,0,2010.0,0,9,EEG and Brain-Computer Interfaces,Advances in Human-Computer Interaction,article,Cognitive Neuroscience,Neuroscience,Life Sciences,https://doi.org/10.1155/2011/724204
W2086420368,W2086420368,reference_only,False,0,,2,0,,,,,,,
W2129279190,W2129279190,reference_only,False,0,,2,0,,,,,,,
W2223427559,W2223427559,reference_only,False,1,,2,0,,,,,,,
W3155255464,Composing by Laypeople: A Broader Perspective Provided by Arithmetic Operation Grammar,publication,True,6,2020.0,0,6,Music Technology and Sound Studies,Computer Music Journal,article,Computer Vision and Pattern Recognition,Computer Science,Physical Sciences,https://doi.org/10.1162/comj_a_00550
W2051766762,W2051766762,reference_only,False,5,,3,0,,,,,,,
W2037320486,W2037320486,reference_only,False,1,,2,0,,,,,,,
W169883241,AN INDEPENDENT DECLARATIVE 3D AUDIO FORMAT ON THE BASIS OF XML,publication,True,8,2003.0,0,2,Music Technology and Sound Studies,,article,Computer Vision and Pattern Recognition,Computer Science,Physical Sciences,
W2067171842,Rod outer segment phosphodiesterase: Factors affecting the hydrolysis of cyclic-AMP and cyclic-GMP,publication,True,22,1974.0,0,2,Phosphodiesterase function and regulation,Experimental Eye Research,article,Molecular Biology,"Biochemistry, Genetics and Molecular Biology",Life Sciences,https://doi.org/10.1016/0014-4835(74)90057-8
W2047404335,W2047404335,reference_only,False,22,,2,0,,,,,,,
W4301381893,W4301381893,reference_only,False,22,,2,0,,,,,,,
W4394807578,Modifying an Organic Chemistry Esterification Teaching Lab to Be Accessible to Blind and Visually Impaired (BVI) Students,publication,True,26,2024.0,0,2,Various Chemistry Research Topics,Journal of Chemical Education,article,Physical and Theoretical Chemistry,Chemistry,Physical Sciences,https://doi.org/10.1021/acs.jchemed.3c01081
W4056024,Augmented intelligibility in simultaneous multi-talker environments,publication,True,8,2003.0,0,11,Hearing Loss and Rehabilitation,International Conference on Auditory Display,article,Cognitive Neuroscience,Neuroscience,Life Sciences,
W1997709277,W1997709277,reference_only,False,8,,2,0,,,,,,,
W4406410889,Hidden Music,publication,True,6,2025.0,0,17,Neuroscience and Music Perception,Cambridge University Press eBooks,book,Cognitive Neuroscience,Neuroscience,Life Sciences,https://doi.org/10.1017/9781009258555
W2071472967,"Enterobacterial Common Antigen: Isolation from Shigella sonnei, Purification and Immunochemical Characterization",publication,True,2,1978.0,0,2,Escherichia coli research studies,European Journal of Biochemistry,article,Endocrinology,"Biochemistry, Genetics and Molecular Biology",Life Sciences,https://doi.org/10.1111/j.1432-1033.1978.tb20941.x
W2121284174,W2121284174,reference_only,False,28,,2,0,,,,,,,
W2147748530,Auditory Spatial Facilitation of Visual Search Performance: Effect of Cue Precision and Distractor Density,publication,True,8,1999.0,0,15,Multisensory perception and integration,Human Factors The Journal of the Human Factors and Ergonomics Society,article,Experimental and Cognitive Psychology,Psychology,Social Sciences,https://doi.org/10.1518/001872099779577354
W2020672069,W2020672069,reference_only,False,8,,2,0,,,,,,,
W2735122693,W2735122693,reference_only,False,8,,2,0,,,,,,,
W2139060137,Representations and Algorithms for Force-Feedback Display,publication,True,34,2013.0,0,21,Teleoperation and Haptic Systems,Proceedings of the IEEE,article,Mechanical Engineering,Engineering,Physical Sciences,https://doi.org/10.1109/jproc.2013.2246131
W1492906224,W1492906224,reference_only,False,34,,2,0,,,,,,,
W1594612489,W1594612489,reference_only,False,34,,2,0,,,,,,,
W1878249965,W1878249965,reference_only,False,34,,2,0,,,,,,,
W1969561071,W1969561071,reference_only,False,34,,2,0,,,,,,,
W1974577648,W1974577648,reference_only,False,34,,2,0,,,,,,,
W2050597798,W2050597798,reference_only,False,34,,2,0,,,,,,,
W2109226184,W2109226184,reference_only,False,34,,3,0,,,,,,,
W2140473646,W2140473646,reference_only,False,34,,2,0,,,,,,,
W2149554860,W2149554860,reference_only,False,34,,2,0,,,,,,,
W2170751489,W2170751489,reference_only,False,34,,2,0,,,,,,,
W4214813828,W4214813828,reference_only,False,34,,2,0,,,,,,,
W4292544166,The Biological Roots of Music and Dance,publication,True,24,2022.0,0,98,Primate Behavior and Ecology,Human Nature,article,Social Psychology,Psychology,Social Sciences,https://doi.org/10.1007/s12110-022-09429-9
W17050285,W17050285,reference_only,False,24,,2,0,,,,,,,
W1525294673,W1525294673,reference_only,False,24,,2,0,,,,,,,
W1545440530,W1545440530,reference_only,False,24,,2,0,,,,,,,
W1554401635,W1554401635,reference_only,False,24,,2,0,,,,,,,
W1579247973,W1579247973,reference_only,False,24,,2,0,,,,,,,
W1963981927,W1963981927,reference_only,False,24,,2,0,,,,,,,
W1964905272,W1964905272,reference_only,False,24,,2,0,,,,,,,
W1966108188,W1966108188,reference_only,False,24,,2,0,,,,,,,
W1966194799,W1966194799,reference_only,False,24,,2,0,,,,,,,
W1982678721,W1982678721,reference_only,False,24,,2,0,,,,,,,
W1989581113,W1989581113,reference_only,False,24,,2,0,,,,,,,
W1995692367,W1995692367,reference_only,False,24,,2,0,,,,,,,
W2004191665,W2004191665,reference_only,False,24,,2,0,,,,,,,
W2005920771,W2005920771,reference_only,False,24,,2,0,,,,,,,
W2013832123,W2013832123,reference_only,False,24,,2,0,,,,,,,
W2039159203,W2039159203,reference_only,False,24,,2,0,,,,,,,
W2041995604,W2041995604,reference_only,False,24,,2,0,,,,,,,
W2050287087,W2050287087,reference_only,False,24,,2,0,,,,,,,
W2063555015,W2063555015,reference_only,False,24,,2,0,,,,,,,
W2063935091,W2063935091,reference_only,False,24,,2,0,,,,,,,
W2069138632,W2069138632,reference_only,False,24,,2,0,,,,,,,
W2070865249,W2070865249,reference_only,False,24,,2,0,,,,,,,
W2092252414,W2092252414,reference_only,False,24,,2,0,,,,,,,
W2111970780,W2111970780,reference_only,False,24,,2,0,,,,,,,
W2115642559,W2115642559,reference_only,False,24,,2,0,,,,,,,
W2124413118,W2124413118,reference_only,False,24,,2,0,,,,,,,
W2124950475,W2124950475,reference_only,False,24,,2,0,,,,,,,
W2137530867,W2137530867,reference_only,False,24,,2,0,,,,,,,
W2149374875,W2149374875,reference_only,False,24,,2,0,,,,,,,
W2165705696,W2165705696,reference_only,False,24,,2,0,,,,,,,
W2168287995,W2168287995,reference_only,False,24,,2,0,,,,,,,
W2168325312,W2168325312,reference_only,False,24,,2,0,,,,,,,
W2172041006,W2172041006,reference_only,False,24,,2,0,,,,,,,
W2173649109,W2173649109,reference_only,False,24,,2,0,,,,,,,
W2288769222,W2288769222,reference_only,False,24,,2,0,,,,,,,
W2306903235,W2306903235,reference_only,False,24,,2,0,,,,,,,
W2323914239,W2323914239,reference_only,False,24,,2,0,,,,,,,
W2395255409,W2395255409,reference_only,False,24,,2,0,,,,,,,
W2433580316,W2433580316,reference_only,False,24,,2,0,,,,,,,
W2537943563,W2537943563,reference_only,False,24,,2,0,,,,,,,
W2539128088,W2539128088,reference_only,False,24,,2,0,,,,,,,
W2551260609,W2551260609,reference_only,False,24,,2,0,,,,,,,
W2619274139,W2619274139,reference_only,False,24,,2,0,,,,,,,
W2624385030,W2624385030,reference_only,False,24,,2,0,,,,,,,
W2728199486,W2728199486,reference_only,False,24,,2,0,,,,,,,
W2743582522,W2743582522,reference_only,False,24,,2,0,,,,,,,
W2762173626,W2762173626,reference_only,False,24,,2,0,,,,,,,
W2773895304,W2773895304,reference_only,False,24,,2,0,,,,,,,
W2780806617,W2780806617,reference_only,False,24,,2,0,,,,,,,
W2789568771,W2789568771,reference_only,False,24,,2,0,,,,,,,
W2800345417,W2800345417,reference_only,False,24,,2,0,,,,,,,
W2892894833,W2892894833,reference_only,False,24,,2,0,,,,,,,
W2894051121,W2894051121,reference_only,False,24,,2,0,,,,,,,
W2898432368,W2898432368,reference_only,False,24,,2,0,,,,,,,
W2900673899,W2900673899,reference_only,False,24,,2,0,,,,,,,
W2902349003,W2902349003,reference_only,False,24,,2,0,,,,,,,
W2905613506,W2905613506,reference_only,False,24,,2,0,,,,,,,
W2906854687,W2906854687,reference_only,False,24,,2,0,,,,,,,
W2914719245,W2914719245,reference_only,False,24,,2,0,,,,,,,
W2941951588,W2941951588,reference_only,False,24,,2,0,,,,,,,
W2943971553,W2943971553,reference_only,False,24,,2,0,,,,,,,
W2963225286,W2963225286,reference_only,False,24,,2,0,,,,,,,
W2976625582,W2976625582,reference_only,False,24,,2,0,,,,,,,
W2979709441,W2979709441,reference_only,False,24,,2,0,,,,,,,
W3006752585,W3006752585,reference_only,False,24,,2,0,,,,,,,
W3014542064,W3014542064,reference_only,False,24,,2,0,,,,,,,
W3015731989,W3015731989,reference_only,False,24,,2,0,,,,,,,
W3037594810,W3037594810,reference_only,False,24,,2,0,,,,,,,
W3046800324,W3046800324,reference_only,False,24,,2,0,,,,,,,
W3048175213,W3048175213,reference_only,False,24,,2,0,,,,,,,
W3080462905,W3080462905,reference_only,False,24,,2,0,,,,,,,
W3081156124,W3081156124,reference_only,False,24,,2,0,,,,,,,
W3086987251,W3086987251,reference_only,False,24,,2,0,,,,,,,
W3088192037,W3088192037,reference_only,False,24,,2,0,,,,,,,
W3100258121,W3100258121,reference_only,False,24,,2,0,,,,,,,
W3106116214,W3106116214,reference_only,False,24,,2,0,,,,,,,
W3115744292,W3115744292,reference_only,False,24,,2,0,,,,,,,
W3134542457,W3134542457,reference_only,False,24,,2,0,,,,,,,
W3151382349,W3151382349,reference_only,False,24,,2,0,,,,,,,
W3158509501,W3158509501,reference_only,False,24,,2,0,,,,,,,
W3160171555,W3160171555,reference_only,False,24,,2,0,,,,,,,
W3160412483,W3160412483,reference_only,False,24,,2,0,,,,,,,
W3171522463,W3171522463,reference_only,False,24,,2,0,,,,,,,
W3189983937,W3189983937,reference_only,False,24,,2,0,,,,,,,
W3190291797,W3190291797,reference_only,False,24,,2,0,,,,,,,
W3205120937,W3205120937,reference_only,False,24,,2,0,,,,,,,
W3215524778,W3215524778,reference_only,False,24,,2,0,,,,,,,
W4200126092,W4200126092,reference_only,False,24,,2,0,,,,,,,
W4241207648,W4241207648,reference_only,False,24,,2,0,,,,,,,
W4255585211,W4255585211,reference_only,False,24,,2,0,,,,,,,
W4388324150,W4388324150,reference_only,False,24,,2,0,,,,,,,
W6634623048,W6634623048,reference_only,False,24,,2,0,,,,,,,
W6700832056,W6700832056,reference_only,False,24,,2,0,,,,,,,
W6757421781,W6757421781,reference_only,False,24,,2,0,,,,,,,
W7011169138,W7011169138,reference_only,False,24,,2,0,,,,,,,
W7026768716,W7026768716,reference_only,False,24,,2,0,,,,,,,
W1586829993,W1586829993,reference_only,False,19,,2,0,,,,,,,
W2056316061,W2056316061,reference_only,False,19,,2,0,,,,,,,
W2147400666,W2147400666,reference_only,False,19,,2,0,,,,,,,
W2148992350,W2148992350,reference_only,False,19,,2,0,,,,,,,
W2122080988,Electronic Music for Bio-Molecules Using Short Music Phrases,publication,True,14,2007.0,0,5,Advanced Text Analysis Techniques,Leonardo,article,Artificial Intelligence,Computer Science,Physical Sciences,https://doi.org/10.1162/leon.2007.40.2.137
W2601358781,W2601358781,reference_only,False,19,,4,0,,,,,,,
W2911240772,W2911240772,reference_only,False,19,,2,0,,,,,,,
W3202733979,Towards Understanding Sensory Substitution for Accessible Visualization: An Interview Study,publication,True,1,2021.0,0,49,Tactile and Sensory Interactions,IEEE Transactions on Visualization and Computer Graphics,article,Cognitive Neuroscience,Neuroscience,Life Sciences,https://doi.org/10.1109/tvcg.2021.3114829
W2396069704,W2396069704,reference_only,False,1,,2,0,,,,,,,
W2623453388,W2623453388,reference_only,False,26,,2,0,,,,,,,
W2724736859,W2724736859,reference_only,False,26,,2,0,,,,,,,
W2945556867,W2945556867,reference_only,False,1,,2,0,,,,,,,
W3021263300,W3021263300,reference_only,False,31,,2,0,,,,,,,
W2998802309,Auditory Coding of Reaching Space,publication,True,35,2020.0,0,55,Tactile and Sensory Interactions,Applied Sciences,article,Cognitive Neuroscience,Neuroscience,Life Sciences,https://doi.org/10.3390/app10020429
W4409210583,Sensing the Inside Out: An Embodied Perspective on Digital Animation Through Motion Capture and Wearables,publication,True,3,2025.0,0,8,Human Motion and Animation,Sensors,article,Control and Systems Engineering,Engineering,Physical Sciences,https://doi.org/10.3390/s25072314
W4392552353,"Pushed by Sound: Effects of Sound and Movement Direction on Body Perception, Experience Quality, and Exercise Support",publication,True,35,2024.0,0,44,Multisensory perception and integration,ACM Transactions on Computer-Human Interaction,article,Experimental and Cognitive Psychology,Psychology,Social Sciences,https://doi.org/10.1145/3648616
W1964359788,W1964359788,reference_only,False,26,,2,0,,,,,,,
W2028065050,W2028065050,reference_only,False,8,,2,0,,,,,,,
W2129553141,W2129553141,reference_only,False,26,,2,0,,,,,,,
W2905528521,W2905528521,reference_only,False,19,,2,0,,,,,,,
W4299627282,W4299627282,reference_only,False,28,,2,0,,,,,,,
W2159932777,Virtual Workbench: Near-Field Virtual Environment System with Applications,publication,True,6,1999.0,0,3,Visual perception and processing mechanisms,PRESENCE Virtual and Augmented Reality,article,Cognitive Neuroscience,Neuroscience,Life Sciences,https://doi.org/10.1162/105474699566422
W2288146251,W2288146251,reference_only,False,6,,4,0,,,,,,,
W1966216464,W1966216464,reference_only,False,26,,3,0,,,,,,,
W2038601351,W2038601351,reference_only,False,26,,2,0,,,,,,,
W2051914653,W2051914653,reference_only,False,26,,2,0,,,,,,,
W2106810646,W2106810646,reference_only,False,26,,4,0,,,,,,,
W2117546971,AudioPlusWidgets: Bringing Sound to Software Widgets and Interface Components,publication,True,1,2008.0,0,18,Music Technology and Sound Studies,,article,Computer Vision and Pattern Recognition,Computer Science,Physical Sciences,
W2068951699,Ecological IVIS design: using EID to develop a novel in-vehicle information system,publication,True,19,2010.0,0,22,Human-Automation Interaction and Safety,Theoretical Issues in Ergonomics Science,article,Social Psychology,Psychology,Social Sciences,https://doi.org/10.1080/1463922x.2010.505270
W1980250221,W1980250221,reference_only,False,28,,2,0,,,,,,,
W2076587077,W2076587077,reference_only,False,19,,3,0,,,,,,,
W1965107874,W1965107874,reference_only,False,1,,2,0,,,,,,,
W2069820904,W2069820904,reference_only,False,26,,2,0,,,,,,,
W1496790334,A three-dimensional virtual simulator for aircraft flyover presentation,publication,True,25,2003.0,0,1,Noise Effects and Management,,article,Speech and Hearing,Health Professions,Health Sciences,
W2079638262,W2079638262,reference_only,False,25,,2,0,,,,,,,
W81867417,THE EFFECT OF AUDITORY RENDERING ON PERCEIVED MOVEMENT: LOUDSPEAKER DENSITY AND HRTF,publication,True,10,2001.0,0,5,Speech and Audio Processing,,article,Signal Processing,Computer Science,Physical Sciences,
W1569410650,W1569410650,reference_only,False,10,,2,0,,,,,,,
W2009011193,Acute Effects of Reducing Vertical Displacement and Step Frequency on Running Economy,publication,True,3,2011.0,0,2,Sports Performance and Training,The Journal of Strength and Conditioning Research,article,Orthopedics and Sports Medicine,Medicine,Health Sciences,https://doi.org/10.1519/jsc.0b013e318239f87f
W29438942,W29438942,reference_only,False,26,,3,0,,,,,,,
W1987454523,W1987454523,reference_only,False,26,,2,0,,,,,,,
W1990434233,W1990434233,reference_only,False,26,,2,0,,,,,,,
W1990694313,W1990694313,reference_only,False,26,,2,0,,,,,,,
W1994245089,W1994245089,reference_only,False,26,,2,0,,,,,,,
W1994612886,W1994612886,reference_only,False,8,,4,0,,,,,,,
W2041373047,W2041373047,reference_only,False,26,,2,0,,,,,,,
W2050211795,W2050211795,reference_only,False,26,,2,0,,,,,,,
W2101140607,W2101140607,reference_only,False,26,,2,0,,,,,,,
W2107825210,W2107825210,reference_only,False,26,,3,0,,,,,,,
W2153594251,W2153594251,reference_only,False,26,,2,0,,,,,,,
W3096272296,W3096272296,reference_only,False,26,,4,0,,,,,,,
W2999027282,Modeling of Individual HRTFs Based on Spatial Principal Component Analysis,publication,True,8,2020.0,0,27,Hearing Loss and Rehabilitation,IEEE/ACM Transactions on Audio Speech and Language Processing,article,Cognitive Neuroscience,Neuroscience,Life Sciences,https://doi.org/10.1109/taslp.2020.2967539
W19178994,W19178994,reference_only,False,8,,2,0,,,,,,,
W2001607488,W2001607488,reference_only,False,8,,2,0,,,,,,,
W2002475465,W2002475465,reference_only,False,8,,4,0,,,,,,,
W2026477383,W2026477383,reference_only,False,8,,5,0,,,,,,,
W2045356643,W2045356643,reference_only,False,8,,2,0,,,,,,,
W2050043981,W2050043981,reference_only,False,8,,2,0,,,,,,,
W2064609286,W2064609286,reference_only,False,8,,3,0,,,,,,,
W2084598301,W2084598301,reference_only,False,8,,2,0,,,,,,,
W2116114278,W2116114278,reference_only,False,8,,2,0,,,,,,,
W2121356515,W2121356515,reference_only,False,8,,4,0,,,,,,,
W2140538613,W2140538613,reference_only,False,8,,3,0,,,,,,,
W2346172236,W2346172236,reference_only,False,8,,2,0,,,,,,,
W2496323672,W2496323672,reference_only,False,8,,2,0,,,,,,,
W2982457175,A Physical Intelligent Instrument using Recurrent Neural Networks.,publication,True,26,2019.0,0,3,Music and Audio Processing,Duo Research Archive (University of Oslo),dissertation,Signal Processing,Computer Science,Physical Sciences,
W2964121744,W2964121744,reference_only,False,26,,2,0,,,,,,,
W2167548808,JackTrip/SoundWIRE Meets Server Farm,publication,True,5,2010.0,0,4,Music Technology and Sound Studies,Computer Music Journal,article,Computer Vision and Pattern Recognition,Computer Science,Physical Sciences,https://doi.org/10.1162/comj_a_00001
W2890653163,Programming gate-based hardware quantum computers for music,publication,True,6,2018.0,0,2,Quantum Computing Algorithms and Architecture,Muzikologija,article,Artificial Intelligence,Computer Science,Physical Sciences,https://doi.org/10.2298/muz1824021k
W2242125519,Designing and evaluating healthcare ICT innovation: a cognitive engineering view.,publication,True,19,2007.0,0,7,Healthcare Technology and Patient Monitoring,PubMed,article,Surgery,Medicine,Health Sciences,
W4362672043,Agency in Post-traumatic Stress Disorder: Implications for Therapy,publication,True,29,2023.0,0,51,Psychotherapy Techniques and Applications,,preprint,Clinical Psychology,Psychology,Social Sciences,https://doi.org/10.31234/osf.io/j2pwk
W1514491136,W1514491136,reference_only,False,29,,2,0,,,,,,,
W1990558808,W1990558808,reference_only,False,29,,2,0,,,,,,,
W2011622665,W2011622665,reference_only,False,29,,2,0,,,,,,,
W2014733348,W2014733348,reference_only,False,29,,2,0,,,,,,,
W2018927025,W2018927025,reference_only,False,29,,3,0,,,,,,,
W2022506413,W2022506413,reference_only,False,29,,3,0,,,,,,,
W2040990158,W2040990158,reference_only,False,29,,2,0,,,,,,,
W2051184568,W2051184568,reference_only,False,29,,2,0,,,,,,,
W2054313229,W2054313229,reference_only,False,29,,3,0,,,,,,,
W2059161307,W2059161307,reference_only,False,29,,2,0,,,,,,,
W2068730227,W2068730227,reference_only,False,29,,3,0,,,,,,,
W2069855766,W2069855766,reference_only,False,29,,2,0,,,,,,,
W2091752452,W2091752452,reference_only,False,29,,3,0,,,,,,,
W2094017113,W2094017113,reference_only,False,29,,2,0,,,,,,,
W2103287566,W2103287566,reference_only,False,29,,3,0,,,,,,,
W2109316022,W2109316022,reference_only,False,29,,2,0,,,,,,,
W2110366518,W2110366518,reference_only,False,29,,2,0,,,,,,,
W2114214919,W2114214919,reference_only,False,29,,3,0,,,,,,,
W2118561015,W2118561015,reference_only,False,29,,2,0,,,,,,,
W2139403880,W2139403880,reference_only,False,29,,3,0,,,,,,,
W2139641449,W2139641449,reference_only,False,29,,3,0,,,,,,,
W2157303606,W2157303606,reference_only,False,29,,2,0,,,,,,,
W2158950186,W2158950186,reference_only,False,29,,3,0,,,,,,,
W2165756385,W2165756385,reference_only,False,29,,2,0,,,,,,,
W2171440972,W2171440972,reference_only,False,29,,2,0,,,,,,,
W2217473673,W2217473673,reference_only,False,29,,3,0,,,,,,,
W2338664935,W2338664935,reference_only,False,29,,2,0,,,,,,,
W2553159451,W2553159451,reference_only,False,29,,2,0,,,,,,,
W2725273596,W2725273596,reference_only,False,29,,2,0,,,,,,,
W2804764493,W2804764493,reference_only,False,29,,2,0,,,,,,,
W2887651026,W2887651026,reference_only,False,29,,2,0,,,,,,,
W2909419216,W2909419216,reference_only,False,29,,2,0,,,,,,,
W2912566442,W2912566442,reference_only,False,29,,3,0,,,,,,,
W2955115120,W2955115120,reference_only,False,29,,2,0,,,,,,,
W2962898360,W2962898360,reference_only,False,29,,2,0,,,,,,,
W2974354206,W2974354206,reference_only,False,29,,2,0,,,,,,,
W2978638612,W2978638612,reference_only,False,29,,3,0,,,,,,,
W2985638053,W2985638053,reference_only,False,29,,2,0,,,,,,,
W3027838418,W3027838418,reference_only,False,29,,3,0,,,,,,,
W3087549136,W3087549136,reference_only,False,29,,3,0,,,,,,,
W3184093945,W3184093945,reference_only,False,29,,2,0,,,,,,,
W3203215442,W3203215442,reference_only,False,29,,2,0,,,,,,,
W4211189621,W4211189621,reference_only,False,29,,2,0,,,,,,,
W4224256294,W4224256294,reference_only,False,29,,2,0,,,,,,,
W4240526488,W4240526488,reference_only,False,29,,2,0,,,,,,,
W4251400759,W4251400759,reference_only,False,29,,2,0,,,,,,,
W4283644489,W4283644489,reference_only,False,29,,2,0,,,,,,,
W4286445206,W4286445206,reference_only,False,29,,3,0,,,,,,,
W4327766591,W4327766591,reference_only,False,29,,3,0,,,,,,,
W2588959663,The Use of Bright and Dark Types of Humour is Rooted in the Brain,publication,True,27,2017.0,0,12,Humor Studies and Applications,Scientific Reports,article,Social Psychology,Psychology,Social Sciences,https://doi.org/10.1038/srep42967
W1537459746,W1537459746,reference_only,False,27,,2,0,,,,,,,
W1917690681,W1917690681,reference_only,False,27,,2,0,,,,,,,
W1967627786,W1967627786,reference_only,False,27,,2,0,,,,,,,
W2004527684,W2004527684,reference_only,False,27,,2,0,,,,,,,
W2007597804,W2007597804,reference_only,False,27,,2,0,,,,,,,
W2010822443,W2010822443,reference_only,False,27,,2,0,,,,,,,
W2032763326,W2032763326,reference_only,False,27,,2,0,,,,,,,
W2036817431,W2036817431,reference_only,False,27,,2,0,,,,,,,
W2068948384,W2068948384,reference_only,False,27,,2,0,,,,,,,
W2069436955,W2069436955,reference_only,False,27,,2,0,,,,,,,
W2161062840,W2161062840,reference_only,False,27,,2,0,,,,,,,
W2546675361,Concurrent audio-visual feedback for supporting drivers at intersections: A study using two linked driving simulators,publication,True,28,2016.0,0,25,Human-Automation Interaction and Safety,Applied Ergonomics,article,Social Psychology,Psychology,Social Sciences,https://doi.org/10.1016/j.apergo.2016.10.010
W1974337346,W1974337346,reference_only,False,28,,3,0,,,,,,,
W2004692689,W2004692689,reference_only,False,28,,2,0,,,,,,,
W2032480506,W2032480506,reference_only,False,28,,2,0,,,,,,,
W2116036251,W2116036251,reference_only,False,28,,3,0,,,,,,,
W2123179704,W2123179704,reference_only,False,28,,2,0,,,,,,,
W4210831107,Fostering Social Interaction Through Sound Feedback: Sentire,publication,True,35,2022.0,0,21,Embodied and Extended Cognition,Organised Sound,article,Cognitive Neuroscience,Neuroscience,Life Sciences,https://doi.org/10.1017/s1355771822000024
W2160505759,W2160505759,reference_only,False,3,,2,0,,,,,,,
W4230313784,W4230313784,reference_only,False,35,,2,0,,,,,,,
W43053947,W43053947,reference_only,False,26,,2,0,,,,,,,
W1886197913,W1886197913,reference_only,False,26,,2,0,,,,,,,
W2067981595,W2067981595,reference_only,False,26,,2,0,,,,,,,
W2097490927,W2097490927,reference_only,False,26,,2,0,,,,,,,
W2110473132,W2110473132,reference_only,False,26,,2,0,,,,,,,
W1967559220,Risk of infection by reprocessed and resterilized virus-contaminated catheters; an in-vitro study,publication,True,19,2001.0,0,1,Medical Device Sterilization and Disinfection,European Heart Journal,article,Microbiology,Immunology and Microbiology,Life Sciences,https://doi.org/10.1053/euhj.2000.2370
W4396619451,Parallel Chords: an audio-visual analytics design for parallel coordinates,publication,True,6,2024.0,0,37,Tactile and Sensory Interactions,Personal and Ubiquitous Computing,article,Cognitive Neuroscience,Neuroscience,Life Sciences,https://doi.org/10.1007/s00779-024-01795-8
W2492944603,"Auditory icons, earcons, and displays: Information and expression through sound",publication,True,1,2013.0,0,53,Tactile and Sensory Interactions,,book-chapter,Cognitive Neuroscience,Neuroscience,Life Sciences,https://doi.org/10.1093/acprof:oso/9780199608157.003.0015
W4239726313,W4239726313,reference_only,False,3,,2,0,,,,,,,
W2287353653,Perception of Graphical Virtual Environments by Blind Users via Sensory Substitution,publication,True,26,2016.0,0,37,Tactile and Sensory Interactions,PLoS ONE,article,Cognitive Neuroscience,Neuroscience,Life Sciences,https://doi.org/10.1371/journal.pone.0147501
W1970629866,W1970629866,reference_only,False,26,,3,0,,,,,,,
W1981649281,W1981649281,reference_only,False,26,,4,0,,,,,,,
W2046813762,W2046813762,reference_only,False,26,,2,0,,,,,,,
W2079196769,W2079196769,reference_only,False,26,,2,0,,,,,,,
W2165574020,W2165574020,reference_only,False,26,,2,0,,,,,,,
W2170677224,W2170677224,reference_only,False,26,,2,0,,,,,,,
W2503566250,W2503566250,reference_only,False,26,,2,0,,,,,,,
W4281741820,Listening to the Magnetosphere: How Best to Make ULF Waves Audible,publication,True,6,2022.0,0,36,Ionosphere and magnetosphere dynamics,Frontiers in Astronomy and Space Sciences,article,Astronomy and Astrophysics,Physics and Astronomy,Physical Sciences,https://doi.org/10.3389/fspas.2022.877172
W2498259143,W2498259143,reference_only,False,6,,2,0,,,,,,,
W3005319766,W3005319766,reference_only,False,6,,2,0,,,,,,,
W1499693679,Sonically Augmented Found Objects,publication,True,5,2008.0,0,8,Music Technology and Sound Studies,,article,Computer Vision and Pattern Recognition,Computer Science,Physical Sciences,https://doi.org/10.5072/zenodo.207975
W61926279,Traffic and Data Link Displays: Auditory? Visual? or Redundant? A Visual Scanning Analysis,publication,True,28,2003.0,0,4,Human-Automation Interaction and Safety,,article,Social Psychology,Psychology,Social Sciences,
W1534396351,Wireless sensor networks for marginal farming in India,publication,True,30,2008.0,0,10,ICT in Developing Communities,Infoscience (Ecole Polytechnique Fédérale de Lausanne),article,Information Systems,Computer Science,Physical Sciences,https://doi.org/10.5075/epfl-thesis-4172
W166442619,W166442619,reference_only,False,30,,2,0,,,,,,,
W1516322043,W1516322043,reference_only,False,30,,2,0,,,,,,,
W1571596476,W1571596476,reference_only,False,30,,2,0,,,,,,,
W2041248965,W2041248965,reference_only,False,30,,2,0,,,,,,,
W2138442206,W2138442206,reference_only,False,30,,2,0,,,,,,,
W2146589746,W2146589746,reference_only,False,30,,2,0,,,,,,,
W2397082271,W2397082271,reference_only,False,30,,2,0,,,,,,,
W1965468373,W1965468373,reference_only,False,6,,2,0,,,,,,,
W2945108519,"EEG KISS: Shared Multi-modal, Multi Brain Computer Interface Experience, in Public Space",publication,True,0,2019.0,0,21,Tactile and Sensory Interactions,,book-chapter,Cognitive Neuroscience,Neuroscience,Life Sciences,https://doi.org/10.1007/978-3-030-14323-7_7
W57832547,Technical aspects of a demonstration tape for three-dimensional sound displays,publication,True,8,1990.0,0,10,Hearing Loss and Rehabilitation,NASA Technical Reports Server (NASA),article,Cognitive Neuroscience,Neuroscience,Life Sciences,
W1557160366,W1557160366,reference_only,False,8,,2,0,,,,,,,
W2036396698,W2036396698,reference_only,False,8,,2,0,,,,,,,
W2060364934,W2060364934,reference_only,False,8,,3,0,,,,,,,
W2954449086,ActivEarring: Spatiotemporal Haptic Cues on the Ears,publication,True,26,2019.0,0,11,Tactile and Sensory Interactions,IEEE Transactions on Haptics,article,Cognitive Neuroscience,Neuroscience,Life Sciences,https://doi.org/10.1109/toh.2019.2925799
W2135404517,W2135404517,reference_only,False,26,,2,0,,,,,,,
W2059747271,Individualization of head related transfer functions using principal component analysis,publication,True,8,2014.0,0,21,Hearing Loss and Rehabilitation,Applied Acoustics,article,Cognitive Neuroscience,Neuroscience,Life Sciences,https://doi.org/10.1016/j.apacoust.2014.07.005
W2068069234,W2068069234,reference_only,False,8,,2,0,,,,,,,
W2152820192,W2152820192,reference_only,False,8,,2,0,,,,,,,
W4250857377,W4250857377,reference_only,False,8,,2,0,,,,,,,
W645950980,W645950980,reference_only,False,28,,2,0,,,,,,,
W1545385656,Granular Synthesis for Display of Time-Varying Probability Densities,publication,True,14,2004.0,2,13,Music Technology and Sound Studies,,article,Computer Vision and Pattern Recognition,Computer Science,Physical Sciences,
W4399369136,"Resonance: A Brain-Computer Interface Assemblage of EEG, Sound, and Therapeutic Clowns for the Detection of Consciousness",publication,True,6,2024.0,0,3,EEG and Brain-Computer Interfaces,Leonardo,article,Cognitive Neuroscience,Neuroscience,Life Sciences,https://doi.org/10.1162/leon_a_02547
W2087845257,Physically Based Sound Synthesis for Large-Scale Virtual Environments,publication,True,34,2007.0,0,4,Music Technology and Sound Studies,IEEE Computer Graphics and Applications,article,Computer Vision and Pattern Recognition,Computer Science,Physical Sciences,https://doi.org/10.1109/mcg.2007.16
W6741173146,W6741173146,reference_only,False,5,,2,0,,,,,,,
W4377014199,Modeling and Quantifying the Impact of Personified Communication on Purchase Behavior in Social Commerce,publication,True,1,2023.0,0,1,Digital Marketing and Social Media,Preprints.org,preprint,Sociology and Political Science,Social Sciences,Social Sciences,https://doi.org/10.20944/preprints202305.1295.v1
W2006646315,W2006646315,reference_only,False,26,,2,0,,,,,,,
W2540457687,W2540457687,reference_only,False,26,,2,0,,,,,,,
W2604368639,W2604368639,reference_only,False,26,,2,0,,,,,,,
W2761604622,W2761604622,reference_only,False,26,,2,0,,,,,,,
W2953801042,W2953801042,reference_only,False,26,,2,0,,,,,,,
W42802203,The virtual bat: Echolocation in virtual reality,publication,True,8,2001.0,0,9,Bat Biology and Ecology Studies,,article,"Ecology, Evolution, Behavior and Systematics",Agricultural and Biological Sciences,Life Sciences,
W1965065639,W1965065639,reference_only,False,8,,2,0,,,,,,,
W2032928027,W2032928027,reference_only,False,8,,2,0,,,,,,,
W186422521,Auditory attention based on differences in median vertical plane position.,publication,True,8,2002.0,0,5,Hearing Loss and Rehabilitation,OpenGrey (Institut de l'Information Scientifique et Technique),dissertation,Cognitive Neuroscience,Neuroscience,Life Sciences,
W4290342726,Auditory Sequences Presented With Spearcons Support Better Multiple Patient Monitoring Than Single-Patient Alarms: A Preclinical Simulation,publication,True,19,2022.0,0,24,Healthcare Technology and Patient Monitoring,Human Factors The Journal of the Human Factors and Ergonomics Society,article,Surgery,Medicine,Health Sciences,https://doi.org/10.1177/00187208221116949
W1879300773,W1879300773,reference_only,False,19,,2,0,,,,,,,
W2946591055,W2946591055,reference_only,False,19,,2,0,,,,,,,
W2968068048,The impact of concurrent linguistic tasks on participants’ identification of spearcons,publication,True,19,2019.0,2,31,Healthcare Technology and Patient Monitoring,Applied Ergonomics,article,Surgery,Medicine,Health Sciences,https://doi.org/10.1016/j.apergo.2019.102895
W3085049425,W3085049425,reference_only,False,19,,2,0,,,,,,,
W3170779605,W3170779605,reference_only,False,19,,2,0,,,,,,,
W395214517,Expressive musical icons,publication,True,3,2001.0,0,2,Music and Audio Processing,,article,Signal Processing,Computer Science,Physical Sciences,
W2016598425,Critical aspects of fluorescent age-pigment methodologies: Modification for accurate analysis and age assessments in aquatic organisms,publication,True,19,1991.0,0,1,Aquaculture Nutrition and Growth,Marine Biology,article,Aquatic Science,Agricultural and Biological Sciences,Life Sciences,https://doi.org/10.1007/bf01320225
W3094824219,New water and air pollution sensors added to the Sonic Kayak citizen science system for low cost environmental mapping,publication,True,27,2020.0,0,24,Marine animal studies overview,bioRxiv (Cold Spring Harbor Laboratory),preprint,Ecology,Environmental Science,Physical Sciences,https://doi.org/10.1101/2020.11.03.366229
W2555473539,W2555473539,reference_only,False,27,,2,0,,,,,,,
W4242289937,W4242289937,reference_only,False,19,,2,0,,,,,,,
W1065804,User Interface Preferences in the Design of a Camera-Based Navigation and Wayfinding Aid,publication,True,26,2013.0,0,14,Tactile and Sensory Interactions,Journal of Visual Impairment & Blindness,article,Cognitive Neuroscience,Neuroscience,Life Sciences,https://doi.org/10.1177/0145482x1310700205
W3095320247,Collaborative Tabletops for Blind People,publication,True,26,2020.0,0,15,Tactile and Sensory Interactions,Proceedings of the ACM on Human-Computer Interaction,article,Cognitive Neuroscience,Neuroscience,Life Sciences,https://doi.org/10.1145/3427325
W2015335177,W2015335177,reference_only,False,26,,2,0,,,,,,,
W2043581786,W2043581786,reference_only,False,5,,2,0,,,,,,,
W2146949011,W2146949011,reference_only,False,26,,2,0,,,,,,,
W2146820543,Hyper-Shaku (Border-Crossing): Towards The Multi-Modal Gesture-Controlled Hyper-Instrument,publication,True,0,2006.0,0,3,Music Technology and Sound Studies,,article,Computer Vision and Pattern Recognition,Computer Science,Physical Sciences,https://doi.org/10.5281/zenodo.1176866
W1984160206,Electrotactile perception of scatterplots on the fingertips and abdomen,publication,True,26,2005.0,0,6,Tactile and Sensory Interactions,Medical & Biological Engineering & Computing,article,Cognitive Neuroscience,Neuroscience,Life Sciences,https://doi.org/10.1007/bf02345967
W1535170256,W1535170256,reference_only,False,26,,2,0,,,,,,,
W1963549852,W1963549852,reference_only,False,26,,3,0,,,,,,,
W2060772055,Eyes-free interaction with free-hand gestures and auditory menus,publication,True,1,2012.0,0,16,Tactile and Sensory Interactions,International Journal of Human-Computer Studies,article,Cognitive Neuroscience,Neuroscience,Life Sciences,https://doi.org/10.1016/j.ijhcs.2012.11.003
W2406071914,Sensynth: A Mobile Application For Dynamic Sensor To Sound Mapping,publication,True,6,2012.0,0,4,Music Technology and Sound Studies,,article,Computer Vision and Pattern Recognition,Computer Science,Physical Sciences,https://doi.org/10.5281/zenodo.1178346
W4287183677,Real-Time Proxy-Control of Re-Parameterized Peripheral Signals using a Close-Loop Interface,publication,True,35,2021.0,0,3,EEG and Brain-Computer Interfaces,Journal of Visualized Experiments,article,Cognitive Neuroscience,Neuroscience,Life Sciences,https://doi.org/10.3791/61943-v
W2980063141,Toward a Better Understanding of In-Vehicle Auditory Warnings and Background Noise,publication,True,1,2019.0,0,24,Human-Automation Interaction and Safety,Human Factors The Journal of the Human Factors and Ergonomics Society,article,Social Psychology,Psychology,Social Sciences,https://doi.org/10.1177/0018720819879311
W2516087951,W2516087951,reference_only,False,1,,2,0,,,,,,,
W2610795342,W2610795342,reference_only,False,28,,2,0,,,,,,,
W2133841386,Multimodal bivariate thematic maps: Auditory and haptic display,publication,True,1,2002.0,0,6,Spatial Cognition and Navigation,Proceedings of the American Society for Information Science and Technology,article,Automotive Engineering,Engineering,Physical Sciences,https://doi.org/10.1002/meet.1450390130
W4379229027,Flying a Quadcopter—An Audio Entertainment and Training Game for the Visually Impaired,publication,True,26,2023.0,0,11,Tactile and Sensory Interactions,Applied Sciences,article,Cognitive Neuroscience,Neuroscience,Life Sciences,https://doi.org/10.3390/app13116769
W48355412,W48355412,reference_only,False,26,,2,0,,,,,,,
W3157546884,W3157546884,reference_only,False,26,,2,0,,,,,,,
W2121567675,A major dissolution event at the close of MIS 5e in the western equatorial Atlantic,publication,True,7,2002.0,0,4,Methane Hydrates and Related Phenomena,Geochemistry Geophysics Geosystems,article,Environmental Chemistry,Environmental Science,Physical Sciences,https://doi.org/10.1029/2001gc000210
W2057016245,Ecdysteroid receptors in a tumorous blood cell line of <i>Drosophila melanogaster</i>,publication,True,2,1985.0,0,2,Neurobiology and Insect Physiology Research,Archives of Insect Biochemistry and Physiology,article,Cellular and Molecular Neuroscience,Neuroscience,Life Sciences,https://doi.org/10.1002/arch.940020307
W63123476,Using Interference Models to Predict Performance in a Multiple-Task UAV Environment - 2 UAVs,publication,True,28,2003.0,0,39,Human-Automation Interaction and Safety,,report,Social Psychology,Psychology,Social Sciences,https://doi.org/10.21236/ada496812
W1599804988,W1599804988,reference_only,False,28,,2,0,,,,,,,
W2066299678,W2066299678,reference_only,False,28,,2,0,,,,,,,
W105494570,"Richard Cumberland, Comic Force, and Misanthropy",publication,True,19,1978.0,0,1,"Literature: history, themes, analysis",Comparative drama,article,Literature and Literary Theory,Arts and Humanities,Social Sciences,https://doi.org/10.1353/cdr.1978.0038
W2500888266,W2500888266,reference_only,False,35,,2,0,,,,,,,
W4396599638,Enhancing Agency in Posttraumatic Stress Disorder Therapies Through Sensorimotor Technologies,publication,True,29,2024.0,0,74,Action Observation and Synchronization,Journal of Medical Internet Research,article,Social Psychology,Psychology,Social Sciences,https://doi.org/10.2196/58390
W2005915063,W2005915063,reference_only,False,29,,2,0,,,,,,,
W2048197786,W2048197786,reference_only,False,29,,2,0,,,,,,,
W2056324512,W2056324512,reference_only,False,29,,2,0,,,,,,,
W2061211832,W2061211832,reference_only,False,29,,2,0,,,,,,,
W2076897028,W2076897028,reference_only,False,29,,2,0,,,,,,,
W2117740192,W2117740192,reference_only,False,29,,2,0,,,,,,,
W2125216599,W2125216599,reference_only,False,29,,2,0,,,,,,,
W2146491372,W2146491372,reference_only,False,29,,2,0,,,,,,,
W2163457548,W2163457548,reference_only,False,29,,2,0,,,,,,,
W2524881623,W2524881623,reference_only,False,29,,2,0,,,,,,,
W2612417324,W2612417324,reference_only,False,29,,2,0,,,,,,,
W2748207128,W2748207128,reference_only,False,29,,2,0,,,,,,,
W2751434469,W2751434469,reference_only,False,29,,2,0,,,,,,,
W2799740697,W2799740697,reference_only,False,29,,2,0,,,,,,,
W2800989145,W2800989145,reference_only,False,29,,2,0,,,,,,,
W2801550126,W2801550126,reference_only,False,29,,2,0,,,,,,,
W2969556502,W2969556502,reference_only,False,29,,2,0,,,,,,,
W3101459001,W3101459001,reference_only,False,29,,2,0,,,,,,,
W4221070659,W4221070659,reference_only,False,29,,2,0,,,,,,,
W4288726761,W4288726761,reference_only,False,29,,2,0,,,,,,,
W4310371052,W4310371052,reference_only,False,29,,2,0,,,,,,,
W4313891920,W4313891920,reference_only,False,29,,2,0,,,,,,,
W1998503057,Single‐ and Multiwalled Carbon Nanotubes with Phosphorus Based Flame Retardants for Textiles,publication,True,19,2014.0,0,1,Flame retardant materials and properties,Journal of Nanomaterials,article,Polymers and Plastics,Materials Science,Physical Sciences,https://doi.org/10.1155/2014/727494
W4298356550,Cell-mediated immune response to Babesia equi-transformed lymphoblastoid cells in vitro,publication,True,21,1983.0,0,13,Vector-borne infectious diseases,Zentralblatt für Bakteriologie Mikrobiologie und Hygiene 1 Abt Originale A Medizinische Mikrobiologie Infektionskrankheiten und Parasitologie,article,Parasitology,Immunology and Microbiology,Life Sciences,https://doi.org/10.1016/s0174-3031(83)80155-3
W4392405735,Exploring Audio Interfaces for Vertical Guidance in Augmented Reality via Hand-Based Feedback,publication,True,31,2024.0,0,18,Tactile and Sensory Interactions,IEEE Transactions on Visualization and Computer Graphics,article,Cognitive Neuroscience,Neuroscience,Life Sciences,https://doi.org/10.1109/tvcg.2024.3372040
W2943761547,W2943761547,reference_only,False,28,,3,0,,,,,,,
W3084702265,W3084702265,reference_only,False,26,,2,0,,,,,,,
W3131320798,W3131320798,reference_only,False,26,,2,0,,,,,,,
W4307977675,W4307977675,reference_only,False,31,,2,0,,,,,,,
W4403461934,Situating data stories in space to entice new audiences to engage with science,publication,True,6,2024.0,0,4,Data Visualization and Analytics,Behaviour and Information Technology,article,Computer Vision and Pattern Recognition,Computer Science,Physical Sciences,https://doi.org/10.1080/0144929x.2024.2408361
W1758579472,Direct detection of influenza virus antigen in nasopharyngeal specimens by direct enzyme immunoassay in comparison with quantitating virus shedding,publication,True,19,1992.0,0,1,Respiratory viral infections research,Journal of Clinical Microbiology,article,Epidemiology,Medicine,Health Sciences,https://doi.org/10.1128/jcm.30.4.866-869.1992
W1602727240,W1602727240,reference_only,False,5,,3,0,,,,,,,
W2318351874,W2318351874,reference_only,False,5,,2,0,,,,,,,
W2166736111,BINDING BETWEEN COMPONENTS OF THE TUBERCLE BACILLUS AND HUMORAL ANTIBODIES,publication,True,2,1969.0,0,4,Mycobacterium research and diagnosis,The Journal of Experimental Medicine,article,Epidemiology,Medicine,Health Sciences,https://doi.org/10.1084/jem.130.5.931
W2945563517,Geomusic as a New Pedagogical and Outreach Resource: Interpreting Geoheritage with All the Senses,publication,True,14,2019.0,0,1,Geology and Paleoclimatology Research,Geoheritage,article,Atmospheric Science,Earth and Planetary Sciences,Physical Sciences,https://doi.org/10.1007/s12371-019-00364-3
W2189127194,Scalable Auditory Data Signatures for Discovery Oriented Browsing in an Expressive Context,publication,True,1,2008.0,0,7,Music and Audio Processing,,article,Signal Processing,Computer Science,Physical Sciences,
W31915243,Individualized and generalized earphone correction filters for spatil sound reproduction,publication,True,8,2003.0,0,12,Hearing Loss and Rehabilitation,,article,Cognitive Neuroscience,Neuroscience,Life Sciences,https://doi.org/10.1136/heartjnl-2016-310812corr1
W2970157931,Adding Acoustical to Visual Movement Patterns to Retest Whether Imitation Is Goal- or Pattern-Directed,publication,True,35,2019.0,0,17,Action Observation and Synchronization,Perceptual and Motor Skills,article,Social Psychology,Psychology,Social Sciences,https://doi.org/10.1177/0031512519870418
W2030223906,The function of NADH-semidehydroascorbate reductase and ascorbic acid in corticosteroid hydroxylation,publication,True,2,1987.0,0,1,Hormonal Regulation and Hypertension,Molecular and Cellular Endocrinology,article,"Endocrinology, Diabetes and Metabolism",Medicine,Health Sciences,https://doi.org/10.1016/0303-7207(87)90194-8
W2991575813,Exploring Design Constructs In Sound Design With A Focus On Perceived Affordance,publication,True,1,2019.0,0,16,Tactile and Sensory Interactions,Proceedings of the Human Factors and Ergonomics Society Annual Meeting,article,Cognitive Neuroscience,Neuroscience,Life Sciences,https://doi.org/10.1177/1071181319631340
W2611369375,W2611369375,reference_only,False,5,,2,0,,,,,,,
W2607152227,The localization of non-individualized virtual sounds by hearing impaired listeners,publication,True,8,2017.0,0,23,Hearing Loss and Rehabilitation,The Journal of the Acoustical Society of America,article,Cognitive Neuroscience,Neuroscience,Life Sciences,https://doi.org/10.1121/1.4979462
W2049193094,W2049193094,reference_only,False,8,,2,0,,,,,,,
W2414135360,Die Lipide von Endomycopsis vernalis bei verschiedener Stickstoff-Ern�hrung,publication,True,2,1974.0,0,2,Fungal Biology and Applications,Archives of Microbiology,article,Pharmacology,Medicine,Health Sciences,https://doi.org/10.1007/bf00455948
W49512172,Soundscape Generation for Virtual Environments using Community-Provided Audio Databases,publication,True,5,2010.0,0,5,Tactile and Sensory Interactions,,article,Cognitive Neuroscience,Neuroscience,Life Sciences,
W16111976,W16111976,reference_only,False,5,,2,0,,,,,,,
W1512910326,Sonic mediatization of the book: affordances of the audiobook,publication,True,6,2013.0,0,5,"Media, Communication, and Education",MedieKultur Journal of media and communication research,article,Communication,Social Sciences,Social Sciences,https://doi.org/10.7146/mediekultur.v29i54.7284
W2499987988,W2499987988,reference_only,False,3,,2,0,,,,,,,
W2795504376,W2795504376,reference_only,False,3,,2,0,,,,,,,
W2086291072,Quantitative Comparison of Alternative Sensory Displays for Mobility Aids for the Blind,publication,True,28,1983.0,0,2,Neuroscience and Neural Engineering,IEEE Transactions on Biomedical Engineering,article,Cellular and Molecular Neuroscience,Neuroscience,Life Sciences,https://doi.org/10.1109/tbme.1983.325053
W3094928323,Method of early pedestrian warning in developing intelligent transportation system infrastructure,publication,True,26,2020.0,0,2,Transportation Systems and Logistics,Transportation research procedia,article,Civil and Structural Engineering,Engineering,Physical Sciences,https://doi.org/10.1016/j.trpro.2020.10.083
W2002109824,Acoustic Signals in Domestic Chicken (&lt;i&gt;Gallus gallus&lt;/i&gt;): A Tool for Teaching Veterinary Ethology and Implication for language learning,publication,True,3,2012.0,0,2,Animal Vocal Communication and Behavior,Ethiopian Veterinary Journal,article,Developmental Biology,"Biochemistry, Genetics and Molecular Biology",Life Sciences,https://doi.org/10.4314/evj.v16i2.7
W2147324912,W2147324912,reference_only,False,3,,2,0,,,,,,,
W2345482437,"ConfChem Conference on Interactive Visualizations for Chemistry Teaching and Learning: Accessibility for PhET Interactive Simulations—Progress, Challenges, and Potential",publication,True,23,2016.0,0,2,Experience-Based Knowledge Management,Journal of Chemical Education,article,Artificial Intelligence,Computer Science,Physical Sciences,https://doi.org/10.1021/acs.jchemed.5b00772
W2031218630,W2031218630,reference_only,False,23,,2,0,,,,,,,
W2072209684,W2072209684,reference_only,False,23,,2,0,,,,,,,
W2923958083,Learning Room Acoustics by Design: A Project-Based Experience,publication,True,8,2019.0,0,2,Educational Environments and Student Outcomes,Zenodo (CERN European Organization for Nuclear Research),article,Education,Social Sciences,Social Sciences,https://doi.org/10.5281/zenodo.2579130
W2988692461,Real-time digital of virtual acoustic environments,publication,True,8,1990.0,0,7,Tactile and Sensory Interactions,ACM SIGGRAPH Computer Graphics,article,Cognitive Neuroscience,Neuroscience,Life Sciences,https://doi.org/10.1145/91394.91431
W2904074285,The role of dynamic cue in auditory vertical localisation,publication,True,8,2018.0,2,20,Hearing Loss and Rehabilitation,Applied Acoustics,article,Cognitive Neuroscience,Neuroscience,Life Sciences,https://doi.org/10.1016/j.apacoust.2018.12.002
W2021991270,W2021991270,reference_only,False,8,,2,0,,,,,,,
W2023120510,W2023120510,reference_only,False,8,,3,0,,,,,,,
W2036695518,W2036695518,reference_only,False,8,,3,0,,,,,,,
W2395896820,W2395896820,reference_only,False,8,,3,0,,,,,,,
W2507744892,W2507744892,reference_only,False,8,,2,0,,,,,,,
W3171154431,"Effects of Non-Speech Auditory Cues on Control Transition Behaviors in Semi-Automated Vehicles: Empirical Study, Modeling, and Validation",publication,True,28,2021.0,0,37,Human-Automation Interaction and Safety,International Journal of Human-Computer Interaction,article,Social Psychology,Psychology,Social Sciences,https://doi.org/10.1080/10447318.2021.1937876
W1430288311,W1430288311,reference_only,False,28,,2,0,,,,,,,
W2071870239,W2071870239,reference_only,False,28,,2,0,,,,,,,
W2073610575,W2073610575,reference_only,False,19,,2,0,,,,,,,
W2611256891,W2611256891,reference_only,False,28,,2,0,,,,,,,
W2907283208,W2907283208,reference_only,False,28,,2,0,,,,,,,
W2947652593,W2947652593,reference_only,False,28,,3,0,,,,,,,
W4230621957,W4230621957,reference_only,False,28,,2,0,,,,,,,
W4244194064,W4244194064,reference_only,False,28,,2,0,,,,,,,
W3093172834,Clustering and classification of virus sequence through music communication protocol and wavelet transform,publication,True,14,2020.0,0,8,Advanced Chemical Sensor Technologies,Genomics,article,Biomedical Engineering,Engineering,Physical Sciences,https://doi.org/10.1016/j.ygeno.2020.10.009
W2952852719,Sonic Kayaks: Environmental monitoring and experimental music by citizens,publication,True,27,2017.0,0,20,Marine animal studies overview,PLoS Biology,article,Ecology,Environmental Science,Physical Sciences,https://doi.org/10.1371/journal.pbio.2004044
W1944857566,W1944857566,reference_only,False,27,,2,0,,,,,,,
W1970004043,W1970004043,reference_only,False,27,,2,0,,,,,,,
W1980583674,W1980583674,reference_only,False,27,,2,0,,,,,,,
W1987330468,W1987330468,reference_only,False,27,,2,0,,,,,,,
W2092972599,W2092972599,reference_only,False,27,,2,0,,,,,,,
W2094370489,W2094370489,reference_only,False,27,,2,0,,,,,,,
W2113162751,W2113162751,reference_only,False,27,,2,0,,,,,,,
W2118942835,W2118942835,reference_only,False,27,,2,0,,,,,,,
W2151734996,W2151734996,reference_only,False,27,,2,0,,,,,,,
W2272319117,W2272319117,reference_only,False,27,,2,0,,,,,,,
W2511135941,W2511135941,reference_only,False,27,,2,0,,,,,,,
W2559229523,W2559229523,reference_only,False,27,,2,0,,,,,,,
W1979855257,Affective processing in positive schizotypy: Loose control of social-emotional information,publication,True,27,2014.0,0,12,Neuroscience and Music Perception,Brain and Cognition,article,Cognitive Neuroscience,Neuroscience,Life Sciences,https://doi.org/10.1016/j.bandc.2014.10.008
W2086395629,Search Space Reduction via Multi-Sensory Directional Cueing,publication,True,8,2004.0,0,6,Tactile and Sensory Interactions,Proceedings of the Human Factors and Ergonomics Society Annual Meeting,article,Cognitive Neuroscience,Neuroscience,Life Sciences,https://doi.org/10.1177/154193120404801712
W4256718691,W4256718691,reference_only,False,8,,2,0,,,,,,,
W2291366,ACOUSTICS AND PERCEPTION OF SOUND IN EVERYDAY ENVIRONMENTS,publication,True,8,2003.0,0,34,Hearing Loss and Rehabilitation,,article,Cognitive Neuroscience,Neuroscience,Life Sciences,
W4396792671,Impacts of information quantity and display formats on driving behaviors in a connected vehicle environment,publication,True,1,2024.0,0,10,Human-Automation Interaction and Safety,Accident Analysis & Prevention,article,Social Psychology,Psychology,Social Sciences,https://doi.org/10.1016/j.aap.2024.107621
W1970059018,W1970059018,reference_only,False,28,,2,0,,,,,,,
W1993860894,Supporting Anesthetic Monitoring through Tactile Display of Physiological Parameters,publication,True,19,2009.0,0,15,Healthcare Technology and Patient Monitoring,Proceedings of the Human Factors and Ergonomics Society Annual Meeting,article,Surgery,Medicine,Health Sciences,https://doi.org/10.1177/154193120905302202
W2259691514,W2259691514,reference_only,False,1,,2,0,,,,,,,
W4324363986,The EEG pen-on-paper sound: History and recent advances,publication,True,0,2023.0,0,13,EEG and Brain-Computer Interfaces,Seizure,article,Cognitive Neuroscience,Neuroscience,Life Sciences,https://doi.org/10.1016/j.seizure.2023.03.011
W2075913317,W2075913317,reference_only,False,0,,4,0,,,,,,,
W69794140,THE APPLICATION OF VIRTUAL ACOUSTIC TECHNIQUES FOR THE DEVELOPMENT OF AN AUDITORY NAVIGATION BEACON USED IN BUILDING EMERGENCY EGRESS,publication,True,8,2001.0,0,3,Speech and Audio Processing,,article,Signal Processing,Computer Science,Physical Sciences,
W2763411199,Evaluating the Use of Sound in Static Program Comprehension,publication,True,1,2017.0,0,31,Software Engineering Research,ACM Transactions on Applied Perception,article,Information Systems,Computer Science,Physical Sciences,https://doi.org/10.1145/3129456
W2016763723,Auditory perception of 3D size,publication,True,1,2004.0,0,25,Multisensory perception and integration,ACM Transactions on Applied Perception,article,Experimental and Cognitive Psychology,Psychology,Social Sciences,https://doi.org/10.1145/1024083.1024086
W167522865,W167522865,reference_only,False,5,,2,0,,,,,,,
W1998095566,W1998095566,reference_only,False,8,,2,0,,,,,,,
W148198918,Multimodal feedback for tilt controlled speed dependent automatic zooming,publication,True,6,2004.0,0,2,Tactile and Sensory Interactions,,article,Cognitive Neuroscience,Neuroscience,Life Sciences,
W2169732913,W2169732913,reference_only,False,6,,3,0,,,,,,,
W2098920026,W2098920026,reference_only,False,1,,2,0,,,,,,,
W2545810869,W2545810869,reference_only,False,26,,2,0,,,,,,,
W257180627,The Measurement and Analysis of Acoustic Noise as a Random Variable,publication,True,3,1990.0,0,1,Flow Measurement and Analysis,Review of Progress in Quantitative Nondestructive Evaluation,book-chapter,Mechanics of Materials,Engineering,Physical Sciences,https://doi.org/10.1007/978-1-4684-5772-8_78
W4380342473,"Auditory Icons, Earcons, Spearcons, and Speech: A Systematic Review and Meta-Analysis of Brief Audio Alerts in Human-Machine Interfaces",publication,True,19,2023.0,0,44,Safety Warnings and Signage,Auditory Perception & Cognition,review,Social Psychology,Psychology,Social Sciences,https://doi.org/10.1080/25742442.2023.2219201
W572688520,W572688520,reference_only,False,3,,2,0,,,,,,,
W2981077025,W2981077025,reference_only,False,28,,2,0,,,,,,,
W3215203202,W3215203202,reference_only,False,19,,2,0,,,,,,,
W3109087975,Sonic Bodies,publication,True,6,2020.0,0,4,Visual Culture and Art Theory,Performance Research,article,Visual Arts and Performing Arts,Arts and Humanities,Social Sciences,https://doi.org/10.1080/13528165.2020.1842029
W2083148053,"Auditory, Visual, and Bimodal Data Link Displays and How They Support Pilot Performance",publication,True,28,2013.0,0,4,Human-Automation Interaction and Safety,Aviation Space and Environmental Medicine,article,Social Psychology,Psychology,Social Sciences,https://doi.org/10.3357/asem.3365.2013
W4400134741,RainMind: Investigating Dynamic Natural Soundscape of Physiological Data to Promote Self-Reflection for Stress Management,publication,True,6,2024.0,0,23,Color perception and design,International Journal of Human-Computer Interaction,article,Social Psychology,Psychology,Social Sciences,https://doi.org/10.1080/10447318.2024.2364468
W2756029264,W2756029264,reference_only,False,26,,2,0,,,,,,,
W2953127026,W2953127026,reference_only,False,6,,2,0,,,,,,,
W1264160096,COGNITIVE-MAP FORMATION OF BLIND PERSONS IN A VIRTUAL SOUND ENVIRONMENT,publication,True,8,2006.0,0,3,Spatial Cognition and Navigation,,article,Automotive Engineering,Engineering,Physical Sciences,
W159212328,Modeling Slow Lead Vehicle Lane Changing,publication,True,28,2003.0,0,11,Traffic control and management,VTechWorks (Virginia Tech),dissertation,Control and Systems Engineering,Engineering,Physical Sciences,
W2901303898,W2901303898,reference_only,False,28,,2,0,,,,,,,
W2512652444,Distance rendering and perception of nearby virtual sound sources with a near-field filter model,publication,True,8,2016.0,0,39,Hearing Loss and Rehabilitation,Applied Acoustics,article,Cognitive Neuroscience,Neuroscience,Life Sciences,https://doi.org/10.1016/j.apacoust.2016.08.015
W1983275964,W1983275964,reference_only,False,8,,2,0,,,,,,,
W1983668095,W1983668095,reference_only,False,8,,2,0,,,,,,,
W2035897331,W2035897331,reference_only,False,8,,2,0,,,,,,,
W1997447598,W1997447598,reference_only,False,6,,3,0,,,,,,,
W2127177812,W2127177812,reference_only,False,6,,2,0,,,,,,,
W2129353167,W2129353167,reference_only,False,6,,2,0,,,,,,,
W2130117351,W2130117351,reference_only,False,6,,2,0,,,,,,,
W2144668814,W2144668814,reference_only,False,6,,2,0,,,,,,,
W2167686873,W2167686873,reference_only,False,6,,2,0,,,,,,,
W6680440830,W6680440830,reference_only,False,6,,2,0,,,,,,,
W2045982487,Emotional and behavioural responses to auditory interfaces in commercial vehicles,publication,True,3,2013.0,0,14,Color perception and design,International Journal of Vehicle Noise and Vibration,article,Social Psychology,Psychology,Social Sciences,https://doi.org/10.1504/ijvnv.2013.053818
W2570298312,An Investigation of Auditory Icons and Brake Response Times in a Commercial Truck-Cab Environment,publication,True,28,1998.0,2,27,Safety Warnings and Signage,VTechWorks (Virginia Tech),dissertation,Social Psychology,Psychology,Social Sciences,
W4248941597,Synthesis of Spatially Extended Virtual Source with Time-Frequency Decomposition of Mono Signals,publication,True,4,2014.0,0,23,Geophysics and Sensor Technology,Journal of the Audio Engineering Society,article,Ocean Engineering,Engineering,Physical Sciences,https://doi.org/10.17743/jaes.2014.0031
W1486029409,W1486029409,reference_only,False,4,,2,0,,,,,,,
W1493780681,W1493780681,reference_only,False,4,,2,0,,,,,,,
W1503475974,W1503475974,reference_only,False,4,,2,0,,,,,,,
W1509430737,W1509430737,reference_only,False,4,,2,0,,,,,,,
W1511939753,W1511939753,reference_only,False,4,,2,0,,,,,,,
W1583969828,W1583969828,reference_only,False,4,,2,0,,,,,,,
W1608599857,W1608599857,reference_only,False,4,,2,0,,,,,,,
W1977450000,W1977450000,reference_only,False,4,,2,0,,,,,,,
W1989048733,W1989048733,reference_only,False,4,,2,0,,,,,,,
W1996059637,W1996059637,reference_only,False,4,,2,0,,,,,,,
W2025169146,W2025169146,reference_only,False,4,,2,0,,,,,,,
W2163559956,W2163559956,reference_only,False,4,,2,0,,,,,,,
W2249380417,W2249380417,reference_only,False,4,,2,0,,,,,,,
W2262684847,W2262684847,reference_only,False,4,,2,0,,,,,,,
W2296424085,W2296424085,reference_only,False,4,,2,0,,,,,,,
W2301372722,W2301372722,reference_only,False,4,,2,0,,,,,,,
W2321585919,W2321585919,reference_only,False,4,,2,0,,,,,,,
W2326616289,W2326616289,reference_only,False,4,,2,0,,,,,,,
W2493399652,W2493399652,reference_only,False,4,,2,0,,,,,,,
W3161686633,Coastal Futures Conservatory,publication,True,6,2021.0,0,7,Ecocriticism and Environmental Literature,Environmental Humanities,article,Literature and Literary Theory,Arts and Humanities,Social Sciences,https://doi.org/10.1215/22011919-8867274
W2030841867,W2030841867,reference_only,False,6,,2,0,,,,,,,
W2201384196,Recent studies on the effect of signal frequency on auditory vertical localization,publication,True,8,2005.0,0,21,Hearing Loss and Rehabilitation,,article,Cognitive Neuroscience,Neuroscience,Life Sciences,
W1973221223,W1973221223,reference_only,False,8,,2,0,,,,,,,
W4296625855,Shared Musical Lives,publication,True,6,2022.0,0,4,Music Therapy and Health,,book,Social Psychology,Psychology,Social Sciences,https://doi.org/10.1093/oso/9780197618356.001.0001
W2081489714,Enhanced Vertical Perception through Head-Related Impulse Response Customization Based on Pinna Response Tuning in the Median Plane,publication,True,8,2008.0,0,19,Hearing Loss and Rehabilitation,IEICE Transactions on Fundamentals of Electronics Communications and Computer Sciences,article,Cognitive Neuroscience,Neuroscience,Life Sciences,https://doi.org/10.1093/ietfec/e91-a.1.345
W2510136156,W2510136156,reference_only,False,19,,2,0,,,,,,,
W2942446308,World cloud: A prototype data choralification of text documents,publication,True,6,2019.0,0,7,Music and Audio Processing,Journal of New Music Research,article,Signal Processing,Computer Science,Physical Sciences,https://doi.org/10.1080/09298215.2019.1606255
W1970224177,W1970224177,reference_only,False,6,,2,0,,,,,,,
W2132922197,W2132922197,reference_only,False,6,,2,0,,,,,,,
W2978058539,Multisensory Cues for Encoding Urgency of System Hazards: Effect of Operator Experience on Perceived Urgency,publication,True,19,2019.0,0,29,Human-Automation Interaction and Safety,The International Journal of Aerospace Psychology,article,Social Psychology,Psychology,Social Sciences,https://doi.org/10.1080/24721840.2019.1657357
W1576567717,W1576567717,reference_only,False,1,,2,0,,,,,,,
W2008905788,W2008905788,reference_only,False,26,,3,0,,,,,,,
W2156189252,W2156189252,reference_only,False,19,,2,0,,,,,,,
W2251996480,Editorial: The Role of Sound in Motor Perception and Execution,publication,True,35,2015.0,0,18,Action Observation and Synchronization,The Open Psychology Journal,editorial,Social Psychology,Psychology,Social Sciences,https://doi.org/10.2174/1874350101508010171
W2073463889,W2073463889,reference_only,False,35,,3,0,,,,,,,
W2763075545,Multimodal Information Presentation in Support of NextGen Operations,publication,True,19,2017.0,0,11,Human-Automation Interaction and Safety,The International Journal of Aerospace Psychology,article,Social Psychology,Psychology,Social Sciences,https://doi.org/10.1080/10508414.2017.1365608
W4300103725,W4300103725,reference_only,False,19,,2,0,,,,,,,
W2746245381,Corrosion behaviour in saline solution of pulsed‐electrodeposited zinc‐nickel‐ceria nanocomposite coatings,publication,True,19,2017.0,0,1,Electrodeposition and Electroless Coatings,Materials and Corrosion,article,Electrical and Electronic Engineering,Engineering,Physical Sciences,https://doi.org/10.1002/maco.201709419
W2186906491,Bauhaus Legacy in Research through Design: The Case of Basic Sonic Interaction Design,publication,True,5,2014.0,0,31,Design Education and Practice,AirIuav (Università Iuav di Venezia),article,Mechanical Engineering,Engineering,Physical Sciences,
W2162343603,MINIMIZING INFORMATION OVERLOAD IN A COMMUNICATIONS SYSTEM UTILIZING TEMPORAL SCALING AND SERIALIZATION,publication,True,8,2006.0,0,1,Speech and Audio Processing,,article,Signal Processing,Computer Science,Physical Sciences,
W2306174922,W2306174922,reference_only,False,35,,2,0,,,,,,,
W829214858,SPATIALIZED ANONYMOUS AUDIO FOR BROWSING SENSOR NETWORKS VIA VIRTUAL WORLDS,publication,True,0,2013.0,0,21,Tactile and Sensory Interactions,,article,Cognitive Neuroscience,Neuroscience,Life Sciences,
W2414374598,Sonic Shapes: Visualizing Vocal Expression,publication,True,10,2013.0,0,4,Music and Audio Processing,,article,Signal Processing,Computer Science,Physical Sciences,
W2525038081,Powerchord: Exploring Ambient Audio Feedback on Energy Use,publication,True,5,2016.0,0,16,Music Technology and Sound Studies,,book-chapter,Computer Vision and Pattern Recognition,Computer Science,Physical Sciences,https://doi.org/10.1007/978-3-319-33527-8_23
W4200005433,W4200005433,reference_only,False,5,,2,0,,,,,,,
W2074907175,Revolutionizing human-computer interfaces,publication,True,1,2012.0,0,2,Cloud Computing and Remote Desktop Technologies,interactions,article,Hardware and Architecture,Computer Science,Physical Sciences,https://doi.org/10.1145/2065327.2065336
W2132648925,Short- and long-term weathering rates of a feldspar fraction isolated from an arid zone soil,publication,True,37,1996.0,0,1,Geology and Paleoclimatology Research,Chemical Geology,article,Atmospheric Science,Earth and Planetary Sciences,Physical Sciences,https://doi.org/10.1016/s0009-2541(96)00049-6
W1856219842,W1856219842,reference_only,False,37,,3,0,,,,,,,
W2136085151,W2136085151,reference_only,False,35,,2,0,,,,,,,
W2555554089,Composing alarms: considering the musical aspects of auditory alarm design,publication,True,19,2016.0,0,18,Healthcare Technology and Patient Monitoring,Neurocase,article,Surgery,Medicine,Health Sciences,https://doi.org/10.1080/13554794.2016.1253751
W1975604035,W1975604035,reference_only,False,19,,2,0,,,,,,,
W2067016377,W2067016377,reference_only,False,19,,2,0,,,,,,,
W214198191,Single Object Sensor: A Simplified Binaural Mobility Aid,publication,True,26,1977.0,0,1,Tactile and Sensory Interactions,Journal of Visual Impairment & Blindness,article,Cognitive Neuroscience,Neuroscience,Life Sciences,https://doi.org/10.1177/0145482x7707100505
W3147706553,The Use of Smart Home Speakers by the Elderly: Exploratory Analyses and Potential for Big Data,publication,True,6,2021.0,0,3,Technology Use by Older Adults,Big Data Research,article,Demography,Social Sciences,Social Sciences,https://doi.org/10.1016/j.bdr.2021.100224
W2613204039,Sound Properties Associated With Equiluminant Colours,publication,True,26,2017.0,0,34,Multisensory perception and integration,Multisensory Research,article,Experimental and Cognitive Psychology,Psychology,Social Sciences,https://doi.org/10.1163/22134808-00002567
W6667945971,W6667945971,reference_only,False,26,,2,0,,,,,,,
W3184370606,<i>The Blued Trees Symphony</i> as Transdisciplinary Mediation for Environmental Policy,publication,True,5,2021.0,0,1,Environmental Philosophy and Ethics,Media+Environment,article,Nature and Landscape Conservation,Environmental Science,Physical Sciences,https://doi.org/10.1525/001c.25256
W1989658747,On the 3D normal tire/off-road vibro-contact problem with friction,publication,True,1,2014.0,0,15,"Adhesion, Friction, and Surface Interactions",Mechanical Systems and Signal Processing,article,Mechanics of Materials,Engineering,Physical Sciences,https://doi.org/10.1016/j.ymssp.2014.09.009
W4233110100,W4233110100,reference_only,False,1,,2,0,,,,,,,
W4401703994,The sound of science,publication,True,6,2024.0,0,9,Big Data Technologies and Applications,EMBO Reports,article,Information Systems and Management,Decision Sciences,Social Sciences,https://doi.org/10.1038/s44319-024-00230-6
W1550534346,"Investigating the Use of 3D Graphics, Haptics (Touch), and Sound for Highway Location Planning",publication,True,1,2009.0,0,22,Tactile and Sensory Interactions,Computer-Aided Civil and Infrastructure Engineering,article,Cognitive Neuroscience,Neuroscience,Life Sciences,https://doi.org/10.1111/j.1467-8667.2008.00591.x
W2487501095,W2487501095,reference_only,False,1,,2,0,,,,,,,
W4248085210,W4248085210,reference_only,False,28,,2,0,,,,,,,
W2075724410,Ultrasonic Modification of Polymers. I. Degradations of Polystyrene in the Presence of Various Poly(alkyl Methacrylates),publication,True,8,1982.0,0,1,Advanced Physical and Chemical Molecular Interactions,Journal of Macromolecular Science Part A - Chemistry,article,Physical and Theoretical Chemistry,Chemistry,Physical Sciences,https://doi.org/10.1080/00222338208074435
W3145733612,W3145733612,reference_only,False,8,,2,0,,,,,,,
W2127008876,Determination of phosphorus in turbid waters using alkaline potassium peroxodisulphate digestion,publication,True,37,1995.0,0,2,Water Quality and Pollution Assessment,Analytica Chimica Acta,article,Water Science and Technology,Environmental Science,Physical Sciences,https://doi.org/10.1016/0003-2670(95)00271-z
W244186264,W244186264,reference_only,False,37,,3,0,,,,,,,
W4281390027,When to use vibrotactile displays? A meta-analysis for the role of vibrotactile displays in human–computer interaction,publication,True,19,2022.0,0,27,Tactile and Sensory Interactions,Applied Ergonomics,review,Cognitive Neuroscience,Neuroscience,Life Sciences,https://doi.org/10.1016/j.apergo.2022.103802
W1486173998,W1486173998,reference_only,False,19,,2,0,,,,,,,
W2096009908,W2096009908,reference_only,False,26,,2,0,,,,,,,
W6645911039,W6645911039,reference_only,False,26,,2,0,,,,,,,
W2741977442,Sound joined actions in rowing and swimming,publication,True,35,2017.0,0,32,Action Observation and Synchronization,Advances in interaction studies,book-chapter,Social Psychology,Psychology,Social Sciences,https://doi.org/10.1075/ais.8.08sch
W2763657707,"Obstacle Detection Display for Visually Impaired: Coding of Direction, Distance, and Height on a Vibrotactile Waist Band",publication,True,26,2017.0,0,25,Tactile and Sensory Interactions,Frontiers in ICT,article,Cognitive Neuroscience,Neuroscience,Life Sciences,https://doi.org/10.3389/fict.2017.00023
W2082477213,W2082477213,reference_only,False,26,,2,0,,,,,,,
W2753626343,W2753626343,reference_only,False,26,,2,0,,,,,,,
W6676494070,W6676494070,reference_only,False,28,,2,0,,,,,,,
W2625736983,"Conversions: Sound and Sight, Military and Civilian",publication,True,6,2011.0,0,3,Cybernetics and Technology in Society,Oxford University Press eBooks,book,History and Philosophy of Science,Arts and Humanities,Social Sciences,https://doi.org/10.1093/oxfordhb/9780195388947.013.0059
W1503147396,Testing A Novel Gesture-Based Mixing Interface,publication,True,10,2013.0,0,8,Tactile and Sensory Interactions,Journal of the Audio Engineering Society,article,Cognitive Neuroscience,Neuroscience,Life Sciences,
W1557386462,W1557386462,reference_only,False,10,,2,0,,,,,,,
W2755199130,Teleoperated path following and trajectory tracking of unmanned vehicles using spatial auditory guidance system,publication,True,8,2017.0,0,59,Teleoperation and Haptic Systems,Applied Acoustics,article,Mechanical Engineering,Engineering,Physical Sciences,https://doi.org/10.1016/j.apacoust.2017.07.001
W1504985399,W1504985399,reference_only,False,8,,2,0,,,,,,,
W1603121482,W1603121482,reference_only,False,8,,2,0,,,,,,,
W1823687686,Prototype Spatial Auditory Display for Remote Planetary Exploration,publication,True,8,2012.0,2,0,Spacecraft Design and Technology,Journal of the Audio Engineering Society,article,Aerospace Engineering,Engineering,Physical Sciences,
W1967625743,W1967625743,reference_only,False,8,,2,0,,,,,,,
W1990287035,W1990287035,reference_only,False,8,,2,0,,,,,,,
W1999262365,W1999262365,reference_only,False,8,,2,0,,,,,,,
W2061633724,W2061633724,reference_only,False,8,,2,0,,,,,,,
W2105087505,W2105087505,reference_only,False,8,,2,0,,,,,,,
W2116304887,W2116304887,reference_only,False,8,,2,0,,,,,,,
W2126058202,W2126058202,reference_only,False,8,,2,0,,,,,,,
W2168714346,W2168714346,reference_only,False,8,,2,0,,,,,,,
W2268661646,W2268661646,reference_only,False,8,,2,0,,,,,,,
W2418870943,W2418870943,reference_only,False,8,,2,0,,,,,,,
W2535255545,W2535255545,reference_only,False,0,,3,0,,,,,,,
W2908371837,W2908371837,reference_only,False,8,,2,0,,,,,,,
W6630036713,W6630036713,reference_only,False,8,,2,0,,,,,,,
W6641916607,W6641916607,reference_only,False,8,,2,0,,,,,,,
W6650355576,W6650355576,reference_only,False,8,,2,0,,,,,,,
W6665863849,W6665863849,reference_only,False,8,,2,0,,,,,,,
W6677580522,W6677580522,reference_only,False,8,,2,0,,,,,,,
W2158314465,The Chesapeake Bay Virtual Environment (CBVE): Initial Results From the Prototypical System,publication,True,19,1996.0,0,1,Marine and fisheries research,The International Journal of Supercomputer Applications and High Performance Computing,article,Global and Planetary Change,Environmental Science,Physical Sciences,https://doi.org/10.1177/109434209601000207
W2112911902,Advanced Oxidation for Treatment of Aqueous Extracts from EDTA Extraction of Pb and Zn Contaminated Soil,publication,True,37,2006.0,0,2,Heavy metals in environment,Journal of Environmental Engineering,article,Pollution,Environmental Science,Physical Sciences,https://doi.org/10.1061/(asce)0733-9372(2006)132:10(1376)
W2075940121,The Effect of Advanced Traveler Information Display Modality on Driver Performance,publication,True,1,2000.0,0,1,Human-Automation Interaction and Safety,Proceedings of the Human Factors and Ergonomics Society Annual Meeting,article,Social Psychology,Psychology,Social Sciences,https://doi.org/10.1177/154193120004402002
W2884332044,The Odor Characterizations and Reproductions in Machine Olfactions: A Review,publication,True,35,2018.0,0,1,Olfactory and Sensory Function Studies,Sensors,article,Sensory Systems,Neuroscience,Life Sciences,https://doi.org/10.3390/s18072329
W2752309345,W2752309345,reference_only,False,35,,2,0,,,,,,,
W4404574620,Interactive multimodal integral field spectroscopy,publication,True,6,2024.0,0,16,Advanced Chemical Sensor Technologies,RAS Techniques and Instruments,article,Biomedical Engineering,Engineering,Physical Sciences,https://doi.org/10.1093/rasti/rzae049
W2021315951,W2021315951,reference_only,False,6,,2,0,,,,,,,
W3102349667,W3102349667,reference_only,False,6,,2,0,,,,,,,
W3206435622,W3206435622,reference_only,False,6,,2,0,,,,,,,
W1989314580,W1989314580,reference_only,False,8,,2,0,,,,,,,
W2990898239,New forms: Anthropocene Festivals and experimental environmental governance,publication,True,6,2019.0,0,17,Climate Change Communication and Perception,Environment and Planning E Nature and Space,article,Sociology and Political Science,Social Sciences,Social Sciences,https://doi.org/10.1177/2514848619886974
W593310604,W593310604,reference_only,False,3,,2,0,,,,,,,
W1546012345,W1546012345,reference_only,False,6,,2,0,,,,,,,
W4240943595,W4240943595,reference_only,False,6,,2,0,,,,,,,
W4313136773,CHANDRA'S ACCESSIBLE UNIVERSE: FROM SIGHT TO SOUND &amp; TOUCH,publication,True,6,2022.0,0,1,Tactile and Sensory Interactions,Revista Mexicana de Astronomía y Astrofísica Serie de Conferencias,article,Cognitive Neuroscience,Neuroscience,Life Sciences,https://doi.org/10.22201/ia.14052059p.2022.54.11
W2053552983,W2053552983,reference_only,False,6,,3,0,,,,,,,
W2914778548,The Vibrating Universe: Astronomy for the Deaf,publication,True,23,2019.0,0,4,Tactile and Sensory Interactions,Journal of Science Education and Technology,article,Cognitive Neuroscience,Neuroscience,Life Sciences,https://doi.org/10.1007/s10956-018-9761-1
W2142797001,W2142797001,reference_only,False,23,,2,0,,,,,,,
W4247039117,W4247039117,reference_only,False,23,,2,0,,,,,,,
W3154157249,Dance Is More Than Meets the Eye—How Can Dance Performance Be Made Accessible for a Non-sighted Audience?,publication,True,35,2021.0,0,13,Action Observation and Synchronization,Frontiers in Psychology,article,Social Psychology,Psychology,Social Sciences,https://doi.org/10.3389/fpsyg.2021.643848
W2130817776,W2130817776,reference_only,False,35,,2,0,,,,,,,
W1983742752,Instrumentation System for Blind Mobility Aid Simulation and Evaluation,publication,True,26,1978.0,0,3,Tactile and Sensory Interactions,IEEE Transactions on Biomedical Engineering,article,Cognitive Neuroscience,Neuroscience,Life Sciences,https://doi.org/10.1109/tbme.1978.326292
W54685797,"USING MULTIPLE, ROLE-RELATED PERSPECTIVES IN THE DESIGN OF ALARM SOUNDS FOR SAFETY CRITICAL CONTEXT",publication,True,19,2009.0,0,10,Phonocardiography and Auscultation Techniques,,article,Pulmonary and Respiratory Medicine,Medicine,Health Sciences,
W1547579513,W1547579513,reference_only,False,5,,2,0,,,,,,,
W2477022446,Auditory Support for Situation Awareness in Video Surveillance,publication,True,31,2012.0,0,7,Hearing Loss and Rehabilitation,SMARTech Repository (Georgia Institute of Technology),article,Cognitive Neuroscience,Neuroscience,Life Sciences,
W2966489494,The Sonipy Framework: Getting Started,publication,True,6,2019.0,0,6,Computational Physics and Python Applications,Human-computer interaction series,book-chapter,Artificial Intelligence,Computer Science,Physical Sciences,https://doi.org/10.1007/978-3-030-01497-1_6
W760189395,Effects of Interface Type on Navigation in a Virtual Spatial Auditory Environment,publication,True,8,2010.0,0,3,Tactile and Sensory Interactions,,article,Cognitive Neuroscience,Neuroscience,Life Sciences,
W2023859044,W2023859044,reference_only,False,8,,4,0,,,,,,,
W1493427807,AWESOME SOUND DESIGN TOOL: A WEB BASED UTILITY THAT INVITES END USERS INTO THE AUDIO DESIGN PROCESS,publication,True,1,2009.0,0,4,Noise Effects and Management,,article,Speech and Hearing,Health Professions,Health Sciences,
W1517005634,Sonically-Enhanced Mouse Gestures in the Firefox Browser,publication,True,1,2006.0,0,5,Innovative Human-Technology Interaction,,article,Human-Computer Interaction,Computer Science,Physical Sciences,
W2607577152,Continuous Auditory Feedback of Eye Movements: An Exploratory Study toward Improving Oculomotor Control,publication,True,35,2017.0,0,13,Visual perception and processing mechanisms,Frontiers in Neuroscience,article,Cognitive Neuroscience,Neuroscience,Life Sciences,https://doi.org/10.3389/fnins.2017.00197
W2589230682,Design and Evaluation of Lyricons (Lyrics + Earcons) for Semantic and Aesthetic Improvements of Auditory Cues,publication,True,1,2014.0,0,3,Multisensory perception and integration,Digital Commons - Michigan Tech (Michigan Technological University),article,Experimental and Cognitive Psychology,Psychology,Social Sciences,
W66507853,Excitatory Multimodal Interaction on Mobile Devices,publication,True,6,2006.0,0,9,Tactile and Sensory Interactions,,article,Cognitive Neuroscience,Neuroscience,Life Sciences,
W11807401,W11807401,reference_only,False,6,,2,0,,,,,,,
W1536570095,W1536570095,reference_only,False,6,,2,0,,,,,,,
W2060069377,W2060069377,reference_only,False,6,,2,0,,,,,,,
W2974499935,Bridging Audio and Augmented Reality towards a new Generation of Serious Audio‑only Games,publication,True,23,2019.0,0,18,Tactile and Sensory Interactions,The Electronic Journal of e-Learning,article,Cognitive Neuroscience,Neuroscience,Life Sciences,https://doi.org/10.34190/jel.17.2.07
W196083859,DIRECTIONAL QUALITY OF 3-D AMPLITUDE PANNED VIRTUAL SOURCES,publication,True,8,2001.0,0,6,Interactive and Immersive Displays,,article,Human-Computer Interaction,Computer Science,Physical Sciences,
W1608196678,W1608196678,reference_only,False,8,,2,0,,,,,,,
W162887044,An Environment and Studies for Exploring Auditory Representations of Multidimensional Data,publication,True,1,1995.0,0,34,Music and Audio Processing,,book-chapter,Signal Processing,Computer Science,Physical Sciences,https://doi.org/10.1007/978-3-642-79057-7_5
W3001932326,Concordia: A musical XR instrument for playing the solar system,publication,True,31,2020.0,0,4,Advanced Data Storage Technologies,Journal of New Music Research,article,Computer Networks and Communications,Computer Science,Physical Sciences,https://doi.org/10.1080/09298215.2020.1714666
W3193113010,Design for Immersive Experience: Role of Spatial Audio in Extended Reality Applications,publication,True,26,2021.0,0,6,Virtual Reality Applications and Impacts,"Smart innovation, systems and technologies",book-chapter,Human-Computer Interaction,Computer Science,Physical Sciences,https://doi.org/10.1007/978-981-16-0119-4_69
W2132044408,Dynamic Auditory Preview for Visually Guided Target Aiming,publication,True,8,1995.0,0,3,Tactile and Sensory Interactions,Proceedings of the Human Factors and Ergonomics Society Annual Meeting,article,Cognitive Neuroscience,Neuroscience,Life Sciences,https://doi.org/10.1177/154193129503902112
W4397031816,Musical protein: Mapping the time sequence of music onto the spatial architecture of proteins,publication,True,14,2024.0,0,10,Fractal and DNA sequence analysis,Computer Methods and Programs in Biomedicine,article,Molecular Biology,"Biochemistry, Genetics and Molecular Biology",Life Sciences,https://doi.org/10.1016/j.cmpb.2024.108233
W2013188446,W2013188446,reference_only,False,14,,2,0,,,,,,,
W2551198475,EcoSonic: Auditory peripheral monitoring of fuel consumption for fuel-efficient driving,publication,True,32,2016.0,0,10,Vehicle emissions and performance,Displays,article,Automotive Engineering,Engineering,Physical Sciences,https://doi.org/10.1016/j.displa.2016.11.002
W2945074385,"Evaluating BCI for Musical Expression: Historical Approaches, Challenges and Benefits",publication,True,0,2019.0,0,27,Neuroscience and Music Perception,,book-chapter,Cognitive Neuroscience,Neuroscience,Life Sciences,https://doi.org/10.1007/978-3-030-14323-7_5
W2039451882,W2039451882,reference_only,False,3,,2,0,,,,,,,
W2047072073,W2047072073,reference_only,False,0,,2,0,,,,,,,
W2316560874,W2316560874,reference_only,False,0,,2,0,,,,,,,
W69692378,From Auditory and Visual to Immersive Neurofeedback: Application to Diagnosis of Alzheimer’s Disease,publication,True,0,2014.0,0,27,EEG and Brain-Computer Interfaces,,book-chapter,Cognitive Neuroscience,Neuroscience,Life Sciences,https://doi.org/10.1007/978-1-4614-8151-5_4
W3108603608,RAW: Exploring Control Structures for Muscle-based Interaction in Collective Improvisation,publication,True,3,2020.0,0,12,Music Technology and Sound Studies,Duo Research Archive (University of Oslo),book-chapter,Computer Vision and Pattern Recognition,Computer Science,Physical Sciences,https://doi.org/10.5281/zenodo.4813484
W2726901639,W2726901639,reference_only,False,3,,2,0,,,,,,,
W3112057942,W3112057942,reference_only,False,3,,2,0,,,,,,,
W1548960447,Factors Influencing the Performance Advantage of Speech Technology,publication,True,28,1981.0,0,8,Speech and dialogue systems,Proceedings of the Human Factors and Ergonomics Society Annual Meeting,article,Artificial Intelligence,Computer Science,Physical Sciences,https://doi.org/10.1177/1071181381025001185
W1974455815,Film and theatre-based approaches for sonic interaction design,publication,True,5,2013.0,0,23,Music Technology and Sound Studies,Digital Creativity,article,Computer Vision and Pattern Recognition,Computer Science,Physical Sciences,https://doi.org/10.1080/14626268.2012.752754
W2775634648,W2775634648,reference_only,False,5,,2,0,,,,,,,
W2208215505,Kinectofon: Performing With Shapes In Planes,publication,True,5,2013.0,0,6,Human Motion and Animation,Duo Research Archive (University of Oslo),book-chapter,Control and Systems Engineering,Engineering,Physical Sciences,https://doi.org/10.5281/zenodo.1178563
W3021218285,Speed of sound ultrasound: comparison with proton density fat fraction assessed with Dixon MRI for fat content quantification of the lower extremity,publication,True,17,2020.0,0,2,Body Composition Measurement Techniques,European Radiology,article,Physiology,Medicine,Health Sciences,https://doi.org/10.1007/s00330-020-06885-8
W2096707172,W2096707172,reference_only,False,19,,2,0,,,,,,,
W2313793337,W2313793337,reference_only,False,19,,2,0,,,,,,,
W2034711526,Multimedia exploratory data analysis for geospatial data mining: The case for augmented seriation,publication,True,0,2001.0,0,18,Data Visualization and Analytics,Journal of the American Society for Information Science and Technology,article,Computer Vision and Pattern Recognition,Computer Science,Physical Sciences,https://doi.org/10.1002/asi.1119.abs
W1992658095,W1992658095,reference_only,False,0,,2,0,,,,,,,
W2031284780,W2031284780,reference_only,False,0,,2,0,,,,,,,
W2031950323,W2031950323,reference_only,False,0,,2,0,,,,,,,
W2037595667,W2037595667,reference_only,False,0,,2,0,,,,,,,
W2038509977,W2038509977,reference_only,False,0,,2,0,,,,,,,
W2046372086,W2046372086,reference_only,False,0,,2,0,,,,,,,
W2065658887,W2065658887,reference_only,False,0,,2,0,,,,,,,
W2069643428,W2069643428,reference_only,False,0,,2,0,,,,,,,
W2072778443,W2072778443,reference_only,False,0,,2,0,,,,,,,
W2083268394,W2083268394,reference_only,False,0,,2,0,,,,,,,
W2122250105,W2122250105,reference_only,False,0,,2,0,,,,,,,
W2795873946,W2795873946,reference_only,False,0,,2,0,,,,,,,
W2562829537,Spatial accuracy of binaural synthesis from rigid spherical microphone array recordings,publication,True,8,2016.0,0,15,Speech and Audio Processing,Nippon Onkyo Gakkaishi/Acoustical science and technology/Nihon Onkyo Gakkaishi,article,Signal Processing,Computer Science,Physical Sciences,https://doi.org/10.1250/ast.38.23
W3125168083,Anthropometric-based clustering of pinnae and its application in personalizing HRTFs,publication,True,8,2021.0,0,23,Hearing Loss and Rehabilitation,International Journal of Industrial Ergonomics,article,Cognitive Neuroscience,Neuroscience,Life Sciences,https://doi.org/10.1016/j.ergon.2020.103076
W1824199217,W1824199217,reference_only,False,8,,2,0,,,,,,,
W1974492534,W1974492534,reference_only,False,8,,3,0,,,,,,,
W2036586521,W2036586521,reference_only,False,8,,2,0,,,,,,,
W2743342482,W2743342482,reference_only,False,8,,2,0,,,,,,,
W2182377365,"The Design of an Audio Film: Portraying Story, Action and Interaction through Sound",publication,True,5,2009.0,0,7,Subtitles and Audiovisual Media,,article,Language and Linguistics,Arts and Humanities,Social Sciences,
W4384641343,Analysis by synthesis of engine sounds for the design of dynamic auditory feedback of electric vehicles,publication,True,34,2023.0,0,4,Vehicle Noise and Vibration Control,Acta Acustica,article,Automotive Engineering,Engineering,Physical Sciences,https://doi.org/10.1051/aacus/2023031
W2088432713,W2088432713,reference_only,False,34,,2,0,,,,,,,
W2164764235,W2164764235,reference_only,False,34,,2,0,,,,,,,
W2982665448,Live Writing : Writing As A Real-Time Audiovisual Performance,publication,True,3,2016.0,0,3,Music Technology and Sound Studies,Zenodo (CERN European Organization for Nuclear Research),article,Computer Vision and Pattern Recognition,Computer Science,Physical Sciences,https://doi.org/10.5281/zenodo.1176059
W2042148440,Cell surface binding simian virus 40 large t antigen becomes anchored and stably linked to lipid of the target cells,publication,True,2,1984.0,0,1,Polyomavirus and related diseases,Virology,article,Oncology,Medicine,Health Sciences,https://doi.org/10.1016/0042-6822(84)90176-4
W4388798252,Beyond Virtual Reality: Towards Screen-Free Interfaces for Post-traumatic Stress Disorder Interventions,publication,True,29,2023.0,0,49,Virtual Reality Applications and Impacts,,preprint,Human-Computer Interaction,Computer Science,Physical Sciences,https://doi.org/10.31234/osf.io/24beh
W2555943323,An on-road evaluation of connected motorcycle crash warning interface with different motorcycle types,publication,True,28,2016.0,0,7,Human-Automation Interaction and Safety,Transportation Research Part C Emerging Technologies,article,Social Psychology,Psychology,Social Sciences,https://doi.org/10.1016/j.trc.2016.11.005
W1530125108,W1530125108,reference_only,False,28,,3,0,,,,,,,
W3131374412,Properties of Milk Treated with High-Power Ultrasound and Bactofugation,publication,True,2,2021.0,0,1,Microbial Inactivation Methods,Food Technology and Biotechnology,article,Biotechnology,"Biochemistry, Genetics and Molecular Biology",Life Sciences,https://doi.org/10.17113/ftb.59.01.21.6721
W1138675627,W1138675627,reference_only,False,2,,2,0,,,,,,,
W2142163749,The Effects of Modality and Stress across Task Type on Human Performance,publication,True,28,1987.0,0,2,Visual perception and processing mechanisms,Proceedings of the Human Factors and Ergonomics Society Annual Meeting,article,Cognitive Neuroscience,Neuroscience,Life Sciences,https://doi.org/10.1177/154193128703100507
W4285542158,Better act than see: individual differences in sensorimotor contingencies acquisition and (meta)cognitive strategies between users of a colour-to-sound sensory substitution device,publication,True,26,2021.0,0,45,Tactile and Sensory Interactions,SSRN Electronic Journal,preprint,Cognitive Neuroscience,Neuroscience,Life Sciences,https://doi.org/10.2139/ssrn.4113324
W2179471768,W2179471768,reference_only,False,26,,2,0,,,,,,,
W3127693611,W3127693611,reference_only,False,26,,2,0,,,,,,,
W19509286,Supporting Soundscape Design in Virtual Environments with Content-based Audio Retrieval,publication,True,1,2009.0,0,3,Music and Audio Processing,Journal of Virtual Worlds Research,article,Signal Processing,Computer Science,Physical Sciences,https://doi.org/10.4101/jvwr.v2i3.635
W4210508411,The Politics of Aesthetic Preference in Participatory Music,publication,True,3,2022.0,0,5,Music History and Culture,Organised Sound,article,Music,Arts and Humanities,Social Sciences,https://doi.org/10.1017/s1355771822000012
W4237288659,Multimedia exploratory data analysis for geospatial data mining: The case for augmented seriation,publication,True,0,2001.0,0,17,Geographic Information Systems Studies,Journal of the American Society for Information Science and Technology,article,"Geography, Planning and Development",Social Sciences,Social Sciences,https://doi.org/10.1002/asi.1119
W4394612787,In-vehicle displays for driving automation: a scoping review of display design and evaluation using driver gaze measures,publication,True,28,2024.0,0,15,Human-Automation Interaction and Safety,Transport Reviews,article,Social Psychology,Psychology,Social Sciences,https://doi.org/10.1080/01441647.2024.2336921
W2905388205,W2905388205,reference_only,False,28,,2,0,,,,,,,
W3096652517,Creating Music With Fuzzy Logic,publication,True,5,2020.0,0,14,Music Technology and Sound Studies,Frontiers in Artificial Intelligence,article,Computer Vision and Pattern Recognition,Computer Science,Physical Sciences,https://doi.org/10.3389/frai.2020.00059
W1487826005,W1487826005,reference_only,False,5,,2,0,,,,,,,
W1542808721,W1542808721,reference_only,False,5,,2,0,,,,,,,
W1585005850,W1585005850,reference_only,False,5,,2,0,,,,,,,
W1599790193,W1599790193,reference_only,False,5,,2,0,,,,,,,
W1603210563,W1603210563,reference_only,False,5,,2,0,,,,,,,
W2002041997,W2002041997,reference_only,False,5,,2,0,,,,,,,
W2138132755,W2138132755,reference_only,False,5,,2,0,,,,,,,
W2140826205,W2140826205,reference_only,False,5,,2,0,,,,,,,
W2762684428,W2762684428,reference_only,False,26,,2,0,,,,,,,
W3014245064,Audomni: Super-Scale Sensory Supplementation to Increase the Mobility of Blind and Low-Vision Individuals—A Pilot Study,publication,True,26,2020.0,0,29,Tactile and Sensory Interactions,IEEE Transactions on Neural Systems and Rehabilitation Engineering,article,Cognitive Neuroscience,Neuroscience,Life Sciences,https://doi.org/10.1109/tnsre.2020.2985626
W4205768053,The biological roots of music and dance: Extending the credible signaling hypothesis to predator deterrence,publication,True,24,2022.0,0,97,Animal Vocal Communication and Behavior,,preprint,Developmental Biology,"Biochemistry, Genetics and Molecular Biology",Life Sciences,https://doi.org/10.31234/osf.io/yvcqg
W1972952227,Endogenous levels of β-carotene in human buccal mucosa cells by reversed-phase high-performance liquid chromatography,publication,True,2,1990.0,0,1,Biochemical Analysis and Sensing Techniques,Journal of Chromatography B Biomedical Sciences and Applications,article,Nutrition and Dietetics,Nursing,Health Sciences,https://doi.org/10.1016/s0378-4347(00)82482-2
W2310146458,Measurement and validation of bone-conduction adjustment functions in virtual 3D audio displays,publication,True,8,2009.0,0,40,Hearing Loss and Rehabilitation,SMARTech Repository (Georgia Institute of Technology),dissertation,Cognitive Neuroscience,Neuroscience,Life Sciences,
W4358712,W4358712,reference_only,False,8,,2,0,,,,,,,
W1994704633,W1994704633,reference_only,False,8,,2,0,,,,,,,
W1997520834,W1997520834,reference_only,False,8,,2,0,,,,,,,
W2024400593,W2024400593,reference_only,False,8,,3,0,,,,,,,
W2051772370,W2051772370,reference_only,False,8,,2,0,,,,,,,
W2060551698,W2060551698,reference_only,False,8,,2,0,,,,,,,
W2064742152,W2064742152,reference_only,False,8,,2,0,,,,,,,
W2076690848,W2076690848,reference_only,False,31,,2,0,,,,,,,
W2161732497,W2161732497,reference_only,False,8,,2,0,,,,,,,
W2013259192,"Supporting drivers in concurrent lane and speed tracking tasks with novel visual, auditory, and tactile speedometer displays",publication,True,19,2013.0,2,8,Human-Automation Interaction and Safety,Proceedings of the Human Factors and Ergonomics Society Annual Meeting,article,Social Psychology,Psychology,Social Sciences,https://doi.org/10.1177/1541931213571429
W4315631060,Sounds of Health,publication,True,35,2022.0,0,18,Tactile and Sensory Interactions,Proceedings of the ACM on Interactive Mobile Wearable and Ubiquitous Technologies,article,Cognitive Neuroscience,Neuroscience,Life Sciences,https://doi.org/10.1145/3570346
W3094268961,MTD: A Multimodal Dataset of Musical Themes for MIR Research,publication,True,31,2020.0,0,2,Music and Audio Processing,Transactions of the International Society for Music Information Retrieval,article,Signal Processing,Computer Science,Physical Sciences,https://doi.org/10.5334/tismir.68
W2015847900,Modelling storms in sound: the Atmospherics/Weather Works project,publication,True,6,2004.0,0,1,Music Technology and Sound Studies,Organised Sound,article,Computer Vision and Pattern Recognition,Computer Science,Physical Sciences,https://doi.org/10.1017/s1355771804000251
W3092414245,Vrengt: A Shared Body-Machine Instrument for Music-Dance Performance,publication,True,3,2019.0,0,18,Music Technology and Sound Studies,arXiv (Cornell University),preprint,Computer Vision and Pattern Recognition,Computer Science,Physical Sciences,https://doi.org/10.48550/arxiv.2010.03779
W160037603,W160037603,reference_only,False,3,,2,0,,,,,,,
W1970282688,W1970282688,reference_only,False,6,,2,0,,,,,,,
W2185627829,"A Simulator-Based Investigation of Visual, Auditory, and Mixed-Modality Display of Vehicle Dynamic State Information to Commercial Motor Vehicle Operators",publication,True,28,1997.0,0,28,Human-Automation Interaction and Safety,VTechWorks (Virginia Tech),dissertation,Social Psychology,Psychology,Social Sciences,
W649543021,W649543021,reference_only,False,28,,2,0,,,,,,,
W2025618146,W2025618146,reference_only,False,28,,2,0,,,,,,,
W2048022192,W2048022192,reference_only,False,28,,2,0,,,,,,,
W2084126476,W2084126476,reference_only,False,28,,3,0,,,,,,,
W2137127925,W2137127925,reference_only,False,28,,2,0,,,,,,,
W2504173324,W2504173324,reference_only,False,28,,2,0,,,,,,,
W2912056219,W2912056219,reference_only,False,28,,2,0,,,,,,,
W2325955913,The Sensorium: Psychophysiological Evaluation of Responses to a Multimodal Neurofeedback Environment,publication,True,0,2016.0,0,9,Mindfulness and Compassion Interventions,Applied Psychophysiology and Biofeedback,article,Clinical Psychology,Psychology,Social Sciences,https://doi.org/10.1007/s10484-016-9332-2
W2101890738,W2101890738,reference_only,False,0,,2,0,,,,,,,
W4403714050,A multimodal approach to data analysis in astronomy: <scp>sonouno</scp> applications in photometry and spectroscopy,publication,True,6,2024.0,0,15,Flow Measurement and Analysis,RAS Techniques and Instruments,article,Mechanics of Materials,Engineering,Physical Sciences,https://doi.org/10.1093/rasti/rzae042
W2043278038,Studies on Sensory Feedback: III the Effects of Display Gain on Tracking Performance,publication,True,19,1965.0,0,5,Ergonomics and Musculoskeletal Disorders,Quarterly Journal of Experimental Psychology,article,Social Psychology,Psychology,Social Sciences,https://doi.org/10.1080/17470216508416433
W2149659003,W2149659003,reference_only,False,19,,2,0,,,,,,,
W125810682,Robotics in Reality-Based Modeling,publication,True,34,2000.0,0,5,Advanced Vision and Imaging,,book-chapter,Computer Vision and Pattern Recognition,Computer Science,Physical Sciences,https://doi.org/10.1007/978-1-4471-0765-1_43
W2233768585,W2233768585,reference_only,False,34,,2,0,,,,,,,
W2024135873,Modeling geoscience data in a multisensory virtual environment,publication,True,1,2004.0,0,1,Teleoperation and Haptic Systems,Computing in Science & Engineering,article,Mechanical Engineering,Engineering,Physical Sciences,https://doi.org/10.1109/mcise.2004.1255828
W1525671428,The Sonic Representation of Mathematical Data,publication,True,1,2006.0,0,61,Music Technology and Sound Studies,Arrow - TU Dublin (Technological University Dublin),dissertation,Computer Vision and Pattern Recognition,Computer Science,Physical Sciences,https://doi.org/10.21427/d70w39
W4389675032,Introduction to the Special Issue on Sound in Human-Robot Interaction,publication,True,3,2023.0,0,6,Robot Manipulation and Learning,ACM Transactions on Human-Robot Interaction,editorial,Control and Systems Engineering,Engineering,Physical Sciences,https://doi.org/10.1145/3632185
W2073738997,Spatial Multisensory Cueing to Support Visual Target-Acquisition Performance,publication,True,8,2012.0,0,4,Multisensory perception and integration,Proceedings of the Human Factors and Ergonomics Society Annual Meeting,article,Experimental and Cognitive Psychology,Psychology,Social Sciences,https://doi.org/10.1177/1071181312561380
W82922310,Analysis/synthesis and spatialization of noisy environmental sounds,publication,True,1,2009.0,0,15,Music Technology and Sound Studies,HAL (Le Centre pour la Communication Scientifique Directe),preprint,Computer Vision and Pattern Recognition,Computer Science,Physical Sciences,
W1489394988,W1489394988,reference_only,False,1,,2,0,,,,,,,
W1591473556,Rhetorical Schemes for Audio Communication,publication,True,1,2008.0,0,5,Tactile and Sensory Interactions,,article,Cognitive Neuroscience,Neuroscience,Life Sciences,
W68592957,IDENTIFICATION OF ENVIRONMENTAL SOUNDS: ROLE OF RHYTHMIC PROPERTIES,publication,True,1,2006.0,0,5,Noise Effects and Management,,article,Speech and Hearing,Health Professions,Health Sciences,
W5055321,SONIC TRIPTYCHON OF THE HUMAN BRAIN,publication,True,0,2010.0,0,3,Neural dynamics and brain function,,article,Cognitive Neuroscience,Neuroscience,Life Sciences,https://doi.org/10.1152/ajplegacy.1972.223.3.644
W2893290864,Characterizing Driver Trust in Vehicle Control Algorithm Parameters,publication,True,28,2018.0,0,4,Human-Automation Interaction and Safety,Proceedings of the Human Factors and Ergonomics Society Annual Meeting,article,Social Psychology,Psychology,Social Sciences,https://doi.org/10.1177/1541931218621413
W1994831901,Development of reactor design aid tool using virtual reality technology,publication,True,25,2006.0,0,1,Nuclear reactor physics and engineering,Fusion Engineering and Design,article,Aerospace Engineering,Engineering,Physical Sciences,https://doi.org/10.1016/j.fusengdes.2006.07.043
W2528253595,SONIC EXPLORATIONS WITH EARTHQUAKE DATA,publication,True,6,2008.0,0,2,"Media, Communication, and Education",,article,Communication,Social Sciences,Social Sciences,
W2732893848,Trajectory capture in frontal plane geometry for visually impaired,publication,True,8,2006.0,0,8,Tactile and Sensory Interactions,,article,Cognitive Neuroscience,Neuroscience,Life Sciences,
W2793095322,Head-up Displays (HUD) in driving,publication,True,28,2018.0,0,7,Human-Automation Interaction and Safety,arXiv (Cornell University),preprint,Social Psychology,Psychology,Social Sciences,https://doi.org/10.48550/arxiv.1803.08383
W4399384971,Comparison of visual and multisensory augmented reality for precise manual manipulation tasks,publication,True,31,2024.0,0,15,Augmented Reality Applications,Displays,article,Computer Vision and Pattern Recognition,Computer Science,Physical Sciences,https://doi.org/10.1016/j.displa.2024.102768
W940624271,"How Many Auditory Icons, in a Control Room Environment, Can You Learn?",publication,True,1,2014.0,0,9,Safety Warnings and Signage,KTH Publication Database DiVA (KTH Royal Institute of Technology),article,Social Psychology,Psychology,Social Sciences,
W2102397845,"USER, SOUND CONTEXT AND USE CONTEXT: WHAT ARE THEIR ROLES IN 3D SOUND METAPHORS DESIGN?",publication,True,1,2001.0,0,9,Multisensory perception and integration,,article,Experimental and Cognitive Psychology,Psychology,Social Sciences,
W1943670962,W1943670962,reference_only,False,1,,2,0,,,,,,,
W2803063202,Advances in PhET Interactive Simulations: Interoperable and Accessible,publication,True,23,2018.0,0,6,Augmented Reality Applications,,book-chapter,Computer Vision and Pattern Recognition,Computer Science,Physical Sciences,https://doi.org/10.1007/978-3-319-76935-6_6
W2997856531,"Spatial soundscape superposition, Part II: Signals and systems",publication,True,8,2020.0,0,9,Noise Effects and Management,Nippon Onkyo Gakkaishi/Acoustical science and technology/Nihon Onkyo Gakkaishi,article,Speech and Hearing,Health Professions,Health Sciences,https://doi.org/10.1250/ast.41.297
W2172341938,Making the Invisible Audible: Acoustic Interfaces for the Management of Wireless Sensor Networks,publication,True,30,2008.0,0,14,Tactile and Sensory Interactions,Infoscience (Ecole Polytechnique Fédérale de Lausanne),article,Cognitive Neuroscience,Neuroscience,Life Sciences,
W2413667087,Prioritizing foreground selection of natural chirp sounds by tempo and spectral centroid,publication,True,19,2016.0,0,25,Multisensory perception and integration,Journal on Multimodal User Interfaces,article,Experimental and Cognitive Psychology,Psychology,Social Sciences,https://doi.org/10.1007/s12193-016-0223-x
W3016104015,"ElectroMagnetic Music: a new tool for attracting people's interest in Geosciences, while sensitizing them to planet sustainability",publication,True,6,2020.0,0,9,Seismic Waves and Analysis,Geoscience Communication,article,Geophysics,Earth and Planetary Sciences,Physical Sciences,https://doi.org/10.5194/gc-3-329-2020
W1983039620,3D Audio Display for Pararescue Jumpers,publication,True,8,2007.0,0,7,Aerospace and Aviation Technology,Proceedings of the Human Factors and Ergonomics Society Annual Meeting,article,Aerospace Engineering,Engineering,Physical Sciences,https://doi.org/10.1177/154193120705101916
W3040849411,Assessment of Emotional States Through Physiological Signals and Its Application in Music Therapy for Disabled People,publication,True,6,2020.0,0,9,EEG and Brain-Computer Interfaces,IEEE Access,article,Cognitive Neuroscience,Neuroscience,Life Sciences,https://doi.org/10.1109/access.2020.3008269
W2298185395,W2298185395,reference_only,False,6,,2,0,,,,,,,
W1976483778,Typical data and cluster analysis on head-related transfer functions from Chinese subjects,publication,True,8,2015.0,0,34,Hearing Loss and Rehabilitation,Applied Acoustics,article,Cognitive Neuroscience,Neuroscience,Life Sciences,https://doi.org/10.1016/j.apacoust.2015.01.022
W2018050142,W2018050142,reference_only,False,8,,3,0,,,,,,,
W4321443625,Data embodiment: approaching the body as a choreographic medium for performing abstract data,publication,True,1,2023.0,0,2,Innovative Human-Technology Interaction,International Journal of Performance Arts and Digital Media,article,Human-Computer Interaction,Computer Science,Physical Sciences,https://doi.org/10.1080/14794713.2023.2175105
W2244817778,Endogenous Biologically Inspired Art of Complex Systems,publication,True,0,2016.0,0,4,Virtual Reality Applications and Impacts,IEEE Computer Graphics and Applications,article,Human-Computer Interaction,Computer Science,Physical Sciences,https://doi.org/10.1109/mcg.2016.12
W1969058867,Documents mean more than just paper!,publication,True,1,1997.0,0,1,"Mathematics, Computing, and Information Processing",Mathematical and Computer Modelling,article,Computational Theory and Mathematics,Computer Science,Physical Sciences,https://doi.org/10.1016/s0895-7177(97)00103-9
W1572365090,W1572365090,reference_only,False,1,,2,0,,,,,,,
W1553395017,Synthesis of Spatially Extended Virtual Sources with Time-Frequency Decomposition of Mono Signals,publication,True,4,2014.0,0,24,Hearing Loss and Rehabilitation,,article,Cognitive Neuroscience,Neuroscience,Life Sciences,
W4385226142,Sound Design for Paintings in Virtual Art Exhibitions,publication,True,23,2023.0,0,7,Music Technology and Sound Studies,Research Square,preprint,Computer Vision and Pattern Recognition,Computer Science,Physical Sciences,https://doi.org/10.21203/rs.3.rs-3165055/v1
W1782359741,Histamine Release in the Dog After Leukocyte Lysate Injection,publication,True,2,1971.0,0,1,Mast cells and histamine,Infection and Immunity,article,Immunology,Immunology and Microbiology,Life Sciences,https://doi.org/10.1128/iai.4.3.228-231.1971
W2017999789,Modeling the multi-sensory design space,publication,True,1,2001.0,0,11,Tactile and Sensory Interactions,,article,Cognitive Neuroscience,Neuroscience,Life Sciences,
W2622928986,W2622928986,reference_only,False,1,,2,0,,,,,,,
W2324890409,Rhythmic Walking Interaction with Auditory Feedback: Ecological Approaches in a Tempo Following Experiment,publication,True,3,2015.0,0,16,Music Technology and Sound Studies,IEEE Multimedia,article,Computer Vision and Pattern Recognition,Computer Science,Physical Sciences,https://doi.org/10.1109/mmul.2015.27
W2901749056,Interactive mobile robot in a dynamic environment,publication,True,26,2018.0,0,2,Robotics and Sensor-Based Localization,IFAC-PapersOnLine,article,Aerospace Engineering,Engineering,Physical Sciences,https://doi.org/10.1016/j.ifacol.2018.11.331
W1973448179,Measuring the Performance of Visual to Auditory Information Conversion,publication,True,26,2013.0,0,15,Tactile and Sensory Interactions,PLoS ONE,article,Cognitive Neuroscience,Neuroscience,Life Sciences,https://doi.org/10.1371/journal.pone.0063042
W3099780260,Modeling of Individual HRTFs Based on Spatial Principal Component Analysis,publication,True,8,2020.0,0,30,Technology and Human Factors in Education and Health,,article,"Public Health, Environmental and Occupational Health",Medicine,Health Sciences,
W2148694408,W2148694408,reference_only,False,8,,2,0,,,,,,,
W1545802590,Developing an interactive overview for non-visual exploration of tabular numerical information,publication,True,1,2009.0,0,81,Tactile and Sensory Interactions,OpenGrey (Institut de l'Information Scientifique et Technique),dissertation,Cognitive Neuroscience,Neuroscience,Life Sciences,
W1411283540,W1411283540,reference_only,False,26,,2,0,,,,,,,
W27549113,EGGS in Action.,publication,True,3,2011.0,0,6,Music Technology and Sound Studies,New Interfaces for Musical Expression,article,Computer Vision and Pattern Recognition,Computer Science,Physical Sciences,
W4391351983,Enhancing Perceptual—Motor Skills in Sports: The Role of Ecological Sounds,publication,True,35,2024.0,0,35,Action Observation and Synchronization,Journal of Intelligence,article,Social Psychology,Psychology,Social Sciences,https://doi.org/10.3390/jintelligence12020015
W1969807657,Living with alarms: the audio environment in an intensive care unit,publication,True,1,2011.0,0,3,Healthcare Technology and Patient Monitoring,AI & Society,article,Surgery,Medicine,Health Sciences,https://doi.org/10.1007/s00146-011-0344-4
W1499014042,An Application of Lunar GIS with Visualized and Auditory Japan’s Lunar Explorer “Kaguya” Data,publication,True,0,2009.0,0,2,Tactile and Sensory Interactions,,book-chapter,Cognitive Neuroscience,Neuroscience,Life Sciences,https://doi.org/10.1007/978-90-481-3660-5_27
W2014189250,Mitigating Accident Risk in Farm Tractors,publication,True,28,2008.0,0,2,Agriculture and Farm Safety,Ergonomics in Design The Quarterly of Human Factors Applications,article,Plant Science,Agricultural and Biological Sciences,Life Sciences,https://doi.org/10.1518/106480408x282737
W2186176482,Spatial audition in a static virtual environment : the role of auditory-visual interaction,publication,True,8,2024.0,0,26,Multisensory perception and integration,HAL (Le Centre pour la Communication Scientifique Directe),article,Experimental and Cognitive Psychology,Psychology,Social Sciences,https://doi.org/10.20385/1860-2037/6.2009.5
W2134480764,Auditory External Representations: Exploring and Evaluating the Design and Learnability of an Auditory UML Diagram,publication,True,1,2007.0,0,3,Usability and User Interface Design,,article,Human-Computer Interaction,Computer Science,Physical Sciences,
W4401456453,Head-up Displays Improve Drivers’ Performance and Subjective Perceptions with the In-Vehicle Gesture Interaction System,publication,True,28,2024.0,0,20,Human-Automation Interaction and Safety,International Journal of Human-Computer Interaction,article,Social Psychology,Psychology,Social Sciences,https://doi.org/10.1080/10447318.2024.2387397
W2903915379,Gestural qualities in music and outward bodily responses,publication,True,3,2017.0,0,1,Action Observation and Synchronization,,book-chapter,Social Psychology,Psychology,Social Sciences,https://doi.org/10.4324/9781315569628-5
W4396609000,Toward an Auditory Virtual Observatory,publication,True,6,2024.0,0,14,Time Series Analysis and Forecasting,Journal of the Audio Engineering Society,article,Signal Processing,Computer Science,Physical Sciences,https://doi.org/10.17743/jaes.2022.0146
W2591869197,W2591869197,reference_only,False,6,,2,0,,,,,,,
W2344615509,Sensor evaluation for real-time pace and step detection for sonic interaction,publication,True,3,2010.0,0,3,Music Technology and Sound Studies,Ghent University Academic Bibliography (Ghent University),report,Computer Vision and Pattern Recognition,Computer Science,Physical Sciences,
W2281107810,VIRTUAL AUDITORY MYOGRAPHY OF TIMPANI-PLAYING AVATARS,publication,True,3,2010.0,0,13,Tactile and Sensory Interactions,,article,Cognitive Neuroscience,Neuroscience,Life Sciences,
W2985082472,"Supporting Multitracking Performance With Novel Visual, Auditory, and Tactile Displays",publication,True,19,2019.0,0,23,Human-Automation Interaction and Safety,IEEE Transactions on Human-Machine Systems,article,Social Psychology,Psychology,Social Sciences,https://doi.org/10.1109/thms.2019.2947580
W1981382292,W1981382292,reference_only,False,19,,2,0,,,,,,,
W2569300168,W2569300168,reference_only,False,19,,2,0,,,,,,,
W3098444695,Holding the Cosmos in Your Hand: Developing 3D Modeling and Printing Pipelines for Communications and Research,publication,True,6,2020.0,0,7,Plant and Biological Electrophysiology Studies,Frontiers in Earth Science,article,Plant Science,Agricultural and Biological Sciences,Life Sciences,https://doi.org/10.3389/feart.2020.590295
W4391352207,Ecomprovisation: Project <i>Markarian 335</i>,publication,True,6,2023.0,0,9,Architecture and Computational Design,Organised Sound,article,Architecture,Engineering,Physical Sciences,https://doi.org/10.1017/s1355771823000651
W2405553465,The Soundtrack: Putting Music in its Place.,publication,True,6,2007.0,0,1,Music and Audio Processing,Bournemouth University Research Online (Bournemouth University),article,Signal Processing,Computer Science,Physical Sciences,
W2099324991,Variable 4: A Dynamical Composition for Weather Systems,publication,True,6,2011.0,0,8,Music Technology and Sound Studies,Goldsmiths (University of London),article,Computer Vision and Pattern Recognition,Computer Science,Physical Sciences,https://doi.org/10.25602/gold.00006506
W2012437462,Efficient Approximation of Head-Related Transfer Functions in Subbands for Accurate Sound Localization,publication,True,8,2015.0,0,21,Hearing Loss and Rehabilitation,IEEE/ACM Transactions on Audio Speech and Language Processing,article,Cognitive Neuroscience,Neuroscience,Life Sciences,https://doi.org/10.1109/taslp.2015.2425219
W2029031350,W2029031350,reference_only,False,8,,2,0,,,,,,,
W2790619349,Spatialized audio improves call sign recognition during multi-aircraft control,publication,True,30,2018.0,0,9,Human-Automation Interaction and Safety,Applied Ergonomics,article,Social Psychology,Psychology,Social Sciences,https://doi.org/10.1016/j.apergo.2018.02.007
W1965365831,W1965365831,reference_only,False,30,,2,0,,,,,,,
W2075588788,W2075588788,reference_only,False,30,,2,0,,,,,,,
W3033193059,"Liquified protein vibrations, classification and cross-paradigm <i>de novo</i> image generation using deep neural networks",publication,True,14,2020.0,0,16,Microfluidic and Bio-sensing Technologies,Nano Futures,article,Biomedical Engineering,Engineering,Physical Sciences,https://doi.org/10.1088/2399-1984/ab9a27
W2581887616,Toward adapting spatial audio displays for use with bone conduction: the cancellation of bone-conducted and air-conducted sound waves.,publication,True,8,2006.0,0,16,Hearing Loss and Rehabilitation,UPT. Syiah Kuala University Library (Syiah Kuala University),dissertation,Cognitive Neuroscience,Neuroscience,Life Sciences,
W2037673007,Audiovisual Harmony: The realtime audiovisualisation of a single data source in <i>Construction in Zhuangzi</i>,publication,True,5,2012.0,0,22,Multisensory perception and integration,Organised Sound,article,Experimental and Cognitive Psychology,Psychology,Social Sciences,https://doi.org/10.1017/s1355771812000076
W2162334392,W2162334392,reference_only,False,5,,2,0,,,,,,,
W46943982,On Mapping EEG Information into Music,publication,True,0,2014.0,0,28,Neuroscience and Music Perception,,book-chapter,Cognitive Neuroscience,Neuroscience,Life Sciences,https://doi.org/10.1007/978-1-4471-6584-2_10
W1992824530,W1992824530,reference_only,False,0,,2,0,,,,,,,
W2000339959,W2000339959,reference_only,False,0,,2,0,,,,,,,
W1513888342,"Socio-ec(h)o: Focus, listening and collaboration in the experience of ambient intelligent environments",publication,True,1,2010.0,0,14,Data Visualization and Analytics,Summit (Simon Fraser University),article,Computer Vision and Pattern Recognition,Computer Science,Physical Sciences,
W4391165733,Modeling of Individual Head-Related Transfer Functions (HRTFs) Based on Spatiotemporal and Anthropometric Features Using Deep Neural Networks,publication,True,8,2024.0,0,13,Hearing Loss and Rehabilitation,IEEE Access,article,Cognitive Neuroscience,Neuroscience,Life Sciences,https://doi.org/10.1109/access.2024.3358202
W2939124443,W2939124443,reference_only,False,8,,2,0,,,,,,,
W3002849069,Hair nicotine concentration of cats with gastrointestinal lymphoma and unaffected control cases,publication,True,33,2020.0,0,9,Smoking Behavior and Cessation,Veterinary Record,article,Physiology,Medicine,Health Sciences,https://doi.org/10.1136/vr.105564
W1972369503,W1972369503,reference_only,False,33,,2,0,,,,,,,
W1973736920,W1973736920,reference_only,False,33,,2,0,,,,,,,
W1977320923,W1977320923,reference_only,False,33,,2,0,,,,,,,
W2039883390,W2039883390,reference_only,False,33,,2,0,,,,,,,
W2050484649,W2050484649,reference_only,False,33,,2,0,,,,,,,
W2107572245,W2107572245,reference_only,False,33,,2,0,,,,,,,
W2110135880,W2110135880,reference_only,False,33,,2,0,,,,,,,
W2141866162,W2141866162,reference_only,False,33,,2,0,,,,,,,
W2167950003,W2167950003,reference_only,False,33,,2,0,,,,,,,
W4292485499,Studi Awal Sonifikasi Pada Data Gerak Parabola Berbantuan Arduino Uno R3 Atmega328,publication,True,6,2022.0,0,2,Experimental and Theoretical Physics Studies,JIPFRI (Jurnal Inovasi Pendidikan Fisika dan Riset Ilmiah),article,Statistical and Nonlinear Physics,Physics and Astronomy,Physical Sciences,https://doi.org/10.30599/jipfri.v6i1.1483
W2324715280,Identifying the Temporal Patterning Confusions in Audio Displays: Developing Guidelines for Complex Audio Displays,publication,True,15,1991.0,0,6,Safety Warnings and Signage,Proceedings of the Human Factors and Ergonomics Society Annual Meeting,article,Social Psychology,Psychology,Social Sciences,https://doi.org/10.1177/154193129103501034
W2770457274,<i>At the End of Night</i>: explorations of Antarctica and Space in the sound art of Philip Samartzis,publication,True,3,2017.0,0,3,Polar Research and Ecology,The Polar Journal,article,Ecology,Environmental Science,Physical Sciences,https://doi.org/10.1080/2154896x.2017.1373911
W2055059744,Sonic Trampoline: How Audio Feedback Impacts the User's Experience of Jumping,publication,True,31,2015.0,0,7,Music Technology and Sound Studies,IEEE Multimedia,article,Computer Vision and Pattern Recognition,Computer Science,Physical Sciences,https://doi.org/10.1109/mmul.2015.13
W2577481829,Hair nicotine concentration measurement in cats and its relationship to owner‐reported environmental tobacco smoke exposure,publication,True,33,2017.0,0,9,Human-Animal Interaction Studies,Journal of Small Animal Practice,article,Genetics,"Biochemistry, Genetics and Molecular Biology",Life Sciences,https://doi.org/10.1111/jsap.12616
W2759162409,TIME-DOMAIN ANALYSIS / SYNTHESIS OF THE EXCITATION SIGNAL IN A SOURCE / FILTER MODEL OF CONTACT SOUNDS,publication,True,34,2008.0,0,8,Music Technology and Sound Studies,,article,Computer Vision and Pattern Recognition,Computer Science,Physical Sciences,
W1512234659,Collaborating through sounds : audio-only interaction with diagrams,publication,True,1,2010.0,0,12,Tactile and Sensory Interactions,Queen Mary Research Online (Queen Mary University of London),dissertation,Cognitive Neuroscience,Neuroscience,Life Sciences,
W2360137255,Designing and Deploying Meaningful Auditory Alarms for Control Systems,publication,True,1,2017.0,0,23,Healthcare Technology and Patient Monitoring,,book-chapter,Surgery,Medicine,Health Sciences,https://doi.org/10.1007/978-3-319-51941-8_12
W2330140607,Use of Participatory Design to Enhance Accessibility of Slate-Type Devices,publication,True,30,2012.0,0,1,Usability and User Interface Design,Proceedings of the Human Factors and Ergonomics Society Annual Meeting,article,Human-Computer Interaction,Computer Science,Physical Sciences,https://doi.org/10.1177/1071181312561288
W4211249361,High Fidelity Haptic Rendering,publication,True,34,2006.0,0,9,Teleoperation and Haptic Systems,Synthesis lectures on computer graphics and animation,article,Mechanical Engineering,Engineering,Physical Sciences,https://doi.org/10.2200/s00045ed1v01y200609cgr002
W4224285446,"Wave-like behaviour in (0,1) binary sequences",publication,True,14,2022.0,0,4,Fractal and DNA sequence analysis,Scientific Reports,article,Molecular Biology,"Biochemistry, Genetics and Molecular Biology",Life Sciences,https://doi.org/10.1038/s41598-022-18360-z
W2056042409,Using bisensory feedback displays for space teleoperation,publication,True,15,1991.0,0,15,Tactile and Sensory Interactions,Acta Astronautica,article,Cognitive Neuroscience,Neuroscience,Life Sciences,https://doi.org/10.1016/0094-5765(91)90189-c
W2185068083,Speech and Non-Speech Audio: Navigational Information and Cognitive Load,publication,True,26,2007.0,0,11,Tactile and Sensory Interactions,,article,Cognitive Neuroscience,Neuroscience,Life Sciences,
W2063395869,Solubilization of 3-hydroxy-3-methylglutaryl coenzyme A reductase from rat and chicken liver microsomes,publication,True,2,1978.0,0,1,Plant biochemistry and biosynthesis,Analytical Biochemistry,article,Molecular Biology,"Biochemistry, Genetics and Molecular Biology",Life Sciences,https://doi.org/10.1016/0003-2697(78)90779-0
W228739995,W228739995,reference_only,False,5,,2,0,,,,,,,
W2070061330,Reflections on sonic browsing,publication,True,1,2005.0,0,21,Music and Audio Processing,ACM Transactions on Applied Perception,article,Signal Processing,Computer Science,Physical Sciences,https://doi.org/10.1145/1101530.1101549
W2118359256,"Auditory Progress Bars: The effects of Feedback, Endpoint and Free Response on Estimations of Time Remaining",publication,True,1,2012.0,0,3,Human-Automation Interaction and Safety,Proceedings of the Human Factors and Ergonomics Society Annual Meeting,article,Social Psychology,Psychology,Social Sciences,https://doi.org/10.1177/1071181312561335
W2026041664,Perception and replication of planar sonic gestures,publication,True,8,2012.0,0,28,Tactile and Sensory Interactions,ACM Transactions on Applied Perception,article,Cognitive Neuroscience,Neuroscience,Life Sciences,https://doi.org/10.1145/2355598.2355601
W1606974432,W1606974432,reference_only,False,8,,2,0,,,,,,,
W3188620338,Mood of the Planet: Challenging Visions of Big Data in the Arts,publication,True,5,2021.0,0,1,Aesthetic Perception and Analysis,Cognitive Computation,article,Cognitive Neuroscience,Neuroscience,Life Sciences,https://doi.org/10.1007/s12559-020-09766-w
W3204545170,Chemical composition: Hearing insect defensive volatiles,publication,True,14,2021.0,0,32,Insect Pheromone Research and Control,Patterns,article,Insect Science,Agricultural and Biological Sciences,Life Sciences,https://doi.org/10.1016/j.patter.2021.100352
W2592575041,A study on variability of anthropometric data of various pinna patterns of human ear for individualization of head related transfer function,publication,True,8,2017.0,0,1,Consumer Perception and Purchasing Behavior,,book-chapter,Marketing,"Business, Management and Accounting",Social Sciences,https://doi.org/10.1201/9781315400624-57
W2510242620,Measuring Cognitive Efficiency of Novel Speedometer Displays,publication,True,19,2016.0,0,8,Human-Automation Interaction and Safety,Proceedings of the Human Factors and Ergonomics Society Annual Meeting,article,Social Psychology,Psychology,Social Sciences,https://doi.org/10.1177/1541931213601442
W2019600788,W2019600788,reference_only,False,19,,2,0,,,,,,,
W2336384768,Sensory Substitution for Visually Disabled People: Computer Solutions,publication,True,26,2010.0,0,17,Tactile and Sensory Interactions,,article,Cognitive Neuroscience,Neuroscience,Life Sciences,
W1966453714,Audio formatting—Making spoken text and math comprehensible,publication,True,1,1997.0,0,3,Visual and Cognitive Learning Processes,International Journal of Speech Technology,article,Experimental and Cognitive Psychology,Psychology,Social Sciences,https://doi.org/10.1007/bf02215801
W4238287638,Audio formatting—Making spoken text and math comprehensible,publication,True,1,1995.0,0,1,Multimedia Communication and Technology,International Journal of Speech Technology,article,Sociology and Political Science,Social Sciences,Social Sciences,https://doi.org/10.1007/bf02277177
W4205368384,A User Centred Inclusive Web Framework for Astronomy,publication,True,6,2019.0,0,1,"Radio, Podcasts, and Digital Media",Proceedings of the International Astronomical Union,article,Communication,Social Sciences,Social Sciences,https://doi.org/10.1017/s1743921321000272
W2808295420,User-independent Accelerometer Gesture Recognition for Participatory Mobile Music,publication,True,3,2018.0,0,8,Music Technology and Sound Studies,Journal of the Audio Engineering Society,article,Computer Vision and Pattern Recognition,Computer Science,Physical Sciences,https://doi.org/10.17743/jaes.2018.0026
W2081795272,Comparison between a dorsal and a belt tactile display prototype for decoding physiological events in the operating room,publication,True,19,2009.0,0,9,Healthcare Technology and Patient Monitoring,Journal of Clinical Monitoring and Computing,article,Surgery,Medicine,Health Sciences,https://doi.org/10.1007/s10877-009-9175-y
W3007079640,Visual-to-auditory sensory substitution alters language asymmetry in both sighted novices and experienced visually impaired users,publication,True,26,2020.0,0,31,Tactile and Sensory Interactions,Applied Ergonomics,article,Cognitive Neuroscience,Neuroscience,Life Sciences,https://doi.org/10.1016/j.apergo.2020.103072
W1738312556,W1738312556,reference_only,False,31,,2,0,,,,,,,
W2040232999,“Cognitive Efficiency” in Display Media: A First Investigation of Basic Signal Dimensions,publication,True,19,2012.0,0,10,Human-Automation Interaction and Safety,Proceedings of the Human Factors and Ergonomics Society Annual Meeting,article,Social Psychology,Psychology,Social Sciences,https://doi.org/10.1177/1071181312561392
W2944953080,Your Brain on Art: A New Paradigm to Study Artistic Creativity Based on the ‘Exquisite Corpse’ Using Mobile Brain-Body Imaging,publication,True,35,2019.0,0,3,EEG and Brain-Computer Interfaces,,book-chapter,Cognitive Neuroscience,Neuroscience,Life Sciences,https://doi.org/10.1007/978-3-030-14323-7_10
W2084336412,W2084336412,reference_only,False,35,,2,0,,,,,,,
W1991201218,Evaluation of Multiparameter Vibrotactile Display Designs to Support Physiological Monitoring Performance in Anesthesiology,publication,True,19,2011.0,0,15,Human-Automation Interaction and Safety,Proceedings of the Human Factors and Ergonomics Society Annual Meeting,article,Social Psychology,Psychology,Social Sciences,https://doi.org/10.1177/1071181311551061
W2554991621,W2554991621,reference_only,False,26,,2,0,,,,,,,
W3199322465,Pre-Trained-Based Individualization Model for Real-Time Spatial Audio Rendering System,publication,True,8,2021.0,0,27,Hearing Loss and Rehabilitation,IEEE Access,article,Cognitive Neuroscience,Neuroscience,Life Sciences,https://doi.org/10.1109/access.2021.3113133
W2095926185,W2095926185,reference_only,False,26,,2,0,,,,,,,
W80094222,"Making Things Growl, Purr and Sing",publication,True,5,2014.0,0,2,Psychological Well-being and Life Satisfaction,,book-chapter,Social Psychology,Psychology,Social Sciences,https://doi.org/10.1007/978-1-4939-0536-2_8
W2054075606,Perceptual Validation Experiments for Evaluating the Quality of Wavelet-Synthesized Sounds,publication,True,1,2002.0,0,15,Tactile and Sensory Interactions,PRESENCE Virtual and Augmented Reality,article,Cognitive Neuroscience,Neuroscience,Life Sciences,https://doi.org/10.1162/105474602320935847
W2554218146,INFLUENCE OF INTERACTIVE AUDITORY FEEDBACK ON THE HAPTIC PERCEPTION OF VIRTUAL OBJECTS,publication,True,34,2007.0,0,3,Tactile and Sensory Interactions,,article,Cognitive Neuroscience,Neuroscience,Life Sciences,
W4407595080,Multi-faceted sensory substitution using wearable technology for curb alerting: a pilot investigation with persons with blindness and low vision,publication,True,26,2025.0,0,17,Tactile and Sensory Interactions,Disability and Rehabilitation Assistive Technology,article,Cognitive Neuroscience,Neuroscience,Life Sciences,https://doi.org/10.1080/17483107.2025.2463541
W2082098534,Translation from Neurobiological Data to Music Parameters,publication,True,0,2003.0,0,10,Neuroscience and Music Perception,Annals of the New York Academy of Sciences,article,Cognitive Neuroscience,Neuroscience,Life Sciences,https://doi.org/10.1196/annals.1284.039
W166655857,Spatial Audio Displays for Improving Safety and Enhancing Situation Awareness in General Aviation Environments,publication,True,8,2005.0,0,13,Noise Effects and Management,Defense Technical Information Center (DTIC),article,Speech and Hearing,Health Professions,Health Sciences,
W1493921411,Audio Cues to Assist Visual Search in Robotic System Operator Control Unit Displays,publication,True,8,2005.0,0,8,Human-Automation Interaction and Safety,,report,Social Psychology,Psychology,Social Sciences,https://doi.org/10.21236/ada441023
W2800669962,A Spectro-Gestural-Morphological Analysis of a Musical-Tactile Score,publication,True,5,2018.0,0,3,Music Technology and Sound Studies,SpringerBriefs in applied sciences and technology,book-chapter,Computer Vision and Pattern Recognition,Computer Science,Physical Sciences,https://doi.org/10.1007/978-4-431-56844-5_5
W4402599028,Investigating the effect of auditory takeover request signals frequency on drivers from an acute stress perspective,publication,True,28,2024.0,0,14,Human-Automation Interaction and Safety,Transportation Research Part F Traffic Psychology and Behaviour,article,Social Psychology,Psychology,Social Sciences,https://doi.org/10.1016/j.trf.2024.09.008
W2003136923,Touch-enabled haptic modeling of deformable multi-resolution surfaces,publication,True,34,2007.0,0,11,Teleoperation and Haptic Systems,Virtual Reality,article,Mechanical Engineering,Engineering,Physical Sciences,https://doi.org/10.1007/s10055-006-0065-z
W1880787359,Flexible touch sensor for evaluating geometric properties of virtual shapes through sound,publication,True,1,2015.0,0,13,Tactile and Sensory Interactions,Virtual and Physical Prototyping,article,Cognitive Neuroscience,Neuroscience,Life Sciences,https://doi.org/10.1080/17452759.2015.1046036
W2988500677,Real-Time Auditory Biofeedback System for Learning a Novel Arm Trajectory: A Usability Study,publication,True,35,2019.0,0,15,Stroke Rehabilitation and Recovery,,book-chapter,Rehabilitation,Medicine,Health Sciences,https://doi.org/10.1007/978-3-319-64301-4_18
W6691227101,W6691227101,reference_only,False,35,,2,0,,,,,,,
W4238946907,Auditory Augmentation,publication,True,6,2011.0,0,15,Interactive and Immersive Displays,IGI Global eBooks,book-chapter,Human-Computer Interaction,Computer Science,Physical Sciences,https://doi.org/10.4018/978-1-4666-0038-6.ch008
W3111347667,Narcissus and Echo:<i>Reflections on an Art-Science Collaboration</i>,publication,True,6,2020.0,0,5,Anatomy and Medical Technology,Leonardo,article,Biomedical Engineering,Engineering,Physical Sciences,https://doi.org/10.1162/leon_a_02009
W2551704751,Blind driving by means of auditory feedback,publication,True,28,2016.0,0,12,Human-Automation Interaction and Safety,IFAC-PapersOnLine,article,Social Psychology,Psychology,Social Sciences,https://doi.org/10.1016/j.ifacol.2016.10.612
W2319255921,Comparison of Two Voice Synthesis Systems as to Speech Intelligibility in Aircraft Cockpit Engine Noise,publication,True,8,2004.0,0,2,Hearing Loss and Rehabilitation,Proceedings of the Human Factors and Ergonomics Society Annual Meeting,article,Cognitive Neuroscience,Neuroscience,Life Sciences,https://doi.org/10.1177/154193120404800128
W4402401640,A Framework for Multimodal Medical Image Interaction,publication,True,31,2024.0,0,26,Image Retrieval and Classification Techniques,IEEE Transactions on Visualization and Computer Graphics,article,Computer Vision and Pattern Recognition,Computer Science,Physical Sciences,https://doi.org/10.1109/tvcg.2024.3456163
W4386818299,Auditory vertical localization in the median plane with conflicting dynamic interaural time difference and other elevation cues,publication,True,8,2023.0,0,23,Hearing Loss and Rehabilitation,The Journal of the Acoustical Society of America,article,Cognitive Neuroscience,Neuroscience,Life Sciences,https://doi.org/10.1121/10.0020909
W4319161201,W4319161201,reference_only,False,8,,2,0,,,,,,,
W2560210239,Can VoiceScapes Assist in Menu Navigation?,publication,True,31,2015.0,0,11,Digital Accessibility for Disabilities,Proceedings of the Human Factors and Ergonomics Society Annual Meeting,article,Human Factors and Ergonomics,Social Sciences,Social Sciences,https://doi.org/10.1177/1541931215591157
W4402626427,The Effect of Internal and external imagery on learning badminton long serve skill: The role of visual and audiovisual imagery,publication,True,35,2024.0,0,29,Sport Psychology and Performance,PLoS ONE,article,Developmental and Educational Psychology,Psychology,Social Sciences,https://doi.org/10.1371/journal.pone.0309473
W4389986529,Evaluation of different feedback designs for target guidance in human controlled robotic cranes: A comparison between high and low performance groups,publication,True,35,2023.0,0,30,Human-Automation Interaction and Safety,Applied Ergonomics,article,Social Psychology,Psychology,Social Sciences,https://doi.org/10.1016/j.apergo.2023.104204
W2493542261,Multiple Resource Time Sharing Models,publication,True,28,2004.0,0,6,Human-Automation Interaction and Safety,,book-chapter,Social Psychology,Psychology,Social Sciences,https://doi.org/10.1201/9780203489925-51
W4245790983,Scientific Documents,publication,True,26,2019.0,0,19,Tactile and Sensory Interactions,Human-computer interaction series,book-chapter,Cognitive Neuroscience,Neuroscience,Life Sciences,https://doi.org/10.1007/978-1-4471-7440-0_22
W2014020074,Extractable zinc in particle size fractions of soils from Western-Australia and Queensland,publication,True,19,1990.0,0,1,Plant Micronutrient Interactions and Effects,Soil Research,article,Plant Science,Agricultural and Biological Sciences,Life Sciences,https://doi.org/10.1071/sr9900387
W4407755783,Mixed reality representation of hazard zones while collaborating with a robot: sense of control over own safety,publication,True,28,2025.0,0,50,Human-Automation Interaction and Safety,Virtual Reality,article,Social Psychology,Psychology,Social Sciences,https://doi.org/10.1007/s10055-025-01107-2
W35921229,W35921229,reference_only,False,28,,2,0,,,,,,,
W1270658374,W1270658374,reference_only,False,28,,2,0,,,,,,,
W1973153008,W1973153008,reference_only,False,28,,2,0,,,,,,,
W1975249029,W1975249029,reference_only,False,28,,2,0,,,,,,,
W2026669106,W2026669106,reference_only,False,28,,2,0,,,,,,,
W2054827171,W2054827171,reference_only,False,28,,2,0,,,,,,,
W2065557762,W2065557762,reference_only,False,28,,2,0,,,,,,,
W2091943283,W2091943283,reference_only,False,28,,2,0,,,,,,,
W2100661295,W2100661295,reference_only,False,28,,2,0,,,,,,,
W2151497144,W2151497144,reference_only,False,28,,2,0,,,,,,,
W2162130878,W2162130878,reference_only,False,28,,2,0,,,,,,,
W2174644224,W2174644224,reference_only,False,28,,2,0,,,,,,,
W2339991483,W2339991483,reference_only,False,28,,2,0,,,,,,,
W2382688314,W2382688314,reference_only,False,28,,2,0,,,,,,,
W2416272719,W2416272719,reference_only,False,28,,2,0,,,,,,,
W2500057728,W2500057728,reference_only,False,28,,2,0,,,,,,,
W2517551730,W2517551730,reference_only,False,28,,2,0,,,,,,,
W2609187851,W2609187851,reference_only,False,28,,2,0,,,,,,,
W2610316813,W2610316813,reference_only,False,28,,2,0,,,,,,,
W2741806737,W2741806737,reference_only,False,28,,2,0,,,,,,,
W2752088172,W2752088172,reference_only,False,28,,2,0,,,,,,,
W2757160938,W2757160938,reference_only,False,28,,2,0,,,,,,,
W2770233082,W2770233082,reference_only,False,28,,2,0,,,,,,,
W2790452817,W2790452817,reference_only,False,28,,2,0,,,,,,,
W2804124418,W2804124418,reference_only,False,28,,2,0,,,,,,,
W2899973409,W2899973409,reference_only,False,28,,2,0,,,,,,,
W2938095857,W2938095857,reference_only,False,28,,2,0,,,,,,,
W2945359580,W2945359580,reference_only,False,28,,2,0,,,,,,,
W2991403870,W2991403870,reference_only,False,28,,2,0,,,,,,,
W3100997236,W3100997236,reference_only,False,28,,2,0,,,,,,,
W3135072749,W3135072749,reference_only,False,28,,2,0,,,,,,,
W3154978941,W3154978941,reference_only,False,28,,2,0,,,,,,,
W3158397557,W3158397557,reference_only,False,28,,2,0,,,,,,,
W3206653976,W3206653976,reference_only,False,28,,2,0,,,,,,,
W3209983799,W3209983799,reference_only,False,28,,2,0,,,,,,,
W4205177261,W4205177261,reference_only,False,28,,2,0,,,,,,,
W4221045795,W4221045795,reference_only,False,28,,2,0,,,,,,,
W4251103194,W4251103194,reference_only,False,28,,2,0,,,,,,,
W4285102375,W4285102375,reference_only,False,28,,2,0,,,,,,,
W4288826217,W4288826217,reference_only,False,28,,2,0,,,,,,,
W4322772925,Shape detection beyond the visual field using a visual-to-auditory sensory augmentation device,publication,True,26,2023.0,0,28,Tactile and Sensory Interactions,Frontiers in Human Neuroscience,article,Cognitive Neuroscience,Neuroscience,Life Sciences,https://doi.org/10.3389/fnhum.2023.1058617
W2572374618,Developing a navigational 3D audio game with hierarchical levels of difficulty for the visually impaired players.,publication,True,26,2015.0,0,9,Tactile and Sensory Interactions,RoCHI,article,Cognitive Neuroscience,Neuroscience,Life Sciences,
W1986562171,W1986562171,reference_only,False,26,,2,0,,,,,,,
W2906033225,THE TOUCH OF THE STETHOSCOPE: SHAPING CONTEXT IN INTIMATE PERFORMANCE,publication,True,6,2018.0,0,1,"Medical, Sociocultural, and Biopolitical Studies",Tempo,article,Political Science and International Relations,Social Sciences,Social Sciences,https://doi.org/10.1017/s0040298218000669
W3209586149,Introduction,publication,True,5,2017.0,0,1,Music Technology and Sound Studies,,book-chapter,Computer Vision and Pattern Recognition,Computer Science,Physical Sciences,https://doi.org/10.4324/9781315569628-1
W6840257018,W6840257018,reference_only,False,5,,2,0,,,,,,,
W4385557901,Activity and Safety of Cinchonine Nanostructured Lipid Carriers as a Hair Growth Stimulant in Mice Model of Androgenetic Alopecia,publication,True,6,2023.0,0,1,Hair Growth and Disorders,Sains Malaysiana,article,Urology,Medicine,Health Sciences,https://doi.org/10.17576/jsm-2023-5206-05
W2070105937,The effects of multimodal display aids on human performance,publication,True,1,1997.0,0,2,Ergonomics and Musculoskeletal Disorders,Computers & Industrial Engineering,article,Social Psychology,Psychology,Social Sciences,https://doi.org/10.1016/s0360-8352(97)00073-9
W2737029839,Sonic Kayaks: Environmental monitoring and experimental music by citizens,publication,True,27,2017.0,0,14,Marine animal studies overview,bioRxiv (Cold Spring Harbor Laboratory),preprint,Ecology,Environmental Science,Physical Sciences,https://doi.org/10.1101/167833
W2406280959,Tempolenses with Variable Magnification for Sonic Representation of Medical Data. Application for Cardiac Signals,publication,True,6,2013.0,0,3,Heart Rate Variability and Autonomic Control,Studies in health technology and informatics,book-chapter,Cardiology and Cardiovascular Medicine,Medicine,Health Sciences,https://doi.org/10.3233/978-1-61499-240-0-78
W1957332763,Building Korean Head-related Transfer Function Database,publication,True,8,2014.0,0,1,Hearing Loss and Rehabilitation,Transactions of the Korean Society for Noise and Vibration Engineering,article,Cognitive Neuroscience,Neuroscience,Life Sciences,https://doi.org/10.5050/ksnve.2014.24.4.282
W3043647569,Sex Differences in Maintaining the Requested Handgrip Force Enhanced by Auditory or Visual Feedback,publication,True,35,2020.0,0,20,Neuroscience and Music Perception,International Journal of Environmental Research and Public Health,article,Cognitive Neuroscience,Neuroscience,Life Sciences,https://doi.org/10.3390/ijerph17145158
W3176364458,Un-silencing an Experimental Technique: Listening to the Electrical Penetration Graph,publication,True,6,2021.0,0,8,Plant and Biological Electrophysiology Studies,Science Technology & Human Values,article,Plant Science,Agricultural and Biological Sciences,Life Sciences,https://doi.org/10.1177/01622439211023552
W3130843591,Can the application of certain music information retrieval methods contribute to the machine learning classification of electrocardiographic signals?,publication,True,6,2021.0,0,8,Phonocardiography and Auscultation Techniques,Heliyon,article,Pulmonary and Respiratory Medicine,Medicine,Health Sciences,https://doi.org/10.1016/j.heliyon.2021.e06257
W2885119903,‘There are still songs to sing beyond mankind’: Sounds of a troubled world = songs for serenity,publication,True,6,2018.0,0,1,Posthumanist Ethics and Activism,Social Science Information,article,Cultural Studies,Social Sciences,Social Sciences,https://doi.org/10.1177/0539018418791054
W4396613753,"Inclusive multisensory science and immunology books for blind, low‐vision and diverse‐needs audiences",publication,True,6,2024.0,0,3,Science Education and Perceptions,Immunology and Cell Biology,article,Developmental and Educational Psychology,Psychology,Social Sciences,https://doi.org/10.1111/imcb.12758
W1978670624,The Impact of Spatialized Communications on Team Navigation,publication,True,1,2012.0,0,5,Spatial Cognition and Navigation,Proceedings of the Human Factors and Ergonomics Society Annual Meeting,article,Automotive Engineering,Engineering,Physical Sciences,https://doi.org/10.1177/1071181312561045
W16156068,"Improved Vehicle Safety and How Technology Will Get Us There, Hopefully",publication,True,28,2008.0,0,12,Human-Automation Interaction and Safety,,book-chapter,Social Psychology,Psychology,Social Sciences,https://doi.org/10.1007/978-0-387-79582-9_1
W2051448812,A loudspeaker design for sound image localization on large flat screens,publication,True,8,2010.0,0,2,Speech and Audio Processing,Nippon Onkyo Gakkaishi/Acoustical science and technology/Nihon Onkyo Gakkaishi,article,Signal Processing,Computer Science,Physical Sciences,https://doi.org/10.1250/ast.31.278
W2970524191,Music and Mirror Neuron System,publication,True,35,2019.0,0,22,Action Observation and Synchronization,,book-chapter,Social Psychology,Psychology,Social Sciences,https://doi.org/10.1007/978-3-030-23580-2_7
W2324486852,Operational Evaluation of a Construction Robot Tele-operation with Force Feedback,publication,True,1,2011.0,0,4,Teleoperation and Haptic Systems,TRANSACTIONS OF THE JAPAN FLUID POWER SYSTEM SOCIETY,article,Mechanical Engineering,Engineering,Physical Sciences,https://doi.org/10.5739/jfps.43.8
W2964889860,Knowledge and Information,publication,True,5,2019.0,0,29,Action Observation and Synchronization,Human-computer interaction series,book-chapter,Social Psychology,Psychology,Social Sciences,https://doi.org/10.1007/978-3-030-01497-1_3
W4402402080,Precise Tool to Target Positioning Widgets (TOTTA) in Spatial Environments: A Systematic Review,publication,True,23,2024.0,0,3,Augmented Reality Applications,IEEE Transactions on Visualization and Computer Graphics,review,Computer Vision and Pattern Recognition,Computer Science,Physical Sciences,https://doi.org/10.1109/tvcg.2024.3456206
W2982377821,Musician And Mega-Machine: Compositions Driven By Real-Time Particle Collision Data From The Atlas Detector,publication,True,6,2016.0,0,1,Particle Detector Development and Performance,Zenodo (CERN European Organization for Nuclear Research),article,Nuclear and High Energy Physics,Physics and Astronomy,Physical Sciences,https://doi.org/10.5281/zenodo.1176011
W1625981380,DISCO: An object-oriented system for music composition and sound design,publication,True,0,2000.0,0,2,Music Technology and Sound Studies,arXiv (Cornell University),preprint,Computer Vision and Pattern Recognition,Computer Science,Physical Sciences,https://doi.org/10.48550/arxiv.cs/0007006
W1623551264,Use of Virtual Environment Training Technology for Individual Combat Simulation,publication,True,8,1993.0,0,1,Occupational Health and Performance,Defense Technical Information Center (DTIC),article,Occupational Therapy,Health Professions,Health Sciences,
W7127570194,Water-mediated hydrogen bonds and local side-chain interactions in the cooperative collapse and expansion of PNIPAM oligomers,publication,True,14,2026.0,0,9,"Hydrogels: synthesis, properties, applications",Proceedings of the National Academy of Sciences,article,Molecular Medicine,"Biochemistry, Genetics and Molecular Biology",Life Sciences,https://doi.org/10.1073/pnas.2523755123
W2398616874,Searching for Sources from a Fixed Point in a Virtual Auditory Environment,publication,True,8,2011.0,0,3,Tactile and Sensory Interactions,,article,Cognitive Neuroscience,Neuroscience,Life Sciences,
W2078009752,Combined Mobility System for the Blind,publication,True,36,1969.0,0,2,Tactile and Sensory Interactions,Nature,article,Cognitive Neuroscience,Neuroscience,Life Sciences,https://doi.org/10.1038/2221301a0
W4253263239,W4253263239,reference_only,False,36,,1,0,,,,,,,
W6632338449,W6632338449,reference_only,False,36,,1,0,,,,,,,
W3188875847,"Evaluation of Aliphatic Hydrocarbons in Surface Sediments of Lagoa Mirim (RS, Brazil)",publication,True,37,2021.0,0,23,Toxic Organic Pollutants Impact,Bulletin of Environmental Contamination and Toxicology,article,"Health, Toxicology and Mutagenesis",Environmental Science,Physical Sciences,https://doi.org/10.1007/s00128-021-03343-z
W1941066581,W1941066581,reference_only,False,37,,2,0,,,,,,,
W1965458625,W1965458625,reference_only,False,37,,2,0,,,,,,,
W1987494441,W1987494441,reference_only,False,37,,2,0,,,,,,,
W2004076012,W2004076012,reference_only,False,37,,2,0,,,,,,,
W2052791253,W2052791253,reference_only,False,37,,2,0,,,,,,,
W2053398085,W2053398085,reference_only,False,37,,2,0,,,,,,,
W2065840357,W2065840357,reference_only,False,37,,2,0,,,,,,,
W2072567258,W2072567258,reference_only,False,37,,2,0,,,,,,,
W2077367079,W2077367079,reference_only,False,37,,2,0,,,,,,,
W2081322789,W2081322789,reference_only,False,37,,2,0,,,,,,,
W2084781528,W2084781528,reference_only,False,37,,2,0,,,,,,,
W2094714203,W2094714203,reference_only,False,37,,2,0,,,,,,,
W2117080621,W2117080621,reference_only,False,37,,2,0,,,,,,,
W2154461656,W2154461656,reference_only,False,37,,2,0,,,,,,,
W2161337416,W2161337416,reference_only,False,37,,2,0,,,,,,,
W2530909360,W2530909360,reference_only,False,37,,2,0,,,,,,,
W2786192813,W2786192813,reference_only,False,37,,2,0,,,,,,,
W2981896383,W2981896383,reference_only,False,37,,2,0,,,,,,,
W4252217157,W4252217157,reference_only,False,37,,2,0,,,,,,,
W4256227156,W4256227156,reference_only,False,37,,2,0,,,,,,,
W4390542070,Development and validation of an art-inspired multimodal interactive technology system for a multi-component intervention for older people: a pilot study,publication,True,3,2024.0,0,9,Multisensory perception and integration,Frontiers in Computer Science,article,Experimental and Cognitive Psychology,Psychology,Social Sciences,https://doi.org/10.3389/fcomp.2023.1290589
W4402459167,Gravitational music: a mathematical-musical model for the popularization of gravitational waves,publication,True,0,2024.0,0,5,Cognitive Science and Education Research,Physics Education,article,Cognitive Neuroscience,Neuroscience,Life Sciences,https://doi.org/10.1088/1361-6552/ad7347
W4214742289,"On the use of nuclear magnetic resonance spectroscopy in music composition- principles, practice and possibilities",publication,True,0,2021.0,0,16,NMR spectroscopy and applications,Journal of New Music Research,article,Nuclear and High Energy Physics,Physics and Astronomy,Physical Sciences,https://doi.org/10.1080/09298215.2022.2043389
W4392204020,Influence of sonication pretreatment on antiradical and anti-ACE activity of protein hydrolysates from fermented pork loins,publication,True,2,2024.0,0,2,Protein Hydrolysis and Bioactive Peptides,Meat Science,article,Molecular Biology,"Biochemistry, Genetics and Molecular Biology",Life Sciences,https://doi.org/10.1016/j.meatsci.2024.109472
W2889292407,Vocalizing large time series efficiently,publication,True,15,2018.0,0,2,Time Series Analysis and Forecasting,Proceedings of the VLDB Endowment,article,Signal Processing,Computer Science,Physical Sciences,https://doi.org/10.14778/3236187.3236206
W2158627380,"SEISMOTOOL: An Easy Way to See, Listen, and Analyze Seismograms",publication,True,6,2014.0,0,6,earthquake and tectonic studies,Seismological Research Letters,article,Geophysics,Earth and Planetary Sciences,Physical Sciences,https://doi.org/10.1785/0220130028
W3208765379,Determination of aliphatic hydrocarbons in surface sediments of Mangueira Lagoon (RS—Brazil),publication,True,37,2021.0,0,21,Toxic Organic Pollutants Impact,Environmental Earth Sciences,article,"Health, Toxicology and Mutagenesis",Environmental Science,Physical Sciences,https://doi.org/10.1007/s12665-021-10010-3
W1941998250,Binaural technology for application to active noise reduction communication headsets: design considerations,publication,True,8,2000.0,0,21,Hearing Loss and Rehabilitation,Canadian acoustics,article,Cognitive Neuroscience,Neuroscience,Life Sciences,
W4321435877,Pseudorandom: generative animation as performance in <i>Emergent</i> (2020–2022),publication,True,6,2023.0,0,1,Innovative Human-Technology Interaction,International Journal of Performance Arts and Digital Media,article,Human-Computer Interaction,Computer Science,Physical Sciences,https://doi.org/10.1080/14794713.2023.2179784
W4401828026,SONOICE! a Sonar–Voice dynamic user interface for assisting individuals with blindness and visual impairment in pinpointing elements in 2D tactile readers,publication,True,26,2024.0,0,29,Tactile and Sensory Interactions,Frontiers in Rehabilitation Sciences,article,Cognitive Neuroscience,Neuroscience,Life Sciences,https://doi.org/10.3389/fresc.2024.1368983
W2981656215,Enhancing the Sounds of Urgency: Lessons From Music and Aviation on Human Response to Critical Auditory Stimuli,publication,True,19,2019.0,0,8,Healthcare Technology and Patient Monitoring,Anesthesia & Analgesia,article,Surgery,Medicine,Health Sciences,https://doi.org/10.1213/ane.0000000000004310
W4309297177,THE UNIVERSE IN WORDS: ASTRONOMY FOR ALL THROUGH AUDIO DESCRIPTION WITHIN THE OUTREACH PROJECT ASTROACCESIBLE,publication,True,6,2022.0,0,1,Subtitles and Audiovisual Media,Revista Mexicana de Astronomía y Astrofísica Serie de Conferencias,article,Language and Linguistics,Arts and Humanities,Social Sciences,https://doi.org/10.22201/ia.14052059p.2022.54.25
W4230893181,Photophonics,publication,True,6,2013.0,0,5,Visual Culture and Art Theory,SoundEffects - An Interdisciplinary Journal of Sound and Sound Experience,article,Visual Arts and Performing Arts,Arts and Humanities,Social Sciences,https://doi.org/10.7146/se.v3i1-2.15645
W4388101749,Mixed Reality Representation of Hazard Zones while Collaborating with a Robot: Sense of Control over Own Safety,publication,True,28,2023.0,0,46,Human-Automation Interaction and Safety,Research Square,preprint,Social Psychology,Psychology,Social Sciences,https://doi.org/10.21203/rs.3.rs-3498014/v1
W2163367063,A Fuzzy-Logic Mapper for Audiovisual Media,publication,True,5,2006.0,0,20,Multisensory perception and integration,Computer Music Journal,article,Experimental and Cognitive Psychology,Psychology,Social Sciences,https://doi.org/10.1162/014892606776021263
W2167950485,Multimodal Excitatory Interfaces with Automatic Content Classification,publication,True,6,2009.0,0,16,Tactile and Sensory Interactions,Human-computer interaction series,book-chapter,Cognitive Neuroscience,Neuroscience,Life Sciences,https://doi.org/10.1007/978-1-84882-733-2_12
W2981801385,Stolen Voices Is a Slowly Unfolding Eavesdrop on the East Coast of the UK,publication,True,5,2019.0,0,3,Geographies of human-animal interactions,Arts,article,"Geography, Planning and Development",Social Sciences,Social Sciences,https://doi.org/10.3390/arts8040140
W3146083582,W3146083582,reference_only,False,5,,2,0,,,,,,,
W4283766374,Opening the black boxes: financial algorithms and multi-paradigmatic research in information technology,publication,True,6,2022.0,0,5,Financial Markets and Investment Strategies,Journal of Systems and Information Technology,article,Finance,"Economics, Econometrics and Finance",Social Sciences,https://doi.org/10.1108/jsit-01-2020-0006
W2769283696,Klima|Anlage—Performing Climate Data,publication,True,5,2018.0,0,12,Climate Change Communication and Perception,Climate change management,book-chapter,Sociology and Political Science,Social Sciences,Social Sciences,https://doi.org/10.1007/978-3-319-98294-6_21
W4362670294,AI Color Organ: Piano Music Visualization using Onset Detection and HistoGAN,publication,True,31,2023.0,0,2,Music and Audio Processing,Highlights in Science Engineering and Technology,article,Signal Processing,Computer Science,Physical Sciences,https://doi.org/10.54097/hset.v39i.6539
W7754938,Embedded Smarthouse Bathroom Entertainment Systems for Improving Quality of Life,publication,True,5,2014.0,0,7,Interactive and Immersive Displays,Human-computer interaction series,book-chapter,Human-Computer Interaction,Computer Science,Physical Sciences,https://doi.org/10.1007/978-1-4471-6446-3_6
W4403050436,"Citizen science, accessibility, art &amp; science, critical thinking, policy and engagement: thoughts and lessons learned from the REINFORCE experience",publication,True,6,2024.0,0,5,"Radio, Podcasts, and Digital Media",The European Physical Journal Plus,article,Communication,Social Sciences,Social Sciences,https://doi.org/10.1140/epjp/s13360-024-05313-w
W2318560697,Comparison of the P300 and Other Workload Assessment Techniques in a Simulated Flight Task,publication,True,19,2003.0,0,1,Human-Automation Interaction and Safety,Proceedings of the Human Factors and Ergonomics Society Annual Meeting,article,Social Psychology,Psychology,Social Sciences,https://doi.org/10.1177/154193120304700373
W1414935629,Combining Visual and Auditory Data Exploration for finding structure in high-dimensional data,publication,True,6,2001.0,0,1,Music and Audio Processing,PUB – Publications at Bielefeld University (Bielefeld University),article,Signal Processing,Computer Science,Physical Sciences,
W4313408435,Design and Implementation of a Real-Time Color Recognition System for the Visually Impaired,publication,True,26,2022.0,0,29,Tactile and Sensory Interactions,Arabian Journal for Science and Engineering,article,Cognitive Neuroscience,Neuroscience,Life Sciences,https://doi.org/10.1007/s13369-022-07506-w
W149988133,AUDITORY ALARM DESIGN FOR NASA CEV APPLICATIONS,publication,True,19,2007.0,0,8,Noise Effects and Management,,article,Speech and Hearing,Health Professions,Health Sciences,
W2263966166,Multimodal Perceptual Training for Improving Spatial Auditory Performance in Blind and Sighted Listeners,publication,True,8,2015.0,0,16,Hearing Loss and Rehabilitation,Archives of Acoustics,article,Cognitive Neuroscience,Neuroscience,Life Sciences,https://doi.org/10.1515/aoa-2015-0049
W2548993246,Hybrid Real/Mimetic Sound Works,publication,True,26,2016.0,0,1,Music Technology and Sound Studies,Australasian Journal of Paramedicine,article,Computer Vision and Pattern Recognition,Computer Science,Physical Sciences,https://doi.org/10.5281/zenodo.1289587
W2056885446,Masking between Spatially Separated Sounds,publication,True,8,1992.0,0,9,Hearing Loss and Rehabilitation,Proceedings of the Human Factors and Ergonomics Society Annual Meeting,article,Cognitive Neuroscience,Neuroscience,Life Sciences,https://doi.org/10.1518/107118192786751925
W3129567332,Demonstrating change from a drop-in space soundscape exhibit by using graffiti walls both before and after,publication,True,6,2021.0,0,8,Public Spaces through Art,Geoscience Communication,article,Urban Studies,Social Sciences,Social Sciences,https://doi.org/10.5194/gc-4-57-2021
W2065537706,STEREO IMAGE PROCESSING PROCEDURE FOR VISION REHABILITATION,publication,True,26,2008.0,0,17,Tactile and Sensory Interactions,Applied Artificial Intelligence,article,Cognitive Neuroscience,Neuroscience,Life Sciences,https://doi.org/10.1080/08839510802226777
W2736550969,Identification of Sounds with Multiple Timbres,publication,True,15,1993.0,0,3,Music and Audio Processing,Proceedings of the Human Factors and Ergonomics Society Annual Meeting,article,Signal Processing,Computer Science,Physical Sciences,https://doi.org/10.1177/154193129303700905
W2183991150,Is pitch perception and discrimination of vowels language-dependent and influenced by the vowels spectral properties? Daniel Pape,publication,True,31,2005.0,0,4,Neuroscience and Music Perception,,article,Cognitive Neuroscience,Neuroscience,Life Sciences,
W4390442807,Performance Evaluation of Hybrid MQL-Brass Nano-Fluid Coolant on Aisi 304 SS for Efficient Machining Operation,publication,True,38,2023.0,0,1,Advanced Machining and Optimization Techniques,ABUAD Journal of Engineering Research and Development (AJERD),article,Electrical and Electronic Engineering,Engineering,Physical Sciences,https://doi.org/10.53982/ajerd.2023.0602.20-j
W2970831834,W2970831834,reference_only,False,38,,2,0,,,,,,,
W3017442223,"Hydrophobisation effectiveness of building ceramics, polymeric inorganic ultrasound integrated with the addition of fillers",publication,True,19,2015.0,0,1,Surface Modification and Superhydrophobicity,Budownictwo i Architektura,article,"Surfaces, Coatings and Films",Materials Science,Physical Sciences,https://doi.org/10.35784/bud-arch.1517
W3123805594,I M P R O V E D P E R F O R M A N C E O F W O O D P O LY M E R NANOCOMPOSITE IMPREGNATED WITH METAL OXIDE NANOPARTICLE-REINFORCED PHENOL FORMALDEHYDE RESIN,publication,True,6,2021.0,0,1,Transition Metal Oxide Nanomaterials,JOURNAL OF TROPICAL FOREST SCIENCE,article,Polymers and Plastics,Materials Science,Physical Sciences,https://doi.org/10.26525/jtfs2021.33.1.77
W3006876323,A multimodal auditory equal-loudness comparison of air and bone conducted sounds,publication,True,31,2020.0,0,12,Multisensory perception and integration,Journal on Multimodal User Interfaces,article,Experimental and Cognitive Psychology,Psychology,Social Sciences,https://doi.org/10.1007/s12193-020-00320-4
W2068583635,Auditory Azimuthal Localization Performance in Water as a Function of Prior Exposure,publication,True,8,2013.0,0,18,Tactile and Sensory Interactions,Human Factors The Journal of the Human Factors and Ergonomics Society,article,Cognitive Neuroscience,Neuroscience,Life Sciences,https://doi.org/10.1177/0018720813503366
W1237592489,"Visualization, measurement, and interpolation of head -related transfer functions (HRTF's) with applications in electro -acoustic music.",publication,True,8,2001.0,0,54,Hearing Loss and Rehabilitation,Deep Blue (University of Michigan),dissertation,Cognitive Neuroscience,Neuroscience,Life Sciences,
W1553202049,W1553202049,reference_only,False,8,,2,0,,,,,,,
W1896922585,W1896922585,reference_only,False,8,,2,0,,,,,,,
W1932509224,W1932509224,reference_only,False,8,,2,0,,,,,,,
W2030159502,W2030159502,reference_only,False,8,,2,0,,,,,,,
W2064865249,W2064865249,reference_only,False,8,,2,0,,,,,,,
W4405337232,Sleep stages classification based on feature extraction from music of brain,publication,True,0,2024.0,0,7,Music and Audio Processing,Heliyon,article,Signal Processing,Computer Science,Physical Sciences,https://doi.org/10.1016/j.heliyon.2024.e41147
W240827797,Advanced Binaural Sonar Display Using Spatial Vernier Beamforming,publication,True,8,2005.0,0,6,Noise Effects and Management,,report,Speech and Hearing,Health Professions,Health Sciences,https://doi.org/10.21236/ada436604
W4404850772,Applications of technology innovations in music therapy practice,publication,True,35,2024.0,0,29,Music Therapy and Health,Nordic Journal of Music Therapy,article,Social Psychology,Psychology,Social Sciences,https://doi.org/10.1080/08098131.2024.2430786
W4404580431,Effects of spectral peaks and notches in head-related transfer function on median plane sound localization with dynamic binaural playback,publication,True,8,2024.0,0,22,Hearing Loss and Rehabilitation,Applied Acoustics,article,Cognitive Neuroscience,Neuroscience,Life Sciences,https://doi.org/10.1016/j.apacoust.2024.110424
W4400109610,Perceptual coupling in human dyads: Kinematics does not affect interpersonal synchronization,publication,True,35,2024.0,0,45,Action Observation and Synchronization,Heliyon,article,Social Psychology,Psychology,Social Sciences,https://doi.org/10.1016/j.heliyon.2024.e33831
W3200625921,Development and Performance Evaluation of Silica Nano-Cutting Fluids From Rice Husk Ash (RHA) for Metalworking and Machining Operations,publication,True,38,2021.0,0,1,Concrete and Cement Materials Research,Journal of Bio- and Tribo-Corrosion,article,Civil and Structural Engineering,Engineering,Physical Sciences,https://doi.org/10.1007/s40735-021-00582-9
W1581575288,A Model of Head-Related Transfer Functions based on a State-Space Analysis,publication,True,8,2008.0,0,73,Hearing Loss and Rehabilitation,Deep Blue (University of Michigan),dissertation,Cognitive Neuroscience,Neuroscience,Life Sciences,
W4413932784,Auditory and visual alarm designs impact clinicians’ perceived cognitive workload,publication,True,19,2025.0,0,5,Healthcare Technology and Patient Monitoring,Journal of Clinical Monitoring and Computing,article,Surgery,Medicine,Health Sciences,https://doi.org/10.1007/s10877-025-01351-6
W3168616161,Particle Post – Letters from the Universe: A sound installation through cosmic muons,publication,True,0,2021.0,0,1,Space Science and Extraterrestrial Life,Acta Astronautica,article,Astronomy and Astrophysics,Physics and Astronomy,Physical Sciences,https://doi.org/10.1016/j.actaastro.2021.06.014
W2735273283,Editor's Introduction,publication,True,5,2017.0,0,2,"Philosophy, History, and Historiography",Feminist Media Histories,article,History,Arts and Humanities,Social Sciences,https://doi.org/10.1525/fmh.2017.3.3.1
W2169038467,Player relationships as mediated through sound in immersive multi-player computer games,publication,True,5,2010.0,0,9,Digital Games and Media,Comunicar,article,Sociology and Political Science,Social Sciences,Social Sciences,https://doi.org/10.3916/c34-2010-02-07
W4200163971,The Emergence of Interactive Music: The Vision and Presence of Joel Chadabe,publication,True,3,2021.0,0,3,Music Technology and Sound Studies,Leonardo,article,Computer Vision and Pattern Recognition,Computer Science,Physical Sciences,https://doi.org/10.1162/leon_a_02180
W1494076545,"Algorithms, Microtonality, Performance: Eleven Musical Compositions",publication,True,6,2010.0,0,7,Music Technology and Sound Studies,Research Online (University of Wollongong),dissertation,Computer Vision and Pattern Recognition,Computer Science,Physical Sciences,
W2341931962,"Pulse Oximetry: Perception, Pitch, Psychoacoustics, and Pedagogy",publication,True,19,2016.0,0,14,Healthcare Technology and Patient Monitoring,Anesthesia & Analgesia,article,Surgery,Medicine,Health Sciences,https://doi.org/10.1213/ane.0000000000001203
W2046593260,Dehydrogenases from All Three Domains of Life Cleave RNA,publication,True,39,2002.0,0,1,RNA modifications and cancer,Journal of Biological Chemistry,article,Molecular Biology,"Biochemistry, Genetics and Molecular Biology",Life Sciences,https://doi.org/10.1074/jbc.m208717200
W2127230663,W2127230663,reference_only,False,39,,2,0,,,,,,,
W2057723954,Identification and Functional Characterization of Adipose-specific Phospholipase A2 (AdPLA),publication,True,2,2008.0,0,2,Adipose Tissue and Metabolism,Journal of Biological Chemistry,article,Physiology,Medicine,Health Sciences,https://doi.org/10.1074/jbc.m804146200
W2152311269,W2152311269,reference_only,False,2,,2,0,,,,,,,
W2300552860,W2300552860,reference_only,False,2,,2,0,,,,,,,
W1966610845,"Transmembrane Domain II of the Na+/Proline Transporter PutP of Escherichia coli Forms Part of a Conformationally Flexible, Cytoplasmic Exposed Aqueous Cavity within the Membrane",publication,True,2,2003.0,0,2,Bacterial Genetics and Biotechnology,Journal of Biological Chemistry,article,Genetics,"Biochemistry, Genetics and Molecular Biology",Life Sciences,https://doi.org/10.1074/jbc.m308253200
W4393028023,Art is Science is Art: Strengthening Connections Between Entomology and the Arts,publication,True,5,2024.0,0,1,Animal and Plant Science Education,American Entomologist,article,Social Psychology,Psychology,Social Sciences,https://doi.org/10.1093/ae/tmae001
W2149269883,Human Keratinocyte ATP2C1 Localizes to the Golgi and Controls Golgi Ca2+ Stores,publication,True,2,2003.0,0,1,Genetic and rare skin diseases.,Journal of Investigative Dermatology,article,Genetics,"Biochemistry, Genetics and Molecular Biology",Life Sciences,https://doi.org/10.1046/j.1523-1747.2003.12528.x
W2056641718,Selective Activation of G Protein Subtypes in the Vomeronasal Organ upon Stimulation with Urine-derived Compounds,publication,True,2,1999.0,0,1,Olfactory and Sensory Function Studies,Journal of Biological Chemistry,article,Sensory Systems,Neuroscience,Life Sciences,https://doi.org/10.1074/jbc.274.8.4655
W2144634347,W2144634347,reference_only,False,2,,3,0,,,,,,,
W2067411581,The C Terminus of SecA Is Involved in Both Lipid Binding and SecB Binding,publication,True,2,1995.0,0,3,Cellular transport and secretion,Journal of Biological Chemistry,article,Cell Biology,"Biochemistry, Genetics and Molecular Biology",Life Sciences,https://doi.org/10.1074/jbc.270.14.7902
W2965949915,Nature’s Way: Hierarchical Strengthening through Weakness,publication,True,14,2019.0,0,3,Calcium Carbonate Crystallization and Inhibition,Matter,article,Biomaterials,Materials Science,Physical Sciences,https://doi.org/10.1016/j.matt.2019.07.011
W2132948186,"Characterization of p87PIKAP, a Novel Regulatory Subunit of Phosphoinositide 3-Kinase γ That Is Highly Expressed in Heart and Interacts with PDE3B",publication,True,22,2006.0,0,2,Phosphodiesterase function and regulation,Journal of Biological Chemistry,article,Molecular Biology,"Biochemistry, Genetics and Molecular Biology",Life Sciences,https://doi.org/10.1074/jbc.m512502200
W2148376857,Decreased fatty acid esterification compensates for the reduced lipolytic activity in hormone-sensitive lipase-deficient white adipose tissue,publication,True,2,2003.0,0,2,Adipose Tissue and Metabolism,Journal of Lipid Research,article,Physiology,Medicine,Health Sciences,https://doi.org/10.1194/jlr.m300190-jlr200
W1968039715,Human Polymorphic Variants of the NEIL1 DNA Glycosylase,publication,True,39,2007.0,0,1,RNA and protein synthesis mechanisms,Journal of Biological Chemistry,article,Molecular Biology,"Biochemistry, Genetics and Molecular Biology",Life Sciences,https://doi.org/10.1074/jbc.m610626200
W2152517387,An improved method to determine serine palmitoyltransferase activity,publication,True,2,2009.0,0,2,Lipid metabolism and biosynthesis,Journal of Lipid Research,article,Biochemistry,"Biochemistry, Genetics and Molecular Biology",Life Sciences,https://doi.org/10.1194/jlr.d900001-jlr200
W1493913484,Information and Atmospheres: Exploring the Relationship between the Natural Environment and Information Aesthetics,publication,True,6,2012.0,0,2,Visual Culture and Art Theory,M/C Journal,article,Visual Arts and Performing Arts,Arts and Humanities,Social Sciences,https://doi.org/10.5204/mcj.482
W2019700215,Hepatic de Novo Synthesis of Glucose 6-Phosphate Is Not Affected in Peroxisome Proliferator-activated Receptor α-Deficient Mice but Is Preferentially Directed toward Hepatic Glycogen Stores after a Short Term Fast,publication,True,2,2004.0,0,4,Metabolism and Genetic Disorders,Journal of Biological Chemistry,article,Clinical Biochemistry,"Biochemistry, Genetics and Molecular Biology",Life Sciences,https://doi.org/10.1074/jbc.m310067200
W2076413815,Source of Phosphate in the Enzymic Reaction as a Point of Distinction among Aminoglycoside 2″-Phosphotransferases,publication,True,18,2009.0,0,1,Biochemical and Molecular Research,Journal of Biological Chemistry,article,Molecular Biology,"Biochemistry, Genetics and Molecular Biology",Life Sciences,https://doi.org/10.1074/jbc.m808148200
