publication_id,reference_id
W2184854514,W9119819
W2184854514,W35899286
W2184854514,W1499933681
W2184854514,W1549940068
W2184854514,W1565485882
W2184854514,W1577214156
W2184854514,W1577234506
W2184854514,W1584263795
W2184854514,W1593337933
W2184854514,W1596196963
W2184854514,W1599105370
W2184854514,W1633004679
W2184854514,W1837978202
W2184854514,W1964538581
W2184854514,W2030402194
W2184854514,W2037001540
W2184854514,W2054745332
W2184854514,W2059929791
W2184854514,W2097327863
W2184854514,W2116428736
W2184854514,W2118320651
W2184854514,W2122848099
W2184854514,W2482049660
W2184854514,W2556247670
W2184854514,W2564720963
W2184854514,W2913521326
W2184854514,W3015699726
W2139598342,W50688157
W2139598342,W59450186
W2139598342,W1272508706
W2139598342,W2091784785
W2139598342,W2153314286
W2139598342,W2282832571
W1963987467,W324445496
W1963987467,W624465380
W1963987467,W1508978536
W1963987467,W1763512962
W1963987467,W1965859210
W1963987467,W1966714841
W1963987467,W1969824733
W1963987467,W1985825333
W1963987467,W1989249702
W1963987467,W2000917789
W1963987467,W2001461756
W1963987467,W2003696225
W1963987467,W2007428019
W1963987467,W2016740912
W1963987467,W2018294866
W1963987467,W2021446056
W1963987467,W2032635843
W1963987467,W2035979817
W1963987467,W2036959900
W1963987467,W2060618445
W1963987467,W2071511860
W1963987467,W2075243918
W1963987467,W2086420066
W1963987467,W2087586617
W1963987467,W2092384978
W1963987467,W2097481326
W1963987467,W2098395732
W1963987467,W2105927585
W1963987467,W2110189908
W1963987467,W2110235231
W1963987467,W2111754927
W1963987467,W2120019338
W1963987467,W2129409783
W1963987467,W2138346266
W1963987467,W2140354221
W1963987467,W2146449656
W1963987467,W2146881061
W1963987467,W2147910317
W1963987467,W2163266267
W1963987467,W2163727435
W1963987467,W2170183406
W1963987467,W2497667219
W1963987467,W2771677576
W1963987467,W2912596165
W2017967298,W12181516
W2017967298,W1480195359
W2017967298,W1499158096
W2017967298,W1519073454
W2017967298,W1567005570
W2017967298,W1794929904
W2017967298,W1969071914
W2017967298,W1978967446
W2017967298,W1994277068
W2017967298,W1999261091
W2017967298,W2006144938
W2017967298,W2033278145
W2017967298,W2060234739
W2017967298,W2072813844
W2017967298,W2078990298
W2017967298,W2105974999
W2017967298,W2129901565
W2017967298,W2132791902
W2017967298,W2149819384
W2017967298,W2168989928
W2017967298,W2171137378
W2017967298,W2171834532
W2017967298,W3010566033
W2017967298,W4213129550
W2105118209,W72858213
W2105118209,W77612647
W2105118209,W1661994657
W2105118209,W1972170794
W2105118209,W1980561265
W2105118209,W1981231610
W2105118209,W2012487898
W2105118209,W2035010057
W2105118209,W2086919225
W2105118209,W2111197100
W2105118209,W2128940305
W2105118209,W2155635068
W2105118209,W3010796970
W2041121121,W7250848
W2041121121,W9119819
W2041121121,W10282353
W2041121121,W12144851
W2041121121,W45011409
W2041121121,W51043520
W2041121121,W69473232
W2041121121,W81775368
W2041121121,W123554387
W2041121121,W125391426
W2041121121,W130543029
W2041121121,W138213906
W2041121121,W139777397
W2041121121,W167948671
W2041121121,W187194956
W2041121121,W322246522
W2041121121,W354426099
W2041121121,W392012835
W2041121121,W778850012
W2041121121,W989926022
W2041121121,W1482297266
W2041121121,W1500008800
W2041121121,W1502818505
W2041121121,W1508978536
W2041121121,W1517677814
W2041121121,W1518770379
W2041121121,W1522070413
W2041121121,W1526642635
W2041121121,W1532335443
W2041121121,W1533878625
W2041121121,W1548228647
W2041121121,W1548659396
W2041121121,W1556530441
W2041121121,W1559415583
W2041121121,W1560144794
W2041121121,W1565485882
W2041121121,W1567878530
W2041121121,W1574709763
W2041121121,W1578069008
W2041121121,W1594450222
W2041121121,W1608651402
W2041121121,W1628342349
W2041121121,W1773282827
W2041121121,W1845062044
W2041121121,W1895567927
W2041121121,W1965695790
W2041121121,W1966146251
W2041121121,W1968258124
W2041121121,W1970028090
W2041121121,W1971713402
W2041121121,W1974170079
W2041121121,W1981060864
W2041121121,W1983218966
W2041121121,W1985326748
W2041121121,W1986365965
W2041121121,W1991849198
W2041121121,W2001461756
W2041121121,W2003840516
W2041121121,W2005732487
W2041121121,W2009198914
W2041121121,W2012297616
W2041121121,W2015833509
W2041121121,W2018072651
W2041121121,W2019065296
W2041121121,W2021446056
W2041121121,W2023683162
W2041121121,W2027078638
W2041121121,W2027740961
W2041121121,W2029747681
W2041121121,W2032337854
W2041121121,W2033190454
W2041121121,W2033823570
W2041121121,W2037001540
W2041121121,W2040020508
W2041121121,W2045094646
W2041121121,W2048443216
W2041121121,W2048548910
W2041121121,W2048681895
W2041121121,W2052270675
W2041121121,W2052698845
W2041121121,W2058543238
W2041121121,W2059075385
W2041121121,W2060205462
W2041121121,W2061655543
W2041121121,W2064678494
W2041121121,W2065038452
W2041121121,W2065932508
W2041121121,W2066179714
W2041121121,W2067083952
W2041121121,W2069430629
W2041121121,W2069882806
W2041121121,W2071097422
W2041121121,W2076691609
W2041121121,W2077288294
W2041121121,W2077424377
W2041121121,W2088955376
W2041121121,W2089441678
W2041121121,W2091784785
W2041121121,W2094759809
W2041121121,W2095929735
W2041121121,W2096046604
W2041121121,W2098395732
W2041121121,W2104391745
W2041121121,W2104617690
W2041121121,W2111473917
W2041121121,W2114095739
W2041121121,W2114683697
W2041121121,W2116326246
W2041121121,W2116570970
W2041121121,W2117820411
W2041121121,W2118847155
W2041121121,W2119480063
W2041121121,W2120080899
W2041121121,W2121915239
W2041121121,W2122191995
W2041121121,W2122790853
W2041121121,W2122920626
W2041121121,W2123900698
W2041121121,W2129488573
W2041121121,W2130228586
W2041121121,W2131735207
W2041121121,W2133564221
W2041121121,W2133940321
W2041121121,W2134314161
W2041121121,W2134649957
W2041121121,W2135386751
W2041121121,W2135715728
W2041121121,W2137526265
W2041121121,W2141817033
W2041121121,W2142544480
W2041121121,W2144487539
W2041121121,W2149658184
W2041121121,W2153288052
W2041121121,W2153314286
W2041121121,W2154033160
W2041121121,W2155360405
W2041121121,W2170699275
W2041121121,W2184854514
W2041121121,W2188171783
W2041121121,W2203289057
W2041121121,W2264164388
W2041121121,W2292300730
W2041121121,W2304903802
W2041121121,W2310208368
W2041121121,W2317919972
W2041121121,W2338290034
W2041121121,W2396671154
W2041121121,W2492014371
W2041121121,W2515848195
W2041121121,W2517375961
W2041121121,W2521024927
W2041121121,W2529751265
W2041121121,W2530638482
W2041121121,W2541561720
W2041121121,W2543680447
W2041121121,W2586400180
W2041121121,W2588247704
W2041121121,W2601346836
W2041121121,W2615482071
W2041121121,W2625150345
W2041121121,W2744890882
W2041121121,W2745662615
W2041121121,W2756207886
W2041121121,W2771677576
W2041121121,W2793652066
W2041121121,W2967626278
W2041121121,W3016333344
W2041121121,W3118386952
W2041121121,W3140504487
W2041121121,W3161651943
W2041121121,W4214921596
W2041121121,W4233780434
W2041121121,W4239603325
W2041121121,W4241041842
W2041121121,W4243606456
W2041121121,W4245341397
W2041121121,W4245642611
W2041121121,W4246406755
W2041121121,W6634110172
W2119480063,W93247917
W2119480063,W355720666
W2119480063,W1499933681
W2119480063,W2006834822
W2119480063,W2033190454
W2119480063,W2037001540
W2119480063,W2052417512
W2119480063,W2103604870
W2119480063,W2158685692
W2119480063,W2610881169
W2119480063,W2795627916
W2119480063,W3001796748
W2119480063,W4246406755
W2119480063,W6630002413
W2119480063,W6841554303
W1996318081,W624465380
W1996318081,W2010675647
W1996318081,W2069176141
W1996318081,W2108893166
W2096042773,W26470988
W2096042773,W74490384
W2096042773,W116278252
W2096042773,W189172639
W2096042773,W283958787
W2096042773,W583938501
W2096042773,W601685510
W2096042773,W624465380
W2096042773,W1483328210
W2096042773,W1499933681
W2096042773,W1516357717
W2096042773,W1518764645
W2096042773,W1578046146
W2096042773,W1578832487
W2096042773,W1586624296
W2096042773,W1595149313
W2096042773,W1606213113
W2096042773,W1725850472
W2096042773,W1964538581
W2096042773,W1968173581
W2096042773,W1969245477
W2096042773,W1970389094
W2096042773,W1976276659
W2096042773,W1976878132
W2096042773,W1978270319
W2096042773,W1978777514
W2096042773,W1979556480
W2096042773,W1980459899
W2096042773,W1980514696
W2096042773,W1980561265
W2096042773,W1983952825
W2096042773,W1984650836
W2096042773,W1984873438
W2096042773,W1985609359
W2096042773,W1987358053
W2096042773,W1989016101
W2096042773,W1989805652
W2096042773,W1994345166
W2096042773,W1997359031
W2096042773,W2001987823
W2096042773,W2003840516
W2096042773,W2007180964
W2096042773,W2007798022
W2096042773,W2007894891
W2096042773,W2009198914
W2096042773,W2011136722
W2096042773,W2014637397
W2096042773,W2015551430
W2096042773,W2023108246
W2096042773,W2029418069
W2096042773,W2030393551
W2096042773,W2032337854
W2096042773,W2035070559
W2096042773,W2037001540
W2096042773,W2037268004
W2096042773,W2040361537
W2096042773,W2042400458
W2096042773,W2043143027
W2096042773,W2045506010
W2096042773,W2049059635
W2096042773,W2049485428
W2096042773,W2057233721
W2096042773,W2057978450
W2096042773,W2058597075
W2096042773,W2060692276
W2096042773,W2061023211
W2096042773,W2062273234
W2096042773,W2062438385
W2096042773,W2068084117
W2096042773,W2070176305
W2096042773,W2073825623
W2096042773,W2079140510
W2096042773,W2080303533
W2096042773,W2083974562
W2096042773,W2091784785
W2096042773,W2092021606
W2096042773,W2094065989
W2096042773,W2094136133
W2096042773,W2096542002
W2096042773,W2098619666
W2096042773,W2099252350
W2096042773,W2100500994
W2096042773,W2102757824
W2096042773,W2103869314
W2096042773,W2105055172
W2096042773,W2105118209
W2096042773,W2106042522
W2096042773,W2111197100
W2096042773,W2113235547
W2096042773,W2114181294
W2096042773,W2115304010
W2096042773,W2115663493
W2096042773,W2118489710
W2096042773,W2119374926
W2096042773,W2127210296
W2096042773,W2128217987
W2096042773,W2129111495
W2096042773,W2131657873
W2096042773,W2134632849
W2096042773,W2135868439
W2096042773,W2135896612
W2096042773,W2137526265
W2096042773,W2138098672
W2096042773,W2138269563
W2096042773,W2139306958
W2096042773,W2140856490
W2096042773,W2143798991
W2096042773,W2146948159
W2096042773,W2149801515
W2096042773,W2151905266
W2096042773,W2155009910
W2096042773,W2155026410
W2096042773,W2155486224
W2096042773,W2155635068
W2096042773,W2157289187
W2096042773,W2159330012
W2096042773,W2159429349
W2096042773,W2161377823
W2096042773,W2168190208
W2096042773,W2169920658
W2096042773,W2171678418
W2096042773,W2343900332
W2096042773,W2395018040
W2096042773,W2399411781
W2096042773,W2495214509
W2096042773,W2515805897
W2096042773,W2582521406
W2096042773,W2601321973
W2096042773,W2756207886
W2096042773,W2784413597
W2096042773,W2802089619
W2096042773,W2912596165
W2096042773,W2921844135
W2096042773,W3145613158
W2096042773,W4239603325
W2096042773,W4240459253
W2096042773,W4250008609
W2096042773,W4256399001
W2104617690,W192828507
W2104617690,W645009165
W2104617690,W1486313877
W2104617690,W1497286318
W2104617690,W1538807643
W2104617690,W2003840516
W2104617690,W2024664008
W2104617690,W2031344788
W2104617690,W2045114640
W2104617690,W2056919333
W2104617690,W2061655543
W2104617690,W2090260539
W2104617690,W2091784785
W2104617690,W2108893166
W2104617690,W2119480063
W2104617690,W2123668258
W2104617690,W2128523760
W2104617690,W2137526265
W2104617690,W2139598342
W2104617690,W2161377823
W2104617690,W2395018040
W2104617690,W2514745754
W2104617690,W2582521406
W2104617690,W2601346836
W2104617690,W3021516576
W2104617690,W4239603325
W2104617690,W4285719527
W2104617690,W4312525752
W2913521326,W1593337933
W2913521326,W1950736173
W2913521326,W1988772517
W2913521326,W1989016101
W2913521326,W2037001540
W2913521326,W2068842407
W2913521326,W2078990298
W2913521326,W2103604870
W2913521326,W2164737198
W2913521326,W2329362915
W1532335443,W21347096
W1532335443,W141282325
W1532335443,W143260562
W1532335443,W1483288638
W1532335443,W1485686705
W1532335443,W1489930039
W1532335443,W1499933681
W1532335443,W1794751999
W1532335443,W2011601440
W1532335443,W2067306205
W1532335443,W2074439470
W1532335443,W2077486936
W1532335443,W2114971935
W1532335443,W2131657873
W1532335443,W2229376303
W1532335443,W2912596165
W1532335443,W3010796970
W49218811,W1553904877
W49218811,W1590946104
W49218811,W2157289187
W49218811,W2282832571
W314318557,W2085596355
W2001461756,W10282353
W2001461756,W1499933681
W2001461756,W1501755754
W2001461756,W1514361649
W2001461756,W1523224409
W2001461756,W1552798956
W2001461756,W1950864686
W2001461756,W1975141679
W2001461756,W1977243936
W2001461756,W2003696225
W2001461756,W2007305681
W2001461756,W2007482827
W2001461756,W2027619062
W2001461756,W2030646058
W2001461756,W2038043168
W2001461756,W2039170454
W2001461756,W2082627290
W2001461756,W2113227284
W2001461756,W2133033884
W2001461756,W3203748669
W2001461756,W4232715705
W2001461756,W4247442285
W2001461756,W6630002413
W2134314161,W1502818505
W2134314161,W1577214156
W2057978450,W114330277
W2057978450,W314318557
W2057978450,W334862092
W2057978450,W1482881554
W2057978450,W1502491548
W2057978450,W1557496348
W2057978450,W1561096916
W2057978450,W1595149313
W2057978450,W1618163275
W2057978450,W1933704425
W2057978450,W1971927703
W2057978450,W1991049577
W2057978450,W1997110426
W2057978450,W1999053831
W2057978450,W2003840516
W2057978450,W2006144938
W2057978450,W2015033419
W2057978450,W2041594004
W2057978450,W2076673326
W2057978450,W2091784785
W2057978450,W2139190150
W2057978450,W2153314286
W2057978450,W2155417611
W2057978450,W2188926750
W2057978450,W2800931606
W2057978450,W4239603325
W2057978450,W4285719527
W2057978450,W6686843343
W2057978450,W7070669694
W2170410208,W598217161
W2170410208,W1520666785
W2170410208,W1571144263
W2170410208,W1766888123
W2170410208,W1876557575
W2170410208,W1919435019
W2170410208,W1963527011
W2170410208,W2006144938
W2170410208,W2007894891
W2170410208,W2009896906
W2170410208,W2030547026
W2170410208,W2072813844
W2170410208,W2076156369
W2170410208,W2132087580
W2170410208,W2340808199
W2546635522,W140020327
W2546635522,W653216719
W2546635522,W1488559003
W2546635522,W1513534766
W2546635522,W1518046314
W2546635522,W1524577329
W2546635522,W1524703788
W2546635522,W1571311223
W2546635522,W1958876462
W2546635522,W1964538581
W2546635522,W1977814330
W2546635522,W1984281348
W2546635522,W1998841934
W2546635522,W2001422711
W2546635522,W2021090797
W2546635522,W2026161286
W2546635522,W2035644337
W2546635522,W2037001540
W2546635522,W2062273234
W2546635522,W2076629853
W2546635522,W2077424377
W2546635522,W2089441678
W2546635522,W2110831185
W2546635522,W2118847155
W2546635522,W2123436043
W2546635522,W2133797163
W2546635522,W2150243159
W2546635522,W2169036685
W2546635522,W2226899078
W2546635522,W2307588840
W3165483460,W598217161
W3165483460,W1524577329
W3165483460,W1559813256
W3165483460,W1581848821
W3165483460,W1584473438
W3165483460,W1822494353
W3165483460,W1922152898
W3165483460,W1967120336
W3165483460,W1967713917
W3165483460,W1985387363
W3165483460,W1995151553
W3165483460,W2001422711
W3165483460,W2008066450
W3165483460,W2010002462
W3165483460,W2015518028
W3165483460,W2043833042
W3165483460,W2048145045
W3165483460,W2054647727
W3165483460,W2066083843
W3165483460,W2069879787
W3165483460,W2076629853
W3165483460,W2093117756
W3165483460,W2103428456
W3165483460,W2104826204
W3165483460,W2109429966
W3165483460,W2114894207
W3165483460,W2127751554
W3165483460,W2127762938
W3165483460,W2133797163
W3165483460,W2150432203
W3165483460,W2150875929
W3165483460,W2154733620
W3165483460,W2160047661
W3165483460,W2173474324
W3165483460,W2188049640
W3165483460,W2211881272
W3165483460,W2264747179
W3165483460,W2326114782
W3165483460,W2337539845
W3165483460,W2510919644
W3165483460,W2746105469
W3165483460,W3032442327
W3165483460,W3040830420
W2108893166,W50688157
W2108893166,W59450186
W2108893166,W1272508706
W2108893166,W2110831359
W2108893166,W2139598342
W2108893166,W2282832571
W2108893166,W2601835878
W1543098188,W1499933681
W2313795952,W2064655388
W2313795952,W2072589191
W2313795952,W2137526265
W2313795952,W2147637389
W2313795952,W2148119561
W2313795952,W2152087807
W2313795952,W2157289187
W2313795952,W2159371774
W2313795952,W2263231366
W2313795952,W2401907668
W2313795952,W2534935070
W2313795952,W7043575881
W2118489710,W120868933
W2118489710,W1575829986
W2118489710,W1586624296
W2118489710,W2027523423
W2118489710,W2045114640
W2118489710,W2091784785
W2118489710,W2095929735
W2118489710,W2111197100
W2045114640,W2111197100
W2045114640,W2138478249
W2121967258,W1953090334
W2121967258,W1991849198
W2121967258,W2008691804
W2121967258,W2037001540
W2121967258,W2076691609
W2121967258,W2095929735
W2121967258,W2109450332
W2121967258,W2133940321
W2121967258,W2140788346
W2121967258,W2184854514
W2121967258,W2269900514
W2121967258,W2913521326
W2121967258,W4285719527
W2067083952,W45011409
W2067083952,W93247917
W2067083952,W110427202
W2067083952,W122882323
W2067083952,W139777397
W2067083952,W181928558
W2067083952,W322246522
W2067083952,W1520877301
W2067083952,W1553904877
W2067083952,W1560144794
W2067083952,W1586624296
W2067083952,W1972419014
W2067083952,W1987177365
W2067083952,W1993503595
W2067083952,W2000823235
W2067083952,W2006144938
W2067083952,W2015833509
W2067083952,W2049485428
W2067083952,W2051390054
W2067083952,W2053903592
W2067083952,W2058641836
W2067083952,W2068842640
W2067083952,W2108048984
W2067083952,W2111197100
W2067083952,W2116401686
W2067083952,W2138199375
W2067083952,W2138826098
W2067083952,W2139598342
W2067083952,W2153314286
W2067083952,W2158685692
W2067083952,W2160927393
W2067083952,W2547418339
W2067083952,W2582521406
W2067083952,W4285719527
W2091784785,W69009568
W2091784785,W355720666
W2091784785,W1497286318
W2091784785,W1499933681
W2091784785,W1509968902
W2091784785,W1535517383
W2091784785,W1537061039
W2091784785,W1538807643
W2091784785,W1557496348
W2091784785,W1557758102
W2091784785,W1575829986
W2091784785,W1593337933
W2091784785,W1600895443
W2091784785,W1789658284
W2091784785,W1950736173
W2091784785,W1969442075
W2091784785,W1980561265
W2091784785,W1986061707
W2091784785,W1989771497
W2091784785,W1992556332
W2091784785,W1996970545
W2091784785,W1999053831
W2091784785,W1999155183
W2091784785,W1999463728
W2091784785,W2002556711
W2091784785,W2002893522
W2091784785,W2006128682
W2091784785,W2006684178
W2091784785,W2012815986
W2091784785,W2013020033
W2091784785,W2023108246
W2091784785,W2031344788
W2091784785,W2037001540
W2091784785,W2038458742
W2091784785,W2048585878
W2091784785,W2056919333
W2091784785,W2063252428
W2091784785,W2067736313
W2091784785,W2072943580
W2091784785,W2075586101
W2091784785,W2079676018
W2091784785,W2085630147
W2091784785,W2090260539
W2091784785,W2103604870
W2091784785,W2103869314
W2091784785,W2104166306
W2091784785,W2111197100
W2091784785,W2119480063
W2091784785,W2137526265
W2091784785,W2137637975
W2091784785,W2138269563
W2091784785,W2153314286
W2091784785,W2155635068
W2091784785,W2157130619
W2091784785,W2257861854
W2091784785,W2284487033
W2091784785,W2317919972
W2091784785,W2415282395
W2091784785,W2463352670
W2091784785,W2504258391
W2091784785,W2514745754
W2091784785,W2601346836
W2091784785,W2616924292
W2091784785,W2943262529
W2091784785,W3021516576
W2091784785,W3117910667
W2091784785,W4205810926
W2091784785,W4235182342
W2091784785,W4235949766
W2091784785,W4238387768
W2091784785,W4256399001
W2888763178,W128668254
W2888763178,W240887194
W2888763178,W257219311
W2888763178,W341524467
W2888763178,W1499933681
W2888763178,W1677067970
W2888763178,W1973954164
W2888763178,W1975670699
W2888763178,W1976708668
W2888763178,W1978211375
W2888763178,W2011227246
W2888763178,W2011472726
W2888763178,W2018934112
W2888763178,W2035566391
W2888763178,W2036979803
W2888763178,W2064631110
W2888763178,W2074388051
W2888763178,W2114894207
W2888763178,W2117678092
W2888763178,W2122145490
W2888763178,W2128769367
W2888763178,W2130912043
W2888763178,W2133797163
W2888763178,W2160677038
W2888763178,W2171689869
W2888763178,W2412647359
W2888763178,W2516440319
W2888763178,W2936428206
W2888763178,W3147429590
W2888763178,W4249959789
W2888763178,W6630002413
W2045094646,W1522070413
W2045094646,W1558886546
W2045094646,W1596196963
W2045094646,W1964538581
W2045094646,W1978122678
W2045094646,W2037001540
W2045094646,W2417195499
W2045094646,W2912596165
W2045094646,W3094134784
W2045094646,W4256399001
W2045094646,W4285719527
W2045094646,W6631197461
W2061023211,W97204656
W2061023211,W1497286318
W2061023211,W2042400458
W2061023211,W2046552246
W2061023211,W2052216394
W2061023211,W2083974562
W2061023211,W2102757824
W2061023211,W2106042522
W2061023211,W2117812870
W2061023211,W2138098672
W2061023211,W2598208772
W2061023211,W2912486863
W2061023211,W4288632021
W1520666785,W1537424868
W1520666785,W1557554459
W1520666785,W1561096916
W1520666785,W1581848821
W1520666785,W1876557575
W1520666785,W1919435019
W1520666785,W1971641362
W1520666785,W1996721809
W1520666785,W2007894891
W1520666785,W2027561586
W1520666785,W2041594004
W1520666785,W2132087580
W1520666785,W4213129550
W2147923073,W2467931
W2147923073,W95380988
W2147923073,W1535577589
W2147923073,W1549233284
W2147923073,W1560946882
W2147923073,W1581848821
W2147923073,W1607764848
W2147923073,W1651701101
W2147923073,W1985360558
W2147923073,W1989016101
W2147923073,W1996225046
W2147923073,W2015707156
W2147923073,W2031312187
W2147923073,W2057978450
W2147923073,W2077693798
W2147923073,W2114971935
W2147923073,W2126885600
W2147923073,W2171834532
W2147923073,W2752491485
W2147923073,W3021716472
W2048443216,W1499933681
W2048443216,W1974170079
W2048443216,W1981231610
W2048443216,W1989016101
W2048443216,W1997048962
W2048443216,W2014921255
W2048443216,W2030402194
W2048443216,W2052270675
W2048443216,W2065932508
W2048443216,W2119480063
W2048443216,W2128940305
W2048443216,W2131657873
W2048443216,W2132820121
W2048443216,W2133797163
W2048443216,W2601346836
W2048443216,W2625150345
W2048443216,W4235311325
W2048443216,W6630002413
W1989274999,W97204656
W1989274999,W1499933681
W1989274999,W1505096505
W1989274999,W1516960989
W1989274999,W1518770379
W1989274999,W1815579919
W1989274999,W1915495511
W1989274999,W1965695790
W1989274999,W1980514696
W1989274999,W1984895078
W1989274999,W1987408817
W1989274999,W1989016101
W1989274999,W1992418075
W1989274999,W1993906458
W1989274999,W1999401028
W1989274999,W2003840516
W1989274999,W2004487242
W1989274999,W2006720227
W1989274999,W2009198914
W1989274999,W2020727054
W1989274999,W2031347071
W1989274999,W2059957416
W1989274999,W2062273234
W1989274999,W2064546004
W1989274999,W2068084117
W1989274999,W2068762597
W1989274999,W2074032036
W1989274999,W2076691609
W1989274999,W2084663691
W1989274999,W2090405036
W1989274999,W2094065989
W1989274999,W2095929735
W1989274999,W2102349167
W1989274999,W2112711343
W1989274999,W2113235547
W1989274999,W2122790853
W1989274999,W2128178009
W1989274999,W2149658184
W1989274999,W2151442484
W1989274999,W2165570903
W1989274999,W2416112991
W1989274999,W2756207886
W1989274999,W4250008609
W1989274999,W6630002413
W1989274999,W6630337545
W2283562276,W12144851
W2283562276,W73282471
W2283562276,W129140370
W2283562276,W160509580
W2283562276,W167948671
W2283562276,W1529303978
W2283562276,W1551337636
W2283562276,W1572770553
W2283562276,W1694080526
W2283562276,W1779974355
W2283562276,W1862665565
W2283562276,W1940401978
W2283562276,W1950864686
W2283562276,W1970680563
W2283562276,W1979290264
W2283562276,W1981686634
W2283562276,W1991942861
W2283562276,W1995664726
W2283562276,W2001461756
W2283562276,W2021584242
W2283562276,W2028629294
W2283562276,W2031046646
W2283562276,W2041121121
W2283562276,W2045094646
W2283562276,W2074917937
W2283562276,W2089998899
W2283562276,W2091322384
W2283562276,W2098395732
W2283562276,W2104109271
W2283562276,W2119611357
W2283562276,W2119820506
W2283562276,W2134079826
W2283562276,W2144198023
W2283562276,W2147321290
W2283562276,W2168729844
W2283562276,W2184854514
W2283562276,W2296646900
W2283562276,W2530638482
W2283562276,W2583031566
W2283562276,W2725640454
W2283562276,W4285719527
W2283562276,W4388328369
W2154620409,W1526554478
W2154620409,W1837978202
W2150875929,W1482317340
W2150875929,W1671007513
W2150875929,W1922152898
W2150875929,W1964538581
W2150875929,W1967713917
W2150875929,W1991139021
W2150875929,W1996440979
W2150875929,W1997039480
W2150875929,W1998771049
W2150875929,W2007697407
W2150875929,W2007802578
W2150875929,W2010002462
W2150875929,W2010927954
W2150875929,W2021082347
W2150875929,W2021666577
W2150875929,W2024716723
W2150875929,W2025256102
W2150875929,W2036060855
W2150875929,W2039066615
W2150875929,W2056401918
W2150875929,W2066292942
W2150875929,W2069416551
W2150875929,W2077971436
W2150875929,W2083660934
W2150875929,W2089765964
W2150875929,W2100390488
W2150875929,W2103428456
W2150875929,W2109357138
W2150875929,W2127751554
W2150875929,W2131294823
W2150875929,W2133797163
W2150875929,W2147337793
W2150875929,W2147486063
W2150875929,W2154733620
W2150875929,W2315268655
W2150875929,W4254404859
W2345792697,W170732776
W2345792697,W1560013842
W2345792697,W1595581172
W2345792697,W1963987467
W2345792697,W1965859210
W2345792697,W1970890515
W2345792697,W1975141679
W2345792697,W1976185535
W2345792697,W1977615208
W2345792697,W1983353683
W2345792697,W1985825333
W2345792697,W1991829561
W2345792697,W2001461756
W2345792697,W2006838581
W2345792697,W2021446056
W2345792697,W2022651795
W2345792697,W2023360166
W2345792697,W2030474329
W2345792697,W2032139276
W2345792697,W2032635843
W2345792697,W2038043168
W2345792697,W2040510368
W2345792697,W2043969427
W2345792697,W2043986349
W2345792697,W2046394129
W2345792697,W2056401918
W2345792697,W2058543238
W2345792697,W2061422794
W2345792697,W2065469890
W2345792697,W2071511860
W2345792697,W2086420066
W2345792697,W2088313145
W2345792697,W2095326216
W2345792697,W2100757346
W2345792697,W2110189908
W2345792697,W2113413712
W2345792697,W2116534743
W2345792697,W2130461445
W2345792697,W2135715728
W2345792697,W2140354221
W2345792697,W2157651355
W2345792697,W2159295271
W2345792697,W2166941808
W2345792697,W2170183406
W2345792697,W2171444589
W2345792697,W2201745394
W2345792697,W2209198230
W2345792697,W2215486668
W2345792697,W2306812926
W2345792697,W2474554242
W2345792697,W2491272054
W2345792697,W2771677576
W2345792697,W2789864965
W2345792697,W4247442285
W2345792697,W6604907675
W2345792697,W6731737828
W2345792697,W6733306018
W69091869,W50688157
W69091869,W1272508706
W69091869,W1485686705
W69091869,W1541749965
W69091869,W1560144794
W69091869,W1573523614
W69091869,W1981231610
W69091869,W1981537657
W69091869,W2029365580
W69091869,W2074025947
W69091869,W2131735207
W69091869,W2139598342
W69091869,W2282832571
W69091869,W2321737715
W2031554514,W645009165
W2031554514,W1519334917
W2031554514,W1615920531
W2031554514,W1919435019
W2031554514,W1952738065
W2031554514,W1971016029
W2031554514,W1976125225
W2031554514,W2006144938
W2031554514,W2007217383
W2031554514,W2007894891
W2031554514,W2009896906
W2031554514,W2038008722
W2031554514,W2068325601
W2031554514,W2072813844
W2031554514,W2076156369
W2031554514,W2132087580
W2031554514,W2148785954
W2031554514,W2170410208
W2031554514,W2262929181
W2885080937,W148410407
W2885080937,W1586624296
W2885080937,W2009198914
W2885080937,W2037001540
W2885080937,W2052270675
W2885080937,W2095929735
W2885080937,W2096042773
W2885080937,W2111197100
W2885080937,W2118489710
W2885080937,W2129488573
W2885080937,W2139598342
W2885080937,W2141870347
W2885080937,W2171635740
W2885080937,W2343900332
W2885080937,W2582521406
W2885080937,W2617434701
W1581350311,W139777397
W1581350311,W1573955430
W1581350311,W1598383676
W1581350311,W2101664981
W1581350311,W2113467633
W1581350311,W2132623271
W1581350311,W2139598342
W1581350311,W2141674016
W1581350311,W2402671869
W1581350311,W2733269210
W2027523423,W123554387
W2027523423,W1460401339
W2027523423,W1499933681
W2027523423,W1528946842
W2027523423,W1556530441
W2027523423,W1593337933
W2027523423,W1610693853
W2027523423,W1612995511
W2027523423,W1970680664
W2027523423,W1971398771
W2027523423,W1980561265
W2027523423,W1980770577
W2027523423,W1987624159
W2027523423,W1988680600
W2027523423,W2006539252
W2027523423,W2016098456
W2027523423,W2022529518
W2027523423,W2026410165
W2027523423,W2029403095
W2027523423,W2032337854
W2027523423,W2032772291
W2027523423,W2037001540
W2027523423,W2046315042
W2027523423,W2048370453
W2027523423,W2065126496
W2027523423,W2070730516
W2027523423,W2077763860
W2027523423,W2082840017
W2027523423,W2089817572
W2027523423,W2091784785
W2027523423,W2092084522
W2027523423,W2096432648
W2027523423,W2103604870
W2027523423,W2111197100
W2027523423,W2119614608
W2027523423,W2134654456
W2027523423,W2157130619
W2027523423,W2170410208
W2027523423,W2262929181
W2027523423,W2463352670
W2027523423,W2738918696
W2027523423,W2745662615
W2130461445,W800349764
W2130461445,W1546296670
W2130461445,W1686728959
W2130461445,W1858475798
W2130461445,W1963987467
W2130461445,W1964198515
W2130461445,W1965806846
W2130461445,W1966714841
W2130461445,W1967161469
W2130461445,W1969090956
W2130461445,W1970890515
W2130461445,W1980440818
W2130461445,W1982734415
W2130461445,W1983992580
W2130461445,W1987330504
W2130461445,W1993615828
W2130461445,W1994446426
W2130461445,W1999057553
W2130461445,W2000075291
W2130461445,W2000798439
W2130461445,W2001461756
W2130461445,W2006838581
W2130461445,W2010258059
W2130461445,W2027076691
W2130461445,W2029776687
W2130461445,W2031046646
W2130461445,W2032421275
W2130461445,W2032635843
W2130461445,W2034528422
W2130461445,W2036666631
W2130461445,W2037001540
W2130461445,W2043143027
W2130461445,W2050579567
W2130461445,W2058543238
W2130461445,W2059254035
W2130461445,W2061422794
W2130461445,W2062630941
W2130461445,W2063440895
W2130461445,W2064013094
W2130461445,W2066461332
W2130461445,W2071511860
W2130461445,W2072464426
W2130461445,W2076731248
W2130461445,W2077366304
W2130461445,W2078594447
W2130461445,W2081131754
W2130461445,W2082566952
W2130461445,W2083133776
W2130461445,W2091296848
W2130461445,W2091354492
W2130461445,W2095467291
W2130461445,W2111473917
W2130461445,W2117916152
W2130461445,W2128018947
W2130461445,W2131563149
W2130461445,W2136956122
W2130461445,W2137957893
W2130461445,W2141024349
W2130461445,W2142544480
W2130461445,W2143991825
W2130461445,W2145829663
W2130461445,W2147682570
W2130461445,W2148794849
W2130461445,W2163189132
W2130461445,W2164263004
W2130461445,W2164553222
W2130461445,W2166630190
W2130461445,W2166732736
W2130461445,W2167449101
W2130461445,W2167752831
W2130461445,W2167880628
W2130461445,W2171689108
W2130461445,W2208145366
W2130461445,W2266111988
W2130461445,W2777451167
W2130461445,W4253077363
W2130461445,W4253372616
W2095929735,W9697418
W2095929735,W81775368
W2095929735,W438288536
W2095929735,W1500008800
W2095929735,W1512324647
W2095929735,W1571144263
W2095929735,W1612857394
W2095929735,W1651701101
W2095929735,W1915495511
W2095929735,W1980514696
W2095929735,W1993906458
W2095929735,W2014723599
W2095929735,W2037001540
W2095929735,W2048548910
W2095929735,W2077008179
W2095929735,W2080529943
W2095929735,W2086300018
W2095929735,W2113089263
W2095929735,W2116570970
W2095929735,W2128178009
W2095929735,W2149658184
W2095929735,W2151268880
W2095929735,W2156406342
W2095929735,W2161238168
W2095929735,W2163514131
W2095929735,W2165570903
W2095929735,W2266493323
W2095929735,W2465654022
W2095929735,W2541561720
W2095929735,W2777955129
W2095929735,W2913521326
W2095929735,W3021716472
W2095929735,W4238979334
W2095929735,W4244767237
W2095929735,W4250008609
W2095929735,W4285719527
W2035486824,W6854706
W2035486824,W180218206
W2035486824,W605263502
W2035486824,W607096944
W2035486824,W1503135079
W2035486824,W1527457427
W2035486824,W1532335443
W2035486824,W1536258620
W2035486824,W1576420969
W2035486824,W1581387623
W2035486824,W1606213113
W2035486824,W1858862969
W2035486824,W1939733999
W2035486824,W1964705252
W2035486824,W1968008571
W2035486824,W1968060331
W2035486824,W1990746512
W2035486824,W2001478204
W2035486824,W2008942963
W2035486824,W2015153621
W2035486824,W2035486824
W2035486824,W2043220715
W2035486824,W2048701323
W2035486824,W2052417512
W2035486824,W2072020524
W2035486824,W2073980376
W2035486824,W2094906616
W2035486824,W2100531634
W2035486824,W2107019937
W2035486824,W2107797578
W2035486824,W2119480063
W2035486824,W2128543131
W2035486824,W2131657873
W2035486824,W2132049932
W2035486824,W2146939832
W2035486824,W2155172052
W2035486824,W2160109669
W2035486824,W2172653878
W2035486824,W2184854514
W2035486824,W2219590493
W2035486824,W2259765076
W2035486824,W2269086507
W2035486824,W2290743373
W2035486824,W2315268655
W2035486824,W2324143460
W2035486824,W2337506100
W2035486824,W2341369563
W2035486824,W2518542036
W2035486824,W2618037547
W2035486824,W2624469092
W2035486824,W2771462505
W2035486824,W3110909889
W2035486824,W3216119896
W2035486824,W4210890610
W2035486824,W4231563569
W2035486824,W4236690658
W2035486824,W4245967894
W2035486824,W4285719527
W268431760,W65833265
W268431760,W1987177365
W268431760,W2019065296
W268431760,W2067083952
W268431760,W2104617690
W268431760,W2144865115
W268431760,W2148465050
W268431760,W2158685692
W268431760,W2168440500
W108443521,W62008916
W108443521,W1967114222
W108443521,W1991212035
W108443521,W2017967298
W108443521,W2020856473
W108443521,W2033278145
W108443521,W2057978450
W108443521,W2101733545
W108443521,W2111026707
W108443521,W2112114480
W108443521,W2164665417
W108443521,W2537974947
W108443521,W4321508265
W4233780434,W2048443216
W4233780434,W2052270675
W4233780434,W2065932508
W4233780434,W2133797163
W4233780434,W2165878107
W2122790853,W6720197
W2122790853,W1492323064
W2122790853,W1518770379
W2122790853,W1575829986
W2122790853,W1965695790
W2122790853,W1977491210
W2122790853,W1980514696
W2122790853,W2007467497
W2122790853,W2009198914
W2122790853,W2031217208
W2122790853,W2037001540
W2122790853,W2041768030
W2122790853,W2053456338
W2122790853,W2080529943
W2122790853,W2094493170
W2122790853,W2095929735
W2122790853,W2100355186
W2122790853,W2104969481
W2122790853,W2128178009
W2122790853,W2149658184
W2122790853,W2154045510
W2122790853,W2158083620
W2122790853,W2165570903
W2122790853,W2418682818
W2122790853,W2756207886
W2122790853,W4250008609
W2122790853,W4256399001
W2609429672,W205588460
W2609429672,W1964623168
W2609429672,W1997730991
W2609429672,W2010675647
W2609429672,W2040661759
W2609429672,W2043885551
W2609429672,W2069176141
W2609429672,W2072020524
W2609429672,W2086613807
W2609429672,W2088955376
W2609429672,W2103863014
W2609429672,W2105639722
W2609429672,W2297487857
W2609429672,W2325764434
W2609429672,W2332288444
W2609429672,W2403095248
W2609429672,W2473138506
W2609429672,W2536229134
W2609429672,W2927437977
W2609429672,W4233545748
W2003797042,W1510543252
W2003797042,W1521590293
W2003797042,W1566459067
W2003797042,W1576420969
W2003797042,W1590947159
W2003797042,W1593337933
W2003797042,W1974170079
W2003797042,W1984650836
W2003797042,W1992468098
W2003797042,W1999854131
W2003797042,W2007992085
W2003797042,W2037001540
W2003797042,W2167631164
W2003797042,W2326334770
W2003797042,W2395589661
W2003797042,W4210890610
W2003797042,W4249776044
W2003797042,W4285719527
W1510730631,W45011409
W1510730631,W1556530441
W1510730631,W1964538581
W1510730631,W1989016101
W1510730631,W2032899567
W1510730631,W2076408193
W1510730631,W2103604870
W1510730631,W2115647291
W2158233643,W1575829986
W2158233643,W2138478249
W2158233643,W2748622947
W2552249845,W143061200
W2552249845,W392012835
W2552249845,W1502009149
W2552249845,W2036959900
W2552249845,W2076691609
W2552249845,W2106006415
W2552249845,W2137784590
W2552249845,W2582521406
W2552249845,W2768907898
W2552249845,W3144793845
W2552249845,W4285719527
W2129504844,W190966408
W2129504844,W1497286318
W2129504844,W1668218310
W2129504844,W1882154482
W2129504844,W1984895078
W2129504844,W1985737286
W2129504844,W1989274999
W2129504844,W1992418075
W2129504844,W2003840516
W2129504844,W2009198914
W2129504844,W2031347071
W2129504844,W2036815415
W2129504844,W2042400458
W2129504844,W2046603149
W2129504844,W2063086325
W2129504844,W2068084117
W2129504844,W2069390420
W2129504844,W2094065989
W2129504844,W2100500994
W2129504844,W2113235547
W2129504844,W2129111495
W2129504844,W2131920995
W2129504844,W2150674874
W2129504844,W2598208772
W2129504844,W2756207886
W2129504844,W3021760326
W2125444231,W13770256
W2125444231,W88117868
W2125444231,W196590334
W2125444231,W588944751
W2125444231,W1500021736
W2125444231,W1505096505
W2125444231,W1546460500
W2125444231,W1552815313
W2125444231,W1570896577
W2125444231,W1576413680
W2125444231,W1590946104
W2125444231,W1981537657
W2125444231,W1986461126
W2125444231,W1989016101
W2125444231,W2032899567
W2125444231,W2037001540
W2125444231,W2045343445
W2125444231,W2074025947
W2125444231,W2115755118
W2125444231,W2117425595
W2125444231,W2128523760
W2125444231,W2131657873
W2125444231,W2559808833
W2125444231,W4256566930
W2125444231,W4300941668
W2125444231,W6600602123
W2125444231,W6630337545
W2125444231,W6635304597
W9119819,W1964538581
W9119819,W1978122678
W9119819,W2912596165
W9119819,W3094134784
W2146050353,W1805207
W2146050353,W181517961
W2146050353,W1517677814
W2146050353,W1551337636
W2146050353,W1862665565
W2146050353,W1964797398
W2146050353,W1975141679
W2146050353,W1987292658
W2146050353,W2001461756
W2146050353,W2043969427
W2146050353,W2045094646
W2146050353,W2110500972
W2146050353,W2121529660
W2146050353,W2133589238
W2146050353,W2151684873
W2146050353,W2151905266
W2146050353,W2165394321
W2146050353,W2285072859
W2146050353,W4245987536
W2007697407,W7738515
W2007697407,W26470988
W2007697407,W59784840
W2007697407,W74775258
W2007697407,W85822167
W2007697407,W111038263
W2007697407,W148410407
W2007697407,W151432447
W2007697407,W178254092
W2007697407,W180551962
W2007697407,W190321253
W2007697407,W196332160
W2007697407,W205526818
W2007697407,W252297963
W2007697407,W322246522
W2007697407,W1040355296
W2007697407,W1267563279
W2007697407,W1434182508
W2007697407,W1482297266
W2007697407,W1490482062
W2007697407,W1498719563
W2007697407,W1526642635
W2007697407,W1532335443
W2007697407,W1546460500
W2007697407,W1549192021
W2007697407,W1560144794
W2007697407,W1561515052
W2007697407,W1567832587
W2007697407,W1586624296
W2007697407,W1590469064
W2007697407,W1592902143
W2007697407,W1606213113
W2007697407,W1649645444
W2007697407,W1773016195
W2007697407,W1915495511
W2007697407,W1950736173
W2007697407,W1964538581
W2007697407,W1968983388
W2007697407,W1980169328
W2007697407,W1987930784
W2007697407,W1989016101
W2007697407,W2007180964
W2007697407,W2009198914
W2007697407,W2015153621
W2007697407,W2017967298
W2007697407,W2018340980
W2007697407,W2020721196
W2007697407,W2024245695
W2007697407,W2025163386
W2007697407,W2037001540
W2007697407,W2040646018
W2007697407,W2050896993
W2007697407,W2058904305
W2007697407,W2078569098
W2007697407,W2082897112
W2007697407,W2085783286
W2007697407,W2101725632
W2007697407,W2110654907
W2007697407,W2112741432
W2007697407,W2114657100
W2007697407,W2122723787
W2007697407,W2130565106
W2007697407,W2131657873
W2007697407,W2134816385
W2007697407,W2137526265
W2007697407,W2137775098
W2007697407,W2138199375
W2007697407,W2147679264
W2007697407,W2148290521
W2007697407,W2156727067
W2007697407,W2162598207
W2007697407,W2167539083
W2007697407,W2354687646
W2007697407,W2392029795
W2007697407,W2515805897
W2007697407,W2529890780
W2007697407,W2596062918
W2007697407,W2598958494
W2007697407,W2600623200
W2007697407,W2601157883
W2007697407,W2603285822
W2007697407,W2752491485
W2007697407,W2755167596
W2007697407,W2759802789
W2007697407,W2784413597
W2007697407,W2796527002
W2007697407,W2798977449
W2007697407,W2885161099
W2007697407,W2912596165
W2007697407,W2995575468
W2007697407,W4285719527
W2007697407,W4298018175
W2007697407,W6628831405
W2007697407,W6672539624
W2007697407,W6681260765
W2007697407,W6735429616
W2019065296,W9119819
W2019065296,W45011409
W2019065296,W139777397
W2019065296,W1499933681
W2019065296,W1551337636
W2019065296,W1555235816
W2019065296,W1583418468
W2019065296,W1596196963
W2019065296,W1598383676
W2019065296,W1600735929
W2019065296,W1991849198
W2019065296,W2001461756
W2019065296,W2013661830
W2019065296,W2043843997
W2019065296,W2045094646
W2019065296,W2076408193
W2019065296,W2128940305
W2019065296,W2143613946
W2019065296,W2342091124
W2019065296,W2417195499
W2019065296,W2514278858
W2019065296,W2896015129
W2019065296,W2985333304
W2019065296,W3095711147
W2019065296,W4239720002
W2019065296,W4245967894
W2019065296,W6630002413
W2019065296,W6635652360
W2019065296,W6635868463
W2088955376,W79826021
W2088955376,W1499933681
W2088955376,W1564841162
W2088955376,W1590946104
W2088955376,W1590947159
W2088955376,W1596792369
W2088955376,W1793695185
W2088955376,W1794751999
W2088955376,W1974170079
W2088955376,W1981231610
W2088955376,W1986705961
W2088955376,W1989016101
W2088955376,W1990309597
W2088955376,W2001987823
W2088955376,W2003797042
W2088955376,W2004599511
W2088955376,W2015070289
W2088955376,W2026343926
W2088955376,W2029403095
W2088955376,W2040661759
W2088955376,W2059075385
W2088955376,W2062249380
W2088955376,W2069176141
W2088955376,W2103604870
W2088955376,W2105118209
W2088955376,W2108006430
W2088955376,W2131657873
W2088955376,W2131664240
W2088955376,W2134193571
W2088955376,W2140591843
W2088955376,W2141340645
W2088955376,W2158685692
W2088955376,W2187489085
W2088955376,W2223658739
W2088955376,W2582521406
W2088955376,W2912596165
W2088955376,W4233545748
W2088955376,W4285719527
W2088955376,W6630002413
W2088955376,W6657101313
W2088955376,W6675654580
W2088955376,W6680823787
W2108848067,W627786801
W2108848067,W1714065864
W2108848067,W2071122492
W2108848067,W2801681773
W2108848067,W4239317760
W2108848067,W4247254250
W2593649045,W45011409
W2593649045,W1497286318
W2593649045,W1532190000
W2593649045,W1537887111
W2593649045,W1556873952
W2593649045,W1882154482
W2593649045,W1965327601
W2593649045,W1968316532
W2593649045,W2002145628
W2593649045,W2026170203
W2593649045,W2042782373
W2593649045,W2050268494
W2593649045,W2053456338
W2593649045,W2064396293
W2593649045,W2123833908
W2593649045,W2129310538
W2593649045,W2133041452
W2593649045,W2151905266
W2593649045,W2155236052
W2593649045,W2170903670
W2593649045,W2299284748
W2593649045,W2400355649
W2593649045,W2401589761
W2593649045,W2521766633
W2593649045,W2588829302
W2593649045,W2595475176
W2593649045,W2738343302
W2593649045,W2912596165
W2593649045,W3147250474
W2069561830,W2124020907
W2069561830,W4285719527
W1981060864,W1499933681
W1981060864,W1532335443
W1981060864,W1533878625
W1981060864,W1535370315
W1981060864,W1596196963
W1981060864,W1912587452
W1981060864,W1990309597
W1981060864,W2015394094
W1981060864,W2018654500
W1981060864,W2045094646
W1981060864,W2088955376
W1981060864,W2099847492
W1981060864,W2130228586
W1981060864,W2134632849
W1981060864,W2137102534
W1981060864,W2188608003
W1981060864,W2229376303
W1981060864,W2515805897
W1981686634,W1805207
W1981686634,W69473232
W1981686634,W73282471
W1981686634,W159936315
W1981686634,W167948671
W1981686634,W624465380
W1981686634,W1532335443
W1981686634,W1575837252
W1981686634,W2000472550
W1981686634,W2001461756
W1981686634,W2003840516
W1981686634,W2004911337
W1981686634,W2037001540
W1981686634,W2078905215
W1981686634,W2098395732
W1981686634,W2099561134
W1981686634,W2101725632
W1981686634,W2117820411
W1981686634,W2124490600
W1981686634,W2292300730
W1981686634,W2304903802
W1981686634,W2338290034
W1981686634,W2530638482
W1981686634,W2588247704
W1981686634,W2771677576
W2105055172,W1980561265
W2105055172,W2022529518
W2105055172,W2032337854
W2105055172,W2048370453
W2105055172,W2052270675
W2105055172,W2111197100
W2105055172,W2138269563
W2105055172,W2155635068
W2105055172,W2319794630
W2105055172,W3193545027
W2105055172,W4250612732
W1980514696,W6720197
W1980514696,W19891981
W1980514696,W114330277
W1980514696,W1557496348
W1980514696,W1671529034
W1980514696,W1971377190
W1980514696,W1986434308
W1980514696,W1987274474
W1980514696,W1993685041
W1980514696,W1997513096
W1980514696,W2028492882
W1980514696,W2034153560
W1980514696,W2041768030
W1980514696,W2082185845
W1980514696,W2154045510
W2204026420,W1560144794
W2204026420,W1952532444
W2204026420,W1971927703
W2204026420,W1985533383
W2204026420,W1985816353
W2204026420,W1998841934
W2204026420,W1999506129
W2204026420,W2037001540
W2204026420,W2060267590
W2204026420,W2139465535
W2204026420,W2254181149
W2204026420,W2912596165
W2204026420,W3159220585
W1547548712,W1989016101
W1547548712,W2059075385
W1547548712,W2121701765
W1855894567,W1272508706
W1855894567,W1543098188
W1855894567,W1555544825
W1855894567,W2037390419
W1855894567,W2043222591
W1855894567,W2062214394
W1855894567,W2104917077
W1855894567,W2105990013
W1855894567,W2114745641
W1855894567,W2139598342
W1855894567,W2147679264
W1855894567,W2159410846
W1855894567,W2185997958
W2901715600,W83866079
W2901715600,W263398398
W2901715600,W639323477
W2901715600,W1500070732
W2901715600,W1532190000
W2901715600,W1537887111
W2901715600,W1575829986
W2901715600,W1585313616
W2901715600,W2012421020
W2901715600,W2042782373
W2901715600,W2043843997
W2901715600,W2053456338
W2901715600,W2059020775
W2901715600,W2070176305
W2901715600,W2072020524
W2901715600,W2096432648
W2901715600,W2104166306
W2901715600,W2157289187
W2901715600,W2299284748
W2901715600,W2401589761
W2901715600,W2560854088
W2901715600,W2588829302
W2901715600,W2752101034
W2901715600,W2885292784
W2901715600,W2902386144
W2901715600,W2903262696
W2901715600,W2967626278
W2901715600,W3147250474
W2901715600,W4237443216
W2901715600,W4246413347
W2901715600,W4256399001
W2299284748,W83866079
W2299284748,W167948671
W2299284748,W187194956
W2299284748,W1500070732
W2299284748,W1537887111
W2299284748,W1581848821
W2299284748,W1602183433
W2299284748,W1907770364
W2299284748,W1950736173
W2299284748,W1964538581
W2299284748,W1976894226
W2299284748,W1978434525
W2299284748,W1985421759
W2299284748,W1985533383
W2299284748,W1989771497
W2299284748,W2001461756
W2299284748,W2013020033
W2299284748,W2017967298
W2299284748,W2023108246
W2299284748,W2041121121
W2299284748,W2043843997
W2299284748,W2045094646
W2299284748,W2081131754
W2299284748,W2096432648
W2299284748,W2126239631
W2299284748,W2137526265
W2299284748,W2159604298
W2299284748,W2170903670
W2299284748,W2171834532
W2299284748,W2338290034
W2299284748,W2545749825
W2299284748,W2624621481
W2299284748,W2738343302
W2299284748,W3147250474
W2299284748,W4251060490
W2299284748,W4256399001
W2299284748,W6603448811
W2299284748,W6606706339
W2299284748,W6680378043
W2299284748,W6703734090
W2299284748,W6741118765
W2299284748,W6792784943
W2299284748,W7020021566
W2072020524,W1535517383
W2072020524,W1964538581
W2072020524,W1987439446
W2072020524,W2036235871
W2072020524,W2037001540
W2072020524,W2039170454
W2072020524,W2043843997
W2072020524,W2059075385
W2072020524,W2068842407
W2072020524,W2090690985
W2072020524,W2145944162
W2072020524,W3036827744
W2072020524,W4205810926
W2072020524,W4256399001
W4249771488,W1528946842
W4249771488,W1593337933
W4249771488,W1610693853
W4249771488,W1612995511
W4249771488,W1970680664
W4249771488,W1980561265
W4249771488,W1980770577
W4249771488,W1987624159
W4249771488,W1988680600
W4249771488,W2006539252
W4249771488,W2022529518
W4249771488,W2026410165
W4249771488,W2029403095
W4249771488,W2032337854
W4249771488,W2032772291
W4249771488,W2057193600
W4249771488,W2065126496
W4249771488,W2070730516
W4249771488,W2082840017
W4249771488,W2089817572
W4249771488,W2092084522
W4249771488,W2111197100
W4249771488,W2119614608
W4249771488,W2134654456
W4249771488,W2170410208
W4249771488,W4230549729
W4249771488,W4235037727
W4249771488,W4238387768
W4249771488,W4245341397
W4249771488,W4248670539
W4249771488,W4250612732
W4249771488,W4300470175
W2061425878,W2040605850
W2061425878,W2122313562
W3045568791,W1593360544
W3045568791,W1781239457
W3045568791,W1920144571
W3045568791,W1994477474
W3045568791,W2011136722
W3045568791,W2037128011
W3045568791,W2071511860
W3045568791,W2089021295
W3045568791,W2100882917
W3045568791,W2106042522
W3045568791,W2117023458
W3045568791,W2137526265
W3045568791,W2148227551
W3045568791,W2172653878
W3045568791,W2184854514
W3045568791,W2204026420
W3045568791,W2582521406
W3045568791,W2788918667
W3045568791,W2790875384
W3045568791,W3003668765
W3045568791,W4312525752
W3045568791,W6697286127
W3045568791,W6703583358
W3045568791,W6823859266
W3045568791,W7043575881
W4250008609,W6720197
W4250008609,W19891981
W4250008609,W1971377190
W4250008609,W1986434308
W4250008609,W1987274474
W4250008609,W1993685041
W4250008609,W1997513096
W4250008609,W2028492882
W4250008609,W2034153560
W4250008609,W2041768030
W4250008609,W2082185845
W4250008609,W2154045510
W2761132292,W1592009902
W2761132292,W1968467361
W2761132292,W1984697832
W2761132292,W1987274474
W2761132292,W1996363643
W2761132292,W2009198914
W2761132292,W2031347071
W2761132292,W2054146960
W2761132292,W2064651181
W2761132292,W2095929735
W2761132292,W2122790853
W2761132292,W2130567699
W2761132292,W2208213853
W2761132292,W2301092961
W2761132292,W2339867409
W2761132292,W2340383253
W2761132292,W2416112991
W2076691609,W9119819
W2076691609,W392012835
W2076691609,W1502818505
W2076691609,W1577214156
W2076691609,W1845062044
W2076691609,W1983218966
W2076691609,W1991849198
W2076691609,W2037001540
W2076691609,W2045094646
W2076691609,W2134314161
W2076691609,W2143448427
W2076691609,W4285719527
W1991849198,W392012835
W1991849198,W1983218966
W1991849198,W2037001540
W1991849198,W2093534731
W1991849198,W2155360405
W1991849198,W2912596165
W1991849198,W6613468649
W2401394291,W40687730
W2401394291,W51043520
W2401394291,W143260562
W2401394291,W185783483
W2401394291,W1510737763
W2401394291,W1532335443
W2401394291,W1549940068
W2401394291,W1569648698
W2401394291,W1575829986
W2401394291,W1578646555
W2401394291,W1615920531
W2401394291,W1934915719
W2401394291,W1977449139
W2401394291,W1984624128
W2401394291,W1986677882
W2401394291,W2034352249
W2401394291,W2036800980
W2401394291,W2047042583
W2401394291,W2061687336
W2401394291,W2066584470
W2401394291,W2066926573
W2401394291,W2103604870
W2401394291,W2123900698
W2401394291,W2126197241
W2401394291,W2154393540
W2401394291,W2160109669
W2401394291,W2184854514
W2401394291,W2317386813
W2401394291,W2323784285
W2401394291,W2328926509
W2401394291,W2402671869
W2401394291,W2504837287
W2401394291,W2549968089
W2401394291,W2582521406
W2401394291,W4213129550
W2963847539,W143061200
W2963847539,W167948671
W2963847539,W392012835
W2963847539,W992293265
W2963847539,W1811945995
W2963847539,W1845062044
W2963847539,W1953090334
W2963847539,W1965993059
W2963847539,W2003509661
W2963847539,W2008691804
W2963847539,W2032967826
W2963847539,W2037001540
W2963847539,W2054638377
W2963847539,W2058464321
W2963847539,W2076691609
W2963847539,W2089409887
W2963847539,W2090579027
W2963847539,W2109450332
W2963847539,W2118320651
W2963847539,W2122848099
W2963847539,W2132889650
W2963847539,W2133852590
W2963847539,W2137526265
W2963847539,W2140539724
W2963847539,W2140788346
W2963847539,W2152772614
W2963847539,W2295268165
W2963847539,W2320263333
W2963847539,W2503570992
W2963847539,W2537047136
W2963847539,W2582521406
W2963847539,W2586400180
W2963847539,W2783582514
W2963847539,W2967626278
W1985231929,W82238569
W1985231929,W192828507
W1985231929,W193489284
W1985231929,W438288536
W1985231929,W1489930039
W1985231929,W1496929008
W1985231929,W1505491859
W1985231929,W1538807643
W1985231929,W1556530441
W1985231929,W1560144794
W1985231929,W1564961273
W1985231929,W1575829986
W1985231929,W1583418468
W1985231929,W1593337933
W1985231929,W1612995511
W1985231929,W1968045811
W1985231929,W1984873438
W1985231929,W1998959456
W1985231929,W2010055427
W1985231929,W2015394094
W1985231929,W2020721196
W1985231929,W2026343926
W1985231929,W2029365580
W1985231929,W2029403095
W1985231929,W2032337854
W1985231929,W2033190454
W1985231929,W2037001540
W1985231929,W2043231452
W1985231929,W2045114640
W1985231929,W2073568670
W1985231929,W2078954871
W1985231929,W2092021606
W1985231929,W2092084522
W1985231929,W2095532467
W1985231929,W2096352449
W1985231929,W2119480063
W1985231929,W2122920626
W1985231929,W2131657873
W1985231929,W2154620409
W1985231929,W2155843307
W1985231929,W2164737198
W1985231929,W2166870578
W1985231929,W2257861854
W1985231929,W2327525319
W1985231929,W2399411781
W1985231929,W2547418339
W1985231929,W2610685016
W1985231929,W2752491485
W1985231929,W2912596165
W1985231929,W2913521326
W1985231929,W3197522016
W1985231929,W4285719527
W4386897880,W1993783675
W4386897880,W2001461756
W4386897880,W2005302785
W4386897880,W2015766879
W4386897880,W2029123446
W4386897880,W2030974465
W4386897880,W2042432550
W4386897880,W2049458102
W4386897880,W2070957297
W4386897880,W2073227393
W4386897880,W2081131754
W4386897880,W2091475867
W4386897880,W2091794409
W4386897880,W2136022845
W4386897880,W2138346266
W4386897880,W2155530693
W4386897880,W2292251807
W4386897880,W2571962628
W4386897880,W2598797789
W4386897880,W2979295318
W4386897880,W4293428240
W4386897880,W4313177291
W2490977439,W72135960
W2490977439,W164236100
W2490977439,W605263502
W2490977439,W1520131895
W2490977439,W1973829499
W2490977439,W1978122678
W2490977439,W1986218835
W2490977439,W1988031976
W2490977439,W2001461756
W2490977439,W2013366237
W2490977439,W2027760828
W2490977439,W2028080146
W2490977439,W2028629294
W2490977439,W2034352249
W2490977439,W2041121121
W2490977439,W2043705045
W2490977439,W2047948074
W2490977439,W2058543238
W2490977439,W2093960336
W2490977439,W2097481326
W2490977439,W2098714234
W2490977439,W2114721269
W2490977439,W2126224881
W2490977439,W2126239631
W2490977439,W2137237530
W2490977439,W2137526265
W2490977439,W2141740050
W2490977439,W2159295271
W2490977439,W2168488086
W2490977439,W2174258004
W2490977439,W2179224662
W2490977439,W2184075520
W2490977439,W2239214932
W2490977439,W2283562276
W2490977439,W2346983208
W2490977439,W2536794285
W2490977439,W2561675875
W2490977439,W4297888597
W2490977439,W6602872411
W2395018040,W9119819
W2395018040,W24894039
W2395018040,W62008916
W2395018040,W74490384
W2395018040,W93612393
W2395018040,W144559596
W2395018040,W1499933681
W2395018040,W1516357717
W2395018040,W1517387173
W2395018040,W1549192021
W2395018040,W1573523614
W2395018040,W1586624296
W2395018040,W1591815827
W2395018040,W1600735929
W2395018040,W1924105626
W2395018040,W1950736173
W2395018040,W1964538581
W2395018040,W1976878132
W2395018040,W1978270319
W2395018040,W1979556480
W2395018040,W1980561265
W2395018040,W1985533383
W2395018040,W1988968882
W2395018040,W1989016101
W2395018040,W2001260728
W2395018040,W2001987823
W2395018040,W2003840516
W2395018040,W2007798022
W2395018040,W2007894891
W2395018040,W2011136722
W2395018040,W2020721196
W2395018040,W2023107859
W2395018040,W2027523423
W2395018040,W2030393551
W2395018040,W2032899567
W2395018040,W2033278145
W2395018040,W2049059635
W2395018040,W2057233721
W2395018040,W2057978450
W2395018040,W2062273234
W2395018040,W2068084117
W2395018040,W2072813844
W2395018040,W2079140510
W2395018040,W2082373127
W2395018040,W2091784785
W2395018040,W2098619666
W2395018040,W2099252350
W2395018040,W2100531634
W2395018040,W2101728963
W2395018040,W2103604870
W2395018040,W2103869314
W2395018040,W2104917077
W2395018040,W2105055172
W2395018040,W2105118209
W2395018040,W2106042522
W2395018040,W2108893166
W2395018040,W2110831359
W2395018040,W2111197100
W2395018040,W2115247616
W2395018040,W2118489710
W2395018040,W2119480063
W2395018040,W2121622602
W2395018040,W2125669135
W2395018040,W2128217987
W2395018040,W2128992813
W2395018040,W2130565106
W2395018040,W2131657873
W2395018040,W2131735207
W2395018040,W2133564221
W2395018040,W2134632849
W2395018040,W2134954483
W2395018040,W2137526265
W2395018040,W2138269563
W2395018040,W2139598342
W2395018040,W2143122004
W2395018040,W2147679264
W2395018040,W2150030623
W2395018040,W2153314286
W2395018040,W2153901834
W2395018040,W2154620409
W2395018040,W2155026410
W2395018040,W2155635068
W2395018040,W2161377823
W2395018040,W2168190208
W2395018040,W2170722453
W2395018040,W2173427686
W2395018040,W2204589313
W2395018040,W2255859822
W2395018040,W2337365192
W2395018040,W2343900332
W2395018040,W2396671154
W2395018040,W2515805897
W2395018040,W2529890780
W2395018040,W2595475176
W2395018040,W2601835878
W2395018040,W2759802789
W2395018040,W2802089619
W2395018040,W4285719527
W2961981322,W2100837269
W2126239631,W186240961
W2126239631,W1546209277
W2126239631,W1594450222
W2126239631,W1965859210
W2126239631,W1975290042
W2126239631,W2003840516
W2126239631,W2006293231
W2126239631,W2021446056
W2126239631,W2040680107
W2126239631,W2041121121
W2126239631,W2041930233
W2126239631,W2042107593
W2126239631,W2044521246
W2126239631,W2070084294
W2126239631,W2071524928
W2126239631,W2110235231
W2126239631,W2115767131
W2126239631,W2118088402
W2126239631,W2121448897
W2126239631,W2126844719
W2126239631,W2128665672
W2126239631,W2137526265
W2126239631,W2140354221
W2126239631,W2141817033
W2126239631,W2148342940
W2126239631,W2149438747
W2126239631,W2152436945
W2126239631,W2153810511
W2126239631,W4239460843
W2126239631,W6680378043
W2466861635,W186240961
W2466861635,W1546209277
W2466861635,W1547120826
W2466861635,W1582880486
W2466861635,W1944219791
W2466861635,W1963987467
W2466861635,W1965859210
W2466861635,W1971274529
W2466861635,W1973159748
W2466861635,W1975290042
W2466861635,W2003840516
W2466861635,W2006293231
W2466861635,W2007557128
W2466861635,W2021446056
W2466861635,W2022161886
W2466861635,W2040680107
W2466861635,W2041121121
W2466861635,W2041930233
W2466861635,W2042107593
W2466861635,W2044521246
W2466861635,W2063089621
W2466861635,W2070084294
W2466861635,W2071524928
W2466861635,W2075019019
W2466861635,W2085533563
W2466861635,W2093746602
W2466861635,W2097481326
W2466861635,W2103212780
W2466861635,W2110235231
W2466861635,W2110649559
W2466861635,W2113347439
W2466861635,W2115767131
W2466861635,W2118088402
W2466861635,W2126239631
W2466861635,W2126844719
W2466861635,W2128665672
W2466861635,W2136361599
W2466861635,W2137526265
W2466861635,W2140354221
W2466861635,W2141817033
W2466861635,W2142887818
W2466861635,W2148342940
W2466861635,W2149438747
W2466861635,W2151727950
W2466861635,W2152436945
W2466861635,W2153810511
W2466861635,W2166779026
W2466861635,W2169687509
W2555917297,W59450186
W2555917297,W79826021
W2555917297,W1560729591
W2555917297,W2024664008
W2555917297,W2041383450
W2555917297,W2052270675
W2555917297,W2088960431
W2555917297,W2098619666
W2555917297,W2118489710
W2555917297,W2137526265
W2555917297,W2154345087
W2555917297,W2155417611
W2555917297,W2160628783
W2555917297,W2171635740
W2555917297,W2205103754
W2555917297,W2322584079
W2555917297,W2395018040
W2555917297,W4242971030
W2555917297,W4285719527
W2555917297,W6633724138
W2123442640,W281240564
W2123442640,W571075597
W2123442640,W586893437
W2123442640,W624465380
W2123442640,W1502148365
W2123442640,W1505221106
W2123442640,W1599105370
W2123442640,W1983347960
W2123442640,W2014930203
W2123442640,W2022359655
W2123442640,W2024879714
W2123442640,W2028302088
W2123442640,W2078786961
W2123442640,W2098719459
W2123442640,W2105066218
W2123442640,W2106329382
W2123442640,W2122313562
W2123442640,W2137526265
W2123442640,W2145737849
W2123442640,W2147912625
W2123442640,W2161133025
W2123442640,W2172653878
W2123442640,W2564720963
W2123442640,W2586400180
W2123442640,W2617434701
W2123442640,W2626791138
W2123442640,W2883810257
W2123442640,W2899805974
W2123442640,W2903399229
W2123442640,W3025483483
W2123442640,W4230877672
W2123442640,W4285719527
W4212945971,W379725118
W4212945971,W1510060937
W4212945971,W1519334917
W4212945971,W1529135573
W4212945971,W1534234863
W4212945971,W1538967629
W4212945971,W1557871352
W4212945971,W1603920403
W4212945971,W1605827214
W4212945971,W1641915153
W4212945971,W1872512668
W4212945971,W1968549621
W4212945971,W1971016029
W4212945971,W1972059236
W4212945971,W1980376504
W4212945971,W1981433551
W4212945971,W1998944977
W4212945971,W2000803514
W4212945971,W2002271909
W4212945971,W2006144938
W4212945971,W2007894891
W4212945971,W2007897947
W4212945971,W2009896906
W4212945971,W2011421703
W4212945971,W2011742516
W4212945971,W2022044014
W4212945971,W2027765653
W4212945971,W2037949455
W4212945971,W2045261700
W4212945971,W2062801267
W4212945971,W2064233625
W4212945971,W2089048403
W4212945971,W2094846694
W4212945971,W2105601277
W4212945971,W2111889754
W4212945971,W2126015526
W4212945971,W2139448165
W4212945971,W2163344649
W4212945971,W2182616171
W4212945971,W2233812317
W4212945971,W2271208462
W4212945971,W2329381138
W4212945971,W2466208082
W4212945971,W2466517928
W4212945971,W3124666641
W4212945971,W4249595233
W4401242086,W1529060346
W4401242086,W1995151553
W4401242086,W2010927954
W4401242086,W2029654180
W4401242086,W2044961900
W4401242086,W2124990398
W4401242086,W2135735899
W4401242086,W2336684527
W4401242086,W4230102364
W4401242086,W4236363554
W2122313562,W51043520
W2122313562,W1585474757
W2122313562,W1801878374
W2122313562,W2045114640
W2122313562,W2061425878
W2122313562,W2064949613
W2122313562,W2077486936
W2122313562,W2154536574
W2122313562,W2205103754
W2122313562,W2914331897
W2054745332,W1972419014
W2054745332,W1989016101
W2054745332,W2016271194
W2054745332,W2053903592
W2054745332,W2054745332
W2955138922,W1607931568
W2955138922,W1622352885
W2955138922,W2008708467
W2955138922,W2010675647
W2955138922,W2023658573
W2955138922,W2041121121
W2955138922,W2053347927
W2955138922,W2055043387
W2955138922,W2061259599
W2955138922,W2063304073
W2955138922,W2103863014
W2955138922,W2107302205
W2955138922,W2119780277
W2955138922,W2123442640
W2955138922,W2126103104
W2955138922,W2127811140
W2955138922,W2147173506
W2955138922,W2160564267
W2955138922,W2166712553
W2955138922,W2168527884
W2955138922,W2464070928
W2955138922,W2509875196
W2955138922,W2766966300
W2955138922,W2785273668
W2955138922,W2883482411
W2955138922,W2889498145
W2955138922,W2889792685
W2955138922,W2939610444
W2955138922,W3101721510
W2955138922,W3105389349
W2955138922,W4229774725
W2955138922,W4232703006
W2125570765,W1575829986
W2125570765,W1576420969
W2125570765,W1993220186
W2125570765,W2004088673
W2125570765,W2037001540
W2125570765,W2051620101
W2125570765,W2059314169
W2125570765,W2106879872
W2125570765,W2119570247
W2125570765,W2133589238
W2125570765,W2285072859
W2125570765,W4285719527
W2054459286,W2103428456
W2054459286,W2114894207
W2054459286,W2127762938
W2054459286,W2131294823
W2054459286,W2133797163
W2054459286,W2521024927
W1975594003,W2077486936
W2075390823,W131127468
W2075390823,W1505491859
W2075390823,W1571144263
W2075390823,W1974170079
W2075390823,W1984314602
W2075390823,W1996136679
W2075390823,W1996318579
W2075390823,W2001987823
W2075390823,W2002154295
W2075390823,W2007992085
W2075390823,W2009022594
W2075390823,W2026343926
W2075390823,W2029654180
W2075390823,W2032899567
W2075390823,W2039348779
W2075390823,W2051390054
W2075390823,W2058120272
W2075390823,W2059061863
W2075390823,W2064837193
W2075390823,W2077420680
W2075390823,W2082373127
W2075390823,W2087279647
W2075390823,W2111158348
W2075390823,W2111197100
W2075390823,W2116401686
W2075390823,W2131657873
W2075390823,W2138269563
W2075390823,W2140591843
W2075390823,W2143560158
W2075390823,W2144865115
W2075390823,W2147679264
W2075390823,W2155635068
W2075390823,W2168120373
W2075390823,W2399411781
W2075390823,W2579555219
W2075390823,W3193545027
W2075390823,W4239355662
W2075390823,W4240734935
W2075390823,W4256566930
W2332934440,W1596196963
W2332934440,W1964538581
W2332934440,W1984472908
W2332934440,W2007990204
W2332934440,W2037001540
W2332934440,W2125570765
W2332934440,W2152087807
W2332934440,W2169637730
W2332934440,W2184854514
W2332934440,W2598094903
W2332934440,W2619575161
W2332934440,W4256399001
W2332934440,W6772936788
W2058904305,W62999716
W2058904305,W92364449
W2058904305,W141207001
W2058904305,W223937513
W2058904305,W602985745
W2058904305,W1484864026
W2058904305,W1500190048
W2058904305,W1505491859
W2058904305,W1510561091
W2058904305,W1516357717
W2058904305,W1558663422
W2058904305,W1575829986
W2058904305,W1630493849
W2058904305,W1965166267
W2058904305,W1971509160
W2058904305,W1972940641
W2058904305,W1980561265
W2058904305,W1987604705
W2058904305,W2007180964
W2058904305,W2022529518
W2058904305,W2027523423
W2058904305,W2037001540
W2058904305,W2037124948
W2058904305,W2051164791
W2058904305,W2053903592
W2058904305,W2080839230
W2058904305,W2084489557
W2058904305,W2105118209
W2058904305,W2124862546
W2058904305,W2138478249
W2058904305,W2142196392
W2058904305,W2159401492
W2058904305,W2326713822
W2058904305,W2342091124
W2058904305,W2514745754
W2058904305,W2595745840
W2058904305,W2912596165
W2058904305,W2943262529
W2058904305,W3099839986
W2058904305,W4285719527
W2804058599,W624465380
W2804058599,W1576998361
W2804058599,W1842427889
W2804058599,W1963987467
W2804058599,W1964856732
W2804058599,W1977086599
W2804058599,W1990282485
W2804058599,W2001461756
W2804058599,W2021446056
W2804058599,W2021644454
W2804058599,W2022651795
W2804058599,W2050543145
W2804058599,W2062190494
W2804058599,W2063440895
W2804058599,W2097481326
W2804058599,W2114721269
W2804058599,W2129835919
W2804058599,W2130461445
W2804058599,W2136361599
W2804058599,W2141024349
W2804058599,W2174258004
W2804058599,W2201745394
W2804058599,W2345792697
W2804058599,W2466861635
W2804058599,W2467114634
W2804058599,W2598797789
W2804058599,W2689106072
W2804058599,W6731737828
W2804058599,W6733306018
W1944219791,W1510737763
W1944219791,W1546209277
W1944219791,W1547120826
W1944219791,W1963987467
W1944219791,W1971274529
W1944219791,W1973159748
W1944219791,W1975290042
W1944219791,W2006293231
W1944219791,W2021446056
W1944219791,W2042107593
W1944219791,W2044521246
W1944219791,W2063089621
W1944219791,W2071524928
W1944219791,W2097481326
W1944219791,W2103212780
W1944219791,W2110235231
W1944219791,W2110649559
W1944219791,W2113347439
W1944219791,W2115767131
W1944219791,W2118088402
W1944219791,W2121448897
W1944219791,W2126239631
W1944219791,W2128665672
W1944219791,W2136361599
W1944219791,W2142887818
W1944219791,W2153810511
W1944219791,W2166779026
W1944219791,W2169687509
W2781621131,W110427202
W2781621131,W131127468
W2781621131,W621814778
W2781621131,W1590947159
W2781621131,W1765238573
W2781621131,W1967559492
W2781621131,W1970028090
W2781621131,W1974170079
W2781621131,W1989514960
W2781621131,W2033190454
W2781621131,W2037001540
W2781621131,W2091022973
W2781621131,W2100882917
W2781621131,W2138199375
W2781621131,W2161837796
W2781621131,W2184854514
W2781621131,W2399020194
W2781621131,W2757370326
W2781621131,W4246406755
W2781621131,W4285719527
W2781621131,W6619485454
W2221802908,W64995201
W2221802908,W192078153
W2221802908,W1499933681
W2221802908,W1586624296
W2221802908,W1977621004
W2221802908,W1980561265
W2221802908,W1990100773
W2221802908,W2016753916
W2221802908,W2026713788
W2221802908,W2052270675
W2221802908,W2057978450
W2221802908,W2098619666
W2221802908,W2104617690
W2221802908,W2105118209
W2221802908,W2118489710
W2221802908,W2133797163
W2221802908,W2155417611
W2221802908,W2155843307
W2221802908,W2156256954
W2221802908,W2161377823
W2221802908,W2179427518
W2221802908,W2320814021
W2221802908,W2327525319
W2221802908,W2601835878
W2221802908,W4239127880
W2221802908,W4299298909
W2221802908,W6630002413
W2221802908,W6635221841
W2221802908,W6675654580
W2221802908,W6682806955
W2978013841,W206024154
W2978013841,W624465380
W2978013841,W1048171622
W2978013841,W1922152898
W2978013841,W2020422987
W2978013841,W2062273234
W2978013841,W2087230385
W2978013841,W2104617690
W2978013841,W2133797163
W2978013841,W2148227551
W2978013841,W2164795151
W2978013841,W2604870362
W2978013841,W2979249000
W2978013841,W3021716472
W2978013841,W3147429590
W2978013841,W3201845803
W2978013841,W4256399001
W4233087053,W82238569
W4233087053,W193489284
W4233087053,W1593337933
W4233087053,W1612995511
W4233087053,W1968045811
W4233087053,W2010055427
W4233087053,W2015394094
W4233087053,W2029365580
W4233087053,W2029403095
W4233087053,W2043231452
W4233087053,W2073568670
W4233087053,W2078954871
W4233087053,W2092084522
W4233087053,W2095532467
W4233087053,W2096352449
W4233087053,W2131657873
W4233087053,W2166870578
W4233087053,W2257861854
W4233087053,W2913521326
W4233087053,W4240459253
W4233087053,W4246406755
W4233087053,W4249771488
W4283722419,W612471143
W4283722419,W1608519465
W4283722419,W1968008571
W4283722419,W2041121121
W4283722419,W2056504312
W4283722419,W2060142157
W4283722419,W2074946636
W4283722419,W2094384411
W4283722419,W2100685825
W4283722419,W2106330396
W4283722419,W2131657873
W4283722419,W2137102534
W4283722419,W2137526265
W4283722419,W2184854514
W4283722419,W2252795400
W4283722419,W2257861854
W4283722419,W2470671694
W4283722419,W2671123407
W4283722419,W2788574479
W4283722419,W2913520771
W4283722419,W2914163348
W4283722419,W2950761417
W4283722419,W2970480061
W4283722419,W3003461647
W4283722419,W3017155694
W4283722419,W3045568791
W4283722419,W3124666641
W4283722419,W4200289831
W4283722419,W4220970479
W4283722419,W4235075455
W4283722419,W4283725567
W4283722419,W4285051996
W2003840516,W1486313877
W2003840516,W1497286318
W2003840516,W1538807643
W2003840516,W1600895443
W2003840516,W1871525550
W2003840516,W1965624136
W2003840516,W1978270319
W2003840516,W1992556332
W2003840516,W1996970545
W2003840516,W1999155183
W2003840516,W1999463728
W2003840516,W2003723187
W2003840516,W2012815986
W2003840516,W2031344788
W2003840516,W2034675839
W2003840516,W2037001540
W2003840516,W2038458742
W2003840516,W2042400458
W2003840516,W2045114640
W2003840516,W2048585878
W2003840516,W2056919333
W2003840516,W2063252428
W2003840516,W2065143235
W2003840516,W2072943580
W2003840516,W2079676018
W2003840516,W2085630147
W2003840516,W2090260539
W2003840516,W2091784785
W2003840516,W2098619666
W2003840516,W2104166306
W2003840516,W2115247616
W2003840516,W2119480063
W2003840516,W2123668258
W2003840516,W2137526265
W2003840516,W2139598342
W2003840516,W2153314286
W2003840516,W2159330012
W2003840516,W2415282395
W2003840516,W2514745754
W2003840516,W2601346836
W2003840516,W2616924292
W2003840516,W2943262529
W2003840516,W3021516576
W2003840516,W3216119896
W2003840516,W4239603325
W2003840516,W4285719527
W4399727930,W2133824856
W1790936560,W284234142
W1790936560,W1494662055
W1790936560,W1521590293
W1790936560,W1837978202
W1790936560,W1996832453
W1790936560,W1997110426
W1790936560,W2022897403
W1790936560,W2028360683
W1790936560,W2029960962
W1790936560,W2046331128
W1790936560,W2049656592
W1790936560,W2056522351
W1790936560,W2059929791
W1790936560,W2077928913
W1790936560,W2154620409
W1790936560,W2169334254
W1790936560,W2184854514
W1790936560,W2188608003
W1790936560,W2280099729
W1790936560,W2329406868
W1790936560,W2329767772
W1790936560,W2331436800
W1790936560,W2331995259
W1790936560,W4206531014
W1790936560,W4245341397
W1790936560,W4248923757
W1790936560,W4289983871
W1790936560,W4310506297
W1790936560,W6629860146
W1790936560,W6682949499
W1790936560,W6806132647
W1790936560,W7071619704
W2117489410,W2071122492
W2117489410,W2087137043
W2117489410,W2121802159
W2117489410,W2327437958
W2117489410,W4229774725
W4233862358,W6729014143
W2100882917,W12181516
W2100882917,W1553904877
W2100882917,W1983579728
W2100882917,W2015833509
W2100882917,W2052270675
W2100882917,W2067083952
W2100882917,W2137526265
W2100882917,W2145764920
W2100882917,W2150294419
W2100882917,W2336236397
W2100882917,W2912596165
W2886032821,W131127468
W2886032821,W1970028090
W2886032821,W1973746598
W2886032821,W2017967298
W2886032821,W2037001540
W2886032821,W2041121121
W2886032821,W2044988964
W2886032821,W2066584470
W2886032821,W2083660934
W2886032821,W2091022973
W2886032821,W2097327863
W2886032821,W2100613188
W2886032821,W2137526265
W2886032821,W2184854514
W2886032821,W2307269239
W2886032821,W4236177342
W282439305,W77669910
W282439305,W353234340
W282439305,W1586670667
W282439305,W1694080526
W282439305,W1788201025
W282439305,W2015677043
W282439305,W2045094646
W282439305,W2065587715
W282439305,W2164340928
W2135868439,W97204656
W2135868439,W1497286318
W2135868439,W1562811233
W2135868439,W1985737286
W2135868439,W2023810221
W2135868439,W2029972641
W2135868439,W2042400458
W2135868439,W2045506010
W2135868439,W2052216394
W2135868439,W2061023211
W2135868439,W2062438385
W2135868439,W2070176305
W2135868439,W2077707758
W2135868439,W2083974562
W2135868439,W2102757824
W2135868439,W2106042522
W2135868439,W2114181294
W2135868439,W2117812870
W2135868439,W2138098672
W2135868439,W2139306958
W2135868439,W2143726991
W2135868439,W4288632021
W1968008571,W1581350311
W1968008571,W1950736173
W1968008571,W2059957416
W1968008571,W2292300730
W1968008571,W2318044268
W1968008571,W2491272054
W1968008571,W2733269210
W1968008571,W2913521326
W3212670917,W1989016101
W3212670917,W2044140042
W3212670917,W2059075385
W3212670917,W2096042773
W3212670917,W2106866030
W3212670917,W2110017066
W3212670917,W2129488573
W3212670917,W2135896612
W3212670917,W2159261394
W3212670917,W2286247980
W3212670917,W2571194986
W3212670917,W2596596865
W3212670917,W2747921057
W3212670917,W2782821189
W3212670917,W2943305677
W3212670917,W2947746809
W3212670917,W2973413581
W3212670917,W2990520854
W3212670917,W3005298575
W3212670917,W3028791585
W2100685825,W2056504312
W2100685825,W2094384411
W2100685825,W2762681851
W1215132044,W128363437
W1215132044,W167948671
W1215132044,W1505491859
W1215132044,W1560144794
W1215132044,W1575829986
W1215132044,W1594303435
W1215132044,W1597457948
W1215132044,W1952532444
W1215132044,W1964538581
W1215132044,W2037001540
W1215132044,W2068627759
W1215132044,W2083375777
W1215132044,W2089123859
W1215132044,W2113467633
W1215132044,W2137526265
W1215132044,W2144198023
W1215132044,W2184854514
W1215132044,W2205103754
W1215132044,W2315268655
W1215132044,W2329362915
W1215132044,W2463352670
W1215132044,W2561557072
W1215132044,W2985333304
W1215132044,W4285719527
W1215132044,W6606216953
W2157130619,W355720666
W2157130619,W1509968902
W2157130619,W1658271639
W2157130619,W1970680664
W2157130619,W1971398771
W2157130619,W1976894226
W2157130619,W1980561265
W2157130619,W1985143712
W2157130619,W1985596507
W2157130619,W2002893522
W2157130619,W2006684178
W2157130619,W2006834822
W2157130619,W2013020033
W2157130619,W2016085694
W2157130619,W2016098456
W2157130619,W2029654180
W2157130619,W2063662525
W2157130619,W2067736313
W2157130619,W2075586101
W2157130619,W2092084522
W2157130619,W2098686263
W2157130619,W2104166306
W2157130619,W2109273023
W2157130619,W2111197100
W2157130619,W2119480063
W2157130619,W2138269563
W2157130619,W2155635068
W2157130619,W2156358275
W2157130619,W2284487033
W2157130619,W2514745754
W2157130619,W2526301959
W2157130619,W2598208772
W2157130619,W2601346836
W2157130619,W2625150345
W2157130619,W3010796970
W2157130619,W4285719527
W2482049660,W133031165
W2482049660,W141207001
W2482049660,W193489284
W2482049660,W355720666
W2482049660,W624465380
W2482049660,W1497286318
W2482049660,W1499933681
W2482049660,W1510737763
W2482049660,W1531639961
W2482049660,W1537061039
W2482049660,W1590947159
W2482049660,W1593337933
W2482049660,W1600895443
W2482049660,W1950736173
W2482049660,W1969442075
W2482049660,W1989016101
W2482049660,W1999854131
W2482049660,W2007180964
W2482049660,W2013020033
W2482049660,W2016098456
W2482049660,W2033190454
W2482049660,W2037001540
W2482049660,W2045114640
W2482049660,W2060206404
W2482049660,W2063701864
W2482049660,W2091784785
W2482049660,W2096352449
W2482049660,W2103604870
W2482049660,W2104166306
W2482049660,W2109340901
W2482049660,W2119480063
W2482049660,W2131657873
W2482049660,W2134773428
W2482049660,W2139190150
W2482049660,W2153314286
W2482049660,W2154620409
W2482049660,W2155417611
W2482049660,W2157130619
W2482049660,W2188608003
W2482049660,W2255859822
W2482049660,W2463352670
W2482049660,W2514745754
W2482049660,W2594750765
W2482049660,W2601346836
W2482049660,W2616924292
W2482049660,W2618602706
W2482049660,W2744890882
W2482049660,W2995575468
W2482049660,W3021516576
W2482049660,W4205810926
W2482049660,W4206777094
W2482049660,W4235037727
W2482049660,W4235133917
W2482049660,W4235949766
W2482049660,W4238387768
W2482049660,W4239603325
W2482049660,W4245341397
W2482049660,W4246406755
W2482049660,W4285719527
W2482049660,W4300470175
W2482049660,W6605809315
W2482049660,W6630002413
W2482049660,W6643603450
W2482049660,W6661419231
W2482049660,W6673314710
W2482049660,W6682806955
W2482049660,W6682949499
W2482049660,W7029952437
W2137352696,W1502886798
W2137352696,W1537061039
W2137352696,W1590947159
W2137352696,W1591331301
W2137352696,W1674066309
W2137352696,W1794751999
W2137352696,W1974170079
W2137352696,W1989016101
W2137352696,W1997048962
W2137352696,W2002556711
W2137352696,W2007992085
W2137352696,W2019424129
W2137352696,W2023108246
W2137352696,W2030665613
W2137352696,W2033190454
W2137352696,W2037001540
W2137352696,W2051390054
W2137352696,W2059075385
W2137352696,W2103604870
W2137352696,W2128940305
W2137352696,W2131657873
W2137352696,W2147679264
W2137352696,W2159190202
W2137352696,W3117910667
W2137352696,W3173550326
W4283784219,W280529704
W4283784219,W1555235816
W4283784219,W1595643407
W4283784219,W1862665565
W4283784219,W1944219791
W4283784219,W1962448511
W4283784219,W1964728044
W4283784219,W1964856732
W4283784219,W1979935426
W4283784219,W1988031976
W4283784219,W1990282485
W4283784219,W1995664726
W4283784219,W2001137967
W4283784219,W2001461756
W4283784219,W2006293231
W4283784219,W2018072651
W4283784219,W2022651795
W4283784219,W2024519097
W4283784219,W2026627282
W4283784219,W2030474329
W4283784219,W2041121121
W4283784219,W2051926282
W4283784219,W2052698845
W4283784219,W2058347805
W4283784219,W2060669358
W4283784219,W2064574537
W4283784219,W2065894627
W4283784219,W2066034955
W4283784219,W2066537505
W4283784219,W2079326554
W4283784219,W2089403006
W4283784219,W2091322384
W4283784219,W2094906616
W4283784219,W2114721269
W4283784219,W2115460221
W4283784219,W2126239631
W4283784219,W2130461445
W4283784219,W2141817033
W4283784219,W2151333954
W4283784219,W2162455031
W4283784219,W2168383416
W4283784219,W2174258004
W4283784219,W2177010828
W4283784219,W2184854514
W4283784219,W2283562276
W4283784219,W2342039739
W4283784219,W2345792697
W4283784219,W2346618622
W4283784219,W2403300874
W4283784219,W2465028081
W4283784219,W2466861635
W4283784219,W2467114634
W4283784219,W2468258405
W4283784219,W2471720703
W4283784219,W2520506264
W4283784219,W2522639033
W4283784219,W2530548113
W4283784219,W2530980632
W4283784219,W2549120448
W4283784219,W2550159954
W4283784219,W2598797789
W4283784219,W2611057646
W4283784219,W2738948243
W4283784219,W2758994353
W4283784219,W2803034103
W4283784219,W2804058599
W4283784219,W2806231938
W4283784219,W2808506583
W4283784219,W2841520486
W4283784219,W2886066576
W4283784219,W2900438384
W4283784219,W2902926009
W4283784219,W2903080502
W4283784219,W2903090875
W4283784219,W2914250555
W4283784219,W2921494479
W4283784219,W2941391475
W4283784219,W2973818182
W4283784219,W2979295318
W4283784219,W2993506233
W4283784219,W2993515918
W4283784219,W2994912512
W4283784219,W2995408789
W4283784219,W3003963609
W4283784219,W3006727248
W4283784219,W3011077436
W4283784219,W3030476761
W4283784219,W3107964754
W4283784219,W6610228593
W4283784219,W6631197461
W4283784219,W6658526616
W4283784219,W6662388370
W4283784219,W6698329959
W4283784219,W6728533688
W4283784219,W6733306018
W2167103973,W167948671
W2167103973,W627786801
W2167103973,W1480492886
W2167103973,W1532335443
W2167103973,W1975594003
W2167103973,W1981060864
W2167103973,W2011204419
W2167103973,W2141394518
W2167103973,W2184854514
W2167103973,W2188608003
W2167103973,W2229376303
W2167103973,W2320263333
W2167103973,W2323599019
W2167103973,W2912596165
W2167103973,W3216119896
W2167103973,W4239317760
W2167103973,W4298208705
W2284557188,W1489492695
W2284557188,W1492190885
W2284557188,W1496232246
W2284557188,W1524940219
W2284557188,W1587026990
W2284557188,W1609724202
W2284557188,W1971264587
W2284557188,W1973832683
W2284557188,W1992087275
W2284557188,W1997901895
W2284557188,W2010263906
W2284557188,W2010804586
W2284557188,W2012571009
W2284557188,W2023107859
W2284557188,W2029972641
W2284557188,W2032085840
W2284557188,W2042035466
W2284557188,W2043143027
W2284557188,W2083007992
W2284557188,W2087460754
W2284557188,W2097951186
W2284557188,W2103428456
W2284557188,W2109995759
W2284557188,W2121957969
W2284557188,W2145674413
W2284557188,W2150324710
W2284557188,W2151442236
W2284557188,W2157188062
W2284557188,W2162626980
W2284557188,W2169376539
W4242775597,W148410407
W4242775597,W1499933681
W4242775597,W1586624296
W4242775597,W2009198914
W4242775597,W2052270675
W4242775597,W2096042773
W4242775597,W2111197100
W4242775597,W2118489710
W4242775597,W2129488573
W4242775597,W2139598342
W4242775597,W2141870347
W4242775597,W2171635740
W4242775597,W2586400180
W4242775597,W2601835878
W1765238573,W20840773
W1765238573,W274045197
W1765238573,W1212821315
W1765238573,W1483287097
W1765238573,W1557172698
W1765238573,W1812073159
W1765238573,W1987018237
W1765238573,W1989833923
W1765238573,W1991049577
W1765238573,W1992396011
W1765238573,W2002138550
W1765238573,W2007897947
W1765238573,W2010927954
W1765238573,W2015518028
W1765238573,W2025097278
W1765238573,W2027290950
W1765238573,W2027354217
W1765238573,W2031074256
W1765238573,W2037949455
W1765238573,W2041121121
W1765238573,W2043796710
W1765238573,W2046394129
W1765238573,W2057978450
W1765238573,W2060888810
W1765238573,W2082055953
W1765238573,W2085421181
W1765238573,W2100811130
W1765238573,W2101298784
W1765238573,W2106414111
W1765238573,W2108668360
W1765238573,W2109995759
W1765238573,W2122069282
W1765238573,W2129795625
W1765238573,W2163344649
W1765238573,W2168881883
W1765238573,W2234777211
W1765238573,W2466517928
W1765238573,W2611375174
W2098395732,W1510561091
W2098395732,W2056133372
W2098395732,W2099847492
W2060592085,W638605339
W2060592085,W1537424868
W2060592085,W1581848821
W2060592085,W1983998297
W2060592085,W2007217383
W2060592085,W2027561586
W2060592085,W2028857061
W2060592085,W2061920660
W2060592085,W2069780699
W2060592085,W2078089693
W2060592085,W2082506300
W2060592085,W2091609334
W2060592085,W2092570966
W2060592085,W2111307957
W2060592085,W2141641465
W2060592085,W2241211221
W2088235473,W639323477
W2088235473,W2078621284
W2088235473,W2078914301
W2183898009,W12144851
W2183898009,W139777397
W2183898009,W254944493
W2183898009,W1532726409
W2183898009,W1560144794
W2183898009,W1572019598
W2183898009,W1581350311
W2183898009,W1912587452
W2183898009,W1950736173
W2183898009,W2023986414
W2183898009,W2080028306
W2183898009,W2100685825
W2183898009,W2139598342
W2183898009,W2564720963
W2089809362,W1560946882
W2089809362,W1607713866
W2089809362,W1972463186
W2089809362,W1982264772
W2089809362,W1983348606
W2089809362,W1997110426
W2089809362,W2003879053
W2089809362,W2028857061
W2089809362,W2093849153
W2089809362,W2108521506
W2089809362,W2148654144
W2089809362,W2165507463
W2089809362,W2238010690
W2089809362,W2507917104
W1542425463,W114330277
W1542425463,W156256586
W1542425463,W1557496348
W1542425463,W1989016101
W1542425463,W2037842078
W1542425463,W2038869722
W1542425463,W2059061863
W1542425463,W2103604870
W1542425463,W2204589313
W1542425463,W2980912855
W1542425463,W3197522016
W2600087721,W167948671
W2600087721,W354426099
W2600087721,W1584358237
W2600087721,W2061185532
W2600087721,W2076691609
W2600087721,W2105639722
W2600087721,W2125570765
W2600087721,W2162800060
W2600087721,W2220359064
W2600087721,W2403095248
W2600087721,W2936213937
W1623415717,W1537424868
W1623415717,W1969168500
W1623415717,W1969365209
W1623415717,W2038068182
W1623415717,W2043887163
W1623415717,W2065548948
W1623415717,W2072813844
W1623415717,W2088400943
W1623415717,W2109703904
W1623415717,W2132087580
W1623415717,W2312417386
W1623415717,W2735403698
W1623415717,W3023305142
W1623415717,W4231913388
W12144851,W139777397
W12144851,W1584263795
W12144851,W2269900514
W12144851,W2514278858
W1997744527,W167948671
W1997744527,W1573523614
W1997744527,W1717486659
W1997744527,W2001461756
W1997744527,W2032635843
W1997744527,W2082566952
W1997744527,W2137526265
W1997744527,W2153676627
W1997744527,W2157255420
W1997744527,W2395018040
W1997744527,W2802089619
W1997744527,W6606706339
W1997744527,W6634280709
W1997744527,W7023701770
W2748965471,W1966224911
W2748965471,W1977243936
W2748965471,W1987330504
W2748965471,W1990282485
W2748965471,W1994813625
W2748965471,W2000799448
W2748965471,W2010258059
W2748965471,W2013366237
W2748965471,W2016096546
W2748965471,W2022651795
W2748965471,W2035486824
W2748965471,W2040216023
W2748965471,W2041121121
W2748965471,W2050571299
W2748965471,W2058543238
W2748965471,W2062190494
W2748965471,W2089612224
W2748965471,W2111977473
W2748965471,W2115460576
W2748965471,W2117916152
W2748965471,W2126224881
W2748965471,W2153676627
W2748965471,W2168383416
W2748965471,W2171689108
W2748965471,W2206817627
W2748965471,W2215486668
W2748965471,W2220788890
W2748965471,W2345792697
W2748965471,W2403300874
W2748965471,W2467114634
W2748965471,W2549120448
W2748965471,W4214656797
W2748965471,W4248912547
W2995408789,W1544168675
W2995408789,W1547120826
W2995408789,W1944219791
W2995408789,W1966641148
W2995408789,W1971274529
W2995408789,W1973159748
W2995408789,W1977086599
W2995408789,W1989249702
W2995408789,W2000626668
W2995408789,W2005774352
W2995408789,W2063089621
W2995408789,W2085533563
W2995408789,W2103212780
W2995408789,W2110235231
W2995408789,W2110649559
W2995408789,W2113347439
W2995408789,W2115138492
W2995408789,W2128495200
W2995408789,W2134957872
W2995408789,W2142887818
W2995408789,W2148905283
W2995408789,W2166779026
W2995408789,W2314270826
W2995408789,W2466861635
W2995408789,W2689106072
W2995408789,W2735688622
W2995408789,W2768689142
W2995408789,W2804979231
W2995408789,W3022782844
W2161377823,W72858213
W2161377823,W77612647
W2161377823,W144559596
W2161377823,W192078153
W2161377823,W624465380
W2161377823,W1499933681
W2161377823,W1502491548
W2161377823,W1516357717
W2161377823,W1517387173
W2161377823,W1573523614
W2161377823,W1586624296
W2161377823,W1591815827
W2161377823,W1661994657
W2161377823,W1774839024
W2161377823,W1964538581
W2161377823,W1972170794
W2161377823,W1979556480
W2161377823,W1980561265
W2161377823,W1984873438
W2161377823,W2001260728
W2161377823,W2003840516
W2161377823,W2005342022
W2161377823,W2006144938
W2161377823,W2011136722
W2161377823,W2012487898
W2161377823,W2020721196
W2161377823,W2022529518
W2161377823,W2035010057
W2161377823,W2037001540
W2161377823,W2043143027
W2161377823,W2052270675
W2161377823,W2056353958
W2161377823,W2084489557
W2161377823,W2084728533
W2161377823,W2086919225
W2161377823,W2091784785
W2161377823,W2098619666
W2161377823,W2103383236
W2161377823,W2105055172
W2161377823,W2105118209
W2161377823,W2110831359
W2161377823,W2111197100
W2161377823,W2119098391
W2161377823,W2125669135
W2161377823,W2138269563
W2161377823,W2139598342
W2161377823,W2143122004
W2161377823,W2155417611
W2161377823,W2155635068
W2161377823,W2159330012
W2161377823,W2204589313
W2161377823,W2234058859
W2161377823,W2337365192
W2161377823,W2504258391
W2161377823,W2543680447
W2161377823,W2601835878
W2161377823,W4239603325
W2161377823,W4256399001
W2161377823,W4285719527
W2151802019,W143260562
W2151802019,W608859576
W2151802019,W627786801
W2151802019,W1492190885
W2151802019,W1499933681
W2151802019,W1527457427
W2151802019,W1532335443
W2151802019,W1567832587
W2151802019,W1569648698
W2151802019,W1590947159
W2151802019,W1862665565
W2151802019,W2035402384
W2151802019,W2037001540
W2151802019,W2046123750
W2151802019,W2059075385
W2151802019,W2074439470
W2151802019,W2085783286
W2151802019,W2108006430
W2151802019,W2130228586
W2151802019,W2131657873
W2151802019,W2137526265
W2151802019,W2146939832
W2151802019,W2148119561
W2151802019,W2160109669
W2151802019,W2184854514
W2151802019,W2188608003
W2151802019,W2242279449
W2151802019,W2596062918
W2151802019,W2912596165
W2991070205,W83866079
W2991070205,W142943847
W2991070205,W639323477
W2991070205,W768993479
W2991070205,W1517677814
W2991070205,W1551337636
W2991070205,W1561285418
W2991070205,W1590947159
W2991070205,W1596196963
W2991070205,W1773282827
W2991070205,W1950736173
W2991070205,W1965327601
W2991070205,W1974170079
W2991070205,W2002516241
W2991070205,W2006720227
W2991070205,W2027523423
W2991070205,W2047042583
W2991070205,W2053456338
W2991070205,W2057978450
W2991070205,W2059020775
W2991070205,W2063427269
W2991070205,W2072020524
W2991070205,W2077763860
W2991070205,W2082840017
W2991070205,W2089123859
W2991070205,W2095929735
W2991070205,W2104166306
W2991070205,W2126239631
W2991070205,W2128543131
W2991070205,W2140258513
W2991070205,W2159604298
W2991070205,W2164665417
W2991070205,W2183898009
W2991070205,W2299284748
W2991070205,W2546697930
W2991070205,W2560466761
W2991070205,W2623681463
W2991070205,W2752101034
W2991070205,W2767214446
W2991070205,W2790307932
W2991070205,W2804058599
W2991070205,W2885292784
W2991070205,W2901715600
W2991070205,W2903262696
W2991070205,W2924476848
W2991070205,W2965177497
W2991070205,W3105742033
W2141674016,W45011409
W2141674016,W1599083647
W2141674016,W2072752513
W2141674016,W2074310426
W2153314286,W11909207
W2153314286,W1486313877
W2153314286,W1497286318
W2153314286,W1556530441
W2153314286,W2031344788
W2153314286,W2056919333
W2153314286,W2090260539
W2153314286,W2091784785
W2153314286,W2119480063
W2153314286,W2123668258
W2052698845,W167948671
W2052698845,W230952323
W2052698845,W624465380
W2052698845,W1510737763
W2052698845,W1573784727
W2052698845,W2001461756
W2052698845,W2007842460
W2052698845,W2015677043
W2052698845,W2021584242
W2052698845,W2081681829
W2052698845,W2082354564
W2052698845,W2096255693
W2052698845,W2101464305
W2052698845,W2104109271
W2052698845,W2118649186
W2052698845,W2154393540
W2052698845,W2154822061
W2052698845,W2164719598
W2052698845,W2168488086
W2052698845,W2304903802
W2052698845,W2323903101
W2052698845,W2338290034
W2052698845,W2530638482
W2052698845,W2793652066
W2052698845,W2913521326
W2052698845,W4246278590
W2782013919,W1884081203
W2782013919,W1963987467
W2782013919,W1966714841
W2782013919,W1970890515
W2782013919,W1974704788
W2782013919,W2001461756
W2782013919,W2013808389
W2782013919,W2032635843
W2782013919,W2036147067
W2782013919,W2058543238
W2782013919,W2063891861
W2782013919,W2101353123
W2782013919,W2165758561
W2782013919,W2346427186
W2782013919,W2753111549
W4407971403,W1215132044
W4407971403,W1517677814
W4407971403,W1574629238
W4407971403,W1818541649
W4407971403,W1963987467
W4407971403,W1977615208
W4407971403,W1985360558
W4407971403,W1985400845
W4407971403,W1990242729
W4407971403,W1991139021
W4407971403,W1994850709
W4407971403,W2001461756
W4407971403,W2004126765
W4407971403,W2013808389
W4407971403,W2016295900
W4407971403,W2023523634
W4407971403,W2023683162
W4407971403,W2027523423
W4407971403,W2027740961
W4407971403,W2028732730
W4407971403,W2041121121
W4407971403,W2045094646
W4407971403,W2058284311
W4407971403,W2058347805
W4407971403,W2058543238
W4407971403,W2059254035
W4407971403,W2078448723
W4407971403,W2079326554
W4407971403,W2102928335
W4407971403,W2102938803
W4407971403,W2108688747
W4407971403,W2110707960
W4407971403,W2114095739
W4407971403,W2123024400
W4407971403,W2128201864
W4407971403,W2135715728
W4407971403,W2149023643
W4407971403,W2158721732
W4407971403,W2162544110
W4407971403,W2205103754
W4407971403,W2220788890
W4407971403,W2257861854
W4407971403,W2342039739
W4407971403,W2490977439
W4407971403,W2525096926
W4407971403,W2530548113
W4407971403,W2545749825
W4407971403,W2549120448
W4407971403,W2560429335
W4407971403,W2739664235
W4407971403,W2748965471
W4407971403,W2750093529
W4407971403,W2767264324
W4407971403,W2781500572
W4407971403,W2790446951
W4407971403,W2801211692
W4407971403,W2803328470
W4407971403,W2806231938
W4407971403,W2808506583
W4407971403,W2886066576
W4407971403,W2896784232
W4407971403,W2903080502
W4407971403,W2912881048
W4407971403,W2913974043
W4407971403,W2914250555
W4407971403,W2924476848
W4407971403,W2973818182
W4407971403,W2983954563
W4407971403,W2993515918
W4407971403,W3003963609
W4407971403,W3017170620
W4407971403,W3089575237
W4407971403,W3108222064
W4407971403,W3132238954
W4407971403,W3160661965
W4407971403,W4200289831
W4407971403,W4206819977
W4407971403,W4249771488
W4407971403,W4283015899
W4407971403,W4308921332
W4407971403,W4365515175
W4407971403,W4376646320
W4407971403,W4390984833
W4407971403,W4400941613
W4407971403,W4401902833
W4407971403,W7071619704
W2015833509,W322246522
W2015833509,W1553904877
W2015833509,W1573523614
W2015833509,W1980561265
W2015833509,W2006144938
W2015833509,W2035052544
W2015833509,W2093100943
W2015833509,W2105118209
W2015833509,W2108668360
W2015833509,W2111197100
W2015833509,W2125756309
W2015833509,W2128481292
W2015833509,W2128523760
W2015833509,W2133797163
W2015833509,W2138199375
W2015833509,W6634280709
W2015833509,W6675654580
W2098619666,W13770256
W2098619666,W107684283
W2098619666,W1486313877
W2098619666,W1497286318
W2098619666,W1538807643
W2098619666,W1573523614
W2098619666,W1586624296
W2098619666,W1612857394
W2098619666,W1757148939
W2098619666,W1789658284
W2098619666,W1964538581
W2098619666,W1970713594
W2098619666,W1977667232
W2098619666,W1980561265
W2098619666,W1987733394
W2098619666,W1988165990
W2098619666,W1994435009
W2098619666,W1996136679
W2098619666,W2003723187
W2098619666,W2009730473
W2098619666,W2013020033
W2098619666,W2022222237
W2098619666,W2023108246
W2098619666,W2027523423
W2098619666,W2031344788
W2098619666,W2037001540
W2098619666,W2045114640
W2098619666,W2046483591
W2098619666,W2047329680
W2098619666,W2055762879
W2098619666,W2056919333
W2098619666,W2058799256
W2098619666,W2091784785
W2098619666,W2103383236
W2098619666,W2105118209
W2098619666,W2106814120
W2098619666,W2111197100
W2098619666,W2119480063
W2098619666,W2123668258
W2098619666,W2129396626
W2098619666,W2139598342
W2098619666,W2153314286
W2098619666,W2155843307
W2098619666,W2188608003
W2098619666,W2547418339
W2098619666,W2610881169
W2098619666,W2798157462
W2098619666,W3021516576
W2098619666,W3150512799
W2098619666,W4256399001
W2098619666,W4285719527
W2098619666,W6600602123
W2098619666,W6604354147
W2098619666,W6634280709
W2098619666,W6635221841
W2098619666,W6643603450
W2098619666,W6661419231
W2098619666,W6675654580
W2098619666,W6678988875
W2098619666,W6680378043
W2098619666,W6841554303
W2098619666,W7029952437
W2098619666,W7070669694
W2899563586,W19399978
W2899563586,W389855685
W2899563586,W591743112
W2899563586,W1500950371
W2899563586,W1998426307
W2899563586,W1998841934
W2899563586,W2013039323
W2899563586,W2045094646
W2899563586,W2065946851
W2899563586,W2076629853
W2899563586,W2123436043
W2899563586,W2325319302
W2899563586,W2529719565
W2899563586,W2546635522
W2899563586,W2582521406
W2326637412,W167948671
W2326637412,W281240564
W2326637412,W1499933681
W2326637412,W1532335443
W2326637412,W1607743512
W2326637412,W1981060864
W2326637412,W2037001540
W2326637412,W2103290019
W2326637412,W2173697697
W2326637412,W2184854514
W2326637412,W2318044268
W2326637412,W2327263037
W2326637412,W2617434701
W2326637412,W2797733433
W2326637412,W2974668698
W2326637412,W4249519749
W2326637412,W4301254670
W2326637412,W6731117376
W3148566210,W1484449035
W3148566210,W1493918286
W3148566210,W1529483477
W3148566210,W1552807821
W3148566210,W1569948050
W3148566210,W1576998361
W3148566210,W1598153360
W3148566210,W1908854937
W3148566210,W1935078359
W3148566210,W1944219791
W3148566210,W1965859210
W3148566210,W1977086599
W3148566210,W2001137967
W3148566210,W2032209323
W3148566210,W2036179346
W3148566210,W2037534832
W3148566210,W2097481326
W3148566210,W2102073196
W3148566210,W2108793872
W3148566210,W2109820509
W3148566210,W2110235231
W3148566210,W2115138492
W3148566210,W2118235758
W3148566210,W2126239631
W3148566210,W2130873978
W3148566210,W2134034511
W3148566210,W2136361599
W3148566210,W2140354221
W3148566210,W2158875601
W3148566210,W2217585833
W3148566210,W2239214932
W3148566210,W2331064560
W3148566210,W2334207703
W3148566210,W2345792697
W3148566210,W2466861635
W3148566210,W2486957802
W3148566210,W2490977439
W3148566210,W2557836018
W3148566210,W2689106072
W3148566210,W2791723994
W3148566210,W2804058599
W3148566210,W2804228033
W3148566210,W2921494479
W3148566210,W2924476848
W3148566210,W2995408789
W2530548113,W1566187042
W2530548113,W2063838004
W2530548113,W2119611357
W2530548113,W2123171587
W2530548113,W2342039739
W2080676980,W1489347216
W2080676980,W1980799693
W2080676980,W2006144938
W2080676980,W2007894891
W2080676980,W2025423860
W2080676980,W2095513534
W2080676980,W4285719527
W2163189132,W1502818505
W2163189132,W1510561091
W2163189132,W1551337636
W2163189132,W1599083647
W2163189132,W2006645063
W2163189132,W2062170755
W2163189132,W2099847492
W2163189132,W2152742269
W2163189132,W2163966259
W2163189132,W2556247670
W2112209753,W1602640018
W2112209753,W1989016101
W2112209753,W2052270675
W2112209753,W2081432798
W2112209753,W2105118209
W2112209753,W2107303974
W2112209753,W2160927393
W2112209753,W2164737198
W2112209753,W2506668433
W2112209753,W2752491485
W1966002396,W64245349
W1966002396,W1490781083
W1966002396,W1499933681
W1966002396,W2408041409
W1966002396,W2600623200
W144891795,W139777397
W144891795,W1560144794
W144891795,W1593337933
W144891795,W1596196963
W144891795,W2137740195
W144891795,W2139598342
W144891795,W2161707777
W144891795,W2402671869
W144891795,W2408041409
W2150037785,W49218811
W2150037785,W322246522
W2150037785,W336320637
W2150037785,W1499933681
W2150037785,W1553904877
W2150037785,W1556530441
W2150037785,W1573523614
W2150037785,W1586624296
W2150037785,W1590947159
W2150037785,W1591815827
W2150037785,W2155417611
W13770256,W1500021736
W13770256,W1505096505
W13770256,W1570896577
W13770256,W2115755118
W2006720227,W120868933
W2006720227,W164422101
W2006720227,W254944493
W2006720227,W407105917
W2006720227,W1499933681
W2006720227,W1500021736
W2006720227,W1651701101
W2006720227,W1915495511
W2006720227,W1950736173
W2006720227,W1971398771
W2006720227,W1973641371
W2006720227,W1978270319
W2006720227,W1993906458
W2006720227,W2003840516
W2006720227,W2007798022
W2006720227,W2009198914
W2006720227,W2013020033
W2006720227,W2016098456
W2006720227,W2017663639
W2006720227,W2027523423
W2006720227,W2030393551
W2006720227,W2037001540
W2006720227,W2037916898
W2006720227,W2042400458
W2006720227,W2046315042
W2006720227,W2053903592
W2006720227,W2065126496
W2006720227,W2074156432
W2006720227,W2077166428
W2006720227,W2077763860
W2006720227,W2082840017
W2006720227,W2092084522
W2006720227,W2095239018
W2006720227,W2095929735
W2006720227,W2128178009
W2006720227,W2130567699
W2006720227,W2137526265
W2006720227,W2140258513
W2006720227,W2157130619
W2006720227,W2913521326
W2006720227,W3144610597
W2006720227,W4285719527
W2899458474,W624465380
W2899458474,W1502148365
W2899458474,W1968008571
W2899458474,W2066083843
W2899458474,W2184854514
W2899458474,W2406390611
W2899458474,W2789636240
W1978434525,W50688157
W1978434525,W144559596
W1978434525,W190966408
W1978434525,W605263502
W1978434525,W1272508706
W1978434525,W1550117037
W1978434525,W1564961273
W1978434525,W1586670667
W1978434525,W1596196963
W1978434525,W1950736173
W1978434525,W1976894226
W1978434525,W2003840516
W1978434525,W2007992085
W1978434525,W2009022594
W1978434525,W2037001540
W1978434525,W2048701323
W1978434525,W2051390054
W1978434525,W2052270675
W1978434525,W2060335642
W1978434525,W2088313145
W1978434525,W2091784785
W1978434525,W2097327863
W1978434525,W2102340278
W1978434525,W2109718970
W1978434525,W2119480063
W1978434525,W2130565106
W1978434525,W2137352696
W1978434525,W2139598342
W1978434525,W2150037785
W1978434525,W2155805879
W1978434525,W2160301066
W1978434525,W2164737198
W1978434525,W2189134720
W1978434525,W2282832571
W1978434525,W2582521406
W1978434525,W2584214532
W1978434525,W2626624502
W1978434525,W3022532439
W1978434525,W3036827744
W1978434525,W4231563569
W1978434525,W4239603325
W1978434525,W4242971030
W2099847492,W1999885698
W2099847492,W2056133372
W2099847492,W2139512902
W2099847492,W2161707777
W2910035750,W2041121121
W2910035750,W2041914157
W2910035750,W2059515884
W2910035750,W2149512075
W2910035750,W2180648740
W2910035750,W2184854514
W2910035750,W2508908087
W2910035750,W2558496879
W2910035750,W2732701910
W2910035750,W2770495625
W2910035750,W2806487945
W2910035750,W2806853752
W2910035750,W2903060508
W2910035750,W2963946669
W2910035750,W7043575881
W2900701007,W621814778
W2900701007,W1485305988
W2900701007,W1560144794
W2900701007,W1586624296
W2900701007,W1974170079
W2900701007,W1981231610
W2900701007,W2026343926
W2900701007,W2067083952
W2900701007,W2111197100
W2900701007,W2119480063
W2900701007,W2138269563
W2900701007,W2149007227
W2900701007,W2155635068
W2900701007,W2155843307
W2900701007,W2160927393
W2900701007,W2184854514
W2018340980,W45011409
W2018340980,W130663125
W2018340980,W1272508706
W2018340980,W1486239552
W2018340980,W1556530441
W2018340980,W1575829986
W2018340980,W1950736173
W2018340980,W2018759249
W2018340980,W2037001540
W2018340980,W2071560553
W2018340980,W2072020524
W2018340980,W2119480063
W2018340980,W2140258513
W2018340980,W2174329074
W2018340980,W2762681851
W2018340980,W4256399001
W2018340980,W4285719527
W2018340980,W6634728271
W2000472550,W1504835650
W2000472550,W1505096505
W2000472550,W1510101233
W2000472550,W1590469064
W2000472550,W1950736173
W2000472550,W2007180964
W2000472550,W2015153621
W2000472550,W2016271194
W2000472550,W2028148279
W2000472550,W2032337854
W2000472550,W2032769849
W2000472550,W2119480063
W2000472550,W2126980690
W2000472550,W2131657873
W2000472550,W2296646900
W2000472550,W3021716472
W2000472550,W4236923591
W2000472550,W6630108217
W2000472550,W6630337545
W1988031976,W282439305
W1988031976,W2072133687
W1988031976,W2074917937
W1988031976,W2093960336
W1988031976,W2119820506
W1988031976,W2167557160
W1988031976,W2184854514
W1988031976,W2249540601
W1988031976,W2296646900
W1988031976,W2530638482
W1988031976,W2595908185
W1988031976,W6610228593
W1988031976,W6728136043
W1589962547,W93612393
W1589962547,W1517387173
W1589962547,W1556530441
W1589962547,W1971398771
W1589962547,W1985231929
W1589962547,W1989771497
W1589962547,W2027523423
W1589962547,W2051743306
W1589962547,W2057720927
W1589962547,W2086779977
W1589962547,W2119480063
W1589962547,W2337365192
W1589962547,W2913521326
W2955817276,W1973148641
W2955817276,W1980408524
W2955817276,W1984972560
W2955817276,W2006834822
W2955817276,W2010927954
W2955817276,W2039066615
W2955817276,W2067736313
W2955817276,W2068337680
W2955817276,W2083375777
W2955817276,W2106679331
W2955817276,W2162900910
W2955817276,W2195908176
W2955817276,W2316429719
W2955817276,W4235182342
W2955817276,W4285719527
W1561849633,W131127468
W1561849633,W240887194
W1561849633,W1972905061
W1561849633,W1974170079
W1561849633,W2020856473
W1561849633,W2052270675
W1561849633,W2111237519
W1561849633,W2800931606
W4365145875,W1537887111
W4365145875,W1572019598
W4365145875,W1581848821
W4365145875,W1584238570
W4365145875,W1968316532
W4365145875,W1987658595
W4365145875,W1990301679
W4365145875,W2004441379
W4365145875,W2026170203
W4365145875,W2032635843
W4365145875,W2042782373
W4365145875,W2045450941
W4365145875,W2072020524
W4365145875,W2099329509
W4365145875,W2114886667
W4365145875,W2123013445
W4365145875,W2123833908
W4365145875,W2139190150
W4365145875,W2159604298
W4365145875,W2160038311
W4365145875,W2166096679
W4365145875,W2170903670
W4365145875,W2184854514
W4365145875,W2299284748
W4365145875,W2328926509
W4365145875,W2536794285
W4365145875,W2588829302
W4365145875,W2593649045
W4365145875,W2600087721
W4365145875,W2742440020
W4365145875,W2744181172
W4365145875,W2752101034
W4365145875,W2753141051
W4365145875,W2883339537
W4365145875,W2899563586
W4365145875,W2903262696
W4365145875,W2938638829
W4365145875,W2963948039
W4365145875,W3024134694
W4365145875,W3033600316
W4365145875,W3105742033
W4365145875,W3107964754
W4365145875,W3147250474
W4365145875,W3148566210
W4365145875,W6893576440
W2173372376,W66465441
W2173372376,W180218206
W2173372376,W392012835
W2173372376,W1499933681
W2173372376,W1536094539
W2173372376,W1564961273
W2173372376,W1576420969
W2173372376,W1585474757
W2173372376,W1801878374
W2173372376,W1974348796
W2173372376,W2010675647
W2173372376,W2100531634
W2173372376,W2125570765
W2173372376,W2154620409
W2173372376,W2158233643
W2173372376,W2172653878
W2173372376,W2417476687
W2173372376,W4285719527
W1997199355,W76134203
W1997199355,W1489492695
W1997199355,W1974140516
W1997199355,W2029709911
W1997199355,W2032085840
W1997199355,W2097951186
W1997199355,W2101508110
W1997199355,W2127693141
W1997199355,W2157188062
W1997199355,W2162618366
W1997199355,W2395822350
W2946089718,W167948671
W2946089718,W1967559492
W2946089718,W2789582101
W2946089718,W2798959019
W2145956370,W1516357717
W2145956370,W1573523614
W2145956370,W1964538581
W2145956370,W2012487898
W2145956370,W2027523423
W2145956370,W2052270675
W2145956370,W2091784785
W2145956370,W2098619666
W2145956370,W2105118209
W2145956370,W2110831359
W2145956370,W2111197100
W2145956370,W2115247616
W2145956370,W2118489710
W2145956370,W2138269563
W2145956370,W2139598342
W2145956370,W2150037785
W2145956370,W2155417611
W2145956370,W2155635068
W2145956370,W2159330012
W2145956370,W2337365192
W69473232,W2010258059
W69473232,W2067083293
W69473232,W2083133776
W2104568166,W11909207
W2104568166,W1485835175
W2104568166,W1565658805
W2104568166,W1575207387
W2104568166,W1989771497
W2104568166,W1999854131
W2104568166,W2013020033
W2104568166,W2027523423
W2104568166,W2028443633
W2104568166,W2043843997
W2104568166,W2324956377
W2080524434,W178331951
W2080524434,W1538967629
W2080524434,W1575206345
W2080524434,W1606467431
W2080524434,W1641915153
W2080524434,W1677820382
W2080524434,W1766888123
W2080524434,W1964832178
W2080524434,W1969700833
W2080524434,W1976125225
W2080524434,W1997110426
W2080524434,W2006144938
W2080524434,W2009896906
W2080524434,W2023107859
W2080524434,W2028184103
W2080524434,W2031554514
W2080524434,W2037629933
W2080524434,W2072813844
W2080524434,W2079057332
W2080524434,W2100811130
W2080524434,W2139465535
W2080524434,W2141641465
W2080524434,W2148785954
W2080524434,W2271208462
W2080524434,W3159220585
W2080524434,W4285719527
W2080524434,W6632202487
W2080524434,W6693972728
W2138478249,W1980561265
W2138478249,W2111197100
W2138478249,W2138269563
W2118847155,W2015033419
W2118847155,W2085067988
W2118847155,W2119480063
W2118847155,W2120436369
W2118847155,W4285719527
W2118847155,W7029952437
W2210072501,W1576830784
W2210072501,W1607764848
W2210072501,W1651701101
W2210072501,W1964077143
W2210072501,W1989016101
W2210072501,W2010155388
W2210072501,W2013661830
W2210072501,W2031312187
W2210072501,W2095609373
W2210072501,W2110576487
W2210072501,W2114971935
W2210072501,W2122723787
W2210072501,W2125966816
W2210072501,W2126885600
W2210072501,W2147923073
W2210072501,W2171834532
W2210072501,W3021716472
W2210072501,W3095711147
W2210072501,W3124666641
W2210072501,W4292199645
W2171545112,W103361464
W2171545112,W109803810
W2171545112,W122451960
W2171545112,W178275036
W2171545112,W322246522
W2171545112,W1481412153
W2171545112,W1486784069
W2171545112,W1725744678
W2171545112,W1981258758
W2171545112,W1993664545
W2171545112,W2019208349
W2171545112,W2035402384
W2171545112,W2043220715
W2171545112,W2048682928
W2171545112,W2088313145
W2171545112,W2115577577
W2171545112,W2128303427
W2171545112,W2146679229
W2171545112,W2152742269
W2171545112,W2184854514
W2171545112,W2216877512
W2171545112,W2312020672
W2171545112,W2313582907
W2171545112,W2335323384
W2171545112,W2396024727
W2171545112,W2396507567
W2171545112,W2397048723
W2171545112,W2510121892
W2171545112,W2518814759
W2171545112,W3210438141
W2171545112,W4233172959
W2171545112,W6712734115
W2171545112,W7071619704
W2972871164,W12144851
W2972871164,W120317759
W2972871164,W141817568
W2972871164,W167948671
W2972871164,W612471143
W2972871164,W1489238586
W2972871164,W1497286318
W2972871164,W1502148365
W2972871164,W1527457427
W2972871164,W1586624296
W2972871164,W1594450222
W2972871164,W1595643407
W2972871164,W1689644917
W2972871164,W1829197771
W2972871164,W1946467015
W2972871164,W1968008571
W2972871164,W1980694603
W2972871164,W1980843241
W2972871164,W1987628598
W2972871164,W1991886506
W2972871164,W1995875735
W2972871164,W1998269597
W2972871164,W1998515403
W2972871164,W1999209397
W2972871164,W2000218448
W2972871164,W2001478204
W2972871164,W2003458804
W2972871164,W2007842460
W2972871164,W2009375902
W2972871164,W2013817254
W2972871164,W2018275543
W2972871164,W2023220203
W2972871164,W2023397245
W2972871164,W2031459584
W2972871164,W2032087125
W2972871164,W2032946087
W2972871164,W2033094552
W2972871164,W2035486824
W2972871164,W2037001540
W2972871164,W2038897574
W2972871164,W2041121121
W2972871164,W2043181832
W2972871164,W2052698845
W2972871164,W2056353958
W2972871164,W2057583273
W2972871164,W2058518679
W2972871164,W2059075385
W2972871164,W2064478630
W2972871164,W2072206615
W2972871164,W2078367211
W2972871164,W2079080230
W2972871164,W2082981966
W2972871164,W2085049476
W2972871164,W2090579027
W2972871164,W2091784785
W2972871164,W2098104159
W2972871164,W2098714234
W2972871164,W2099634219
W2972871164,W2100531634
W2972871164,W2101464305
W2972871164,W2101758500
W2972871164,W2104617690
W2972871164,W2114683697
W2972871164,W2117343866
W2972871164,W2117820411
W2972871164,W2120675175
W2972871164,W2122313562
W2972871164,W2122848099
W2972871164,W2125489534
W2972871164,W2125570765
W2972871164,W2127666085
W2972871164,W2131123711
W2972871164,W2131657873
W2972871164,W2138478249
W2972871164,W2139598342
W2972871164,W2143350951
W2972871164,W2149628368
W2972871164,W2152742269
W2972871164,W2154620409
W2972871164,W2157201194
W2972871164,W2158233643
W2972871164,W2163070220
W2972871164,W2166345358
W2972871164,W2168831295
W2972871164,W2177010828
W2972871164,W2184854514
W2972871164,W2229376303
W2972871164,W2232792187
W2972871164,W2296769292
W2972871164,W2299178933
W2972871164,W2304903802
W2972871164,W2320044524
W2972871164,W2322255606
W2972871164,W2328447414
W2972871164,W2332691635
W2972871164,W2335323384
W2972871164,W2339848953
W2972871164,W2344527636
W2972871164,W2369929118
W2972871164,W2414467074
W2972871164,W2487019930
W2972871164,W2495323687
W2972871164,W2535584608
W2972871164,W2561931717
W2972871164,W2596240398
W2972871164,W2601321973
W2972871164,W2602378791
W2972871164,W2604255570
W2972871164,W2615988294
W2972871164,W2616527078
W2972871164,W2625361014
W2972871164,W2733269210
W2972871164,W2759802789
W2972871164,W2761845644
W2972871164,W2771677576
W2972871164,W2793652066
W2972871164,W2897986294
W2972871164,W3044308762
W2972871164,W4251399284
W2972871164,W6781329970
W2087230385,W12181516
W2087230385,W115279027
W2087230385,W206024154
W2087230385,W274045197
W2087230385,W1048171622
W2087230385,W1529297413
W2087230385,W1677067970
W2087230385,W1976708668
W2087230385,W1991212035
W2087230385,W1998426307
W2087230385,W2011472726
W2087230385,W2017967298
W2087230385,W2064631110
W2087230385,W2111026707
W2087230385,W2117678092
W2087230385,W2122145490
W2087230385,W2133797163
W2087230385,W2148227551
W2087230385,W2160677038
W2087230385,W2171689869
W2087230385,W2979249000
W2087230385,W4249959789
W2597549188,W20048105
W2597549188,W284234142
W2597549188,W1790936560
W2597549188,W1837978202
W2597549188,W1966365432
W2597549188,W1986595194
W2597549188,W1996832453
W2597549188,W2008066450
W2597549188,W2022897403
W2597549188,W2028360683
W2597549188,W2029960962
W2597549188,W2037001540
W2597549188,W2046331128
W2597549188,W2049656592
W2597549188,W2060142157
W2597549188,W2077928913
W2597549188,W2097327863
W2597549188,W2148108292
W2597549188,W2150432203
W2597549188,W2154620409
W2597549188,W2169334254
W2597549188,W2188608003
W2597549188,W2317386813
W2597549188,W2329406868
W2597549188,W2329767772
W2597549188,W2331995259
W2597549188,W2525344217
W2597549188,W2597549188
W2597549188,W4206531014
W2597549188,W4212844288
W2597549188,W4245341397
W2597549188,W4285719527
W2597549188,W4310506297
W2466158603,W81775368
W2466158603,W167948671
W2466158603,W205526818
W2466158603,W422962062
W2466158603,W1498365126
W2466158603,W1948212336
W2466158603,W2009198914
W2466158603,W2017046354
W2466158603,W2048548910
W2466158603,W2095929735
W2466158603,W2103604870
W2466158603,W2140258513
W2466158603,W2148119561
W2466158603,W2152087807
W2466158603,W2165570903
W2466158603,W2264164388
W2466158603,W2595475176
W2466158603,W2756822502
W2466158603,W3098623617
W2466158603,W4285719527
W2466158603,W6629764185
W3003963609,W69473232
W3003963609,W167948671
W3003963609,W1595643407
W3003963609,W1862665565
W3003963609,W1944219791
W3003963609,W1963987467
W3003963609,W1964856732
W3003963609,W1990282485
W3003963609,W2001461756
W3003963609,W2019065296
W3003963609,W2023683162
W3003963609,W2041121121
W3003963609,W2056504312
W3003963609,W2060669358
W3003963609,W2066034955
W3003963609,W2066537505
W3003963609,W2075950485
W3003963609,W2091322384
W3003963609,W2126239631
W3003963609,W2135715728
W3003963609,W2283562276
W3003963609,W2345792697
W3003963609,W2407591150
W3003963609,W2465028081
W3003963609,W2466861635
W3003963609,W2467114634
W3003963609,W2489557381
W3003963609,W2530548113
W3003963609,W2549120448
W3003963609,W2555088007
W3003963609,W2583031566
W3003963609,W2598797789
W3003963609,W2609429672
W3003963609,W2611057646
W3003963609,W2689106072
W3003963609,W2711373411
W3003963609,W2738948243
W3003963609,W2758994353
W3003963609,W6602872411
W3003963609,W6606706339
W3003963609,W6639494411
W3003963609,W6662388370
W3003963609,W6733306018
W3003963609,W6739962515
W2342039739,W120317759
W2342039739,W282439305
W2342039739,W1510561091
W2342039739,W1532228369
W2342039739,W1566660863
W2342039739,W1595643407
W2342039739,W1607348601
W2342039739,W1977475875
W2342039739,W1985400845
W2342039739,W1987730305
W2342039739,W2001461756
W2342039739,W2013251441
W2342039739,W2013808389
W2342039739,W2028732730
W2342039739,W2032635843
W2342039739,W2058284311
W2342039739,W2066461332
W2342039739,W2074563816
W2342039739,W2090284173
W2342039739,W2119611357
W2342039739,W2151333954
W2342039739,W2167053369
W2342039739,W2181644342
W2342039739,W2184854514
W2342039739,W2220788890
W2342039739,W2264599836
W2342039739,W2338290034
W2342039739,W2517375961
W2342039739,W2624733606
W2342039739,W2966090600
W2342039739,W4253372616
W2111380916,W1584263795
W2111380916,W1596196963
W2111380916,W1608519465
W2111380916,W2019424129
W2111380916,W2033190454
W2111380916,W2037001540
W2111380916,W2041556095
W2111380916,W2056504312
W2111380916,W2060142157
W2111380916,W2100685825
W2111380916,W2137526265
W2111380916,W2147717579
W2111380916,W2154195703
W2111380916,W2160338488
W2111380916,W2184854514
W2111380916,W2204589313
W2111380916,W2319794630
W2111380916,W2598094903
W2111380916,W4246406755
W2111380916,W4256399001
W4390107141,W2013808389
W4390107141,W2016295900
W4390107141,W2041121121
W4390107141,W2068775553
W4390107141,W2074025947
W4390107141,W2116428736
W4390107141,W2125570765
W4390107141,W2127235324
W4390107141,W2153288052
W4390107141,W2158721732
W4390107141,W2171056747
W4390107141,W2306926430
W4390107141,W2782013919
W4390107141,W2807655577
W4390107141,W2886066576
W4390107141,W2990939922
W4390107141,W3045568791
W4390107141,W3162158556
W4390107141,W4213136782
W4390107141,W4283784219
W4390107141,W4309026886
W173439418,W642545374
W173439418,W2109450332
W173439418,W2132889650
W1533843421,W2345188
W1533843421,W364587295
W1533843421,W1494662055
W1533843421,W1558766760
W1533843421,W1584473438
W1533843421,W1981254020
W1533843421,W1991112797
W1533843421,W2007673756
W1533843421,W2054392851
W1533843421,W2054883573
W1533843421,W2074409531
W1533843421,W2095332800
W1533843421,W2118041119
W1533843421,W2118889375
W1533843421,W2151228267
W1533843421,W3124666641
W3014101195,W605263502
W3014101195,W1522945141
W3014101195,W1655784964
W3014101195,W1779974355
W3014101195,W1981455444
W3014101195,W2046552246
W3014101195,W2057945014
W3014101195,W2064574537
W3014101195,W2111473917
W3014101195,W2124074613
W3014101195,W2137237530
W3014101195,W2149147791
W3014101195,W2346618622
W3014101195,W2490977439
W3014101195,W2587996852
W3014101195,W2602378791
W3014101195,W2604543658
W3014101195,W2618037547
W3014101195,W2711373411
W3014101195,W2738948243
W3014101195,W2796695613
W3014101195,W2885439627
W3014101195,W2897986294
W3014101195,W2912881048
W3014101195,W3003668765
W3014101195,W4230472358
W3014101195,W4238215782
W2138236785,W167948671
W2138236785,W586893437
W2138236785,W1500693574
W2138236785,W1505766318
W2138236785,W1533521166
W2138236785,W1559822330
W2138236785,W1580565670
W2138236785,W1596196963
W2138236785,W1607743512
W2138236785,W1791834434
W2138236785,W1912587452
W2138236785,W1965656145
W2138236785,W1966002396
W2138236785,W1996066565
W2138236785,W2007697407
W2138236785,W2014941198
W2138236785,W2017351775
W2138236785,W2019065296
W2138236785,W2028302088
W2138236785,W2037001540
W2138236785,W2057032295
W2138236785,W2060880824
W2138236785,W2064949613
W2138236785,W2091784785
W2138236785,W2092058699
W2138236785,W2098210715
W2138236785,W2106329382
W2138236785,W2118489710
W2138236785,W2123442640
W2138236785,W2125864460
W2138236785,W2147912625
W2138236785,W2167325145
W2138236785,W2184854514
W2138236785,W2287447898
W2138236785,W3015699726
W2138236785,W4285719527
W2756207886,W9697418
W2756207886,W1518770379
W2756207886,W1590946104
W2756207886,W1980514696
W2756207886,W2009198914
W2756207886,W2037001540
W2756207886,W2070389865
W2756207886,W2094065989
W2756207886,W2128178009
W2756207886,W2155486224
W2924476848,W69473232
W2924476848,W131970863
W2924476848,W139656540
W2924476848,W1822920258
W2924476848,W1971075688
W2924476848,W1974704788
W2924476848,W1976082752
W2924476848,W1977615208
W2924476848,W1982123363
W2924476848,W1988261988
W2924476848,W2001461756
W2924476848,W2012335827
W2924476848,W2013808389
W2924476848,W2021644454
W2924476848,W2037472787
W2924476848,W2038147797
W2924476848,W2040611779
W2924476848,W2058543238
W2924476848,W2064574537
W2924476848,W2091418075
W2924476848,W2093819776
W2924476848,W2106544214
W2924476848,W2110186936
W2924476848,W2110707960
W2924476848,W2114622622
W2924476848,W2114898733
W2924476848,W2130816522
W2924476848,W2140354221
W2924476848,W2145386284
W2924476848,W2169504707
W2924476848,W2171056747
W2924476848,W2171444589
W2924476848,W2174258004
W2924476848,W2267869355
W2924476848,W2342039739
W2924476848,W2345792697
W2924476848,W2530980632
W2924476848,W2612427922
W2924476848,W2613867659
W2924476848,W2767264324
W2924476848,W2791723994
W2924476848,W2804058599
W2924476848,W2804228033
W2924476848,W2896784232
W2924476848,W6660527291
W2780310278,W129285217
W2780310278,W182126549
W2780310278,W269486180
W2780310278,W1498365126
W2780310278,W1536826708
W2780310278,W1556850597
W2780310278,W1817166299
W2780310278,W1972062587
W2780310278,W1984472908
W2780310278,W2007990204
W2780310278,W2027523423
W2780310278,W2077486936
W2780310278,W2136738044
W2780310278,W2137526265
W2780310278,W2141674016
W2780310278,W2146948159
W2780310278,W2152087807
W2780310278,W2155700384
W2780310278,W2157289187
W2780310278,W2184854514
W2780310278,W2251985815
W2780310278,W2263231366
W2780310278,W2313795952
W2780310278,W2401907668
W2780310278,W2479038263
W2780310278,W2531730979
W2780310278,W2592535545
W2780310278,W3098623617
W2780310278,W4249771488
W2340383253,W1551925143
W2340383253,W1815579919
W2340383253,W1987274474
W2340383253,W1987408817
W2340383253,W2041768030
W2340383253,W2053456338
W2340383253,W2122790853
W2340383253,W2416112991
W3087760518,W1541647209
W3087760518,W1717486659
W3087760518,W1933657216
W3087760518,W1992903142
W3087760518,W2001461756
W3087760518,W2021294872
W3087760518,W2026913377
W3087760518,W2044201858
W3087760518,W2058543238
W3087760518,W2094906616
W3087760518,W2115460576
W3087760518,W2117759073
W3087760518,W2138351621
W3087760518,W2153676627
W3087760518,W2184854514
W3087760518,W2220788890
W3087760518,W2345792697
W3087760518,W2615988294
W3087760518,W2748965471
W3087760518,W2804725336
W3087760518,W2912881048
W3087760518,W2971174310
W3087760518,W2998932971
W3033600316,W1987648924
W3033600316,W2041121121
W3033600316,W2091985678
W3033600316,W2133797163
W3033600316,W2161001478
W3033600316,W2166720965
W3033600316,W2171689406
W3033600316,W2204026420
W3033600316,W2318964089
W3033600316,W2326114782
W3033600316,W2407421298
W3033600316,W2549167833
W3033600316,W2568039188
W3033600316,W2789239418
W3033600316,W2790140296
W3033600316,W2802271675
W3033600316,W2963037989
W3033600316,W7023701770
W2317386813,W284234142
W2317386813,W1578646555
W2317386813,W1977449139
W2317386813,W2065236701
W2317386813,W2106325442
W2317386813,W2158233643
W2317386813,W2184854514
W2317386813,W2323784285
W2317386813,W2328475895
W3078797493,W131127468
W3078797493,W1939733999
W3078797493,W1966002396
W3078797493,W1968008571
W3078797493,W2128940305
W3078797493,W2168851722
W3078797493,W2184854514
W3078797493,W2808855915
W3078797493,W2886032821
W3078797493,W2964634704
W3078797493,W2965865261
W3078797493,W3017155694
W3078797493,W4246264307
W3078797493,W4285051996
W3078797493,W4312525752
W2151304636,W1480022975
W2151304636,W1528162760
W2151304636,W1912282481
W2151304636,W1961645301
W2151304636,W2068501790
W2151304636,W2091777213
W2151304636,W2093488518
W2151304636,W2101581748
W2151304636,W2118812119
W2151304636,W2135099678
W2151304636,W2154536574
W2151304636,W2156126617
W2151304636,W2159059077
W2151304636,W2164598857
W2151304636,W2172242137
W2151304636,W2751023760
W2151304636,W2972591985
W2151304636,W3003662786
W3107648448,W9119819
W3107648448,W1595643407
W3107648448,W1658908529
W3107648448,W1822027877
W3107648448,W1862665565
W3107648448,W1997744527
W3107648448,W2001461756
W3107648448,W2010927954
W3107648448,W2045094646
W3107648448,W2064574537
W3107648448,W2089998899
W3107648448,W2130461445
W3107648448,W2147321290
W3107648448,W2283562276
W3107648448,W2326722974
W3107648448,W2471720703
W3107648448,W2550159954
W3107648448,W2611057646
W3107648448,W2614819371
W3107648448,W2912881048
W3107648448,W3049485975
W2220788890,W45011409
W2220788890,W280529704
W2220788890,W605263502
W2220788890,W1523224409
W2220788890,W1528027857
W2220788890,W1566187042
W2220788890,W1586670667
W2220788890,W1939733999
W2220788890,W1977615208
W2220788890,W1978157075
W2220788890,W1978314014
W2220788890,W1978615060
W2220788890,W1980148956
W2220788890,W1994446426
W2220788890,W1997146703
W2220788890,W2000454443
W2220788890,W2000799448
W2220788890,W2001461756
W2220788890,W2003879053
W2220788890,W2006946554
W2220788890,W2013251441
W2220788890,W2013808389
W2220788890,W2021150169
W2220788890,W2022651795
W2220788890,W2023182894
W2220788890,W2027076691
W2220788890,W2028732730
W2220788890,W2032337854
W2220788890,W2032421275
W2220788890,W2035486824
W2220788890,W2039170454
W2220788890,W2040216023
W2220788890,W2041121121
W2220788890,W2042941296
W2220788890,W2045859248
W2220788890,W2046394129
W2220788890,W2048012092
W2220788890,W2057195584
W2220788890,W2058543238
W2220788890,W2058680411
W2220788890,W2062190494
W2220788890,W2083133776
W2220788890,W2089612224
W2220788890,W2089745666
W2220788890,W2098395732
W2220788890,W2105446094
W2220788890,W2112216432
W2220788890,W2114721269
W2220788890,W2114819038
W2220788890,W2114898733
W2220788890,W2117916152
W2220788890,W2118489710
W2220788890,W2119480063
W2220788890,W2125489534
W2220788890,W2126239631
W2220788890,W2127666085
W2220788890,W2128975021
W2220788890,W2136891618
W2220788890,W2137247190
W2220788890,W2141817033
W2220788890,W2147321290
W2220788890,W2151422895
W2220788890,W2162846639
W2220788890,W2171689108
W2220788890,W2174258004
W2220788890,W2184854514
W2220788890,W2266111988
W2220788890,W2504837287
W2220788890,W2583031566
W2220788890,W4243093309
W2220788890,W4243432123
W2220788890,W4253372616
W2220788890,W4301822236
W2220788890,W6661886821
W364587295,W2345188
W364587295,W1494662055
W364587295,W1505944291
W364587295,W1557554459
W364587295,W1584473438
W364587295,W1596464671
W364587295,W1615920531
W364587295,W1794929904
W364587295,W1977025735
W364587295,W1991112797
W364587295,W2005479302
W364587295,W2009896906
W364587295,W2030547026
W364587295,W2031554514
W364587295,W2032541756
W364587295,W2043356347
W364587295,W2045261700
W364587295,W2054392851
W364587295,W2054883573
W364587295,W2063191101
W364587295,W2064233625
W364587295,W2071702676
W364587295,W2072813844
W364587295,W2075229564
W364587295,W2099524931
W364587295,W2118041119
W364587295,W2118889375
W364587295,W2123763906
W364587295,W2125988054
W364587295,W2271406684
W364587295,W2525449268
W364587295,W3124666641
W2138826098,W123554387
W2138826098,W139777397
W2138826098,W1485305988
W2138826098,W1522070413
W2138826098,W1577234506
W2138826098,W1596196963
W2138826098,W1978122678
W2138826098,W2122920626
W2029604321,W79418677
W2029604321,W117350066
W2029604321,W181517961
W2029604321,W411594954
W2029604321,W1574263620
W2029604321,W1590946104
W2029604321,W1882385262
W2029604321,W1950736173
W2029604321,W1983952825
W2029604321,W1989016101
W2029604321,W2027136107
W2029604321,W2049485428
W2029604321,W2056046632
W2029604321,W2059075385
W2029604321,W2080941050
W2029604321,W2085238083
W2029604321,W2089665915
W2029604321,W2096299001
W2029604321,W2115663493
W2029604321,W2127210296
W2029604321,W2127693141
W2029604321,W2129488573
W2029604321,W2134632849
W2029604321,W6603232562
W2029604321,W6635304597
W2029604321,W6679096667
W2322255606,W167948671
W2322255606,W207683342
W2322255606,W1532335443
W2322255606,W1591470100
W2322255606,W1607743512
W2322255606,W1801878374
W2322255606,W1825602531
W2322255606,W1973829499
W2322255606,W1994183641
W2322255606,W2043843997
W2322255606,W2072206615
W2322255606,W2087407704
W2322255606,W2092914491
W2322255606,W2137526265
W2322255606,W2144198023
W2322255606,W2149628368
W2322255606,W2184854514
W2322255606,W2617434701
W2322255606,W2740047476
W2322255606,W2761845644
W2322255606,W3044308762
W2322255606,W4205974199
W2322255606,W4299451408
W2322255606,W6781329970
W2064678494,W1505096505
W2064678494,W1566660863
W2064678494,W1974170079
W2064678494,W2003797042
W2064678494,W2048443216
W2064678494,W2066179714
W2064678494,W2076691609
W2064678494,W2106879872
W2064678494,W2130228586
W2064678494,W2154033160
W2064678494,W2157032736
W2064678494,W2159190202
W2064678494,W2203289057
W2064678494,W2913521326
W2064678494,W4285719527
W1422997726,W19399978
W1422997726,W62008916
W1422997726,W167948671
W1422997726,W1212821315
W1422997726,W1520877301
W1422997726,W1985816353
W1422997726,W2012909680
W1422997726,W2085421181
W1422997726,W2111237519
W1422997726,W2129793894
W1422997726,W2130012180
W1422997726,W2139465535
W1422997726,W2151689960
W1422997726,W2155601490
W1422997726,W2157145031
W1422997726,W2184854514
W2553353351,W639323477
W2553353351,W1600895443
W2553353351,W1973641371
W2553353351,W1976878132
W2553353351,W1984281348
W2553353351,W1996721809
W2553353351,W2031043921
W2553353351,W2032151483
W2553353351,W2035736211
W2553353351,W2041121121
W2553353351,W2090601654
W2553353351,W2105974999
W2553353351,W2118489710
W2553353351,W2137526265
W2553353351,W2151905266
W2553353351,W2184854514
W2553353351,W2512672180
W2553353351,W2559808833
W2553353351,W2616924292
W2553353351,W2799397126
W2553353351,W2913521326
W2553353351,W4285719527
W2553353351,W6604358003
W2171678418,W1586624296
W2171678418,W1966411603
W2171678418,W1976276659
W2171678418,W2035070559
W2171678418,W2043143027
W2171678418,W2061023211
W2171678418,W2065343501
W2171678418,W2076673326
W2171678418,W2098619666
W2171678418,W2106654511
W2171678418,W2108893166
W2171678418,W2110831359
W2171678418,W2111158348
W2171678418,W2111197100
W2171678418,W2118489710
W2171678418,W2150423550
W2171678418,W2161377823
W2171678418,W2411192759
W2171678418,W2515805897
W2171678418,W2601835878
W2171678418,W2759802789
W2171678418,W3084930950
W1502148365,W9119819
W1502148365,W167948671
W1502148365,W205588460
W1502148365,W264468440
W1502148365,W624465380
W1502148365,W626420149
W1502148365,W637810598
W1502148365,W1482297266
W1502148365,W1485305988
W1502148365,W1489032534
W1502148365,W1489910056
W1502148365,W1490781083
W1502148365,W1502818505
W1502148365,W1505766318
W1502148365,W1532335443
W1502148365,W1533878625
W1502148365,W1559822330
W1502148365,W1581350311
W1502148365,W1585474757
W1502148365,W1596196963
W1502148365,W1889229194
W1502148365,W1912587452
W1502148365,W1950736173
W1502148365,W1965656145
W1502148365,W1966002396
W1502148365,W1968008571
W1502148365,W1968410348
W1502148365,W1974348796
W1502148365,W1977698167
W1502148365,W1983347960
W1502148365,W1992476469
W1502148365,W1996066565
W1502148365,W2001619934
W1502148365,W2007697407
W1502148365,W2014930203
W1502148365,W2015833509
W1502148365,W2017351775
W1502148365,W2019065296
W1502148365,W2022359655
W1502148365,W2037001540
W1502148365,W2057032295
W1502148365,W2059957416
W1502148365,W2064949613
W1502148365,W2069176141
W1502148365,W2073743567
W1502148365,W2078786961
W1502148365,W2085313580
W1502148365,W2086361624
W1502148365,W2091784785
W1502148365,W2092058699
W1502148365,W2098719459
W1502148365,W2105066218
W1502148365,W2106329382
W1502148365,W2117489410
W1502148365,W2118320651
W1502148365,W2118489710
W1502148365,W2121114659
W1502148365,W2122313562
W1502148365,W2128067424
W1502148365,W2131735207
W1502148365,W2133789919
W1502148365,W2139598342
W1502148365,W2143122004
W1502148365,W2147912625
W1502148365,W2151413830
W1502148365,W2153314286
W1502148365,W2155417611
W1502148365,W2161133025
W1502148365,W2172653878
W1502148365,W2228360487
W1502148365,W2254060106
W1502148365,W2275060590
W1502148365,W2280099729
W1502148365,W2287447898
W1502148365,W2314093495
W1502148365,W2321737715
W1502148365,W2341369563
W1502148365,W2437944523
W1502148365,W2471654365
W1502148365,W2564720963
W1502148365,W2598958494
W1502148365,W2626791138
W1502148365,W2883810257
W1502148365,W2899805974
W1502148365,W2903399229
W1502148365,W2913521326
W1502148365,W3015699726
W1502148365,W3025483483
W1502148365,W3173912767
W1502148365,W4230877672
W1502148365,W4285719527
W1556850597,W1990597092
W1556850597,W2046758390
W1556850597,W2075514521
W1556850597,W2138543759
W1556850597,W2146948159
W1556850597,W2152087807
W1556850597,W2756822502
W1556850597,W4236369288
W1556850597,W6629764185
W1556850597,W6681657202
W1556850597,W6682990099
W1556850597,W6713187323
W1556850597,W6723906601
W1556850597,W6728834569
W1556850597,W7023701770
W2510121892,W778850012
W2510121892,W1566660863
W2510121892,W2001461756
W2510121892,W2008540796
W2510121892,W2059020775
W2510121892,W2124490600
W2510121892,W2154033160
W2510121892,W2913521326
W2510121892,W3118386952
W2165482355,W1775749144
W1570896577,W196590334
W1570896577,W1500021736
W1570896577,W1986461126
W1570896577,W2117425595
W4392863775,W1215132044
W4392863775,W1490781604
W4392863775,W1534904646
W4392863775,W1765238573
W4392863775,W1953090334
W4392863775,W2106822551
W4392863775,W2125570765
W4392863775,W2344419641
W4392863775,W2594255081
W4392863775,W2600087721
W4392863775,W2743445852
W4392863775,W2794550444
W4392863775,W2943678288
W4392863775,W2981763992
W4392863775,W2990869822
W4392863775,W3008668671
W4392863775,W3033672056
W4392863775,W3144793845
W4392863775,W4283368874
W4392863775,W4283693176
W4392863775,W4365145875
W4392863775,W4392222756
W4392863775,W4399491734
W4392863775,W6600506015
W1977621004,W77854520
W1977621004,W140125784
W1977621004,W322246522
W1977621004,W1602640018
W1977621004,W1882385262
W1977621004,W1934915719
W1977621004,W1964538581
W1977621004,W1989016101
W1977621004,W1990100773
W1977621004,W1990223083
W1977621004,W2009022594
W1977621004,W2026399866
W1977621004,W2028878459
W1977621004,W2037001540
W1977621004,W2051743306
W1977621004,W2052054613
W1977621004,W2052270675
W1977621004,W2057720927
W1977621004,W2058641836
W1977621004,W2081892178
W1977621004,W2100757236
W1977621004,W2138199375
W1977621004,W2171520549
W1977621004,W2315268655
W1977621004,W2799349239
W1977621004,W4239355662
W1977621004,W4312525752
W2083225880,W180218206
W2083225880,W619543029
W2083225880,W1532653240
W2083225880,W1657213141
W2083225880,W1759394199
W2083225880,W1962726730
W2083225880,W2051782817
W2083225880,W2087137043
W2083225880,W2115592467
W2083225880,W2125866005
W2083225880,W2129396626
W2083225880,W2161406034
W2083225880,W2316743980
W2083225880,W2334391114
W2083225880,W4251141129
W2083225880,W6678988875
W3154541901,W2001461756
W3154541901,W2022529518
W3154541901,W2037001540
W3154541901,W2040661759
W3154541901,W2105876219
W3154541901,W2128026023
W3154541901,W2145023731
W3154541901,W2609429672
W3154541901,W2972001355
W3154541901,W4233545748
W3154541901,W6737213203
W1505944291,W1460401339
W1505944291,W1499158096
W1505944291,W1519073454
W1505944291,W1535199048
W1505944291,W1538946659
W1505944291,W1558766760
W1505944291,W1615920531
W1505944291,W1794929904
W1505944291,W1965088807
W1505944291,W1980376504
W1505944291,W1990120236
W1505944291,W1993816822
W1505944291,W2006144938
W1505944291,W2007894891
W1505944291,W2025127228
W1505944291,W2038008722
W1505944291,W2045261700
W1505944291,W2063191101
W1505944291,W2118889375
W1505944291,W2125988054
W1505944291,W2139190150
W1505944291,W2525449268
W1999906123,W114330277
W1999906123,W1557496348
W1999906123,W1964538581
W1999906123,W1991139021
W1999906123,W2004603793
W1999906123,W2011290600
W1999906123,W2037146600
W1999906123,W2088761144
W1999906123,W2099305423
W1999906123,W2115647291
W1999906123,W2171834532
W1999906123,W2315268655
W1999906123,W2758621819
W1999906123,W7027820433
W1999906123,W7054993619
W4386029444,W884650706
W4386029444,W1516293359
W4386029444,W1581848821
W4386029444,W1617242785
W4386029444,W1823329909
W4386029444,W1950736173
W4386029444,W1976160686
W4386029444,W1995875735
W4386029444,W2017537431
W4386029444,W2030665613
W4386029444,W2037001540
W4386029444,W2041121121
W4386029444,W2052270675
W4386029444,W2066339425
W4386029444,W2072464426
W4386029444,W2091784785
W4386029444,W2097327863
W4386029444,W2097341432
W4386029444,W2106588364
W4386029444,W2131657873
W4386029444,W2132881639
W4386029444,W2142571143
W4386029444,W2171373347
W4386029444,W2184854514
W4386029444,W2536229134
W4386029444,W2563824483
W4386029444,W2767214446
W4386029444,W2966356272
W4386029444,W3206887774
W4386029444,W4213129550
W4386029444,W4233431594
W4386029444,W4233768561
W4386029444,W4235075455
W4386029444,W4236344233
W4386029444,W4239603325
W4386029444,W4246413347
W4386029444,W4246986769
W4386029444,W4256399001
W4386029444,W4283021697
W4386029444,W6628831405
W4386029444,W6945283510
W2148523834,W1510373581
W2148523834,W2110444396
W2073445176,W4285719527
W2742440020,W2041121121
W2742440020,W2160301066
W2742440020,W2166096679
W2742440020,W2184854514
W2742440020,W2299284748
W2742440020,W2725640454
W2742440020,W6740891953
W2939610444,W1576420969
W2939610444,W2023658573
W2939610444,W2029667189
W2939610444,W2033197339
W2939610444,W2058788751
W2939610444,W2063304073
W2939610444,W2067031014
W2939610444,W2087137043
W2939610444,W2102449622
W2939610444,W2127811140
W2939610444,W2130479394
W2939610444,W2160564267
W2939610444,W2162166182
W2939610444,W2168527884
W2939610444,W2316743980
W2939610444,W2509875196
W2939610444,W2566326302
W2939610444,W2886636886
W2939610444,W2889792685
W2939610444,W3101721510
W2939610444,W4210890610
W1504935443,W120317759
W1504935443,W207840002
W1504935443,W280529704
W1504935443,W1862665565
W1504935443,W1963987467
W1504935443,W1968846988
W1504935443,W1977615208
W1504935443,W1981354982
W1504935443,W1982819694
W1504935443,W1985825333
W1504935443,W1991942861
W1504935443,W1999579335
W1504935443,W2001461756
W1504935443,W2003351666
W1504935443,W2008886640
W1504935443,W2010933881
W1504935443,W2022651795
W1504935443,W2027876425
W1504935443,W2030474329
W1504935443,W2032421275
W1504935443,W2035090004
W1504935443,W2041121121
W1504935443,W2042432550
W1504935443,W2058543238
W1504935443,W2065730432
W1504935443,W2081131754
W1504935443,W2081251063
W1504935443,W2083829327
W1504935443,W2087755669
W1504935443,W2088313145
W1504935443,W2093960336
W1504935443,W2095128129
W1504935443,W2113598159
W1504935443,W2120017071
W1504935443,W2122341428
W1504935443,W2142784426
W1504935443,W2168383416
W1504935443,W2184854514
W1504935443,W2319700677
W1504935443,W7071619704
W2970480061,W1571144263
W2970480061,W1964538581
W2970480061,W2010055427
W2970480061,W2012807833
W2970480061,W2047896579
W2970480061,W2058588831
W2970480061,W2121056041
W2970480061,W2184854514
W2970480061,W2277385341
W2970480061,W2741346289
W2970480061,W3098391756
W2970480061,W3106481222
W2970480061,W4256399001
W2841520486,W131146354
W2841520486,W624190890
W2841520486,W1541753613
W2841520486,W1595581172
W2841520486,W1620414136
W2841520486,W1944219791
W2841520486,W1980226795
W2841520486,W2021742495
W2841520486,W2022973351
W2841520486,W2023203889
W2841520486,W2042591880
W2841520486,W2044647181
W2841520486,W2067975977
W2841520486,W2083133776
W2841520486,W2088593108
W2841520486,W2097481326
W2841520486,W2110235231
W2841520486,W2115492850
W2841520486,W2116534743
W2841520486,W2127875809
W2841520486,W2134907585
W2841520486,W2138351621
W2841520486,W2142462075
W2841520486,W2184854514
W2841520486,W2525096926
W2841520486,W4212964046
W2841520486,W4241805605
W1997618744,W1969365209
W1997618744,W2921629193
W2401907668,W1542425463
W2401907668,W1593837227
W2401907668,W2120240177
W2401907668,W2138921652
W2401907668,W2141674016
W2401907668,W2152087807
W2401907668,W2163966259
W2401907668,W2167714411
W2115247616,W1573523614
W2115247616,W1980561265
W2115247616,W1987733394
W2115247616,W1988165990
W2115247616,W1994435009
W2115247616,W2009730473
W2115247616,W2012487898
W2115247616,W2035010057
W2115247616,W2052270675
W2115247616,W2055762879
W2115247616,W2058799256
W2115247616,W2091784785
W2115247616,W2098619666
W2115247616,W2103383236
W2115247616,W2105118209
W2115247616,W2111197100
W2115247616,W2125023524
W2115247616,W2139598342
W2115247616,W2155417611
W2115247616,W2165928794
W2115247616,W2335748804
W2529751265,W35899286
W2529751265,W1594450222
W2529751265,W2118489710
W2529751265,W2149007227
W2529751265,W2292300730
W2529751265,W2615482071
W2529719565,W167948671
W2529719565,W205588460
W2529719565,W1485305988
W2529719565,W2133797163
W2529719565,W2145023731
W2077123625,W58061406
W2077123625,W1537424868
W2077123625,W1591331301
W2077123625,W1623415717
W2077123625,W1978967446
W2077123625,W1990538809
W2077123625,W2008713487
W2077123625,W2030547026
W2077123625,W2043887163
W2077123625,W2088400943
W2077123625,W2139757178
W2077123625,W2312417386
W2077123625,W2735403698
W2077123625,W3023305142
W2785249477,W134665402
W2785249477,W1502818505
W2785249477,W2091979553
W2785249477,W2134262590
W2785249477,W4285719527
W1538536596,W128574618
W1538536596,W1491063773
W1538536596,W1494662055
W1538536596,W1499158096
W1538536596,W1547876901
W1538536596,W1584473438
W1538536596,W1599544081
W1538536596,W1615920531
W1538536596,W1965088807
W1538536596,W1976125225
W1538536596,W1978967446
W1538536596,W1992396011
W1538536596,W1993816822
W1538536596,W2034562813
W1538536596,W2037814094
W1538536596,W2045261700
W1538536596,W2061982261
W1538536596,W2063337414
W1538536596,W2069780699
W1538536596,W2091609334
W1538536596,W2118041119
W1538536596,W2618843293
W2208213853,W6720197
W2208213853,W1551925143
W2208213853,W1980514696
W2208213853,W1984697832
W2208213853,W1987408817
W2208213853,W1989274999
W2208213853,W2008196626
W2208213853,W2009198914
W2208213853,W2010196912
W2208213853,W2026151618
W2208213853,W2037001540
W2208213853,W2041768030
W2208213853,W2063086325
W2208213853,W2098343150
W2208213853,W2111422793
W2208213853,W2121584725
W2208213853,W2122790853
W2208213853,W2128178009
W2208213853,W2129504844
W2208213853,W2150832300
W2208213853,W2152905082
W2208213853,W2162191950
W2208213853,W2416112991
W2208213853,W2418682818
W2208213853,W4249127707
W2208213853,W4250008609
W4308787230,W111038263
W4308787230,W118035301
W4308787230,W1479730015
W4308787230,W1966365432
W4308787230,W1986595194
W4308787230,W1989771497
W4308787230,W2015153621
W4308787230,W2018654500
W4308787230,W2022651795
W4308787230,W2029604321
W4308787230,W2032337854
W4308787230,W2056478665
W4308787230,W2061425878
W4308787230,W2074946636
W4308787230,W2108991810
W4308787230,W2111380916
W4308787230,W2129488573
W4308787230,W2132052974
W4308787230,W2135347478
W4308787230,W2137526265
W4308787230,W2138098672
W4308787230,W2173372376
W4308787230,W2235031008
W4308787230,W2346164293
W4308787230,W2490977439
W4308787230,W2598094903
W4308787230,W2618602706
W4308787230,W2797400727
W4308787230,W2886865485
W4308787230,W2900529643
W4308787230,W2903927902
W4308787230,W2912881048
W4308787230,W2963948039
W4308787230,W2970480061
W4308787230,W2998275916
W4308787230,W3017155694
W4308787230,W3045568791
W4308787230,W3183977478
W4308787230,W4200289831
W4308787230,W4256399001
W4308787230,W4283722419
W4308787230,W4283725567
W4308787230,W4292931341
W4308787230,W4297349554
W4308787230,W4309182995
W2804228033,W1523224409
W2804228033,W1566244649
W2804228033,W1963987467
W2804228033,W1969090956
W2804228033,W1970890515
W2804228033,W1977615208
W2804228033,W1990282485
W2804228033,W1997946001
W2804228033,W2001461756
W2804228033,W2006838581
W2804228033,W2006946957
W2804228033,W2007428019
W2804228033,W2008817973
W2804228033,W2010055427
W2804228033,W2015394094
W2804228033,W2021446056
W2804228033,W2023360166
W2804228033,W2027619062
W2804228033,W2037878919
W2804228033,W2040510368
W2804228033,W2043986349
W2804228033,W2056401918
W2804228033,W2058543238
W2804228033,W2065469890
W2804228033,W2071511860
W2804228033,W2087532581
W2804228033,W2106931110
W2804228033,W2116534743
W2804228033,W2130461445
W2804228033,W2166941808
W2804228033,W2201745394
W2804228033,W2209198230
W2804228033,W2345792697
W2804228033,W2403300874
W2804228033,W2583031566
W2804228033,W2598797789
W2804228033,W2604458530
W2804228033,W2605187745
W2804228033,W2609996570
W2804228033,W2740502024
W2804228033,W2781500572
W2804228033,W2967626278
W2171635740,W59450186
W2171635740,W2052270675
W2171635740,W2108893166
W2171635740,W2205103754
W2171635740,W2582521406
W66465441,W1536094539
W66465441,W2111460811
W66465441,W2154620409
W66465441,W2417476687
W2010407571,W1982822393
W2010407571,W2055221411
W2010407571,W2091636436
W2738948243,W1566244649
W2738948243,W1927822350
W2738948243,W1965859210
W2738948243,W1978314014
W2738948243,W1979700375
W2738948243,W1980148956
W2738948243,W1983520932
W2738948243,W1990282485
W2738948243,W1994446426
W2738948243,W2000799448
W2738948243,W2001461756
W2738948243,W2002255915
W2738948243,W2002556572
W2738948243,W2006838581
W2738948243,W2010258059
W2738948243,W2023182894
W2738948243,W2028732730
W2738948243,W2029603628
W2738948243,W2034840248
W2738948243,W2038430528
W2738948243,W2040245809
W2738948243,W2058543238
W2738948243,W2059675270
W2738948243,W2061279330
W2738948243,W2061422794
W2738948243,W2072752513
W2738948243,W2083133776
W2738948243,W2086898699
W2738948243,W2089612224
W2738948243,W2117916152
W2738948243,W2136022845
W2738948243,W2146449656
W2738948243,W2161049948
W2738948243,W2162764535
W2738948243,W2171689108
W2738948243,W2174401281
W2738948243,W2206817627
W2738948243,W2220788890
W2738948243,W2266111988
W2738948243,W2280232584
W2738948243,W2403300874
W2738948243,W4301822236
W2121802159,W1556530441
W2121802159,W1950736173
W2121802159,W1980561265
W2121802159,W2003840516
W2121802159,W2016098456
W2121802159,W2027523423
W2121802159,W2037001540
W2121802159,W2056919333
W2121802159,W2091784785
W2121802159,W2098619666
W2121802159,W2104166306
W2121802159,W2105118209
W2121802159,W2111197100
W2121802159,W2115247616
W2121802159,W2119480063
W2121802159,W2123668258
W2121802159,W2125672489
W2121802159,W2131735207
W2121802159,W2140258513
W2121802159,W2153314286
W2121802159,W2155417611
W2121802159,W2157130619
W2121802159,W2482049660
W2121802159,W2748622947
W2121802159,W4233768561
W2121802159,W4238387768
W2121802159,W4239603325
W2991477142,W2002614567
W2991477142,W2023658573
W2991477142,W2061259599
W2991477142,W2103863014
W2991477142,W2168527884
W2991477142,W2889792685
W2991477142,W2939610444
W2991477142,W2955138922
W2991477142,W4232703006
W3163489024,W2040661759
W3163489024,W2141340645
W3163489024,W2166475603
W3163489024,W2317386813
W3163489024,W2559834531
W3163489024,W2609429672
W3163489024,W3089575237
W3163489024,W4233545748
W3163489024,W6680823787
W2989822445,W577481087
W2989822445,W1499933681
W2989822445,W1568636969
W2989822445,W1593337933
W2989822445,W1973453395
W2989822445,W1983056664
W2989822445,W1985365374
W2989822445,W2030262610
W2989822445,W2033190454
W2989822445,W2037386845
W2989822445,W2041949209
W2989822445,W2056615497
W2989822445,W2087033208
W2989822445,W2093975242
W2989822445,W2094140714
W2989822445,W2137526265
W2989822445,W2160301066
W2989822445,W2773024834
W2989822445,W4237700801
W2989822445,W4246406755
W3011400720,W1607931568
W3011400720,W1622352885
W3011400720,W1969293769
W3011400720,W2008708467
W3011400720,W2017611841
W3011400720,W2029667189
W3011400720,W2055043387
W3011400720,W2057852412
W3011400720,W2058788751
W3011400720,W2060872117
W3011400720,W2061259599
W3011400720,W2066602552
W3011400720,W2102725267
W3011400720,W2107302205
W3011400720,W2119780277
W3011400720,W2126103104
W3011400720,W2127811140
W3011400720,W2147173506
W3011400720,W2150981663
W3011400720,W2272574296
W3011400720,W2339346387
W3011400720,W2464070928
W3011400720,W2516764012
W3011400720,W2739226128
W3011400720,W2766966300
W3011400720,W2785273668
W3011400720,W2883482411
W3011400720,W2889498145
W3011400720,W2939610444
W3011400720,W2955138922
W3011400720,W2991477142
W3011400720,W3101721510
W3011400720,W3105389349
W2943896963,W2032498967
W2943896963,W2489345576
W2943896963,W4243653930
W1487133803,W1535099319
W1487133803,W2007221293
W1487133803,W2106006415
W1487133803,W2109450332
W1487133803,W4285719527
W2066179714,W612866927
W2066179714,W1554541441
W2066179714,W1988626602
W2066179714,W1999212075
W2066179714,W2044116517
W2066179714,W2054745332
W2066179714,W2088254721
W2066179714,W2113276962
W2066179714,W2171834532
W2066179714,W2400355649
W2066179714,W3101968871
W2066179714,W3138083623
W2066179714,W4235311325
W2243995479,W11909207
W2243995479,W27705273
W2243995479,W77854520
W2243995479,W120868933
W2243995479,W130757090
W2243995479,W141207001
W2243995479,W178254092
W2243995479,W280628476
W2243995479,W1499933681
W2243995479,W1575829986
W2243995479,W1674066309
W2243995479,W2013020033
W2243995479,W2079442971
W2243995479,W2080676980
W2243995479,W2106061280
W2243995479,W2131735207
W2243995479,W2143169494
W2243995479,W2145956370
W2243995479,W2160927393
W2243995479,W2734334191
W2243995479,W3144610597
W2243995479,W3171077326
W3036207587,W52205210
W3036207587,W1506450374
W3036207587,W1586670667
W3036207587,W1655446008
W3036207587,W2010927954
W3036207587,W2021584242
W3036207587,W2040733544
W3036207587,W2041121121
W3036207587,W2118946041
W3036207587,W2184854514
W3036207587,W2472901858
W3036207587,W2550159954
W3036207587,W2914804970
W3036207587,W4299451408
W3036207587,W6658526616
W3036207587,W7000731073
W3036207587,W7020021566
W2737028158,W788128364
W2737028158,W2157289187
W2737028158,W2276446180
W2571311760,W91982835
W2571311760,W280529704
W2571311760,W1504935443
W2571311760,W1977615208
W2571311760,W1981426977
W2571311760,W1999579335
W2571311760,W2001461756
W2571311760,W2005302785
W2571311760,W2006946957
W2571311760,W2010933881
W2571311760,W2022651795
W2571311760,W2027876425
W2571311760,W2032139276
W2571311760,W2035090004
W2571311760,W2037001540
W2571311760,W2042432550
W2571311760,W2057605771
W2571311760,W2058543238
W2571311760,W2081251063
W2571311760,W2083829327
W2571311760,W2095128129
W2571311760,W2107127848
W2571311760,W2113598159
W2571311760,W2120017071
W2571311760,W2126239631
W2571311760,W2128018947
W2571311760,W2135337178
W2571311760,W2162392466
W2571311760,W2201745394
W2571311760,W2319700677
W2571311760,W2469019358
W2571311760,W2623341036
W2571311760,W2746740474
W2571311760,W4253077363
W2571311760,W6603794111
W2571311760,W6742549220
W2571311760,W7039472292
W2976744845,W282346841
W2976744845,W1499933681
W2976744845,W1527457427
W2976744845,W1968267755
W2976744845,W1978251538
W2976744845,W2035486824
W2976744845,W2037001540
W2976744845,W2090620633
W2976744845,W2117489410
W2976744845,W2137526265
W2976744845,W2184854514
W2976744845,W2317386813
W2976744845,W2332934440
W2976744845,W2528416655
W2976744845,W2563160245
W2976744845,W2993383518
W178254092,W7679584
W178254092,W25216350
W178254092,W49218811
W178254092,W77854520
W178254092,W275041745
W178254092,W1499933681
W178254092,W1528027857
W178254092,W1546460500
W178254092,W1575829986
W178254092,W1576830784
W178254092,W1590946104
W178254092,W1602792288
W178254092,W1989016101
W178254092,W2011290600
W178254092,W2013020033
W178254092,W2062273234
W178254092,W2066430820
W178254092,W2077693798
W178254092,W2103604870
W178254092,W2157289187
W178254092,W2159410846
W178254092,W2167539083
W178254092,W2233607055
W178254092,W2603285822
W2598797789,W280529704
W2598797789,W284329785
W2598797789,W1491882993
W2598797789,W1504935443
W2598797789,W1970890515
W2598797789,W1982819694
W2598797789,W1992631987
W2598797789,W2001461756
W2598797789,W2005302785
W2598797789,W2006946957
W2598797789,W2022651795
W2598797789,W2035090004
W2598797789,W2058543238
W2598797789,W2081131754
W2598797789,W2088313145
W2598797789,W2095128129
W2598797789,W2095260011
W2598797789,W2107127848
W2598797789,W2109357138
W2598797789,W2120017071
W2598797789,W2122341428
W2598797789,W2126239631
W2598797789,W2128018947
W2598797789,W2131294823
W2598797789,W2136022845
W2598797789,W2319700677
W2598797789,W2345792697
W2598797789,W2407421298
W2598797789,W2624863320
W2598797789,W6603794111
W2598797789,W6742549220
W2553043867,W2400206196
W4376113090,W1212821315
W4376113090,W1215132044
W4376113090,W1530109122
W4376113090,W1571311223
W4376113090,W1958876462
W4376113090,W1981357275
W4376113090,W1983579728
W4376113090,W2017967298
W4376113090,W2023754385
W4376113090,W2027354217
W4376113090,W2041121121
W4376113090,W2041282815
W4376113090,W2043796710
W4376113090,W2057978450
W4376113090,W2061554433
W4376113090,W2077111056
W4376113090,W2082055953
W4376113090,W2110065044
W4376113090,W2112114480
W4376113090,W2131657873
W4376113090,W2133797163
W4376113090,W2137526265
W4376113090,W2146881125
W4376113090,W2149683870
W4376113090,W2184854514
W4376113090,W2184993296
W4376113090,W2204026420
W4376113090,W2205808161
W4376113090,W2234777211
W4376113090,W2307588840
W4376113090,W2408438024
W4376113090,W2473344693
W4376113090,W2508778727
W4376113090,W2614658285
W4376113090,W2790140296
W4376113090,W2793775956
W4376113090,W2800931606
W4376113090,W2896786957
W4376113090,W2963948039
W4376113090,W2972125620
W4376113090,W2994947471
W4376113090,W3012919787
W4376113090,W3205220448
W4376113090,W4220716266
W4376113090,W4321508265
W4376113090,W6606077510
W4376113090,W6634177288
W4376113090,W6676747818
W4376113090,W7023701770
W4376113090,W7043575881
W2403300874,W8746502
W2403300874,W605263502
W2403300874,W1927822350
W2403300874,W1966224911
W2403300874,W1977615208
W2403300874,W1978314014
W2403300874,W1978615060
W2403300874,W1980148956
W2403300874,W1983520932
W2403300874,W1990282485
W2403300874,W1996562631
W2403300874,W1997146703
W2403300874,W2000454443
W2403300874,W2000799448
W2403300874,W2001461756
W2403300874,W2002255915
W2403300874,W2002556572
W2403300874,W2006838581
W2403300874,W2010012415
W2403300874,W2010258059
W2403300874,W2022651795
W2403300874,W2023182894
W2403300874,W2027076691
W2403300874,W2028732730
W2403300874,W2032337854
W2403300874,W2034840248
W2403300874,W2035486824
W2403300874,W2037001540
W2403300874,W2038430528
W2403300874,W2040216023
W2403300874,W2040245809
W2403300874,W2042941296
W2403300874,W2045859248
W2403300874,W2057195584
W2403300874,W2058543238
W2403300874,W2058680411
W2403300874,W2061422794
W2403300874,W2066461332
W2403300874,W2086898699
W2403300874,W2088313145
W2403300874,W2098395732
W2403300874,W2103626310
W2403300874,W2106768278
W2403300874,W2112216432
W2403300874,W2114819038
W2403300874,W2114898733
W2403300874,W2117916152
W2403300874,W2118489710
W2403300874,W2125458317
W2403300874,W2127666085
W2403300874,W2128975021
W2403300874,W2136022845
W2403300874,W2138402033
W2403300874,W2139907128
W2403300874,W2146449656
W2403300874,W2162764535
W2403300874,W2171689108
W2403300874,W2184854514
W2403300874,W2208145366
W2403300874,W2220788890
W2403300874,W2266111988
W2403300874,W4232424142
W2403300874,W4253372616
W2403300874,W4301822236
W3098623617,W182126549
W3098623617,W269486180
W3098623617,W655283638
W3098623617,W1498365126
W3098623617,W1990597092
W3098623617,W2029466910
W3098623617,W2046758390
W3098623617,W2075514521
W3098623617,W2093160502
W3098623617,W2095623774
W3098623617,W2110407265
W3098623617,W2114971935
W3098623617,W2128796442
W3098623617,W2138543759
W3098623617,W2146948159
W3098623617,W2148119561
W3098623617,W2151802019
W3098623617,W2152087807
W3098623617,W2184854514
W3098623617,W2401907668
W3098623617,W2485732744
W3098623617,W2495151487
W3098623617,W2534935070
W3098623617,W2543680447
W3098623617,W2624733606
W3098623617,W2756822502
W3098623617,W2952582255
W3098623617,W3006953473
W3098623617,W4236369288
W3098623617,W4387645034
W1489238586,W591108810
W1489238586,W2117427266
W1489238586,W2120080783
W1489238586,W2135048955
W1489238586,W2395114446
W2595475176,W1987786700
W2595475176,W2010263906
W2595475176,W2037001540
W2595475176,W2060322094
W2595475176,W2108148331
W3167579480,W1596333854
W3167579480,W1884081203
W3167579480,W1963987467
W3167579480,W1983108712
W3167579480,W1987431471
W3167579480,W1990382927
W3167579480,W1991711453
W3167579480,W1993664717
W3167579480,W1994585255
W3167579480,W1997179123
W3167579480,W2006838581
W3167579480,W2011162955
W3167579480,W2013934418
W3167579480,W2041121121
W3167579480,W2051652848
W3167579480,W2053646390
W3167579480,W2058543238
W3167579480,W2080025545
W3167579480,W2086563620
W3167579480,W2092384978
W3167579480,W2096722100
W3167579480,W2103829559
W3167579480,W2111947800
W3167579480,W2117916152
W3167579480,W2122308507
W3167579480,W2123242095
W3167579480,W2136022845
W3167579480,W2137028192
W3167579480,W2138431908
W3167579480,W2143526108
W3167579480,W2143690261
W3167579480,W2155638689
W3167579480,W2156092714
W3167579480,W2161143038
W3167579480,W2162315021
W3167579480,W2169256415
W3167579480,W2220788890
W3167579480,W2328426843
W3167579480,W2330135008
W3167579480,W2410948277
W3167579480,W2466664239
W3167579480,W2547844846
W3167579480,W2764252624
W3167579480,W2782013919
W3167579480,W2801437278
W3167579480,W2886672455
W3167579480,W2912881048
W3167579480,W2927058375
W3167579480,W2990613510
W3167579480,W2999706954
W3167579480,W3003922521
W3167579480,W3022532439
W3167579480,W3129830913
W2048406836,W1497286318
W2048406836,W1773016195
W2048406836,W1776178666
W2048406836,W1796889322
W2048406836,W1975293845
W2048406836,W2037240180
W2048406836,W2050973981
W2048406836,W2132199394
W2048406836,W2172059565
W2048406836,W2970594147
W2048406836,W4290457325
W186630050,W1523274836
W186630050,W1970602559
W186630050,W1972801551
W186630050,W1974804310
W186630050,W1975761730
W186630050,W1986362014
W186630050,W1997427797
W186630050,W2001000446
W186630050,W2001443931
W186630050,W2003489087
W186630050,W2011255694
W186630050,W2015795623
W186630050,W2021187853
W186630050,W2025632224
W186630050,W2029123813
W186630050,W2029167237
W186630050,W2030047510
W186630050,W2047529056
W186630050,W2048638128
W186630050,W2050996866
W186630050,W2052362924
W186630050,W2058689694
W186630050,W2067991141
W186630050,W2072615901
W186630050,W2072752472
W186630050,W2106630741
W186630050,W2110047529
W186630050,W2127474367
W186630050,W2148466257
W186630050,W2465692541
W186630050,W4231174330
W186630050,W4232849297
W2235031008,W12144851
W2235031008,W1950736173
W2235031008,W1991849198
W2235031008,W2048443216
W2235031008,W2059957416
W2235031008,W2137526265
W2235031008,W2157032736
W2235031008,W2242279449
W2235031008,W2903927902
W2235031008,W2913521326
W2235031008,W6600506015
W4213362395,W1984903816
W4213362395,W1996318081
W4213362395,W2073227393
W4213362395,W2128940305
W4213362395,W2609429672
W4213362395,W2625361014
W4213362395,W2955138922
W4213362395,W3006900787
W4213362395,W3177828909
W2133789919,W50688157
W2133789919,W66465441
W2133789919,W314318557
W2133789919,W655283638
W2133789919,W1485305988
W2133789919,W2068319073
W2133789919,W2139598342
W2133789919,W2158233643
W2133789919,W2400206196
W2885975734,W1541753613
W2885975734,W1829197771
W2885975734,W1895567927
W2885975734,W1927822350
W2885975734,W1976082752
W2885975734,W1980226795
W2885975734,W1992390489
W2885975734,W2001461756
W2885975734,W2026627282
W2885975734,W2029603628
W2885975734,W2041121121
W2885975734,W2058543238
W2885975734,W2061279330
W2885975734,W2085529605
W2885975734,W2111977473
W2885975734,W2114898733
W2885975734,W2153676627
W2885975734,W2181644342
W2885975734,W2215486668
W2885975734,W2345792697
W2885975734,W2771677576
W2885975734,W2810665669
W2885975734,W4236544382
W2885975734,W4241190983
W2885975734,W4241805605
W2885975734,W4252535617
W2885975734,W6752916321
W1981350662,W93612393
W1981350662,W407105917
W1981350662,W1499933681
W1981350662,W1517387173
W1981350662,W1556530441
W1981350662,W1971398771
W1981350662,W1985231929
W1981350662,W2013020033
W1981350662,W2027523423
W1981350662,W2051743306
W1981350662,W2057720927
W1981350662,W2086779977
W1981350662,W2119480063
W1981350662,W2137526265
W1981350662,W2337365192
W1981350662,W2913521326
W1981350662,W4285719527
W3129830913,W1596333854
W3129830913,W1884081203
W3129830913,W1944219791
W3129830913,W1963987467
W3129830913,W1983108712
W3129830913,W1987431471
W3129830913,W1990382927
W3129830913,W1991711453
W3129830913,W1993664717
W3129830913,W1997179123
W3129830913,W2011162955
W3129830913,W2013934418
W3129830913,W2022651795
W3129830913,W2032635843
W3129830913,W2041121121
W3129830913,W2051652848
W3129830913,W2053646390
W3129830913,W2058543238
W3129830913,W2080025545
W3129830913,W2092384978
W3129830913,W2096722100
W3129830913,W2103829559
W3129830913,W2111947800
W3129830913,W2115492850
W3129830913,W2116484132
W3129830913,W2117916152
W3129830913,W2122308507
W3129830913,W2123242095
W3129830913,W2126239631
W3129830913,W2136022845
W3129830913,W2137028192
W3129830913,W2138018307
W3129830913,W2138431908
W3129830913,W2143526108
W3129830913,W2143690261
W3129830913,W2153173382
W3129830913,W2155638689
W3129830913,W2156092714
W3129830913,W2161143038
W3129830913,W2162315021
W3129830913,W2169256415
W3129830913,W2220788890
W3129830913,W2328426843
W3129830913,W2330135008
W3129830913,W2410948277
W3129830913,W2466664239
W3129830913,W2466861635
W3129830913,W2547844846
W3129830913,W2598797789
W3129830913,W2748965471
W3129830913,W2764252624
W3129830913,W2782013919
W3129830913,W2801437278
W3129830913,W2885274413
W3129830913,W2886672455
W3129830913,W2912881048
W3129830913,W2927058375
W3129830913,W2990613510
W3129830913,W2999706954
W3129830913,W3003922521
W1796377598,W1542425463
W1796377598,W1558663422
W1796377598,W1983628602
W1796377598,W1989016101
W1796377598,W2004599511
W1796377598,W2037001540
W1796377598,W2059075385
W1796377598,W2088955376
W1796377598,W2101628359
W1796377598,W2148119561
W1796377598,W2158685692
W4410112348,W1502255657
W4410112348,W1975238145
W4410112348,W1988031976
W4410112348,W1994227203
W4410112348,W2005444397
W4410112348,W2066328921
W4410112348,W2076346682
W4410112348,W2124434527
W4410112348,W2134718184
W4410112348,W2152966241
W4410112348,W2172295404
W4410112348,W2226376337
W4410112348,W2319700677
W4410112348,W2331974298
W4410112348,W2493906527
W4410112348,W2571962628
W4410112348,W2587044120
W4410112348,W2609788485
W4410112348,W2618980085
W4410112348,W2773566169
W4410112348,W2802505458
W4410112348,W2990369145
W4410112348,W3040242976
W4410112348,W3105411577
W4410112348,W3176639513
W4410112348,W3176966307
W4410112348,W3184731379
W4410112348,W3198441297
W4410112348,W4200211655
W4410112348,W4205998271
W4410112348,W4283726574
W4410112348,W4290759673
W4410112348,W4308099598
W4410112348,W4309666046
W2979295318,W280529704
W2979295318,W1888671979
W2979295318,W1963987467
W2979295318,W1965859210
W2979295318,W1981426977
W2979295318,W1982819694
W2979295318,W2001699056
W2979295318,W2022651795
W2979295318,W2024123298
W2979295318,W2027876425
W2979295318,W2035090004
W2979295318,W2037001540
W2979295318,W2063891861
W2979295318,W2072900016
W2979295318,W2081131754
W2979295318,W2093819776
W2979295318,W2102938803
W2979295318,W2109180466
W2979295318,W2115889330
W2979295318,W2120017071
W2979295318,W2122341428
W2979295318,W2128213565
W2979295318,W2136309010
W2979295318,W2140139856
W2979295318,W2146545384
W2979295318,W2157651355
W2979295318,W2162392466
W2979295318,W2165758561
W2979295318,W2346427186
W2979295318,W2420869607
W2979295318,W2571311760
W2979295318,W2590684185
W2979295318,W2598797789
W2979295318,W2738948243
W2979295318,W2804058599
W2979295318,W2901346573
W2056581058,W7679584
W2056581058,W27705273
W2056581058,W77854520
W2056581058,W130757090
W2056581058,W178331951
W2056581058,W364587295
W2056581058,W1483244175
W2056581058,W1533843421
W2056581058,W1544294876
W2056581058,W2088794926
W2056581058,W2566496949
W2056581058,W2582521406
W1987786700,W2037001540
W1987786700,W2060322094
W1987786700,W2108148331
W1987786700,W2595475176
W2332691635,W2100531634
W2332691635,W2121849042
W2332691635,W2122313562
W2332691635,W2173372376
W2332691635,W2332934440
W1601119534,W2098566101
W1601119534,W2561675875
W3015003219,W281781743
W3015003219,W1969293769
W3015003219,W2008708467
W3015003219,W2057852412
W3015003219,W2058788751
W3015003219,W2066602552
W3015003219,W2087137043
W3015003219,W2102725267
W3015003219,W2126103104
W3015003219,W2130479394
W3015003219,W2147173506
W3015003219,W2272574296
W3015003219,W2339346387
W3015003219,W2516764012
W3015003219,W2739226128
W3015003219,W2889792685
W3015003219,W2939610444
W3015003219,W2955138922
W3015003219,W2991477142
W3015003219,W3007643904
W3015003219,W3010441732
W3015003219,W3011400720
W3015003219,W3101721510
W4220849832,W1493910000
W4220849832,W1995981988
W4220849832,W2049485428
W4220849832,W2062299969
W4220849832,W2093326412
W4220849832,W2158262090
W4220849832,W2299284748
W4220849832,W2315329849
W4220849832,W2472482282
W4220849832,W2804632400
W4220849832,W2900880089
W4220849832,W3013711696
W4220849832,W3094895835
W4220849832,W4285051996
W2608909763,W1161474730
W2608909763,W1546342721
W2608909763,W1980459899
W2608909763,W1985207412
W2608909763,W1989771497
W2608909763,W1991112797
W2608909763,W1991139021
W2608909763,W2022697906
W2608909763,W2032541756
W2608909763,W2063701864
W2608909763,W2080729871
W2608909763,W2088794926
W2608909763,W2095010960
W2608909763,W2122074691
W2608909763,W2123992886
W2608909763,W2158885821
W2608909763,W2241211221
W2608909763,W4250500702
W2094039158,W153952556
W2094039158,W1529135573
W2094039158,W1560946882
W2094039158,W2000803514
W2094039158,W2003879053
W2094039158,W2050758723
W2094039158,W2062977969
W2094039158,W2134773428
W2094039158,W2566496949
W2094039158,W2570406886
W2550159954,W395933519
W2550159954,W605263502
W2550159954,W1506450374
W2550159954,W1549940068
W2550159954,W1655446008
W2550159954,W1885639605
W2550159954,W1946467015
W2550159954,W1951724000
W2550159954,W1968060331
W2550159954,W1968846988
W2550159954,W1983498367
W2550159954,W2019655958
W2550159954,W2023397245
W2550159954,W2028080146
W2550159954,W2032337854
W2550159954,W2035486824
W2550159954,W2036091596
W2550159954,W2041121121
W2550159954,W2044706586
W2550159954,W2084288798
W2550159954,W2115080750
W2550159954,W2125489534
W2550159954,W2149139333
W2550159954,W2157796984
W2550159954,W2214124587
W2550159954,W2380542068
W2550159954,W2472901858
W2550159954,W2487019930
W2550159954,W2582743722
W2550159954,W4254369546
W2550159954,W6632679385
W2550159954,W6712734115
W2748503807,W55702805
W2748503807,W1984496813
W2748503807,W2002271909
W2748503807,W2035450303
W2748503807,W2051603309
W2748503807,W2061023211
W2748503807,W2113220823
W2748503807,W2169920658
W2748503807,W6602228179
W2094906616,W21347096
W2094906616,W167948671
W2094906616,W185137750
W2094906616,W185783483
W2094906616,W605263502
W2094906616,W624465380
W2094906616,W1480141383
W2094906616,W1544283212
W2094906616,W1964538581
W2094906616,W1989016101
W2094906616,W2045094646
W2094906616,W2059075385
W2094906616,W2059819740
W2094906616,W2061687336
W2094906616,W2099473180
W2094906616,W2100151997
W2094906616,W2118489710
W2094906616,W2137526265
W2094906616,W2149802018
W2094906616,W2290743373
W2094906616,W2315268655
W2094906616,W2327939705
W2094906616,W2329362915
W2094906616,W4300838235
W2163514131,W1500008800
W2163514131,W1980514696
W2163514131,W1993906458
W2163514131,W1994345166
W2163514131,W2037001540
W2163514131,W2161238168
W2163514131,W2266493323
W2163514131,W2407488597
W2163514131,W2465654022
W2163514131,W2777955129
W2163514131,W4285719527
W3182879190,W2137526265
W3182879190,W2184854514
W3182879190,W2913521326
W3182879190,W2955138922
W3182879190,W2991477142
W3182879190,W3011400720
W3182879190,W3094829729
W3182879190,W3107086947
W3182879190,W4376551357
W2290003388,W77854520
W2290003388,W151432447
W2290003388,W1546460500
W2290003388,W1576830784
W2290003388,W1980451132
W2290003388,W2052855523
W2290003388,W2106061280
W2290003388,W2150243159
W2290003388,W2167539083
W2290003388,W2406224025
W2900110466,W67470114
W2900110466,W115063685
W2900110466,W633676858
W2900110466,W1912282481
W2900110466,W2015833509
W2900110466,W2045094646
W2900110466,W2066584470
W2900110466,W2108893166
W2900110466,W2122191995
W2900110466,W2165066790
W2900110466,W2214124587
W2900110466,W2514021589
W2900110466,W2577225486
W2900110466,W2596240398
W2900110466,W7020021566
W2765608652,W167948671
W2765608652,W1537887111
W2765608652,W1965327601
W2765608652,W1968316532
W2765608652,W1989016101
W2765608652,W2002145628
W2765608652,W2042782373
W2765608652,W2122570643
W2765608652,W2133041452
W2765608652,W2151905266
W2765608652,W2155236052
W2765608652,W2249595199
W2765608652,W2521766633
W2765608652,W2588829302
W2765608652,W2593649045
W4324117850,W2088955376
W4324117850,W2184854514
W4324117850,W2319932748
W4324117850,W2951582018
W4324117850,W2991477142
W4324117850,W3006900787
W4324117850,W3182879190
W2893968879,W1551925143
W2893968879,W1973746598
W2893968879,W1994345166
W2893968879,W2006720227
W2893968879,W2009198914
W2893968879,W2036815415
W2893968879,W2095929735
W2893968879,W2104617690
W2893968879,W2121584725
W2893968879,W2129504844
W2893968879,W2133738611
W2893968879,W2154559400
W2893968879,W2163322071
W2893968879,W2184854514
W2893968879,W2339867409
W2893968879,W2340383253
W2893968879,W2416112991
W2893968879,W2418682818
W2893968879,W2761132292
W2893968879,W2957880271
W2893968879,W4253435090
W2893968879,W4300941668
W1988786915,W167948671
W1988786915,W624465380
W1988786915,W635480747
W1988786915,W1489032534
W1988786915,W1499933681
W1988786915,W1513429524
W1988786915,W1532335443
W1988786915,W1984314602
W1988786915,W2015153621
W1988786915,W2130228586
W1988786915,W2137526265
W1988786915,W2579555219
W1988786915,W4214656797
W1988786915,W4238014541
W1988786915,W4243761327
W4311176522,W1497286318
W4311176522,W1871525550
W4311176522,W1989016101
W4311176522,W2007203651
W4311176522,W2043228310
W4311176522,W2050973981
W4311176522,W2054738187
W4311176522,W2062029950
W4311176522,W2074331253
W4311176522,W2077012593
W4311176522,W2090858180
W4311176522,W2104166306
W4311176522,W2115304010
W4311176522,W2117074369
W4311176522,W2138098672
W4311176522,W2169574943
W4311176522,W2301212998
W4311176522,W2466521580
W4311176522,W2604255570
W4311176522,W2747921057
W4311176522,W2769134927
W4311176522,W2892546337
W4311176522,W2915768693
W4311176522,W2919609362
W4311176522,W2943305677
W3042358928,W1580377017
W3042358928,W1968467361
W3042358928,W1984697832
W3042358928,W2020991929
W3042358928,W2037557484
W3042358928,W2053154970
W3042358928,W2087484885
W3042358928,W2095929735
W3042358928,W2122790853
W3042358928,W2128178009
W3042358928,W2143762787
W3042358928,W2168831295
W3042358928,W2208213853
W3042358928,W2301092961
W3042358928,W2339867409
W3042358928,W2340383253
W3042358928,W2416112991
W3042358928,W2761132292
W3042358928,W2893968879
W3042358928,W2950068676
W3042358928,W2957880271
W3042358928,W2979830676
W1995939361,W88117868
W1995939361,W1522563648
W1995939361,W2007055291
W1995939361,W2171834532
W1995939361,W2618843293
W2806231938,W43735165
W2806231938,W1484449035
W2806231938,W1529303978
W2806231938,W1544168675
W2806231938,W1944219791
W2806231938,W1963987467
W2806231938,W1970890515
W2806231938,W1974032361
W2806231938,W1976858987
W2806231938,W1977615208
W2806231938,W1978549497
W2806231938,W1981426977
W2806231938,W1982453218
W2806231938,W1983353683
W2806231938,W1990282485
W2806231938,W2005774352
W2806231938,W2006645063
W2806231938,W2006838581
W2806231938,W2014115543
W2806231938,W2018914358
W2806231938,W2023536559
W2806231938,W2026787474
W2806231938,W2032139276
W2806231938,W2032635843
W2806231938,W2034780273
W2806231938,W2037472787
W2806231938,W2038686210
W2806231938,W2040611779
W2806231938,W2041106677
W2806231938,W2042851409
W2806231938,W2067975977
W2806231938,W2068310180
W2806231938,W2068775553
W2806231938,W2072597636
W2806231938,W2087532581
W2806231938,W2091956573
W2806231938,W2096368785
W2806231938,W2096591841
W2806231938,W2105927585
W2806231938,W2106544214
W2806231938,W2109887283
W2806231938,W2115889330
W2806231938,W2118607666
W2806231938,W2120195728
W2806231938,W2121860971
W2806231938,W2123024400
W2806231938,W2123098610
W2806231938,W2124827241
W2806231938,W2128201864
W2806231938,W2138672651
W2806231938,W2140139856
W2806231938,W2140354221
W2806231938,W2141024349
W2806231938,W2146928477
W2806231938,W2150485654
W2806231938,W2152905082
W2806231938,W2154204891
W2806231938,W2163727435
W2806231938,W2174258004
W2806231938,W2306926430
W2806231938,W2320899008
W2806231938,W2341542457
W2806231938,W2341685500
W2806231938,W2345792697
W2806231938,W2346427186
W2806231938,W2397212113
W2806231938,W2403300874
W2806231938,W2418880548
W2806231938,W2420869607
W2806231938,W2466861635
W2806231938,W2507718995
W2806231938,W2560199723
W2806231938,W2583031566
W2806231938,W2600124200
W2806231938,W2617199496
W2806231938,W2689106072
W2806231938,W2767264324
W2806231938,W2780672337
W2806231938,W2781500572
W2806231938,W2783390141
W2806231938,W2791723994
W2806231938,W2801211692
W2806231938,W4235011715
W2806231938,W4237513721
W2806231938,W4240402692
W2806231938,W6780584328
W1040355296,W6157337
W1040355296,W7738515
W1040355296,W74775258
W1040355296,W85822167
W1040355296,W116148738
W1040355296,W151432447
W1040355296,W1546460500
W1040355296,W1549940068
W1040355296,W1559384493
W1040355296,W1575206345
W1040355296,W1576830784
W1040355296,W1980451132
W1040355296,W1989016101
W1040355296,W2004603793
W1040355296,W2011290600
W1040355296,W2037001540
W1040355296,W2052855523
W1040355296,W2058468883
W1040355296,W2077420680
W1040355296,W2142596912
W1040355296,W2150243159
W1040355296,W2290003388
W1040355296,W2342091124
W1040355296,W2600623200
W1040355296,W2784413597
W1040355296,W3023580939
W1040355296,W4213129550
W2939696799,W19399978
W2939696799,W167948671
W2939696799,W1537887111
W2939696799,W1965327601
W2939696799,W1968316532
W2939696799,W1991139021
W2939696799,W2098226206
W2939696799,W2137526265
W2939696799,W2157289187
W2939696799,W2513927534
W2939696799,W2593649045
W2939696799,W2744181172
W2939696799,W2798571922
W2059957416,W2073568670
W2059957416,W2156408004
W2059957416,W2242279449
W2604870362,W1560144794
W2604870362,W1922152898
W2604870362,W1969071914
W2604870362,W1977761341
W2604870362,W1994893618
W2604870362,W2006144938
W2604870362,W2013020033
W2604870362,W2013039323
W2604870362,W2021082347
W2604870362,W2027290950
W2604870362,W2049845852
W2604870362,W2059450962
W2604870362,W2071969679
W2604870362,W2076629853
W2604870362,W2085596355
W2604870362,W2115589791
W2604870362,W2130012180
W2604870362,W2133797163
W2604870362,W2164795151
W2604870362,W2553043867
W2604870362,W2582521406
W2514254236,W167948671
W2514254236,W1533878625
W2514254236,W1580565670
W2514254236,W1596196963
W2514254236,W1607743512
W2514254236,W1608056250
W2514254236,W1791834434
W2514254236,W1968008571
W2514254236,W1968410348
W2514254236,W2028302088
W2514254236,W2059957416
W2514254236,W2073743567
W2514254236,W2121114659
W2514254236,W2123442640
W2514254236,W2129396626
W2514254236,W2137424775
W2514254236,W2137526265
W2514254236,W2153314286
W2514254236,W2154620409
W2514254236,W2161601754
W2514254236,W2161707777
W2514254236,W2471654365
W2514254236,W3173912767
W2514254236,W6635652360
W2128303427,W124250475
W2128303427,W2072752513
W4385979334,W1570896577
W4385979334,W1977386698
W4385979334,W1986218835
W4385979334,W1994183641
W4385979334,W1998447053
W4385979334,W2030177205
W4385979334,W2041121121
W4385979334,W2064574537
W4385979334,W2162846639
W4385979334,W2168831295
W4385979334,W2184854514
W4385979334,W2227407841
W4385979334,W2594562997
W4385979334,W2736128047
W4385979334,W3014708024
W4385979334,W3094452219
W4385979334,W3135360155
W4385979334,W3164009507
W4385979334,W3207430945
W1805207,W12144851
W1805207,W1572770553
W1805207,W2098395732
W1805207,W2124490600
W1805207,W2147992783
W1805207,W2603731390
W2963223223,W1953090334
W2963223223,W2014683958
W2963223223,W2058904305
W2963223223,W2091979553
W2963223223,W2121967258
W2963223223,W2137526265
W2963223223,W2139212933
W2963223223,W2184854514
W2963223223,W6680378043
W2963223223,W7019140572
W3008668671,W12144851
W3008668671,W107411382
W3008668671,W422962062
W3008668671,W1498365126
W3008668671,W1527457427
W3008668671,W1815579919
W3008668671,W1953090334
W3008668671,W2001234381
W3008668671,W2125570765
W3008668671,W2132904166
W3008668671,W2154279390
W3008668671,W2166950143
W3008668671,W2205103754
W3008668671,W2220359064
W3008668671,W2466158603
W3008668671,W2592647215
W3008668671,W2600087721
W3008668671,W2615876895
W3008668671,W2743445852
W3008668671,W2773024834
W3008668671,W3106652968
W2036091596,W354426099
W2036091596,W1567878530
W2036091596,W1575837252
W2036091596,W1862665565
W2036091596,W1895567927
W2036091596,W1981686634
W2036091596,W2001461756
W2036091596,W2004911337
W2036091596,W2021694194
W2036091596,W2027760828
W2036091596,W2032337854
W2036091596,W2041121121
W2036091596,W2052698845
W2036091596,W2069882806
W2036091596,W2074439470
W2036091596,W2095467291
W2036091596,W2099561134
W2036091596,W2124490600
W2036091596,W2138826098
W2036091596,W2147440173
W2036091596,W2184854514
W2036091596,W2292300730
W2036091596,W2338290034
W2036091596,W4248476739
W1982904413,W1575829986
W1982904413,W1591331301
W1982904413,W1989016101
W1982904413,W1993503595
W1982904413,W2007180964
W1982904413,W2029418069
W1982904413,W2049485428
W1982904413,W2233607055
W1982904413,W2559808833
W1982904413,W2784413597
W1982904413,W4205211754
W1982904413,W4236923591
W1982904413,W4256399001
W3205220448,W62008916
W3205220448,W172711948
W3205220448,W591743112
W3205220448,W624465380
W3205220448,W1215132044
W3205220448,W1482881554
W3205220448,W1488559003
W3205220448,W1576871820
W3205220448,W1584238570
W3205220448,W1765238573
W3205220448,W1967590480
W3205220448,W1985533383
W3205220448,W1985863029
W3205220448,W1989833923
W3205220448,W2002507711
W3205220448,W2006720227
W3205220448,W2021082347
W3205220448,W2023754385
W3205220448,W2026161286
W3205220448,W2027078638
W3205220448,W2034826838
W3205220448,W2037916898
W3205220448,W2041121121
W3205220448,W2060267590
W3205220448,W2077424377
W3205220448,W2114886667
W3205220448,W2120436369
W3205220448,W2123436043
W3205220448,W2133797163
W3205220448,W2140232903
W3205220448,W2161001478
W3205220448,W2165701656
W3205220448,W2171689406
W3205220448,W2184854514
W3205220448,W2184993296
W3205220448,W2332457645
W3205220448,W2408438024
W3205220448,W2509876617
W3205220448,W2594255081
W3205220448,W2614658285
W3205220448,W2790140296
W3205220448,W2790493375
W3205220448,W2793775956
W3205220448,W2805440904
W3205220448,W2898741879
W3205220448,W2943788284
W3205220448,W2963948039
W3205220448,W2964842853
W3205220448,W2972125620
W3205220448,W2981380018
W3205220448,W2981433825
W3205220448,W2994947471
W3205220448,W2999968954
W3205220448,W3030476761
W3205220448,W4236344233
W3205220448,W4285719527
W3205220448,W4321508265
W2048211076,W29529489
W2048211076,W282439305
W2048211076,W353234340
W2048211076,W417327207
W2048211076,W1506450374
W2048211076,W1529947985
W2048211076,W1788201025
W2048211076,W1911060607
W2048211076,W1969228838
W2048211076,W1985400845
W2048211076,W1993008008
W2048211076,W1994199133
W2048211076,W2007557128
W2048211076,W2013988598
W2048211076,W2015153621
W2048211076,W2015677043
W2048211076,W2032337854
W2048211076,W2037124948
W2048211076,W2065894627
W2048211076,W2072206615
W2048211076,W2107031757
W2048211076,W2111919806
W2048211076,W2114622622
W2048211076,W2123024400
W2048211076,W2150432203
W2048211076,W2157201194
W2048211076,W2164340928
W2048211076,W2166140710
W2048211076,W2184854514
W2048211076,W2233813020
W2048211076,W4230718620
W2048211076,W4240402692
W2048211076,W4388328369
W2048211076,W6610228593
W2738343302,W1212821315
W2738343302,W1558643881
W2738343302,W1571311223
W2738343302,W1581848821
W2738343302,W1585313616
W2738343302,W1602183433
W2738343302,W1933704425
W2738343302,W1985421759
W2738343302,W1985533383
W2738343302,W2001461756
W2738343302,W2037001540
W2738343302,W2057978450
W2738343302,W2096432648
W2738343302,W2109990343
W2738343302,W2126239631
W2738343302,W2159604298
W2738343302,W2184854514
W2738343302,W2338290034
W2738343302,W2512672180
W2738343302,W2624621481
W3005085113,W350139113
W3005085113,W364991292
W3005085113,W607096944
W3005085113,W1513429524
W3005085113,W1527935828
W3005085113,W1532335443
W3005085113,W1536258620
W3005085113,W1564089514
W3005085113,W1975594003
W3005085113,W1978365722
W3005085113,W1984502100
W3005085113,W1992160271
W3005085113,W2001478204
W3005085113,W2011423846
W3005085113,W2043220715
W3005085113,W2048701323
W3005085113,W2050896993
W3005085113,W2052417512
W3005085113,W2091784785
W3005085113,W2094906616
W3005085113,W2107019937
W3005085113,W2115577577
W3005085113,W2118489710
W3005085113,W2126197241
W3005085113,W2131657873
W3005085113,W2155172052
W3005085113,W2184854514
W3005085113,W2219590493
W3005085113,W2220788890
W3005085113,W2251410821
W3005085113,W2277301908
W3005085113,W2290743373
W3005085113,W2342321971
W3005085113,W2403300874
W3005085113,W2406029310
W3005085113,W2407591150
W3005085113,W2535584608
W3005085113,W2594321329
W3005085113,W2616880359
W3005085113,W2618037547
W3005085113,W2681842599
W3005085113,W2897810656
W3005085113,W2903863026
W3005085113,W2964368400
W3005085113,W3081607173
W3005085113,W3110909889
W3005085113,W4231563569
W3005085113,W4239603325
W3005085113,W4246986769
W3005085113,W4292931341
W2320814021,W49218811
W2320814021,W72858213
W2320814021,W1541749965
W2320814021,W1553904877
W2320814021,W1573523614
W2320814021,W1586624296
W2320814021,W1590947159
W2320814021,W2023108246
W2320814021,W2084728533
W2320814021,W2086919225
W2320814021,W2103604870
W2320814021,W2110831359
W2320814021,W2118489710
W2320814021,W2132049932
W2320814021,W2139598342
W2320814021,W2143122004
W2320814021,W2150037785
W2320814021,W2160470125
W2320814021,W2160927393
W3199531051,W2059515884
W3199531051,W2096016260
W3199531051,W2149512075
W3199531051,W2903060508
W3199531051,W2910035750
W3199531051,W2946796433
W3199531051,W2963946669
W2066584470,W142943847
W2066584470,W167948671
W2066584470,W295772216
W2066584470,W563936930
W2066584470,W1493418801
W2066584470,W1541647209
W2066584470,W1950736173
W2066584470,W1981060864
W2066584470,W1995875735
W2066584470,W2007697407
W2066584470,W2015101847
W2066584470,W2015153621
W2066584470,W2035402384
W2066584470,W2072785492
W2066584470,W2076040368
W2066584470,W2115577577
W2066584470,W2134079826
W2066584470,W2146939832
W2066584470,W2151802019
W2066584470,W2160109669
W2066584470,W2184854514
W2066584470,W2515805897
W2066584470,W2912596165
W2066584470,W2952582255
W2066584470,W2964368400
W2066584470,W4399969971
W2066584470,W6645711090
W2066584470,W6682990099
W79826021,W1486313877
W79826021,W1556530441
W79826021,W1980561265
W2962242387,W50688157
W2962242387,W66465441
W2962242387,W1486239552
W2962242387,W2004990376
W2962242387,W2027765653
W2962242387,W2030665613
W2962242387,W2103368830
W2900438384,W153595027
W2900438384,W1655784964
W2900438384,W1839056034
W2900438384,W2027760828
W2900438384,W2041121121
W2900438384,W2047994903
W2900438384,W2058543238
W2900438384,W2064136345
W2900438384,W2118607666
W2900438384,W2125910719
W2900438384,W2158875601
W2900438384,W2167066169
W2900438384,W2278339107
W2900438384,W2320899008
W2900438384,W2380542068
W2900438384,W2468258405
W2900438384,W2490977439
W2900438384,W2560429335
W2900438384,W2562983303
W2900438384,W2758994353
W2900438384,W2786450869
W2900438384,W4238215782
W2799914914,W128363437
W2799914914,W167948671
W2799914914,W812793520
W2799914914,W1971392238
W2799914914,W2474317503
W2799914914,W2626276769
W2799914914,W2791753912
W3016418421,W1908953056
W3016418421,W1977007664
W3016418421,W1984281348
W3016418421,W1988031976
W3016418421,W1997744527
W3016418421,W2007802578
W3016418421,W2013039323
W3016418421,W2021796188
W3016418421,W2029056124
W3016418421,W2032087125
W3016418421,W2040020508
W3016418421,W2041121121
W3016418421,W2048443216
W3016418421,W2054459286
W3016418421,W2064678494
W3016418421,W2074750468
W3016418421,W2095312086
W3016418421,W2121927366
W3016418421,W2128303427
W3016418421,W2133797163
W3016418421,W2151489780
W3016418421,W2154033160
W3016418421,W2157032736
W3016418421,W2160927393
W3016418421,W2226899078
W3016418421,W2299284748
W3016418421,W2314223843
W3016418421,W2529719565
W3016418421,W2544261385
W3016418421,W2771596738
W3016418421,W4242621561
W3016418421,W6689554483
W412097998,W1560946882
W412097998,W1607713866
W412097998,W1972463186
W412097998,W1982264772
W412097998,W1983348606
W412097998,W1997110426
W412097998,W2003879053
W412097998,W2028857061
W412097998,W2093849153
W412097998,W2108521506
W412097998,W2148654144
W412097998,W2165507463
W412097998,W2507917104
W2068054279,W1517387173
W2068054279,W1586624296
W2068054279,W1978270319
W2068054279,W1980561265
W2068054279,W2045114640
W2068054279,W2091784785
W2068054279,W2105055172
W2068054279,W2111197100
W2068054279,W2138269563
W2068054279,W2138478249
W2068054279,W2139598342
W2068054279,W2155635068
W2068054279,W4239603325
W2068054279,W4285719527
W1888262238,W1967595366
W1888262238,W1974170079
W1888262238,W1983998297
W1888262238,W2002010034
W1888262238,W2002041302
W1888262238,W2007992085
W1888262238,W2026343926
W1888262238,W2029403095
W1888262238,W4240734935
W1888262238,W6657101313
W4212894378,W624465380
W4212894378,W1504935443
W4212894378,W1574629238
W4212894378,W1597258139
W4212894378,W1970680563
W4212894378,W1980274578
W4212894378,W1980694603
W4212894378,W1981455444
W4212894378,W1985231929
W4212894378,W1990282485
W4212894378,W1994850709
W4212894378,W2001461756
W4212894378,W2017046354
W4212894378,W2026787474
W4212894378,W2030742234
W4212894378,W2038107928
W4212894378,W2058543238
W4212894378,W2058706019
W4212894378,W2060851700
W4212894378,W2089745666
W4212894378,W2098714234
W4212894378,W2102617558
W4212894378,W2120798975
W4212894378,W2124698660
W4212894378,W2125570765
W4212894378,W2184854514
W4212894378,W2220788890
W4212894378,W2302732052
W4212894378,W2345792697
W4212894378,W2560429335
W4212894378,W2738343302
W4212894378,W2738948243
W4212894378,W2742440020
W4212894378,W2773024834
W4212894378,W2790446951
W4212894378,W2792575828
W4212894378,W2841520486
W4212894378,W2913521326
W4212894378,W3003963609
W4212894378,W3005085113
W4212894378,W3008668671
W4212894378,W3033672056
W4212894378,W3036207587
W4212894378,W3049182323
W4212894378,W3127187336
W4212894378,W3185101575
W4212894378,W4233087053
W4212894378,W4234908646
W4212894378,W4246707260
W4212894378,W4246986769
W4212894378,W4248420834
W4212894378,W6600540020
W4212894378,W6741118765
W2963309261,W1513534766
W2963309261,W1518046314
W2963309261,W1998426307
W2963309261,W1998841934
W2963309261,W2002644089
W2963309261,W2013039323
W2963309261,W2026283576
W2963309261,W2035644337
W2963309261,W2037001540
W2963309261,W2045094646
W2963309261,W2054459286
W2963309261,W2074750468
W2963309261,W2116326246
W2963309261,W2133797163
W2963309261,W2271509354
W2963309261,W2546635522
W2963309261,W2582521406
W2963309261,W2741346289
W2963309261,W2771596738
W2963309261,W2804632400
W2963309261,W2899563586
W2963309261,W3123420076
W2963309261,W4230627298
W187194956,W123554387
W187194956,W1560144794
W187194956,W1759394199
W187194956,W1984873438
W187194956,W2011136722
W187194956,W2020721196
W187194956,W2103604870
W187194956,W2107626798
W3107964754,W60334069
W3107964754,W1547315291
W3107964754,W1993002202
W3107964754,W2000822906
W3107964754,W2038043168
W3107964754,W2042494379
W3107964754,W2045395947
W3107964754,W2058543238
W3107964754,W2139024465
W3107964754,W2142544480
W3107964754,W2211125321
W3107964754,W2215486668
W3107964754,W2306812926
W3107964754,W2345792697
W3107964754,W2468258405
W3107964754,W2555088007
W3107964754,W2605187745
W3107964754,W2758994353
W3107964754,W2764005569
W3107964754,W2911754830
W3107964754,W2912881048
W3107964754,W3006727248
W3107964754,W3014904044
W2773024834,W167948671
W2773024834,W1485305988
W2773024834,W1502818505
W2773024834,W2045094646
W2773024834,W2061425878
W2773024834,W2104617690
W2773024834,W2121752185
W2773024834,W2121802159
W2773024834,W2122313562
W2773024834,W2125570765
W2773024834,W2184854514
W2773024834,W2346131785
W2773024834,W2467899972
W2773024834,W2509398808
W2773024834,W4285719527
W2773024834,W6606706339
W2773024834,W6628861248
W2773024834,W6629874016
W1996793401,W1987861576
W1996793401,W2134654456
W2140258513,W1557496348
W2140258513,W1575829986
W2140258513,W1915495511
W2140258513,W1971398771
W2140258513,W1978777514
W2140258513,W1980514696
W2140258513,W1994345166
W2140258513,W2037001540
W2140258513,W2046315042
W2140258513,W2048548910
W2140258513,W2074156432
W2140258513,W2079702264
W2140258513,W2095929735
W2140258513,W2128178009
W2140258513,W2145674413
W2140258513,W4230549729
W2140258513,W4236414151
W2140258513,W4248670539
W2140258513,W4250008609
W2140258513,W4256399001
W4309791143,W1969293769
W4309791143,W2029667189
W4309791143,W2033197339
W4309791143,W2063304073
W4309791143,W2064675550
W4309791143,W2067031014
W4309791143,W2102449622
W4309791143,W2130479394
W4309791143,W2162166182
W4309791143,W2939610444
W4309791143,W2950374603
W4309791143,W2955138922
W4309791143,W2991477142
W4309791143,W3007643904
W4309791143,W3011400720
W4309791143,W3094829729
W4309791143,W3177828909
W4309791143,W3209573755
W4309791143,W4205563941
W4309791143,W4292508613
W2159330012,W1987733394
W2159330012,W1988165990
W2159330012,W1994435009
W2159330012,W2009730473
W2159330012,W2037557484
W2159330012,W2055762879
W2159330012,W2058799256
W2159330012,W2098619666
W2159330012,W2125672489
W2159330012,W2155417611
W3157071352,W1519388409
W3157071352,W1989016101
W3157071352,W2059075385
W3157071352,W2070176305
W3157071352,W2072628264
W3157071352,W2077707758
W3157071352,W2096042773
W3157071352,W2129488573
W3157071352,W2138098672
W3157071352,W2153692424
W3157071352,W2280386867
W3157071352,W2502448385
W3157071352,W2768450324
W3157071352,W2909587423
W3157071352,W2943305677
W3157071352,W2973413581
W2744181172,W1537887111
W2744181172,W1965327601
W2744181172,W1968316532
W2744181172,W1991139021
W2744181172,W2041121121
W2744181172,W2299284748
W2744181172,W2513927534
W2744181172,W2593649045
W2117820411,W2015833509
W2117820411,W2120240177
W2117820411,W2147992783
W2117820411,W3171077326
W1528003425,W99879125
W1528003425,W140020327
W1528003425,W1513534766
W1528003425,W1518046314
W1528003425,W1568263626
W1528003425,W1964538581
W1528003425,W1973746598
W1528003425,W1979846720
W1528003425,W1982264772
W1528003425,W1984281348
W1528003425,W2013020033
W1528003425,W2026000422
W1528003425,W2065946851
W1528003425,W2077424377
W1528003425,W2089441678
W1528003425,W2133797163
W1528003425,W2148424251
W2807741105,W1536826708
W2807741105,W1556850597
W2807741105,W1796377598
W2807741105,W1817166299
W2807741105,W1984472908
W2807741105,W2148119561
W2807741105,W2263231366
W2807741105,W2401907668
W2807741105,W2592535545
W2807741105,W2780310278
W2807741105,W6681657202
W2807741105,W6713187323
W1604602644,W13843506
W1604602644,W69091869
W1604602644,W83866079
W1604602644,W1485782681
W1604602644,W2091784785
W1604602644,W2106588364
W1604602644,W2118489710
W1604602644,W2167983404
W1604602644,W2171373347
W1604602644,W2319794630
W1604602644,W2603310600
W2211533131,W1182186001
W2211533131,W1215132044
W2211533131,W1765238573
W2211533131,W1790936560
W2211533131,W2037001540
W2211533131,W2041121121
W2211533131,W2073980376
W2211533131,W2074946636
W2211533131,W2115460221
W2211533131,W2184854514
W2211533131,W2204026420
W2211533131,W2235031008
W2211533131,W2618037547
W2472482282,W1992476469
W2472482282,W2021796188
W2472482282,W2045094646
W2472482282,W2184854514
W2472482282,W2294927243
W2472482282,W2342039739
W2472482282,W2344419641
W2472482282,W2346164293
W2472482282,W2397925409
W2472482282,W2618037547
W2472482282,W2784911068
W2472482282,W4245838028
W2472482282,W4251060490
W2032754165,W102267855
W2032754165,W138579575
W2032754165,W164159772
W2032754165,W178254092
W2032754165,W1498791409
W2032754165,W1547734217
W2032754165,W1565234656
W2032754165,W1997062464
W2032754165,W1999906123
W2032754165,W2138866747
W2032754165,W2142596912
W2032754165,W2144546471
W2032754165,W2171834532
W2032754165,W2342317837
W1491899529,W189172639
W1491899529,W1528027857
W1491899529,W1557871352
W1491899529,W1964538581
W1491899529,W1969105061
W1491899529,W1982677985
W1491899529,W2006128682
W1491899529,W2037001540
W1491899529,W2043843997
W1491899529,W2104166306
W1491899529,W2128178009
W1491899529,W2171834532
W1491899529,W2912596165
W2903090875,W1595643407
W2903090875,W1862665565
W2903090875,W1964728044
W2903090875,W1978434525
W2903090875,W2010927954
W2903090875,W2036091596
W2903090875,W2041121121
W2903090875,W2063636323
W2903090875,W2124490600
W2903090875,W2141740050
W2903090875,W2283562276
W2903090875,W2394662735
W2903090875,W2404460166
W2903090875,W2471915850
W2903090875,W2472901858
W2903090875,W2520506264
W2903090875,W2550159954
W2903090875,W2625715867
W2512672180,W1557554459
W2512672180,W1575206345
W2512672180,W1585313616
W2512672180,W1586624296
W2512672180,W1594043684
W2512672180,W1956538804
W2512672180,W1980376504
W2512672180,W2037001540
W2512672180,W2063191101
W2512672180,W2069780699
W2512672180,W2117678320
W2512672180,W2118889375
W2512672180,W2119480063
W2512672180,W2131090193
W2512672180,W2171834532
W2267158555,W2137740195
W3012133597,W91982835
W3012133597,W1885639605
W3012133597,W1968846988
W3012133597,W1990282485
W3012133597,W2008886640
W3012133597,W2012335827
W3012133597,W2041121121
W3012133597,W2050579567
W3012133597,W2058543238
W3012133597,W2118946041
W3012133597,W2137237530
W3012133597,W2168828075
W3012133597,W2179427518
W3012133597,W2319700677
W3012133597,W2342521515
W3012133597,W2490977439
W3012133597,W2549120448
W3012133597,W2598797789
W3012133597,W2804228033
W3012133597,W2912881048
W3012133597,W4239127880
W2317125429,W41886624
W2317125429,W88727532
W2317125429,W141207001
W2317125429,W148410407
W2317125429,W192548246
W2317125429,W1529060346
W2317125429,W1538854818
W2317125429,W1799884102
W2317125429,W1950736173
W2317125429,W1965166267
W2317125429,W1966365432
W2317125429,W2000472550
W2317125429,W2007180964
W2317125429,W2101725632
W2317125429,W2122437005
W2317125429,W2179427518
W2317125429,W2233607055
W2317125429,W2354687646
W2317125429,W2600623200
W2317125429,W2601157883
W2317125429,W2603285822
W107411382,W182126549
W107411382,W2066584470
W107411382,W2072785492
W107411382,W2077486936
W107411382,W2108848067
W107411382,W2146948159
W107411382,W2148119561
W107411382,W2151802019
W107411382,W2152087807
W107411382,W2160109669
W107411382,W2251985815
W107411382,W2401907668
W107411382,W2495151487
W107411382,W2534935070
W107411382,W3098623617
W2754910808,W1532190000
W2754910808,W1537887111
W2754910808,W1556873952
W2754910808,W1882154482
W2754910808,W1965327601
W2754910808,W1968316532
W2754910808,W1980694603
W2754910808,W1987658595
W2754910808,W1989016101
W2754910808,W1990301679
W2754910808,W2026170203
W2754910808,W2042782373
W2754910808,W2053456338
W2754910808,W2094065989
W2754910808,W2129111495
W2754910808,W2168831295
W2754910808,W2588829302
W2754910808,W2593649045
W2754910808,W2738343302
W3144610597,W4427264
W3144610597,W120868933
W3144610597,W1550840327
W3144610597,W1575829986
W3144610597,W1774839024
W3144610597,W1915495511
W3144610597,W1971398771
W3144610597,W1978777514
W3144610597,W2027523423
W3144610597,W2046315042
W3144610597,W2079702264
W3144610597,W2090620633
W3144610597,W2092084522
W3144610597,W2095239018
W3144610597,W2151268880
W3144610597,W2914697353
W3144610597,W3001036246
W2894384264,W137308882
W2894384264,W1583788972
W2894384264,W1977847827
W2894384264,W1985737286
W2894384264,W1989016101
W2894384264,W1989274999
W2894384264,W1991237363
W2894384264,W2053456338
W2894384264,W2064546004
W2894384264,W2072500831
W2894384264,W2096457720
W2894384264,W2128178009
W2894384264,W2129488573
W2894384264,W2129504844
W2894384264,W2134598164
W2894384264,W2151268880
W2894384264,W2151794956
W2894384264,W2153692424
W2894384264,W2162191950
W2894384264,W2190577106
W2894384264,W2418682818
W2894384264,W2549214777
W2894384264,W2620916946
W2894384264,W2621231483
W2894384264,W2768026895
W2894384264,W2797400727
W2894384264,W4233416683
W2894384264,W4240553276
W4318045047,W143260562
W4318045047,W624465380
W4318045047,W884650706
W4318045047,W2028880259
W4318045047,W2032337854
W4318045047,W2035486824
W4318045047,W2037001540
W4318045047,W2041121121
W4318045047,W2072785492
W4318045047,W2117023458
W4318045047,W2174558933
W4318045047,W2184854514
W4318045047,W2215437196
W4318045047,W2904802400
W4318045047,W3004426103
W4318045047,W3045568791
W4318045047,W3078797493
W4318045047,W3206887774
W4318045047,W4283021697
W4318045047,W4283722419
W4318045047,W6630002413
W4318045047,W6631563805
W4318045047,W6697286127
W4318045047,W7043575881
W4398143851,W1999188026
W4398143851,W2008708467
W4398143851,W2029667189
W4398143851,W2037001540
W4398143851,W2073086978
W4398143851,W2122570878
W4398143851,W2128940305
W4398143851,W4213362395
W2087517605,W2059957416
W2087517605,W2242279449
W2810655659,W21347096
W2810655659,W90818485
W2810655659,W142943847
W2810655659,W167948671
W2810655659,W605263502
W2810655659,W607096944
W2810655659,W1500910854
W2810655659,W1502148365
W2810655659,W1503135079
W2810655659,W1513934811
W2810655659,W1527457427
W2810655659,W1527935828
W2810655659,W1532335443
W2810655659,W1536258620
W2810655659,W1567866491
W2810655659,W1575829986
W2810655659,W1576420969
W2810655659,W1597457948
W2810655659,W1748744376
W2810655659,W1858862969
W2810655659,W1939733999
W2810655659,W1950736173
W2810655659,W1964705252
W2810655659,W1968008571
W2810655659,W1968060331
W2810655659,W1978122678
W2810655659,W1986550610
W2810655659,W1986595194
W2810655659,W1987628598
W2810655659,W1990746512
W2810655659,W1992160271
W2810655659,W2000459129
W2810655659,W2001478204
W2810655659,W2004603793
W2810655659,W2008942963
W2810655659,W2009589468
W2810655659,W2014937798
W2810655659,W2016687108
W2810655659,W2035486824
W2810655659,W2043220715
W2810655659,W2048701323
W2810655659,W2050896993
W2810655659,W2051926282
W2810655659,W2052417512
W2810655659,W2059819740
W2810655659,W2060880824
W2810655659,W2075583053
W2810655659,W2077486936
W2810655659,W2091784785
W2810655659,W2094906616
W2810655659,W2096042773
W2810655659,W2100833175
W2810655659,W2107019937
W2810655659,W2115577577
W2810655659,W2118489710
W2810655659,W2126052372
W2810655659,W2126197241
W2810655659,W2131657873
W2810655659,W2132049932
W2810655659,W2137260886
W2810655659,W2137526265
W2810655659,W2141385588
W2810655659,W2151802019
W2810655659,W2154393540
W2810655659,W2155172052
W2810655659,W2156897173
W2810655659,W2171545112
W2810655659,W2171678418
W2810655659,W2184854514
W2810655659,W2219590493
W2810655659,W2251410821
W2810655659,W2259765076
W2810655659,W2269086507
W2810655659,W2277301908
W2810655659,W2290743373
W2810655659,W2323903101
W2810655659,W2337365192
W2810655659,W2342321971
W2810655659,W2395822350
W2810655659,W2406029310
W2810655659,W2482049660
W2810655659,W2518542036
W2810655659,W2549968089
W2810655659,W2594321329
W2810655659,W2616880359
W2810655659,W2681842599
W2810655659,W2751259691
W2810655659,W2796695613
W2810655659,W2964368400
W2810655659,W3081607173
W2810655659,W3110909889
W2810655659,W3117910667
W2810655659,W4210890610
W2810655659,W4231563569
W2810655659,W4236690658
W2810655659,W4239603325
W2810655659,W4243093309
W2810655659,W4245967894
W2810655659,W4252497458
W2810655659,W4256399001
W2810655659,W4285719527
W2810655659,W4292931341
W2899919357,W1558643881
W2899919357,W1607781014
W2899919357,W1922152898
W2899919357,W1967120336
W2899919357,W1967713917
W2899919357,W2027078638
W2899919357,W2040020508
W2899919357,W2054459286
W2899919357,W2077651288
W2899919357,W2110831185
W2899919357,W2114894207
W2899919357,W2133797163
W2899919357,W2319700677
W4385720390,W1998515403
W4385720390,W2117023458
W4385720390,W2119480063
W4385720390,W2184854514
W4385720390,W2466158603
W4385720390,W2536229134
W4385720390,W2782898451
W4385720390,W2897986294
W4385720390,W2904802400
W4385720390,W4246406755
W4385720390,W4292199645
W4385720390,W4312525752
W4385720390,W6630108217
W4385720390,W6635221841
W4385720390,W6697286127
W4385720390,W6727785822
W4385720390,W7033147448
W4385720390,W7043575881
W768993479,W102267855
W768993479,W138579575
W768993479,W164159772
W768993479,W196332160
W768993479,W1487212816
W768993479,W1494662055
W768993479,W1498791409
W768993479,W1510060937
W768993479,W1522563648
W768993479,W1547734217
W768993479,W1549940068
W768993479,W1552481752
W768993479,W1553887387
W768993479,W1565234656
W768993479,W1569827162
W768993479,W1575206345
W768993479,W1577231857
W768993479,W1581848821
W768993479,W1594168327
W768993479,W1606839594
W768993479,W1799884102
W768993479,W1964538581
W768993479,W1977422919
W768993479,W1977703546
W768993479,W1989016101
W768993479,W1991139021
W768993479,W1997062464
W768993479,W2006144938
W768993479,W2013020033
W768993479,W2021421911
W768993479,W2026283576
W768993479,W2031865865
W768993479,W2037814094
W768993479,W2043843997
W768993479,W2045343445
W768993479,W2052855523
W768993479,W2056725642
W768993479,W2059075385
W768993479,W2059340443
W768993479,W2062170755
W768993479,W2100811130
W768993479,W2103095385
W768993479,W2106061280
W768993479,W2106325442
W768993479,W2108668360
W768993479,W2132050867
W768993479,W2135080377
W768993479,W2138866747
W768993479,W2139138427
W768993479,W2142596912
W768993479,W2144546471
W768993479,W2154033160
W768993479,W2171834532
W768993479,W2172059270
W768993479,W2241211221
W768993479,W2340839366
W768993479,W2342317837
W768993479,W2466517928
W768993479,W2752491485
W768993479,W2970850616
W2971127089,W1498714368
W2971127089,W1521847617
W2971127089,W1532726409
W2971127089,W1534547368
W2971127089,W1572460559
W2971127089,W1607743512
W2971127089,W1823329909
W2971127089,W1901546569
W2971127089,W1986521970
W2971127089,W1987439446
W2971127089,W1994477474
W2971127089,W2006497447
W2971127089,W2020344772
W2971127089,W2023986414
W2971127089,W2027867296
W2971127089,W2067736313
W2971127089,W2093183881
W2971127089,W2105055172
W2971127089,W2111197100
W2971127089,W2137526265
W2971127089,W2138199375
W2971127089,W2144823142
W2971127089,W2150085383
W2971127089,W2184854514
W2971127089,W2289293720
W2971127089,W2536794285
W2971127089,W2598154185
W2971127089,W2618037547
W2971127089,W2898557974
W2971127089,W3016825603
W2971127089,W4235182342
W2971127089,W4285719527
W2971127089,W4298366219
W1594450222,W7250848
W1594450222,W45011409
W1594450222,W51043520
W1594450222,W69473232
W1594450222,W118035301
W1594450222,W130543029
W1594450222,W167948671
W1594450222,W187194956
W1594450222,W392012835
W1594450222,W778850012
W1594450222,W989926022
W1594450222,W1482297266
W1594450222,W1502818505
W1594450222,W1533878625
W1594450222,W1548659396
W1594450222,W1556530441
W1594450222,W1559415583
W1594450222,W1574709763
W1594450222,W1608651402
W1594450222,W1628342349
W1594450222,W1845062044
W1594450222,W1966146251
W1594450222,W1968258124
W1594450222,W1970028090
W1594450222,W2001461756
W1594450222,W2003840516
W1594450222,W2007697407
W1594450222,W2012297616
W1594450222,W2021446056
W1594450222,W2033190454
W1594450222,W2037001540
W1594450222,W2048443216
W1594450222,W2060205462
W1594450222,W2065932508
W1594450222,W2072206615
W1594450222,W2076691609
W1594450222,W2089441678
W1594450222,W2091784785
W1594450222,W2119480063
W1594450222,W2120080899
W1594450222,W2123900698
W1594450222,W2133564221
W1594450222,W2133940321
W1594450222,W2134314161
W1594450222,W2135386751
W1594450222,W2144487539
W1594450222,W2153314286
W1594450222,W2154033160
W1594450222,W2188171783
W1594450222,W2396671154
W1594450222,W2515805897
W1594450222,W2521024927
W1594450222,W2530638482
W1594450222,W2601346836
W1594450222,W2625150345
W1594450222,W2771677576
W1594450222,W3016333344
W3020522103,W2037001540
W3020522103,W2184854514
W3020522103,W2472482282
W3020522103,W2964920197
W3020522103,W2972871164
W3020522103,W2995817536
W3020522103,W3005085113
W3020522103,W3008668671
W3020522103,W3014101195
W2971101646,W167948671
W2971101646,W190966408
W2971101646,W2019267991
W2971101646,W2068084117
W2971101646,W2095929735
W2971101646,W2125570765
W2971101646,W2129504844
W2971101646,W2137526265
W2971101646,W2143726991
W2971101646,W2606064217
W2971101646,W2620916946
W2971101646,W2761132292
W2971101646,W2894384264
W2971101646,W2913521326
W2971101646,W2922315556
W2971101646,W2967626278
W2514685340,W121667401
W2514685340,W1599105370
W2514685340,W1953090334
W2514685340,W2118320651
W2514685340,W2128067424
W2514685340,W2173697697
W2514685340,W2586400180
W2301092961,W1551925143
W2301092961,W1578098435
W2301092961,W1580377017
W2301092961,W1965695790
W2301092961,W1971556657
W2301092961,W1984697832
W2301092961,W1987274474
W2301092961,W1987408817
W2301092961,W1987591618
W2301092961,W1989274999
W2301092961,W2009198914
W2301092961,W2010196912
W2301092961,W2031347071
W2301092961,W2037001540
W2301092961,W2041768030
W2301092961,W2052114876
W2301092961,W2064651181
W2301092961,W2087484885
W2301092961,W2095929735
W2301092961,W2122790853
W2301092961,W2122989064
W2301092961,W2128178009
W2301092961,W2137526265
W2301092961,W2160433250
W2301092961,W2168831295
W2301092961,W2184854514
W2301092961,W2208213853
W2301092961,W2340383253
W2301092961,W2416112991
W2301092961,W2416677955
W2122920626,W1559305623
W2122920626,W1560144794
W2122920626,W2037001540
W2122920626,W2155414356
W2122920626,W2319794630
W2055997450,W1460401339
W2055997450,W1488559003
W2055997450,W1491882993
W2055997450,W1581848821
W2055997450,W1980799693
W2055997450,W1997836753
W2055997450,W2002271909
W2055997450,W2003313743
W2055997450,W2009896906
W2055997450,W2025423860
W2055997450,W2034554526
W2055997450,W2038684692
W2055997450,W2045030470
W2055997450,W2062690590
W2055997450,W2072813844
W2055997450,W2085596355
W2055997450,W2094924665
W2055997450,W2108668360
W2055997450,W2133797163
W2055997450,W2139190150
W2055997450,W2148329528
W2055997450,W4285719527
W2168510788,W1499933681
W2168510788,W1518770379
W2168510788,W1523532444
W2168510788,W1550840327
W2168510788,W1575829986
W2168510788,W1915495511
W2168510788,W2020727054
W2168510788,W2037001540
W2168510788,W2053456338
W2168510788,W2091784785
W2168510788,W2095929735
W2168510788,W2140258513
W2168510788,W2163520596
W2168510788,W2343900332
W2168510788,W2914697353
W2168510788,W4237443216
W2168510788,W4239603325
W2168510788,W4242608241
W2168510788,W4245967894
W2168510788,W4253515609
W2168510788,W4256399001
W4224255674,W167948671
W4224255674,W1532726409
W4224255674,W1572019598
W4224255674,W1973829499
W4224255674,W1994477474
W4224255674,W2023986414
W4224255674,W2041121121
W4224255674,W2093183881
W4224255674,W2123442640
W4224255674,W2144823142
W4224255674,W2155601490
W4224255674,W2289293720
W4224255674,W2322255606
W4224255674,W2522639033
W4224255674,W2529275262
W4224255674,W2536794285
W4224255674,W2615708997
W4224255674,W2795609262
W4224255674,W2798571922
W4224255674,W2899440314
W4224255674,W2902894080
W4224255674,W2946089718
W4224255674,W2965150687
W4224255674,W3125610818
W4224255674,W4298210108
W3173912767,W1499933681
W3173912767,W1566660863
W3173912767,W1575829986
W3173912767,W1576420969
W3173912767,W1593337933
W3173912767,W1988082944
W3173912767,W1993220186
W3173912767,W1994441409
W3173912767,W2004088673
W3173912767,W2007992085
W3173912767,W2012510869
W3173912767,W2013020033
W3173912767,W2023942272
W3173912767,W2031865865
W3173912767,W2037001540
W3173912767,W2051620101
W3173912767,W2053903592
W3173912767,W2059314169
W3173912767,W2079080230
W3173912767,W2086912078
W3173912767,W2110794031
W3173912767,W2133589238
W3173912767,W2169637730
W3173912767,W2314093495
W3173912767,W2316944851
W3173912767,W2320263333
W3173912767,W2332748509
W3173912767,W2345739896
W3173912767,W3110196125
W2973818182,W1976082752
W2973818182,W2048254319
W2973818182,W2530548113
W2973818182,W2782758532
W2021796188,W9119819
W2021796188,W167948671
W2021796188,W2045094646
W2021796188,W2128026023
W2021796188,W2184854514
W2021796188,W4251060490
W2021796188,W6606706339
W1561285418,W9697418
W1561285418,W167331078
W1561285418,W1500021736
W1561285418,W1535516115
W1561285418,W1999247002
W1561285418,W2006128682
W1561285418,W2034391172
W1561285418,W2074032036
W1561285418,W2091784785
W1561285418,W2096905586
W1561285418,W2099783414
W1561285418,W2119480063
W1561285418,W2140258513
W1561285418,W2149658184
W3096648358,W2008691804
W3096648358,W2064675550
W3096648358,W2118320651
W3096648358,W2122848099
W3096648358,W2128495200
W3096648358,W2140788346
W3096648358,W2963223223
W4320884152,W2122313562
W4320884152,W2184854514
W4320884152,W6631563805
W143061200,W2265745
W143061200,W1986921898
W143061200,W2049833070
W143061200,W2052471278
W143061200,W2058004561
W143061200,W2105372391
W143061200,W2137784590
W143061200,W2739206525
W143061200,W4285719527
W2326169873,W128363437
W2326169873,W1599105370
W2326169873,W2011423846
W2326169873,W2015153621
W2326169873,W2019208349
W2326169873,W2045094646
W2326169873,W2051981399
W2326169873,W2137526265
W2326169873,W2156366082
W2326169873,W2184854514
W2326169873,W2983958770
W2326169873,W4233172959
W2117773238,W583799156
W2117773238,W1975594003
W2117773238,W1983188187
W2117773238,W2184854514
W2295995918,W167948671
W2295995918,W608859576
W2295995918,W1434182508
W2295995918,W1483288638
W2295995918,W1502148365
W2295995918,W1532335443
W2295995918,W1968008571
W2295995918,W2001478204
W2295995918,W2046123750
W2295995918,W2066584470
W2295995918,W2072785492
W2295995918,W2108848067
W2295995918,W2117489410
W2295995918,W2151802019
W2295995918,W2183898009
W2295995918,W2184854514
W2295995918,W2229376303
W2295995918,W2290743373
W2295995918,W2317386813
W3199695506,W1527457427
W3199695506,W1572665971
W3199695506,W1976082752
W3199695506,W1995875735
W3199695506,W2080028306
W3199695506,W2088955376
W3199695506,W2094906616
W3199695506,W2104617690
W3199695506,W2136522326
W3199695506,W2137526265
W3199695506,W2138236785
W3199695506,W2141340645
W3199695506,W2149315699
W3199695506,W2151905266
W3199695506,W2157289187
W3199695506,W2166475603
W3199695506,W2184854514
W3199695506,W2485630716
W3199695506,W2505364441
W3199695506,W2514254236
W3199695506,W2536229134
W3199695506,W2609429672
W3199695506,W2899563586
W3199695506,W3089575237
W3199695506,W3163489024
W3199695506,W3199695506
W3199695506,W4248420834
W2758994353,W167948671
W2758994353,W1547315291
W2758994353,W1567878530
W2758994353,W1573523614
W2758994353,W1717486659
W2758994353,W1914753470
W2758994353,W1976082752
W2758994353,W1997744527
W2758994353,W2000822906
W2758994353,W2001461756
W2758994353,W2005232126
W2758994353,W2006838581
W2758994353,W2012374187
W2758994353,W2019065296
W2758994353,W2042494379
W2758994353,W2046937901
W2758994353,W2058543238
W2758994353,W2083375777
W2758994353,W2124490600
W2758994353,W2134412455
W2758994353,W2142544480
W2758994353,W2184854514
W2758994353,W2326722974
W2758994353,W2395018040
W2758994353,W2409386862
W2758994353,W2604543658
W2758994353,W6632684176
W2758994353,W6634110172
W2758994353,W6678284203
W2758994353,W6714488918
W2758994353,W6850408245
W2758994353,W7023701770
W2503608423,W2034768418
W2503608423,W2067457993
W2897278185,W1499933681
W2897278185,W1596196963
W2897278185,W1967888462
W2897278185,W1969442075
W2897278185,W1973180725
W2897278185,W2007221293
W2897278185,W2010760790
W2897278185,W2012238473
W2897278185,W2041827080
W2897278185,W2046507154
W2897278185,W2051356150
W2897278185,W2061554433
W2897278185,W2061586628
W2897278185,W2105637237
W2897278185,W2106822551
W2897278185,W2111380916
W2897278185,W2118849485
W2897278185,W2121307982
W2897278185,W2127695393
W2897278185,W2149095746
W2897278185,W2160338488
W2897278185,W2194731015
W2897278185,W2427551199
W2897278185,W2563455099
W2897278185,W2598094903
W2897278185,W2779895865
W2897278185,W3106889297
W2897278185,W3165898261
W2897278185,W4252684946
W4283757948,W167948671
W4283757948,W2013039323
W4283757948,W2023772589
W4283757948,W2040020508
W4283757948,W2041121121
W4283757948,W2054459286
W4283757948,W2090601654
W4283757948,W2184854514
W4283757948,W2332691635
W4283757948,W2569299383
W4283757948,W2589688792
W4283757948,W2625715867
W4283757948,W2887465914
W4283757948,W2899919357
W4283757948,W2964371734
W4283757948,W3033600316
W4283757948,W3162917476
W4283757948,W3182879190
W4283757948,W3198656788
W4283757948,W4220849832
W4283757948,W4242971030
W2599773616,W167948671
W2599773616,W624465380
W2599773616,W639323477
W2599773616,W1253821352
W2599773616,W1505491859
W2599773616,W1585313616
W2599773616,W1801878374
W2599773616,W1980859038
W2599773616,W1987302113
W2599773616,W2002644089
W2599773616,W2025791332
W2599773616,W2031317277
W2599773616,W2046254084
W2599773616,W2082373127
W2599773616,W2089123859
W2599773616,W2089441678
W2599773616,W2100882917
W2599773616,W2103428456
W2599773616,W2119322603
W2599773616,W2128495200
W2599773616,W2137526265
W2599773616,W2151727950
W2599773616,W2157289187
W2599773616,W2184854514
W2599773616,W2200220262
W2599773616,W2479038263
W2599773616,W6780584328
W2090601654,W117350066
W2090601654,W624465380
W2090601654,W1505096505
W2090601654,W1506986435
W2090601654,W1549233284
W2090601654,W1590946104
W2090601654,W1624652969
W2090601654,W1882385262
W2090601654,W1933704425
W2090601654,W1967114222
W2090601654,W1985360558
W2090601654,W1989016101
W2090601654,W1996225046
W2090601654,W2020721196
W2090601654,W2031312187
W2090601654,W2049485428
W2090601654,W2057978450
W2090601654,W2077693798
W2090601654,W2093326412
W2090601654,W2099252350
W2090601654,W2122437005
W2090601654,W2131476766
W2090601654,W2134632849
W2090601654,W2149683870
W2090601654,W2169036685
W2090601654,W2171688791
W2090601654,W2582521406
W2090601654,W2755167596
W2598958494,W12144851
W2598958494,W129285217
W2598958494,W1502818505
W2598958494,W1533878625
W2598958494,W1845062044
W2598958494,W1991849198
W2118649186,W167948671
W2118649186,W2001461756
W2118649186,W2004911337
W2118649186,W2021694194
W2118649186,W2099561134
W2118649186,W2124490600
W2118649186,W2292300730
W2166789517,W65833265
W2166789517,W1987177365
W2166789517,W2013039323
W2166789517,W2015833509
W2166789517,W2019065296
W2166789517,W2049845852
W2166789517,W2067083952
W2166789517,W2104617690
W2166789517,W2144865115
W2166789517,W2148465050
W2166789517,W2158685692
W2166789517,W2168440500
W4392222756,W1502148365
W4392222756,W1521847617
W4392222756,W1590947159
W4392222756,W1901546569
W4392222756,W1976858987
W4392222756,W1978434525
W4392222756,W1992743299
W4392222756,W2009198914
W4392222756,W2011301426
W4392222756,W2014921255
W4392222756,W2018310331
W4392222756,W2018706238
W4392222756,W2029604321
W4392222756,W2041121121
W4392222756,W2051390054
W4392222756,W2061425878
W4392222756,W2068708830
W4392222756,W2071097422
W4392222756,W2071511860
W4392222756,W2073800769
W4392222756,W2089021295
W4392222756,W2093183881
W4392222756,W2104617690
W4392222756,W2111197100
W4392222756,W2125444231
W4392222756,W2137102534
W4392222756,W2138199375
W4392222756,W2140591843
W4392222756,W2161133721
W4392222756,W2168851722
W4392222756,W2197148580
W4392222756,W2221802908
W4392222756,W2466158603
W4392222756,W2529275262
W4392222756,W2546509545
W4392222756,W2563824483
W4392222756,W2615876895
W4392222756,W2795609262
W4392222756,W2805305763
W4392222756,W2857065457
W4392222756,W2884091473
W4392222756,W2886865485
W4392222756,W2894066053
W4392222756,W2910035750
W4392222756,W2912881048
W4392222756,W2946089718
W4392222756,W2948894190
W4392222756,W2964634704
W4392222756,W2965150687
W4392222756,W2966356272
W4392222756,W2971127089
W4392222756,W2981763992
W4392222756,W3024620362
W4392222756,W3091543479
W4392222756,W3140504487
W4392222756,W3152441428
W4392222756,W3154541901
W4392222756,W3175819408
W4392222756,W3198656788
W4392222756,W3205632492
W4392222756,W3206479251
W4392222756,W4205563941
W4392222756,W4220970479
W4392222756,W4224992944
W4392222756,W4233768561
W4392222756,W4235075455
W4392222756,W4235311325
W4392222756,W4245732064
W4392222756,W4253728868
W4392222756,W4254949989
W4392222756,W4256270747
W4392222756,W4283021697
W4392222756,W4318045047
W4392222756,W4366548861
W4392222756,W4387543538
W4392222756,W4387644990
W4392222756,W4387644994
W4392222756,W4387645014
W4392222756,W6945283510
W4392222756,W6949693590
W2957880271,W1971556657
W2957880271,W1984697832
W2957880271,W2009198914
W2957880271,W2020991929
W2957880271,W2052114876
W2957880271,W2068574390
W2957880271,W2087484885
W2957880271,W2094065989
W2957880271,W2095929735
W2957880271,W2130567699
W2957880271,W2143762787
W2957880271,W2168831295
W2957880271,W2208213853
W2957880271,W2301092961
W2957880271,W2339867409
W2957880271,W2340383253
W2957880271,W2416112991
W2957880271,W2761132292
W2560752920,W1544338826
W2560752920,W1586624296
W2560752920,W1801878374
W2560752920,W1987061880
W2560752920,W1987523869
W2560752920,W2010494968
W2560752920,W2051142527
W2560752920,W2070860675
W2560752920,W2076966025
W2560752920,W2097418373
W2560752920,W2108297840
W2560752920,W2109688080
W2560752920,W2149512138
W2560752920,W2184854514
W2560752920,W2618037547
W1827347067,W354426099
W1827347067,W1595581172
W1827347067,W2030474329
W1827347067,W2096042773
W1827347067,W2122191995
W1827347067,W2124074613
W1827347067,W2130461445
W1827347067,W2137247190
W1827347067,W2142544480
W1827347067,W2156220398
W1827347067,W2157289187
W1827347067,W2168383416
W1827347067,W2292300730
W1827347067,W2338290034
W2045195091,W624465380
W2045195091,W1497286318
W2045195091,W1535516115
W2045195091,W1557496348
W2045195091,W1561285418
W2045195091,W1967487948
W2045195091,W1973213502
W2045195091,W1973641371
W2045195091,W1994345166
W2045195091,W1999247002
W2045195091,W2003840516
W2045195091,W2006128682
W2045195091,W2025791332
W2045195091,W2034391172
W2045195091,W2035736211
W2045195091,W2037001540
W2045195091,W2043143027
W2045195091,W2044140042
W2045195091,W2050973981
W2045195091,W2053456338
W2045195091,W2062029950
W2045195091,W2063052894
W2045195091,W2074032036
W2045195091,W2091784785
W2045195091,W2094136133
W2045195091,W2095929735
W2045195091,W2096905586
W2045195091,W2099783414
W2045195091,W2110171129
W2045195091,W2119480063
W2045195091,W2128178009
W2045195091,W2138098672
W2045195091,W2147851174
W2045195091,W2149658184
W2045195091,W2150519206
W2045195091,W2151268880
W2045195091,W2157289187
W2045195091,W2495214509
W2045195091,W2582521406
W2045195091,W4239603325
W2045195091,W4253515609
W3033672056,W2037001540
W3033672056,W2137526265
W3033672056,W2184854514
W3033672056,W2912881048
W3033672056,W7043575881
W2001478204,W6854706
W2001478204,W651070295
W2001478204,W1522070413
W2001478204,W1553424343
W2001478204,W1581350311
W2001478204,W1585231348
W2001478204,W1586670667
W2001478204,W1984314602
W2001478204,W1986677882
W2001478204,W2015101847
W2001478204,W2036800980
W2001478204,W2061687336
W2001478204,W2072785492
W2001478204,W2078265833
W2001478204,W2100833175
W2001478204,W2111197100
W2001478204,W2114657100
W2001478204,W2115577577
W2001478204,W2118489710
W2001478204,W2126197241
W2001478204,W2128673355
W2001478204,W2134079826
W2001478204,W2143122004
W2001478204,W2146939832
W2001478204,W2162703728
W2001478204,W2169637730
W2001478204,W2184854514
W2001478204,W2328745383
W2001478204,W2341369563
W2001478204,W2345739896
W2001478204,W2579555219
W2001478204,W2619575161
W2001478204,W2987353323
W2001478204,W4285719527
W2001478204,W4289886303
W2001478204,W4300838235
W2339867409,W1551925143
W2339867409,W1668218310
W2339867409,W1980514696
W2339867409,W1984697832
W2339867409,W1987274474
W2339867409,W1987408817
W2339867409,W1989274999
W2339867409,W2008196626
W2339867409,W2009198914
W2339867409,W2010196912
W2339867409,W2046603149
W2339867409,W2053456338
W2339867409,W2095929735
W2339867409,W2111422793
W2339867409,W2113235547
W2339867409,W2128178009
W2339867409,W2129504844
W2339867409,W2131920995
W2339867409,W2147851174
W2339867409,W2150674874
W2339867409,W2154559400
W2339867409,W2160433250
W2339867409,W2168831295
W2339867409,W2184854514
W2339867409,W2208213853
W2339867409,W2340383253
W2339867409,W2416112991
W2339867409,W4250008609
W2339867409,W7043575881
W2104391745,W1560144794
W2104391745,W1596196963
W2104391745,W2130228586
W2104391745,W2138754805
W2600882327,W1581848821
W2600882327,W1978827725
W2600882327,W2052216394
W2600882327,W2080303533
W2600882327,W2102757824
W2600882327,W2139306958
W2600882327,W2151905266
W2600882327,W2157289187
W2600882327,W4245967894
W2600882327,W4245990317
W1781071671,W24894039
W1781071671,W110427202
W1781071671,W151432447
W1781071671,W176618896
W1781071671,W181928558
W1781071671,W275041745
W1781071671,W1482101826
W1781071671,W1506395192
W1781071671,W1521296817
W1781071671,W1521634345
W1781071671,W1524940219
W1781071671,W1542425463
W1781071671,W1551337636
W1781071671,W1553723287
W1781071671,W1557496348
W1781071671,W1562817185
W1781071671,W1577231857
W1781071671,W1586624296
W1781071671,W1595614466
W1781071671,W1649645444
W1781071671,W1677705107
W1781071671,W1791587663
W1781071671,W1802760973
W1781071671,W1824194814
W1781071671,W1882385262
W1781071671,W1933704425
W1781071671,W1964077143
W1781071671,W1964538581
W1781071671,W1980775907
W1781071671,W1984314602
W1781071671,W1985207412
W1781071671,W1989016101
W1781071671,W1991139021
W1781071671,W1996318579
W1781071671,W2011290600
W1781071671,W2018679040
W1781071671,W2025163386
W1781071671,W2032899567
W1781071671,W2045343445
W1781071671,W2045534969
W1781071671,W2052855523
W1781071671,W2056383672
W1781071671,W2056725642
W1781071671,W2058641836
W1781071671,W2059075385
W1781071671,W2062249380
W1781071671,W2078569098
W1781071671,W2088688867
W1781071671,W2089441678
W1781071671,W2096036274
W1781071671,W2103604870
W1781071671,W2106061280
W1781071671,W2108048984
W1781071671,W2109990343
W1781071671,W2110654907
W1781071671,W2110930288
W1781071671,W2114971935
W1781071671,W2128523760
W1781071671,W2133797163
W1781071671,W2134632849
W1781071671,W2147679264
W1781071671,W2151228267
W1781071671,W2155805879
W1781071671,W2156727067
W1781071671,W2157289187
W1781071671,W2158262090
W1781071671,W2159190202
W1781071671,W2159410846
W1781071671,W2164737198
W1781071671,W2166470807
W1781071671,W2167702024
W1781071671,W2173427686
W1781071671,W2342091124
W1781071671,W2496009392
W1781071671,W2759802789
W1781071671,W3101968871
W4309026886,W69473232
W4309026886,W167948671
W4309026886,W1977475875
W4309026886,W1987730305
W4309026886,W2027523423
W4309026886,W2035486824
W4309026886,W2041121121
W4309026886,W2048254319
W4309026886,W2058347805
W4309026886,W2058543238
W4309026886,W2061279330
W4309026886,W2074563816
W4309026886,W2089403006
W4309026886,W2091836804
W4309026886,W2119098391
W4309026886,W2147992783
W4309026886,W2342039739
W4309026886,W2515805897
W4309026886,W2784130759
W4309026886,W2912881048
W4309026886,W2973818182
W4309026886,W2986768922
W4309026886,W3049182323
W4309026886,W4249771488
W4309026886,W7019140572
W4309026886,W7023701770
W4309026886,W7033147448
W1479730015,W1986840445
W1479730015,W2108668360
W2033253044,W1520666785
W2033253044,W1535199048
W2033253044,W1794929904
W2033253044,W1876557575
W2033253044,W1919435019
W2033253044,W1991139021
W2033253044,W1996721809
W2033253044,W2069096535
W2033253044,W2171834532
W2033253044,W4213129550
W3020184375,W1556530441
W3020184375,W1586624296
W3020184375,W1796377598
W3020184375,W1965331164
W3020184375,W1988631354
W3020184375,W2047137626
W3020184375,W2049845852
W3020184375,W2059008731
W3020184375,W2097327863
W3020184375,W2155417611
W3020184375,W2155843307
W3020184375,W2171678418
W3020184375,W2258329725
W2810665669,W8746502
W2810665669,W130543029
W2810665669,W280529704
W2810665669,W324445496
W2810665669,W1528027857
W2810665669,W1575829986
W2810665669,W1927822350
W2810665669,W1933657216
W2810665669,W1963987467
W2810665669,W1964734637
W2810665669,W1965859210
W2810665669,W1966224911
W2810665669,W1968008571
W2810665669,W1976082752
W2810665669,W1977243936
W2810665669,W1978122678
W2810665669,W1978157075
W2810665669,W1978314014
W2810665669,W1979700375
W2810665669,W1980148956
W2810665669,W1983520932
W2810665669,W1990282485
W2810665669,W1991002671
W2810665669,W1993615828
W2810665669,W1996562631
W2810665669,W1997146703
W2810665669,W2001461756
W2810665669,W2002010034
W2810665669,W2002556572
W2810665669,W2006946554
W2810665669,W2010012415
W2810665669,W2010258059
W2810665669,W2021150169
W2810665669,W2022651795
W2810665669,W2023182894
W2810665669,W2026913377
W2810665669,W2028732730
W2810665669,W2030474329
W2810665669,W2034840248
W2810665669,W2035486824
W2810665669,W2038430528
W2810665669,W2039170454
W2810665669,W2042941296
W2810665669,W2043705045
W2810665669,W2044201858
W2810665669,W2045114640
W2810665669,W2046394129
W2810665669,W2048012092
W2810665669,W2048701323
W2810665669,W2050571299
W2810665669,W2057381308
W2810665669,W2059675270
W2810665669,W2061422794
W2810665669,W2062190494
W2810665669,W2064574537
W2810665669,W2065469890
W2810665669,W2074917937
W2810665669,W2075583053
W2810665669,W2082051261
W2810665669,W2083133776
W2810665669,W2088313145
W2810665669,W2089745666
W2810665669,W2103626310
W2810665669,W2105446094
W2810665669,W2107788319
W2810665669,W2107797578
W2810665669,W2117916152
W2810665669,W2119480063
W2810665669,W2123442640
W2810665669,W2124124952
W2810665669,W2125458317
W2810665669,W2128940305
W2810665669,W2131294823
W2810665669,W2136022845
W2810665669,W2136891618
W2810665669,W2137237530
W2810665669,W2137247190
W2810665669,W2139907128
W2810665669,W2142246364
W2810665669,W2142796031
W2810665669,W2145730574
W2810665669,W2146449656
W2810665669,W2151422895
W2810665669,W2155417611
W2810665669,W2161049948
W2810665669,W2174401281
W2810665669,W2220532877
W2810665669,W2306812926
W2810665669,W2403300874
W2810665669,W2420869607
W2810665669,W2602378791
W2810665669,W2610740284
W2810665669,W2616527078
W2810665669,W2913521326
W2810665669,W3210438141
W2754798205,W1551925143
W2754798205,W1966030508
W2754798205,W1973746598
W2754798205,W1999885698
W2754798205,W2006571108
W2754798205,W2013020033
W2754798205,W2037001540
W2754798205,W2066175052
W2754798205,W2067724039
W2754798205,W2076691609
W2754798205,W2085894439
W2754798205,W2097725660
W2754798205,W2107031757
W2754798205,W2121967258
W2754798205,W2136022845
W2754798205,W2184854514
W2754798205,W2283333817
W2754798205,W2610777080
W2754798205,W2913521326
W2754798205,W4285719527
W2754798205,W4300870773
W2460040830,W45011409
W2460040830,W590134283
W2460040830,W1986754283
W2460040830,W2037001540
W2460040830,W2041121121
W2460040830,W2051224630
W2460040830,W2091314387
W2460040830,W2111460811
W2460040830,W2165878107
W2460040830,W2169334254
W2460040830,W2312998035
W2460040830,W2331995259
W2460040830,W4245341397
W2460040830,W4285719527
W159545904,W139777397
W159545904,W1558886546
W159545904,W1575829986
W159545904,W1591815827
W159545904,W1594168327
W159545904,W1596196963
W159545904,W1600735929
W159545904,W2143613946
W159545904,W2171321644
W1641861117,W1981231610
W1641861117,W2068431842
W1641861117,W2132820121
W1641861117,W3003461647
W2559959858,W1560144794
W2559959858,W1593337933
W2559959858,W2184854514
W2940443647,W1460401339
W2940443647,W1499933681
W2940443647,W1592743612
W2940443647,W2029403095
W2940443647,W2033190454
W2940443647,W2037001540
W2940443647,W4246406755
W4281635534,W108443521
W4281635534,W1212821315
W4281635534,W1480195359
W4281635534,W1618163275
W4281635534,W1794929904
W4281635534,W1876557575
W4281635534,W1995151553
W4281635534,W2006144938
W4281635534,W2017967298
W4281635534,W2028184103
W4281635534,W2041121121
W4281635534,W2041594004
W4281635534,W2057978450
W4281635534,W2058468883
W4281635534,W2077693798
W4281635534,W2080101027
W4281635534,W2100811130
W4281635534,W2101298784
W4281635534,W2104806923
W4281635534,W2106325442
W4281635534,W2119480063
W4281635534,W2126239631
W4281635534,W2151905266
W4281635534,W2159604298
W4281635534,W2171834532
W4281635534,W2184854514
W4281635534,W2204026420
W4281635534,W2299284748
W4281635534,W2580237913
W4281635534,W2604458530
W4281635534,W2790140296
W4281635534,W2885292784
W4281635534,W2963948039
W4281635534,W3087718106
W4281635534,W3105742033
W13843506,W1538453846
W13843506,W1578209594
W13843506,W2036845774
W13843506,W2043843997
W13843506,W2100811130
W13843506,W2127168030
W13843506,W2603310600
W2827988337,W1985560922
W2827988337,W1993008008
W2827988337,W2169574943
W2827988337,W2915335925
W3014904044,W1547315291
W3014904044,W1914753470
W3014904044,W1950736173
W3014904044,W1981686634
W3014904044,W1993002202
W3014904044,W2000822906
W3014904044,W2005232126
W3014904044,W2012374187
W3014904044,W2030474329
W3014904044,W2042494379
W3014904044,W2045395947
W3014904044,W2130461445
W3014904044,W2326722974
W3014904044,W2342521515
W3014904044,W2409386862
W3014904044,W2468258405
W3014904044,W2469019358
W3014904044,W2746740474
W3014904044,W2758994353
W3014904044,W6632684176
W3014904044,W6714488918
W3014904044,W6742549220
W4214625311,W2051476498
W4214625311,W2056504312
W4214625311,W2086108383
W4214625311,W2106330396
W4214625311,W2108893166
W4214625311,W2437944523
W4214625311,W2886865485
W4214625311,W2888532099
W4214625311,W2914163348
W4214625311,W2954348731
W4214625311,W2970480061
W4214625311,W3102230680
W4214625311,W3163827371
W2332288444,W15066456
W2332288444,W2069176141
W2332288444,W2086613807
W2332288444,W2103863014
W2332288444,W2103869314
W2332288444,W2141340645
W3135338647,W1516914559
W3135338647,W1951724000
W3135338647,W1969090956
W3135338647,W1993783675
W3135338647,W2005302785
W3135338647,W2019655958
W3135338647,W2022651795
W3135338647,W2023108246
W3135338647,W2030974465
W3135338647,W2042432550
W3135338647,W2049458102
W3135338647,W2058543238
W3135338647,W2067610985
W3135338647,W2084288798
W3135338647,W2102938845
W3135338647,W2128018947
W3135338647,W2136022845
W3135338647,W2249540601
W3135338647,W2469019358
W3135338647,W2598797789
W3135338647,W4319290960
W4388635185,W1529483477
W4388635185,W1569948050
W4388635185,W1779974355
W4388635185,W1822920258
W4388635185,W1908854937
W4388635185,W1935078359
W4388635185,W1944219791
W4388635185,W1965859210
W4388635185,W1985400845
W4388635185,W2013808389
W4388635185,W2041121121
W4388635185,W2054409955
W4388635185,W2075295470
W4388635185,W2092384978
W4388635185,W2097481326
W4388635185,W2098642616
W4388635185,W2102073196
W4388635185,W2109820509
W4388635185,W2110235231
W4388635185,W2118235758
W4388635185,W2124827241
W4388635185,W2126239631
W4388635185,W2130816522
W4388635185,W2134034511
W4388635185,W2134957872
W4388635185,W2140354221
W4388635185,W2171056747
W4388635185,W2171444589
W4388635185,W2173575191
W4388635185,W2217585833
W4388635185,W2334207703
W4388635185,W2466861635
W4388635185,W2490977439
W4388635185,W2590684185
W4388635185,W2781500572
W4388635185,W2788457686
W4388635185,W2791723994
W4388635185,W2914250555
W4388635185,W2921494479
W4388635185,W2945177483
W4388635185,W3088170012
W4388635185,W3148566210
W4388635185,W4206819977
W2304903802,W2292300730
W2304903802,W2491272054
W2304903802,W2600623200
W2304903802,W2771677576
W2169005460,W7679584
W2169005460,W275041745
W2169005460,W624465380
W2169005460,W1553723287
W2169005460,W1553904877
W2169005460,W1590946104
W2169005460,W1964077143
W2169005460,W1964538581
W2169005460,W1971927703
W2169005460,W1989016101
W2169005460,W1991112797
W2169005460,W1991139021
W2169005460,W2000556841
W2169005460,W2020721196
W2169005460,W2039081291
W2169005460,W2057367133
W2169005460,W2059075385
W2169005460,W2059440439
W2169005460,W2062273234
W2169005460,W2133337274
W2169005460,W2134632849
W2169005460,W2147679264
W2169005460,W2149683870
W2169005460,W2149801515
W2169005460,W2395018040
W2169005460,W2618602706
W2169005460,W2912596165
W2169005460,W3124666641
W2169005460,W4242971030
W2169005460,W4250500702
W2169005460,W4285719527
W2169005460,W7054993619
W4392710323,W1212821315
W4392710323,W1525476464
W4392710323,W1831408421
W4392710323,W2037949455
W4392710323,W2070251253
W4392710323,W2091985678
W4392710323,W2095312086
W4392710323,W2108163494
W4392710323,W2108668360
W4392710323,W2158885821
W4392710323,W2163344649
W4392710323,W2241211221
W4392710323,W2318964089
W4392710323,W2508778727
W4392710323,W2509876617
W4392710323,W2546635522
W4392710323,W2549167833
W4392710323,W2568039188
W4392710323,W2770941075
W4392710323,W2789239418
W4392710323,W2802271675
W4392710323,W2805440904
W4392710323,W2940779895
W4392710323,W2943788284
W4392710323,W2964842853
W4392710323,W2972125620
W4392710323,W2981380018
W4392710323,W2981433825
W4392710323,W3011451419
W4392710323,W3089686247
W4392710323,W3094535122
W4392710323,W3160330714
W4392710323,W3162917476
W4392710323,W3214498996
W4392710323,W4225285639
W4392710323,W4237829435
W4392710323,W4311599199
W2785618184,W120317759
W2785618184,W1500070732
W2785618184,W1674066309
W2785618184,W1933657216
W2785618184,W2017967298
W2785618184,W2018310331
W2785618184,W2022651795
W2785618184,W2043705045
W2785618184,W2057195584
W2785618184,W2069879787
W2785618184,W2091322384
W2785618184,W2096432648
W2785618184,W2137526265
W2785618184,W2168443748
W2785618184,W2179427518
W2785618184,W2299284748
W2785618184,W2545749825
W2785618184,W3147250474
W2785618184,W4239127880
W2785618184,W6604907675
W2785618184,W6792784943
W4205780200,W614933755
W4205780200,W1566187042
W4205780200,W1586670667
W4205780200,W1595581172
W4205780200,W1717486659
W4205780200,W1963987467
W4205780200,W1966224911
W4205780200,W1970890515
W4205780200,W1973829499
W4205780200,W1988031976
W4205780200,W2001461756
W4205780200,W2013655498
W4205780200,W2021742495
W4205780200,W2022651795
W4205780200,W2023203889
W4205780200,W2036091596
W4205780200,W2041121121
W4205780200,W2044201858
W4205780200,W2046329526
W4205780200,W2050579567
W4205780200,W2050896993
W4205780200,W2058543238
W4205780200,W2083133776
W4205780200,W2109606373
W4205780200,W2135048955
W4205780200,W2147321290
W4205780200,W2179224662
W4205780200,W2208145366
W4205780200,W2209198230
W4205780200,W2239214932
W4205780200,W2345792697
W4205780200,W2346618622
W4205780200,W2346983208
W4205780200,W2420869607
W4205780200,W2490977439
W4205780200,W2520506264
W4205780200,W2571311760
W4205780200,W2582521406
W4205780200,W2613867659
W4205780200,W2738948243
W4205780200,W2786450869
W4205780200,W2900438384
W4205780200,W2903090875
W4205780200,W2912881048
W4205780200,W2995408789
W4205780200,W3003963609
W4205780200,W3007546032
W4205780200,W3011077436
W4205780200,W3012133597
W4205780200,W3036207587
W4205780200,W4239127880
W4205780200,W4241190983
W2809837731,W1564961273
W2809837731,W1593337933
W2809837731,W1965993059
W2809837731,W1973401750
W2809837731,W1980128988
W2809837731,W1991849198
W2809837731,W2010675647
W2809837731,W2012510869
W2809837731,W2030402194
W2809837731,W2040605850
W2809837731,W2076691609
W2809837731,W2090579027
W2809837731,W2109450332
W2809837731,W2118320651
W2809837731,W2122848099
W2809837731,W2314093495
W2809837731,W2505364441
W2809837731,W4233545748
W2924334804,W1537887111
W2924334804,W1965327601
W2924334804,W1968316532
W2924334804,W2042782373
W2924334804,W2050268494
W2924334804,W2058543238
W2924334804,W2122570643
W2924334804,W2123833908
W2924334804,W2133041452
W2924334804,W2151905266
W2924334804,W2588829302
W2924334804,W2593649045
W3213654856,W884650706
W3213654856,W1608056250
W3213654856,W1980907054
W3213654856,W2000677804
W3213654856,W2008638238
W3213654856,W2015153621
W3213654856,W2059075385
W3213654856,W2118369420
W3213654856,W2137424775
W3213654856,W2143880496
W3213654856,W2145737849
W3213654856,W2157900633
W3213654856,W2184854514
W3213654856,W2582521406
W3213654856,W2586400180
W3213654856,W2617434701
W3213654856,W2885080937
W3213654856,W2893439826
W3213654856,W2948894190
W3213654856,W2965150687
W3213654856,W3005085113
W3213654856,W3078797493
W2803034103,W53981600
W2803034103,W1572019598
W2803034103,W1971040701
W2803034103,W1993783675
W2803034103,W1999906123
W2803034103,W2008817973
W2803034103,W2010927954
W2803034103,W2012571009
W2803034103,W2015394094
W2803034103,W2020813568
W2803034103,W2029747681
W2803034103,W2034352249
W2803034103,W2034556069
W2803034103,W2041121121
W2803034103,W2049458102
W2803034103,W2058543238
W2803034103,W2070251253
W2803034103,W2076040368
W2803034103,W2077971436
W2803034103,W2091354492
W2803034103,W2095208095
W2803034103,W2099561134
W2803034103,W2127875809
W2803034103,W2130461445
W2803034103,W2137526265
W2803034103,W2144734076
W2803034103,W2147679264
W2803034103,W2159190202
W2803034103,W2184854514
W2803034103,W2345792697
W2803034103,W2403300874
W2803034103,W2738634460
W2803034103,W4245987536
W2995178028,W6720197
W2995178028,W45207317
W2995178028,W190321253
W2995178028,W639323477
W2995178028,W1504835650
W2995178028,W1585313616
W2995178028,W2006720227
W2995178028,W2111357907
W2995178028,W2159604298
W2995178028,W2168831295
W2995178028,W2184854514
W2995178028,W2560466761
W2995178028,W2593649045
W2995178028,W2623681463
W2995178028,W2752101034
W2995178028,W2787821446
W2995178028,W2885292784
W2995178028,W2899641089
W2995178028,W2901715600
W2995178028,W2903262696
W2995178028,W2965177497
W2995178028,W2991070205
W2995178028,W3105742033
W3155374563,W68067019
W3155374563,W1491469017
W3155374563,W1951724000
W3155374563,W1985426391
W3155374563,W2002138550
W3155374563,W2013312124
W3155374563,W2079846728
W3155374563,W2080124005
W3155374563,W2095326216
W3155374563,W2099296256
W3155374563,W2102617558
W3155374563,W2137526265
W3155374563,W2158875601
W3155374563,W2327467462
W3155374563,W2403497458
W3155374563,W2560429335
W3155374563,W2900438384
W4205563941,W167948671
W4205563941,W2002614567
W4205563941,W2053347927
W4205563941,W2058788751
W4205563941,W2127811140
W4205563941,W2133824856
W4205563941,W2137526265
W4205563941,W2184854514
W4205563941,W2270999179
W4205563941,W2316743980
W4205563941,W2334391114
W4205563941,W2426872594
W4205563941,W2498217698
W4205563941,W2513567053
W4205563941,W2566326302
W4205563941,W2735464602
W4205563941,W2889792685
W4205563941,W2973969640
W4205563941,W3101721510
W4205563941,W4210890610
W4205563941,W4246251651
W4205563941,W6606706339
W4205563941,W6680378043
W4292833736,W1040355296
W4292833736,W1267563279
W4292833736,W1496929008
W4292833736,W1528045197
W4292833736,W2020721196
W4292833736,W2037001540
W4292833736,W2039894621
W4292833736,W2041121121
W4292833736,W2043833042
W4292833736,W2066584470
W4292833736,W2119480063
W4292833736,W2126514505
W4292833736,W2130461445
W4292833736,W2133797163
W4292833736,W2137526265
W4292833736,W2149023643
W4292833736,W2149516323
W4292833736,W2157289187
W4292833736,W2158435382
W4292833736,W2159604298
W4292833736,W2184854514
W4292833736,W2515805897
W4292833736,W2596240398
W4292833736,W2607078030
W4292833736,W2744181172
W4292833736,W2795609262
W4292833736,W2803034103
W4292833736,W2910035750
W4292833736,W2942542648
W4292833736,W3094452219
W4292833736,W4239603325
W4292833736,W6628271223
W4292833736,W6629764185
W4292833736,W7023701770
W4317743422,W50489971
W4317743422,W1963987467
W4317743422,W1964715846
W4317743422,W1975022795
W4317743422,W1981315913
W4317743422,W1990282485
W4317743422,W1991149669
W4317743422,W2001461756
W4317743422,W2006293231
W4317743422,W2006838581
W4317743422,W2016687108
W4317743422,W2033708081
W4317743422,W2057381308
W4317743422,W2065343501
W4317743422,W2098534755
W4317743422,W2099533911
W4317743422,W2119611357
W4317743422,W2127708373
W4317743422,W2128018947
W4317743422,W2150164710
W4317743422,W2158504547
W4317743422,W2162315021
W4317743422,W2188331920
W4317743422,W2345792697
W4317743422,W2566984559
W4317743422,W2743109015
W4317743422,W2800448955
W4317743422,W2885274413
W4317743422,W3082959246
W4317743422,W3167579480
W4317743422,W6687356763
W2010567361,W1497286318
W2010567361,W1973641371
W2010567361,W1986434308
W2010567361,W1993906458
W2010567361,W1999401028
W2010567361,W2014512609
W2010567361,W2048708794
W2010567361,W2064989151
W2010567361,W2072592751
W2010567361,W2095929735
W2010567361,W2119480063
W2010567361,W2913521326
W2788918667,W9119819
W2788918667,W107684283
W2788918667,W144891795
W2788918667,W624465380
W2788918667,W1584263795
W2788918667,W1823329909
W2788918667,W1971168548
W2788918667,W1980514696
W2788918667,W2008691804
W2788918667,W2041121121
W2788918667,W2043222591
W2788918667,W2045094646
W2788918667,W2068708830
W2788918667,W2106814120
W2788918667,W2118489710
W2788918667,W2125570765
W2788918667,W2137352696
W2788918667,W2184854514
W2788918667,W2188608003
W2788918667,W2327525319
W2788918667,W2515805897
W2788918667,W2536229134
W2788918667,W2582521406
W2788918667,W2913521326
W2788918667,W3148106702
W2788918667,W4250008609
W2788918667,W4387645034
W2788918667,W6604354147
W2788918667,W6643603450
W2788918667,W7033147448
W2788918667,W7034277823
W2788918667,W7043575881
W2216877512,W103361464
W2216877512,W109803810
W2216877512,W124250475
W2216877512,W591108810
W2216877512,W1481412153
W2216877512,W1486784069
W2216877512,W1725744678
W2216877512,W1993664545
W2216877512,W2059075385
W2216877512,W2128303427
W2216877512,W2131657873
W2216877512,W2146679229
W2216877512,W2313582907
W2216877512,W2396024727
W2216877512,W2397048723
W2216877512,W2402683081
W2216877512,W2913521326
W2216877512,W3000196130
W2302993077,W1499933681
W2302993077,W1560144794
W2302993077,W1577234506
W2302993077,W1596196963
W2302993077,W2037001540
W2302993077,W2124490600
W2302993077,W2137526265
W2302993077,W6630002413
W4387798788,W1677182931
W4387798788,W2184854514
W4387798788,W2502312327
W4387798788,W2955138922
W4387798788,W3199695506
W4392560958,W1976522035
W4392560958,W2017046354
W4392560958,W2105055172
W4392560958,W2982303213
W4392560958,W3043982717
W4392560958,W3045568791
W4392560958,W4283722419
W3006727248,W324445496
W3006727248,W624465380
W3006727248,W1983353683
W3006727248,W2021742495
W3006727248,W2021986710
W3006727248,W2028408091
W3006727248,W2036091596
W3006727248,W2040245809
W3006727248,W2058543238
W3006727248,W2060669358
W3006727248,W2067951170
W3006727248,W2083133776
W3006727248,W2088313145
W3006727248,W2098395732
W3006727248,W2140780590
W3006727248,W2156220398
W3006727248,W2319700677
W3006727248,W2345792697
W3006727248,W2403300874
W3006727248,W2468258405
W3006727248,W2740502024
W3006727248,W2748965471
W3006727248,W2795777216
W3006727248,W2911754830
W3006727248,W2912881048
W3006727248,W2987765137
W3006727248,W4205974199
W3006727248,W4256484569
W2555111281,W115279027
W2555111281,W240887194
W2555111281,W274045197
W2555111281,W1499933681
W2555111281,W1529297413
W2555111281,W1920144571
W2555111281,W1922152898
W2555111281,W1964538581
W2555111281,W1976708668
W2555111281,W1998426307
W2555111281,W2011472726
W2555111281,W2020422987
W2555111281,W2036979803
W2555111281,W2064631110
W2555111281,W2071969679
W2555111281,W2087230385
W2555111281,W2100390488
W2555111281,W2104617690
W2555111281,W2114894207
W2555111281,W2117678092
W2555111281,W2128769367
W2555111281,W2133797163
W2555111281,W2412647359
W2555111281,W2936428206
W2555111281,W3201845803
W2555111281,W6630002413
W4309183070,W2326637412
W2110129516,W167948671
W2110129516,W190966408
W2110129516,W1485782681
W2110129516,W1560144794
W2110129516,W1586624296
W2110129516,W1596196963
W2110129516,W1633004679
W2110129516,W1964538581
W2110129516,W1985231929
W2110129516,W2019065296
W2110129516,W2026343926
W2110129516,W2027523423
W2110129516,W2058904305
W2110129516,W2071097422
W2110129516,W2091784785
W2110129516,W2118489710
W2110129516,W2130228586
W2110129516,W2137526265
W2110129516,W2145070337
W2110129516,W2337365192
W2110129516,W2515805897
W2181644342,W10282353
W2181644342,W1499933681
W2181644342,W1501755754
W2181644342,W1514361649
W2181644342,W1523224409
W2181644342,W1552798956
W2181644342,W1950864686
W2181644342,W1975141679
W2181644342,W1977243936
W2181644342,W2003696225
W2181644342,W2007305681
W2181644342,W2007428019
W2181644342,W2007482827
W2181644342,W2015394094
W2181644342,W2027619062
W2181644342,W2030646058
W2181644342,W2038043168
W2181644342,W2039170454
W2181644342,W2040510368
W2181644342,W2043650058
W2181644342,W2082627290
W2181644342,W2133033884
W2181644342,W3203748669
W2964634704,W1584308190
W2964634704,W1941037119
W2964634704,W2003840516
W2964634704,W2040576886
W2964634704,W2064655388
W2964634704,W2152087807
W2964634704,W2158685692
W2964634704,W2184854514
W2964634704,W2249595199
W2964634704,W2466158603
W2964634704,W2615396116
W2964634704,W2724612790
W2964634704,W2780310278
W2964634704,W2804207136
W2964634704,W2807741105
W2964634704,W2907761082
W2964634704,W2922132587
W2964634704,W6635269506
W2964634704,W6740161652
W4387687859,W50471992
W4387687859,W1532190000
W4387687859,W1537887111
W4387687859,W1583418468
W4387687859,W2012421020
W4387687859,W2042782373
W4387687859,W2059020775
W4387687859,W2129310538
W4387687859,W2170903670
W4387687859,W2401589761
W4387687859,W2588829302
W4387687859,W2593649045
W4387687859,W2744181172
W4387687859,W2752101034
W4387687859,W2885292784
W4387687859,W2939696799
W4387687859,W2964625598
W4387687859,W2991070205
W4387687859,W3048014122
W4387687859,W3105742033
W4387687859,W4242370366
W4387687859,W4246187999
W4387687859,W4287992485
W4387687859,W4365145875
W4387687859,W4387645014
W4387687859,W4407838646
W90818485,W74775258
W90818485,W123554387
W90818485,W1040355296
W90818485,W1485305988
W90818485,W1505096505
W90818485,W1606213113
W90818485,W1633004679
W90818485,W2017904042
W90818485,W2023108246
W90818485,W2025949779
W90818485,W2037001540
W90818485,W2039170454
W90818485,W2051981399
W90818485,W2104527208
W90818485,W2119480063
W90818485,W2138478249
W90818485,W2145070337
W90818485,W2149516323
W90818485,W2155417611
W4205259079,W2106330396
W4205259079,W2970480061
W2961975747,W68346849
W2961975747,W141282325
W2961975747,W1521847617
W2961975747,W1532726409
W2961975747,W1534547368
W2961975747,W1572460559
W2961975747,W1607743512
W2961975747,W1823329909
W2961975747,W1986521970
W2961975747,W1994477474
W2961975747,W1998447053
W2961975747,W2006497447
W2961975747,W2015677043
W2961975747,W2018706238
W2961975747,W2023986414
W2961975747,W2027867296
W2961975747,W2072206615
W2961975747,W2093183881
W2961975747,W2105055172
W2961975747,W2111197100
W2961975747,W2144823142
W2961975747,W2144869632
W2961975747,W2150085383
W2961975747,W2184854514
W2961975747,W2289293720
W2961975747,W2536794285
W2961975747,W2598154185
W2961975747,W2618037547
W2961975747,W2898557974
W2961975747,W2967626278
W2961975747,W4285719527
W4309182995,W612471143
W4309182995,W1215132044
W4309182995,W1964538581
W4309182995,W1971793735
W4309182995,W1975594003
W4309182995,W1996318081
W4309182995,W2004088673
W4309182995,W2041121121
W4309182995,W2100685825
W4309182995,W2106330396
W4309182995,W2117489410
W4309182995,W2172653878
W4309182995,W2315268655
W4309182995,W2332457645
W4309182995,W2332934440
W4309182995,W2586400180
W4309182995,W2671123407
W4309182995,W2896786957
W4309182995,W2913521326
W4309182995,W2954348731
W4309182995,W2955144053
W4309182995,W2965150687
W4309182995,W2970480061
W4309182995,W3043982717
W4309182995,W3078797493
W2803085345,W1505096505
W2803085345,W1967679659
W2803085345,W1989016101
W2803085345,W2027753150
W2803085345,W2032899567
W2803085345,W2117812870
W2803085345,W2129488573
W2803085345,W2134632849
W2803085345,W2151802019
W2803085345,W2279844206
W2803085345,W2601321973
W2046225591,W45011409
W2046225591,W112407144
W2046225591,W1489238586
W2046225591,W1499933681
W2046225591,W1624652969
W2046225591,W1911060607
W2046225591,W1977731574
W2046225591,W1986430509
W2046225591,W2003797042
W2046225591,W2037001540
W2046225591,W2108819475
W2046225591,W2127210296
W2046225591,W2131476766
W2046225591,W2133337274
W2046225591,W2137526265
W2046225591,W2139598342
W2046225591,W2147679264
W2046225591,W2169896877
W2046225591,W2214124587
W2046225591,W2913521326
W4390984833,W278095399
W4390984833,W1994850709
W4390984833,W2001461756
W4390984833,W2006946554
W4390984833,W2013366237
W4390984833,W2040611779
W4390984833,W2041121121
W4390984833,W2043705045
W4390984833,W2135715728
W4390984833,W2157651355
W4390984833,W2200443215
W4390984833,W2345792697
W4390984833,W2346983208
W4390984833,W2420869607
W4390984833,W2549120448
W4390984833,W2748965471
W4390984833,W2806231938
W4390984833,W2912881048
W4390984833,W4283015899
W4390984833,W4302424670
W4390984833,W4376646320
W4390984833,W4386029444
W4390984833,W4388635185
W4390984833,W4390107141
W1720845883,W69473232
W1720845883,W1982453218
W1720845883,W2091322384
W1720845883,W2118649186
W1720845883,W2132623271
W1720845883,W2163558616
W1720845883,W2256981893
W1720845883,W2489557381
W1720845883,W2588247704
W3206536277,W207683342
W3206536277,W1966797434
W3206536277,W1984624128
W3206536277,W2149628368
W3206536277,W2167557160
W3206536277,W2345500348
W3206536277,W2526050071
W3206536277,W2571311760
W3206536277,W2993506233
W1978865112,W655283638
W1978865112,W1515611531
W1978865112,W1516914559
W1978865112,W1933657216
W1978865112,W1985326748
W1978865112,W2007180964
W1978865112,W2007221293
W1978865112,W2008142581
W1978865112,W2015153621
W1978865112,W2023108246
W1978865112,W2032337854
W1978865112,W2035402384
W1978865112,W2042432550
W1978865112,W2101961607
W1978865112,W2115080750
W1978865112,W2159922251
W1978865112,W2161065603
W1978865112,W2238010690
W1978865112,W2610814423
W1978865112,W2967626278
W1978865112,W4236923591
W1978865112,W4301141993
W2100966560,W2016271194
W2100966560,W2559808833
W2174990966,W1500551892
W2174990966,W2104166306
W2015101847,W9119819
W2015101847,W123554387
W2015101847,W1485305988
W2015101847,W1502818505
W2015101847,W1505096505
W2015101847,W1522070413
W2015101847,W1560144794
W2015101847,W1596196963
W2015101847,W2015153621
W2015101847,W2045094646
W2015101847,W2104391745
W2528793050,W2331436800
W2528793050,W4248923757
W2546812941,W125391426
W2546812941,W1599083647
W2546812941,W1991118510
W2546812941,W2040221341
W2546812941,W2086826913
W2546812941,W2095018050
W2546812941,W2102033257
W2546812941,W2157796984
W2546812941,W2510121892
W2546812941,W3210438141
W1989930777,W2100531634
W1989930777,W2553043867
W2965104667,W69091869
W2965104667,W598688589
W2965104667,W608859576
W2965104667,W1557758102
W2965104667,W1560144794
W2965104667,W1571743830
W2965104667,W1576420969
W2965104667,W1584263795
W2965104667,W1591815827
W2965104667,W1596196963
W2965104667,W1602183433
W2965104667,W1606409458
W2965104667,W1933657216
W2965104667,W1950736173
W2965104667,W1989016101
W2965104667,W1993503595
W2965104667,W2001478204
W2965104667,W2009198914
W2965104667,W2039170454
W2965104667,W2048681895
W2965104667,W2066430820
W2965104667,W2072785492
W2965104667,W2099252350
W2965104667,W2111197100
W2965104667,W2118489710
W2965104667,W2122437005
W2965104667,W2129488573
W2965104667,W2129659870
W2965104667,W2134632849
W2965104667,W2150037785
W2965104667,W2163520596
W2965104667,W2169637730
W2965104667,W2279844206
W2965104667,W2315268655
W2965104667,W2316743980
W2965104667,W2319932748
W2965104667,W2320814021
W2965104667,W2341369563
W2965104667,W2345739896
W2965104667,W2624733606
W2965104667,W2903489948
W2965104667,W3141560225
W2965104667,W4210890610
W2965104667,W4231570034
W2965104667,W4233780434
W2965104667,W4243606456
W2965104667,W4245341397
W2965104667,W4251141129
W2965104667,W4285719527
W3164009507,W282439305
W3164009507,W1490685197
W3164009507,W1506450374
W3164009507,W1586670667
W3164009507,W1591470100
W3164009507,W1699047987
W3164009507,W1993418972
W3164009507,W1994183641
W3164009507,W1999218281
W3164009507,W2015677043
W3164009507,W2028080146
W3164009507,W2048211076
W3164009507,W2053708742
W3164009507,W2057583273
W3164009507,W2072206615
W3164009507,W2087407704
W3164009507,W2101739789
W3164009507,W2123038687
W3164009507,W2149628368
W3164009507,W2227407841
W3164009507,W2463043631
W3164009507,W2536794285
W3164009507,W2587772351
W3164009507,W2594562997
W3164009507,W2618037547
W3164009507,W2626622360
W3164009507,W2736128047
W3164009507,W2774016823
W3164009507,W2791904197
W3164009507,W2899786853
W3164009507,W2941592508
W3164009507,W2964920197
W3164009507,W2967626278
W3164009507,W2978049389
W3164009507,W3094452219
W3164009507,W4251060490
W2564408579,W62008916
W2564408579,W168800580
W2564408579,W1486595902
W2564408579,W1491882993
W2564408579,W1523532444
W2564408579,W1550840327
W2564408579,W1671007513
W2564408579,W1677820382
W2564408579,W1835947927
W2564408579,W1915495511
W2564408579,W1933657216
W2564408579,W1972463186
W2564408579,W1975128442
W2564408579,W1975191186
W2564408579,W1975881268
W2564408579,W1979279461
W2564408579,W1985231929
W2564408579,W1991049577
W2564408579,W1999261091
W2564408579,W2000183361
W2564408579,W2001987823
W2564408579,W2002050679
W2564408579,W2005888073
W2564408579,W2007607399
W2564408579,W2007894891
W2564408579,W2009198914
W2564408579,W2010002462
W2564408579,W2011136722
W2564408579,W2024787486
W2564408579,W2028857061
W2564408579,W2034554526
W2564408579,W2037001540
W2564408579,W2040560153
W2564408579,W2041881071
W2564408579,W2054778588
W2564408579,W2057978450
W2564408579,W2063191101
W2564408579,W2065735684
W2564408579,W2071230191
W2564408579,W2081432798
W2564408579,W2088658207
W2564408579,W2092021606
W2564408579,W2092570966
W2564408579,W2099334720
W2564408579,W2106879872
W2564408579,W2118004237
W2564408579,W2125444231
W2564408579,W2129901565
W2564408579,W2133797163
W2564408579,W2138098672
W2564408579,W2139060499
W2564408579,W2139190150
W2564408579,W2140889287
W2564408579,W2145464420
W2564408579,W2158885821
W2564408579,W2163322071
W2564408579,W2168881883
W2564408579,W2168989928
W2564408579,W2171137378
W2564408579,W2171579823
W2564408579,W2188608003
W2564408579,W2241211221
W2564408579,W2327402526
W2564408579,W2331964673
W2564408579,W2394854684
W2564408579,W2541561720
W2564408579,W3036419813
W2129659870,W164236100
W2129659870,W180551962
W2129659870,W1497286318
W2129659870,W1504835650
W2129659870,W1505096505
W2129659870,W1973829499
W2129659870,W1982479115
W2129659870,W1989016101
W2129659870,W2000472550
W2129659870,W2007697407
W2129659870,W2007798022
W2129659870,W2017630903
W2129659870,W2018340980
W2129659870,W2025668003
W2129659870,W2029418069
W2129659870,W2042400458
W2129659870,W2043705045
W2129659870,W2050973981
W2129659870,W2056064558
W2129659870,W2056919333
W2129659870,W2066430820
W2129659870,W2068289032
W2129659870,W2068431842
W2129659870,W2070176305
W2129659870,W2072020524
W2129659870,W2083974562
W2129659870,W2085238083
W2129659870,W2090095712
W2129659870,W2101961607
W2129659870,W2104166306
W2129659870,W2106042522
W2129659870,W2119480063
W2129659870,W2121740835
W2129659870,W2138098672
W2129659870,W2150432203
W2129659870,W2159295271
W2129659870,W2184854514
W2129659870,W2296646900
W2129659870,W2463043631
W2129659870,W2752491485
W1992711417,W1970713594
W1992711417,W1994063459
W4283368874,W2001234381
W4283368874,W2125570765
W4283368874,W2132904166
W4283368874,W2184854514
W4283368874,W2592647215
W4283368874,W2600087721
W4283368874,W3008668671
W4283368874,W4312525752
W4283368874,W6606706339
W4283368874,W7023701770
W2187500017,W12181516
W2187500017,W1460401339
W2187500017,W1480195359
W2187500017,W1482881554
W2187500017,W1499158096
W2187500017,W1519073454
W2187500017,W1567005570
W2187500017,W1794929904
W2187500017,W1969071914
W2187500017,W1978967446
W2187500017,W1994277068
W2187500017,W1999261091
W2187500017,W2006144938
W2187500017,W2033278145
W2187500017,W2060234739
W2187500017,W2072813844
W2187500017,W2105974999
W2187500017,W2129901565
W2187500017,W2132791902
W2187500017,W2149819384
W2187500017,W2168989928
W2187500017,W2171137378
W2187500017,W2171834532
W2187500017,W3010566033
W4399134813,W1922152898
W4399134813,W1977761341
W4399134813,W2054459286
W4399134813,W2063440895
W4399134813,W2066083843
W4399134813,W2117241286
W4399134813,W2133797163
W4399134813,W2555917297
W4399134813,W2604870362
W4399134813,W2671123407
W4399134813,W2788574479
W4399134813,W2886146260
W4399134813,W2950761417
W4399134813,W3204608261
W4399134813,W4200289831
W4399134813,W4234908646
W4399134813,W4235075455
W4399134813,W4283722419
W4399134813,W4308787230
W4399134813,W4320723376
W4205229063,W278095399
W4205229063,W1555152234
W4205229063,W1969299770
W4205229063,W1971028688
W4205229063,W2007344349
W4205229063,W2040704490
W4205229063,W2081681829
W4205229063,W2108139264
W4205229063,W2109995759
W4205229063,W2805592092
W2525799065,W838369200
W2525799065,W2029129322
W2525799065,W2029476168
W2525799065,W2338290034
W2525799065,W2562983303
W4393165238,W1558643881
W4393165238,W2037001540
W4393165238,W2039894621
W4393165238,W2133797163
W4393165238,W2252795400
W4393165238,W2790875384
W4393165238,W2955144053
W4393165238,W3045568791
W4393165238,W4200289831
W4393165238,W4283722419
W4393165238,W4283725567
W4393165238,W4308787230
W4393165238,W4320723376
W4393165238,W6729014143
W4393165238,W7043575881
W2407591150,W12144851
W2407591150,W167948671
W2407591150,W624465380
W2407591150,W1560144794
W2407591150,W1944219791
W2407591150,W1966002396
W2407591150,W1981686634
W2407591150,W2006720227
W2407591150,W2035486824
W2407591150,W2041121121
W2407591150,W2058543238
W2407591150,W2059957416
W2407591150,W2076691609
W2407591150,W2107031757
W2407591150,W2108819475
W2407591150,W2111380916
W2407591150,W2137526265
W2407591150,W2158721732
W2407591150,W2242279449
W2407591150,W2337365192
W2407591150,W2531730979
W2407591150,W4240402692
W2407591150,W6600506015
W2407591150,W6606706339
W2407591150,W6633563157
W2407591150,W6651754182
W2407591150,W6703583358
W2407591150,W6728533688
W2344419641,W118035301
W2344419641,W2094759809
W2344419641,W2322584079
W2344419641,W2511260950
W2344419641,W2514233551
W2344419641,W2591300916
W2344419641,W2771677576
W4379740208,W1822027877
W4379740208,W1964856732
W4379740208,W1970908694
W4379740208,W2037128011
W4379740208,W2055120733
W4379740208,W2064574537
W4379740208,W2119611357
W4379740208,W2283562276
W4379740208,W2344419641
W4379740208,W2514803236
W4379740208,W2626624502
W4379740208,W2735655859
W4379740208,W2901556669
W4379740208,W2941391475
W4379740208,W2995408789
W4379740208,W2998932971
W4379740208,W3006727248
W4379740208,W3036207587
W4379740208,W3049485975
W4379740208,W3162841871
W4379740208,W4213136782
W4379740208,W4296923461
W4379740208,W6658526616
W4379740208,W6728533688
W4379740208,W6739962515
W3166620049,W1537887111
W3166620049,W1549003867
W3166620049,W1655446008
W3166620049,W2124490600
W3166620049,W2159604298
W3166620049,W2164665417
W3166620049,W2299284748
W3166620049,W2600087721
W3166620049,W2752101034
W3166620049,W2885292784
W3166620049,W2901715600
W3166620049,W2903262696
W3166620049,W2965177497
W3166620049,W2991070205
W3166620049,W2995178028
W3166620049,W3048014122
W3166620049,W3105742033
W3166620049,W3166620049
W3166620049,W4246986769
W3166620049,W4287992485
W3166620049,W6941038656
W4225408468,W1908953056
W4225408468,W1977738030
W4225408468,W1984281348
W4225408468,W1988031976
W4225408468,W1997744527
W4225408468,W2013039323
W4225408468,W2021796188
W4225408468,W2029056124
W4225408468,W2041121121
W4225408468,W2048443216
W4225408468,W2054459286
W4225408468,W2074750468
W4225408468,W2095312086
W4225408468,W2121927366
W4225408468,W2133797163
W4225408468,W2169896877
W4225408468,W2314223843
W4225408468,W2544261385
W4225408468,W2789636240
W4225408468,W2919115771
W4225408468,W3016418421
W4225408468,W4242621561
W2037010000,W52205210
W2037010000,W167948671
W2037010000,W230952323
W2037010000,W624465380
W2037010000,W1515617868
W2037010000,W1586670667
W2037010000,W1591470100
W2037010000,W1617249722
W2037010000,W1946467015
W2037010000,W1967595366
W2037010000,W2007842460
W2037010000,W2012104941
W2037010000,W2015677043
W2037010000,W2043162293
W2037010000,W2052698845
W2037010000,W2053708742
W2037010000,W2097909335
W2037010000,W2101464305
W2037010000,W2149628368
W2037010000,W2157796984
W2037010000,W2214124587
W2037010000,W2296769292
W2037010000,W2913521326
W2037010000,W4246278590
W2037010000,W4299451408
W4390618154,W1593360544
W4390618154,W3045568791
W4390618154,W4200289831
W4390618154,W4283722419
W4390618154,W4283725567
W4390618154,W4308735523
W4390618154,W4308921332
W1984544737,W1561164143
W1984544737,W2015106951
W1984544737,W2038547942
W1984544737,W2046688695
W1984544737,W2073062158
W2320856359,W167948671
W2320856359,W605263502
W2320856359,W1532335443
W2320856359,W1544283212
W2320856359,W1948212336
W2320856359,W1989016101
W2320856359,W2100151997
W2320856359,W2327939705
W2320856359,W2794784463
W4387844867,W128363437
W4387844867,W1968008571
W4387844867,W1981060864
W4387844867,W2015949973
W4387844867,W2035486824
W4387844867,W2059957416
W4387844867,W2108848067
W4387844867,W2135347478
W4387844867,W2149315699
W4387844867,W2156366082
W4387844867,W2184854514
W4387844867,W2620079763
W4387844867,W2904802400
W4387844867,W2965150687
W4387844867,W4233768561
W4387844867,W4292931341
W6139098,W141817568
W6139098,W180218206
W6139098,W190966408
W6139098,W1516357717
W6139098,W1542425463
W6139098,W1543098188
W6139098,W1575829986
W6139098,W2006144938
W6139098,W2007897947
W6139098,W2021489206
W6139098,W2022044014
W6139098,W2037949455
W6139098,W2082506300
W6139098,W2085151448
W6139098,W2111460811
W6139098,W2130565106
W6139098,W2134773428
W6139098,W2148119561
W6139098,W2912596165
W2964920197,W2899563586
W2964920197,W2899919357
W2964920197,W2900438384
W2964920197,W2901556669
W2964920197,W2901715600
W2964920197,W2903080502
W2964920197,W2903090875
W4327728388,W1490685197
W4327728388,W1994183641
W4327728388,W2001461756
W4327728388,W2015677043
W4327728388,W2028080146
W4327728388,W2035419550
W4327728388,W2036091596
W4327728388,W2084235337
W4327728388,W2095532467
W4327728388,W2101739789
W4327728388,W2111040806
W4327728388,W2117023458
W4327728388,W2137526265
W4327728388,W2149628368
W4327728388,W2184854514
W4327728388,W2227407841
W4327728388,W2490977439
W4327728388,W2594562997
W4327728388,W2626622360
W4327728388,W2736128047
W4327728388,W2762384153
W4327728388,W2791904197
W4327728388,W2899786853
W4327728388,W2904802400
W4327728388,W2982303213
W4327728388,W3003668765
W4327728388,W3108222064
W4327728388,W3135360155
W4327728388,W3150836594
W4327728388,W3164009507
W4327728388,W3207430945
W1986038104,W2061920660
W1986038104,W2061982261
W1986038104,W2063191101
W1986038104,W2069780699
W4395961984,W143061200
W4395961984,W205588460
W4395961984,W284234142
W4395961984,W1521847617
W4395961984,W1533878625
W4395961984,W1793695185
W4395961984,W1953090334
W4395961984,W1974170079
W4395961984,W1986705961
W4395961984,W1999854131
W4395961984,W2010675647
W4395961984,W2029403095
W4395961984,W2037001540
W4395961984,W2059331321
W4395961984,W2064478630
W4395961984,W2069176141
W4395961984,W2076691609
W4395961984,W2080884306
W4395961984,W2086613807
W4395961984,W2103863014
W4395961984,W2105639722
W4395961984,W2106330396
W4395961984,W2125570765
W4395961984,W2129504844
W4395961984,W2136522326
W4395961984,W2137526265
W4395961984,W2140788346
W4395961984,W2141340645
W4395961984,W2169334254
W4395961984,W2184854514
W4395961984,W2208213853
W4395961984,W2223658739
W4395961984,W2301092961
W4395961984,W2325764434
W4395961984,W2332288444
W4395961984,W2339867409
W4395961984,W2344419641
W4395961984,W2403095248
W4395961984,W2466158603
W4395961984,W2473138506
W4395961984,W2536229134
W4395961984,W2555917297
W4395961984,W2593649045
W4395961984,W2609429672
W4395961984,W2761132292
W4395961984,W2783582514
W4395961984,W2809837731
W4395961984,W2912881048
W4395961984,W2943678288
W4395961984,W2946796433
W4395961984,W2950068676
W4395961984,W2955138922
W4395961984,W2963847539
W4395961984,W2965150687
W4395961984,W2991477142
W4395961984,W3003963609
W4395961984,W3008668671
W4395961984,W3011400720
W4395961984,W3024620362
W4395961984,W3048014122
W4395961984,W3089575237
W4395961984,W3096648358
W4395961984,W3107086947
W4395961984,W3108222064
W4395961984,W3154541901
W4395961984,W3163489024
W4395961984,W3199695506
W4395961984,W4200289831
W4395961984,W4213362395
W4395961984,W4224992944
W4395961984,W4232370433
W4395961984,W4233545748
W4395961984,W4242554725
W4395961984,W4246986769
W4395961984,W4283722419
W4395961984,W4295766617
W4395961984,W4308787230
W4395961984,W4324117850
W4395961984,W4382371001
W4395961984,W4387644987
W4395961984,W6632078616
W4395961984,W7023701770
W4395961984,W7071619704
W4376478934,W1967120336
W4376478934,W1977657001
W4376478934,W1997819292
W4376478934,W2010927954
W4376478934,W2017372346
W4376478934,W2023986414
W4376478934,W2036060855
W4376478934,W2037001540
W4376478934,W2076629853
W4376478934,W2089765964
W4376478934,W2103428456
W4376478934,W2109704768
W4376478934,W2114886667
W4376478934,W2118847155
W4376478934,W2123436043
W4376478934,W2127762938
W4376478934,W2173474324
W4376478934,W2188049640
W4376478934,W2207100718
W4376478934,W2299284748
W4376478934,W2318964089
W4376478934,W2510919644
W4376478934,W2512672180
W4376478934,W2549167833
W4376478934,W2553353351
W4376478934,W2744181172
W4376478934,W2819222535
W4376478934,W2899563586
W4376478934,W2940779895
W4376478934,W2943788284
W4376478934,W3081370207
W4376478934,W3089686247
W4376478934,W3165483460
W4376478934,W6606077510
W4376478934,W6688315975
W1979025748,W2002893522
W1954343111,W219957973
W1954343111,W1965828509
W1954343111,W1974835908
W1954343111,W2043460413
W2215437196,W128363437
W2215437196,W2010927954
W2215437196,W2014921255
W2215437196,W2037001540
W2215437196,W2041121121
W2215437196,W2045114640
W2215437196,W2072785492
W2215437196,W2117489410
W2215437196,W2122313562
W2215437196,W2133789919
W2215437196,W2174558933
W2215437196,W2184854514
W1976717666,W21347096
W1976717666,W92657957
W1976717666,W128363437
W1976717666,W143260562
W1976717666,W583799156
W1976717666,W2028271033
W1976717666,W2072026461
W1976717666,W2160109669
W1976717666,W2903863026
W1976717666,W4252497458
W1976717666,W4300838235
W1976717666,W6945187943
W1544998350,W2096046604
W1544998350,W2106325442
W1544998350,W2133797163
W4366769061,W1502255657
W4366769061,W1951724000
W4366769061,W1975238145
W4366769061,W1988031976
W4366769061,W1994227203
W4366769061,W2005444397
W4366769061,W2066328921
W4366769061,W2076346682
W4366769061,W2087484885
W4366769061,W2088312083
W4366769061,W2103428456
W4366769061,W2124434527
W4366769061,W2134718184
W4366769061,W2152966241
W4366769061,W2172295404
W4366769061,W2226376337
W4366769061,W2319700677
W4366769061,W2331974298
W4366769061,W2493906527
W4366769061,W2571962628
W4366769061,W2582743722
W4366769061,W2587044120
W4366769061,W2609788485
W4366769061,W2618980085
W4366769061,W2773566169
W4366769061,W2802505458
W4366769061,W2990369145
W4366769061,W3040242976
W4366769061,W3105411577
W4366769061,W3176639513
W4366769061,W3176966307
W4366769061,W3184731379
W4366769061,W3198441297
W4366769061,W4200211655
W4366769061,W4205998271
W4366769061,W4283726574
W4366769061,W4290759673
W4366769061,W4300870773
W4366769061,W4308099598
W4366769061,W4309666046
W230952323,W167948671
W230952323,W1498714368
W230952323,W1515617868
W230952323,W1529947985
W230952323,W1694080526
W230952323,W2012104941
W230952323,W2015677043
W230952323,W2101464305
W3002629079,W1494756088
W3002629079,W1946320230
W3002629079,W1976990110
W3002629079,W2003554883
W3002629079,W2021026018
W3002629079,W2037001540
W3002629079,W2063466632
W3002629079,W2076691609
W3002629079,W2089858241
W3002629079,W2095478627
W3002629079,W2101628359
W3002629079,W2108353880
W3002629079,W2113147897
W3002629079,W2115811139
W3002629079,W2119555207
W3002629079,W2184854514
W3002629079,W2313795952
W3002629079,W2466158603
W3002629079,W2478800122
W3002629079,W2491409387
W3002629079,W2615396116
W3002629079,W2724612790
W3002629079,W2769512728
W3002629079,W2780310278
W3002629079,W2807741105
W3002629079,W2922132587
W3002629079,W4235683296
W3002629079,W6740161652
W2339367298,W1714065864
W2605113665,W11909207
W2605113665,W2091784785
W2605113665,W2098619666
W2605113665,W2131735207
W2605113665,W2153314286
W2605113665,W2161377823
W2605113665,W2189059323
W2605113665,W2601835878
W3011077436,W60334069
W3011077436,W1582880486
W3011077436,W1874212524
W3011077436,W1963987467
W3011077436,W1970870254
W3011077436,W2021986710
W3011077436,W2022651795
W3011077436,W2026504595
W3011077436,W2028408091
W3011077436,W2030474329
W3011077436,W2032337854
W3011077436,W2036091596
W3011077436,W2037001540
W3011077436,W2040245809
W3011077436,W2040611779
W3011077436,W2047717968
W3011077436,W2058543238
W3011077436,W2067610985
W3011077436,W2079080230
W3011077436,W2083133776
W3011077436,W2092384978
W3011077436,W2093960336
W3011077436,W2128975021
W3011077436,W2139024465
W3011077436,W2140780590
W3011077436,W2141024349
W3011077436,W2296646900
W3011077436,W2319700677
W3011077436,W2342521515
W3011077436,W2345792697
W3011077436,W2403300874
W3011077436,W2549120448
W3011077436,W2624733606
W3011077436,W2740502024
W3011077436,W2748965471
W3011077436,W2764005569
W3011077436,W2781621131
W3011077436,W2803328470
W3011077436,W2901849013
W3011077436,W2911754830
W3011077436,W2912881048
W3011077436,W2987765137
W3011077436,W4256484569
W4303184270,W884650706
W4303184270,W1537887111
W4303184270,W1569648698
W4303184270,W1596196963
W4303184270,W1607743512
W4303184270,W1612995511
W4303184270,W1974170079
W4303184270,W1980459029
W4303184270,W1984779310
W4303184270,W1998667807
W4303184270,W2001478204
W4303184270,W2006720227
W4303184270,W2025097278
W4303184270,W2027523423
W4303184270,W2037001540
W4303184270,W2057978450
W4303184270,W2072026886
W4303184270,W2089817572
W4303184270,W2091784785
W4303184270,W2092816272
W4303184270,W2093953724
W4303184270,W2095929735
W4303184270,W2119480063
W4303184270,W2159604298
W4303184270,W2159840028
W4303184270,W2184854514
W4303184270,W2283126062
W4303184270,W2299284748
W4303184270,W2317919972
W4303184270,W2395018040
W4303184270,W2400355649
W4303184270,W2463119953
W4303184270,W2588829302
W4303184270,W2885292784
W4303184270,W2885439627
W4303184270,W2901715600
W4303184270,W2903262696
W4303184270,W2903489948
W4303184270,W2913521326
W4303184270,W2965150687
W4303184270,W2965630837
W4303184270,W2970787104
W4303184270,W2991070205
W4303184270,W2995178028
W4303184270,W3003668765
W4303184270,W3089414860
W4303184270,W3090085550
W4303184270,W3110201100
W4303184270,W3198705679
W4303184270,W4237549518
W4303184270,W4239603325
W4303184270,W4246413347
W4303184270,W4246986769
W4303184270,W4249771488
W4303184270,W4255819089
W4303184270,W4289983871
W4303184270,W4312525752
W4303184270,W6603448811
W4303184270,W6605809315
W4303184270,W6606477337
W4303184270,W6606706339
W4303184270,W6630108217
W4303184270,W6712769774
W4303184270,W6737606108
W4303184270,W6823859266
W4303184270,W6941038656
W4303184270,W7019140572
W4303184270,W7020204085
W4303184270,W7043575881
W4295766617,W2010055427
W4295766617,W2011301426
W4295766617,W2056504312
W4295766617,W2060142157
W4295766617,W2111380916
W4295766617,W2137102534
W4295766617,W2184854514
W4295766617,W2888532099
W4295766617,W2897278185
W4295766617,W2970480061
W4295766617,W3045568791
W4295766617,W3102230680
W4295766617,W4200289831
W4295766617,W4220970479
W3162917476,W1572665971
W3162917476,W2013039323
W3162917476,W2041121121
W3162917476,W2054459286
W3162917476,W2123013445
W3162917476,W2123436043
W3162917476,W2133564221
W3162917476,W2133797163
W3162917476,W2396671154
W3162917476,W2492014371
W3162917476,W2529719565
W3162917476,W2568039188
W3162917476,W2802271675
W3162917476,W2896786957
W3162917476,W2899563586
W3162917476,W2913521326
W3162917476,W2981433825
W3162917476,W3033600316
W3162917476,W3094535122
W3162917476,W3160330714
W2901556669,W72135960
W2901556669,W1504935443
W2901556669,W1689644917
W2901556669,W1699047987
W2901556669,W2013988598
W2901556669,W2015677043
W2901556669,W2041121121
W2901556669,W2052900576
W2901556669,W2072206615
W2901556669,W2076040368
W2901556669,W2157796984
W2901556669,W2345596440
W2901556669,W2472901858
W2901556669,W2550159954
W2901556669,W2773816955
W4392741404,W1502148365
W4392741404,W2007798022
W4392741404,W2041121121
W4392741404,W2137102534
W4392741404,W3045568791
W4392741404,W3078797493
W4392741404,W4200289831
W4392741404,W4220970479
W4392741404,W4283722419
W4392741404,W4295766617
W4392741404,W4309182995
W4392741404,W4320723376
W4392741404,W4365145875
W2408145820,W1501701257
W2408145820,W2081432798
W2408145820,W2399020194
W2408145820,W2553043867
W1980291542,W1565617960
W1980291542,W1575829986
W1980291542,W1579516283
W1980291542,W1595897223
W1980291542,W1977007664
W1980291542,W1991002671
W1980291542,W2001070311
W1980291542,W2044842793
W1980291542,W2052355397
W1980291542,W2122544517
W1980291542,W2912596165
W1980291542,W2985333304
W1980291542,W4213129550
W1980291542,W4388254066
W2007010327,W1497286318
W2007010327,W2007798022
W2007010327,W2064989151
W2007010327,W2095929735
W2007010327,W2119480063
W2007010327,W2184854514
W2007010327,W2337365192
W2007010327,W2395018040
W2756783367,W1560144794
W2756783367,W1885639605
W2756783367,W2020721196
W2756783367,W2045094646
W2756783367,W2083225880
W2756783367,W2134079826
W2756783367,W2315268655
W2756783367,W2912596165
W2177728812,W74775258
W2177728812,W1479730015
W2177728812,W1968983388
W2177728812,W1996136679
W2177728812,W2059075385
W2177728812,W2139470221
W2177728812,W3022307797
W2177728812,W4213129550
W4396608929,W83866079
W4396608929,W118035301
W4396608929,W144891795
W4396608929,W148410407
W4396608929,W155768388
W4396608929,W167948671
W4396608929,W599124251
W4396608929,W1500190048
W4396608929,W1527457427
W4396608929,W1561285418
W4396608929,W1593837227
W4396608929,W1966002396
W4396608929,W2006720227
W4396608929,W2041121121
W4396608929,W2043843997
W4396608929,W2128543131
W4396608929,W2129659870
W4396608929,W2133940321
W4396608929,W2137526265
W4396608929,W2170699275
W4396608929,W2183898009
W4396608929,W2312542136
W4396608929,W2514058586
W4396608929,W2790307932
W4396608929,W2792606748
W4396608929,W2901715600
W4396608929,W2903262696
W4396608929,W2952582255
W4396608929,W2965150687
W4396608929,W2965177497
W4396608929,W3105742033
W4396608929,W4242370366
W4396608929,W4251060490
W4396608929,W4255819089
W4396608929,W4297349554
W4396608929,W4386029444
W4396608929,W4387644994
W2068627759,W2021275403
W2068627759,W2027867296
W2068627759,W2031344788
W2068627759,W2137509658
W2995817536,W1586624296
W2995817536,W1972151814
W2995817536,W2037001540
W2995817536,W2066292942
W2995817536,W2095409369
W2995817536,W2108893166
W2995817536,W2118489710
W2995817536,W2125570765
W2995817536,W2162800060
W2995817536,W2184854514
W2995817536,W2220359064
W2995817536,W2515805897
W2995817536,W2965150687
W2995817536,W3106652968
W2995817536,W4240854344
W2995817536,W4245341397
W2995817536,W4254404859
W2995817536,W4256270747
W2966474027,W2002041302
W2966474027,W2315268655
W4220768673,W1977109026
W4220768673,W2034580061
W4220768673,W4243735707
W3036493540,W167948671
W3036493540,W1502148365
W3036493540,W1573784727
W3036493540,W1577234506
W3036493540,W1852444169
W3036493540,W1968008571
W3036493540,W2041121121
W3036493540,W2041404167
W3036493540,W2128026023
W3036493540,W2128940305
W3036493540,W2137526265
W3036493540,W2167714411
W3036493540,W2184854514
W3036493540,W2586400180
W3036493540,W2885080937
W3036493540,W2898557974
W3036493540,W2900529643
W3036493540,W2964920197
W3036493540,W2993383518
W2787821446,W1497286318
W2787821446,W2003313743
W2787821446,W2008202171
W2787821446,W2017967298
W2787821446,W2033190454
W2787821446,W2037001540
W2787821446,W2057978450
W2787821446,W2059075385
W2787821446,W2062273234
W2787821446,W2133797163
W2787821446,W2153314286
W2787821446,W2159190202
W2787821446,W2162846639
W4310588935,W1520666785
W4310588935,W1979700375
W4310588935,W1979898043
W4310588935,W2030818890
W4310588935,W2057233721
W4310588935,W2088794926
W4310588935,W2109703904
W4310588935,W2120195728
W4310588935,W2137102534
W4310588935,W2147637389
W4310588935,W2154951491
W4310588935,W2157289187
W4310588935,W2323243293
W4310588935,W2538195819
W4310588935,W2756207886
W2981763992,W1534904646
W2981763992,W2137526265
W2981763992,W2600087721
W2981763992,W2743445852
W2981763992,W2794550444
W2981763992,W6680378043
W4285138208,W1982964137
W4285138208,W1989514960
W4285138208,W2024519097
W4285138208,W2041121121
W4285138208,W2052270675
W4285138208,W2052698845
W4285138208,W2080124005
W4285138208,W2090601654
W4285138208,W2091784785
W4285138208,W2121915239
W4285138208,W2133797163
W4285138208,W2164777277
W4285138208,W2299284748
W4285138208,W2334651604
W4285138208,W2346044523
W4285138208,W2346618622
W4285138208,W2942542648
W4285138208,W2943122706
W4285138208,W4238387768
W4285138208,W6673314710
W2188171783,W1485835175
W2188171783,W1538453846
W2188171783,W1569827162
W2188171783,W1578209594
W2188171783,W1612995511
W2188171783,W2036845774
W2188171783,W2043843997
W2188171783,W2090135651
W2188171783,W2092387354
W2188171783,W2762217564
W2781332463,W167948671
W2781332463,W1811945995
W2781332463,W2003509661
W2781332463,W2008691804
W2781332463,W2032967826
W2781332463,W2089409887
W2781332463,W2109450332
W2781332463,W2118320651
W2781332463,W2122848099
W2781332463,W2132889650
W2781332463,W2133852590
W2781332463,W2140539724
W2781332463,W2140788346
W2781332463,W2152772614
W2781332463,W2537047136
W4280500028,W1497286318
W4280500028,W1519388409
W4280500028,W1919099765
W4280500028,W1973641371
W4280500028,W1985335593
W4280500028,W1985737286
W4280500028,W1987358053
W4280500028,W1989016101
W4280500028,W2002516241
W4280500028,W2009198914
W4280500028,W2027753150
W4280500028,W2034391172
W4280500028,W2045506010
W4280500028,W2059075385
W4280500028,W2061023211
W4280500028,W2062438385
W4280500028,W2070176305
W4280500028,W2072628264
W4280500028,W2096042773
W4280500028,W2106042522
W4280500028,W2114126971
W4280500028,W2123668258
W4280500028,W2129488573
W4280500028,W2131657873
W4280500028,W2135868439
W4280500028,W2138098672
W4280500028,W2140723827
W4280500028,W2146576775
W4280500028,W2147679264
W4280500028,W2169920658
W4280500028,W2280386867
W4280500028,W2516028181
W4280500028,W2538195819
W4280500028,W2549358157
W4280500028,W2596596865
W4280500028,W2621231483
W4280500028,W2894384264
W4280500028,W2909587423
W4280500028,W2913521326
W4280500028,W2943305677
W4280500028,W3086348885
W4280500028,W3208118424
W4280500028,W6681260765
W3008963471,W350139113
W3008963471,W598688589
W3008963471,W1491504725
W3008963471,W1561515052
W3008963471,W1968060331
W3008963471,W1984314602
W3008963471,W1987628598
W3008963471,W2000459129
W3008963471,W2004150192
W3008963471,W2035486824
W3008963471,W2037001540
W3008963471,W2048145045
W3008963471,W2050896993
W3008963471,W2052417512
W3008963471,W2060880824
W3008963471,W2082343703
W3008963471,W2094906616
W3008963471,W2107797578
W3008963471,W2119480063
W3008963471,W2131657873
W3008963471,W2134773428
W3008963471,W2137260886
W3008963471,W2139190150
W3008963471,W2151802019
W3008963471,W2155172052
W3008963471,W2162846639
W3008963471,W2166667242
W3008963471,W2173474324
W3008963471,W2184854514
W3008963471,W2259765076
W3008963471,W2401907668
W3008963471,W2406029310
W3008963471,W2482049660
W3008963471,W2485732744
W3008963471,W2897810656
W3008963471,W2952582255
W3008963471,W4210849719
W3008963471,W4242971030
W3008963471,W4254012472
W3008963471,W6682990099
W3008963471,W6713187323
W3044197643,W624465380
W3044197643,W1986840445
W3044197643,W2086108383
W3044197643,W2184854514
W3044197643,W4243761327
W3125610818,W92796414
W3125610818,W128363437
W3125610818,W1572460559
W3125610818,W1607743512
W3125610818,W1986521970
W3125610818,W1994477474
W3125610818,W2028443633
W3125610818,W2072592751
W3125610818,W2117023458
W3125610818,W2119073998
W3125610818,W2123442640
W3125610818,W2138110513
W3125610818,W2144823142
W3125610818,W2149628368
W3125610818,W2184854514
W3125610818,W2289293720
W3125610818,W2598154185
W3125610818,W2615708997
W3125610818,W2902894080
W3125610818,W4230472358
W3125610818,W7071619704
W4289976181,W1581350311
W4289976181,W2052270675
W4289976181,W2053154970
W4289976181,W2095208095
W4289976181,W2106330396
W4289976181,W2108893166
W4289976181,W2470671694
W4289976181,W2586400180
W4289976181,W2886865485
W4289976181,W4294214983
W1993577777,W167948671
W1993577777,W768993479
W1993577777,W1497063361
W1993577777,W1499588919
W1993577777,W1513534766
W1993577777,W1546342721
W1993577777,W1551510483
W1993577777,W1594168327
W1993577777,W1999906123
W1993577777,W2023874396
W1993577777,W2065331554
W1993577777,W2133824856
W1993577777,W2137526265
W1993577777,W2172059270
W1993577777,W2784911068
W1993577777,W4285719527
W4319439333,W577481087
W4319439333,W1568636969
W4319439333,W1973453395
W4319439333,W1983056664
W4319439333,W1985365374
W4319439333,W2030262610
W4319439333,W2037386845
W4319439333,W2041949209
W4319439333,W2056615497
W4319439333,W2087033208
W4319439333,W2093975242
W4319439333,W2094140714
W4319439333,W2160301066
W4319439333,W2773024834
W4319439333,W4237700801
W4319439333,W4246406755
W940555473,W50471992
W940555473,W1537887111
W940555473,W1556873952
W940555473,W2005919847
W2950560034,W1510543252
W2950560034,W1566459067
W2950560034,W1576420969
W2950560034,W1590947159
W2950560034,W1593337933
W2950560034,W1974170079
W2950560034,W1992468098
W2950560034,W2007992085
W2950560034,W2167631164
W2950560034,W2326334770
W2950560034,W2395589661
W2468143500,W1583418468
W2468143500,W1882154482
W2468143500,W1967323061
W2468143500,W1969105061
W2468143500,W1984314602
W2468143500,W1991849198
W2468143500,W1997110426
W2468143500,W2001461756
W2468143500,W2002659098
W2468143500,W2003797042
W2468143500,W2007894891
W2468143500,W2008202171
W2468143500,W2019065296
W2468143500,W2033190454
W2468143500,W2039293470
W2468143500,W2047042583
W2468143500,W2072813844
W2468143500,W2078089693
W2468143500,W2083262661
W2468143500,W2083375777
W2468143500,W2084691966
W2468143500,W2092570966
W2468143500,W2100649735
W2468143500,W2101298784
W2468143500,W2124862546
W2468143500,W2129403747
W2468143500,W2132794967
W2468143500,W2138402033
W2468143500,W2142571143
W2468143500,W2154350510
W4213104722,W1487212816
W4213104722,W1518077539
W4213104722,W1556264121
W4213104722,W1559450712
W4213104722,W1792834816
W4213104722,W1952738065
W4213104722,W1970989411
W4213104722,W1971016029
W4213104722,W1974038455
W4213104722,W1995140922
W4213104722,W2007897947
W4213104722,W2012835248
W4213104722,W2023619353
W4213104722,W2027765653
W4213104722,W2027772439
W4213104722,W2040912986
W4213104722,W2043950439
W4213104722,W2048952579
W4213104722,W2082539279
W4213104722,W2101298784
W4213104722,W2106325442
W4213104722,W2111889754
W4213104722,W2120294020
W4213104722,W2290578471
W4213104722,W2337235234
W4213104722,W2730002746
W4213104722,W2919115771
W4213104722,W4239510810
W2946796433,W2041914157
W2946796433,W2059515884
W2946796433,W2180648740
W2946796433,W2184854514
W2946796433,W2508908087
W2946796433,W2558496879
W2946796433,W2732701910
W2946796433,W2770495625
W2946796433,W2806487945
W2946796433,W2806853752
W2946796433,W2910035750
W2946796433,W2963946669
W2946796433,W7043575881
W2264164388,W71936225
W2264164388,W1993906458
W2264164388,W2128178009
W2264164388,W2165570903
W2264164388,W2266493323
W2793652066,W1978122678
W2793652066,W1988082944
W2793652066,W2027523423
W2793652066,W2164011449
W2793652066,W2165130450
W2597606893,W1801878374
W2597606893,W1964538581
W2597606893,W2037703416
W2597606893,W2100531634
W2187885537,W93612393
W2187885537,W1517387173
W2187885537,W1608482299
W2187885537,W2105055172
W2187885537,W2105118209
W2187885537,W2160628783
W4387370567,W1484449035
W4387370567,W1515617868
W4387370567,W1576998361
W4387370567,W1944219791
W4387370567,W1973159748
W4387370567,W1979290264
W4387370567,W2001137967
W4387370567,W2001461756
W4387370567,W2026724654
W4387370567,W2041121121
W4387370567,W2042851409
W4387370567,W2055237787
W4387370567,W2058543238
W4387370567,W2110235231
W4387370567,W2110649559
W4387370567,W2114721269
W4387370567,W2119611357
W4387370567,W2135048955
W4387370567,W2136022845
W4387370567,W2141740050
W4387370567,W2153173382
W4387370567,W2160179628
W4387370567,W2174258004
W4387370567,W2184854514
W4387370567,W2220788890
W4387370567,W2341542457
W4387370567,W2345792697
W4387370567,W2346795597
W4387370567,W2466861635
W4387370567,W2490977439
W4387370567,W2557836018
W4387370567,W2560199723
W4387370567,W2583031566
W4387370567,W2587996852
W4387370567,W2689106072
W4387370567,W2804058599
W4387370567,W2806231938
W4387370567,W2912881048
W4387370567,W2914250555
W4387370567,W2967626278
W4387370567,W2979295318
W4387370567,W2995408789
W4387370567,W3005085113
W4387370567,W3088170012
W4387370567,W3148566210
W4387370567,W3185101575
W4387370567,W4205780200
W4387370567,W4283784219
W4387370567,W7071619704
W2898019185,W4285719527
W4211014397,W6854706
W4211014397,W624465380
W4211014397,W1500693574
W4211014397,W1553424343
W4211014397,W1586670667
W4211014397,W1590469064
W4211014397,W1606409458
W4211014397,W2001478204
W4211014397,W2015101847
W4211014397,W2043162293
W4211014397,W2059957416
W4211014397,W2072785492
W4211014397,W2078265833
W4211014397,W2083660934
W4211014397,W2088313145
W4211014397,W2093083435
W4211014397,W2115577577
W4211014397,W2131657873
W4211014397,W2133485962
W4211014397,W2134079826
W4211014397,W2142571143
W4211014397,W2579555219
W4211014397,W2767214446
W4211014397,W2799014876
W4211014397,W4207080468
W4211014397,W4256399001
W4243133805,W314834796
W4243133805,W1521847617
W4243133805,W1874871483
W4243133805,W1925453747
W4243133805,W1964430758
W4243133805,W1964508170
W4243133805,W1975832363
W4243133805,W1993967057
W4243133805,W2006462399
W4243133805,W2010675647
W4243133805,W2029486142
W4243133805,W2038967548
W4243133805,W2060631797
W4243133805,W2069176141
W4243133805,W2071607521
W4243133805,W2072020524
W4243133805,W2076614587
W4243133805,W2093110250
W4243133805,W2101621056
W4243133805,W2115558475
W4243133805,W2119480063
W4243133805,W2156366082
W4243133805,W2164408174
W4243133805,W2184002495
W4243133805,W2187018748
W4243133805,W2188608003
W4243133805,W2205103754
W4243133805,W2301092961
W4243133805,W2317076371
W4243133805,W2325764434
W4243133805,W2346131785
W4243133805,W2467899972
W4243133805,W2509398808
W4243133805,W2514254236
W4243133805,W2536229134
W4243133805,W2571784596
W4243133805,W2582521406
W4243133805,W2599773616
W4243133805,W2600087721
W4243133805,W2610464621
W4243133805,W2614621135
W4243133805,W2622306208
W4243133805,W2731300931
W4243133805,W2784272104
W4243133805,W2789582101
W4243133805,W2792359253
W4243133805,W2798959019
W4243133805,W2927437977
W4243133805,W3101721510
W4243133805,W4205691162
W4243133805,W4205711532
W4243133805,W4296923461
W958707041,W1502818505
W958707041,W1533878625
W958707041,W1572770553
W958707041,W1577214156
W958707041,W1598383676
W958707041,W2228360487
W2335323384,W125391426
W2335323384,W1481412153
W2335323384,W1489238586
W2335323384,W1494026234
W2335323384,W1586670667
W2335323384,W1599083647
W2335323384,W1981060864
W2335323384,W1983807218
W2335323384,W1991118510
W2335323384,W2008540796
W2335323384,W2015153621
W2335323384,W2032337854
W2335323384,W2037001540
W2335323384,W2040221341
W2335323384,W2058518679
W2335323384,W2086826913
W2335323384,W2102033257
W2335323384,W2137526265
W2335323384,W2156424572
W2335323384,W2157796984
W2335323384,W2161866293
W2335323384,W2163189132
W2335323384,W2184854514
W2335323384,W2510121892
W2335323384,W2913521326
W2335323384,W3118386952
W2335323384,W4285719527
W2335323384,W7000731073
W2335323384,W7071619704
W1991510159,W2018377262
W2801641699,W1971509160
W2801641699,W2041121121
W2801641699,W2067083952
W2801641699,W2105055172
W2801641699,W2485630716
W2801641699,W4253435090
W2965269633,W208345331
W2965269633,W651070295
W2965269633,W1571743830
W2965269633,W1599105370
W2965269633,W1987930784
W2965269633,W2001478204
W2965269633,W2059331321
W2965269633,W2110794031
W2965269633,W2162703728
W2965269633,W2324143460
W2965269633,W2341369563
W2965269633,W2796527002
W2965269633,W4246264307
W2965269633,W4289886303
W1563214018,W591108810
W1563214018,W1504835650
W1563214018,W1505096505
W1563214018,W1510101233
W1563214018,W1590469064
W1563214018,W1950736173
W1563214018,W2007180964
W1563214018,W2016271194
W1563214018,W2032337854
W1563214018,W2032769849
W1563214018,W2119480063
W1563214018,W2126980690
W1563214018,W2143483079
W1563214018,W2296646900
W3139947764,W148410407
W3139947764,W1549003867
W3139947764,W2095929735
W3139947764,W2108893166
W3139947764,W2123442640
W3139947764,W2124490600
W3139947764,W2149023643
W3139947764,W2609429672
W3139947764,W2615430638
W3139947764,W2885292784
W3139947764,W2901715600
W3139947764,W2955138922
W3139947764,W2995178028
W3139947764,W3105742033
W3139947764,W3166620049
W3139947764,W4242370366
W3139947764,W4242775597
W3139947764,W4249127707
W3139947764,W4287992485
W3139947764,W6737213203
W3200989843,W1837978202
W3200989843,W1984633726
W3200989843,W2169334254
W3200989843,W2331995259
W3200989843,W2460040830
W3200989843,W4245341397
W3200989843,W6806132647
W2035736211,W1497286318
W2035736211,W1973641371
W2035736211,W1975293845
W2035736211,W2006128682
W2035736211,W2007798022
W2035736211,W2042400458
W2035736211,W2050973981
W2035736211,W2054541685
W2035736211,W2062029950
W2035736211,W2091784785
W2035736211,W2095929735
W2035736211,W2096905586
W2035736211,W2128178009
W2035736211,W2157130619
W2035736211,W4238387768
W2035736211,W4239603325
W33295287,W71936225
W33295287,W1532083937
W33295287,W1776178666
W33295287,W1962316117
W33295287,W1987302113
W33295287,W2092741127
W33295287,W2094136133
W33295287,W2100090900
W33295287,W2129318928
W2018837876,W1971810863
W2018837876,W1990568845
W2018837876,W2003371979
W2018837876,W2039425997
W2018837876,W2061104278
W2018837876,W2087745349
W2018837876,W2223081797
W2579900634,W1633004679
W2579900634,W1989016101
W2579900634,W2097327863
W2579900634,W2137526265
W2579900634,W3021716472
W2476814756,W392012835
W2476814756,W1964538581
W2476814756,W2076691609
W2476814756,W2118489710
W2476814756,W2133940321
W2476814756,W2184854514
W2476814756,W2913521326
W2476814756,W3161651943
W2950068676,W1551925143
W2950068676,W1815579919
W2950068676,W1971556657
W2950068676,W1979898043
W2950068676,W1987274474
W2950068676,W1987408817
W2950068676,W1989274999
W2950068676,W1991139021
W2950068676,W1996363643
W2950068676,W2003840516
W2950068676,W2031347071
W2950068676,W2037001540
W2950068676,W2052114876
W2950068676,W2068084117
W2950068676,W2087484885
W2950068676,W2095929735
W2950068676,W2096457720
W2950068676,W2122989064
W2950068676,W2128178009
W2950068676,W2130567699
W2950068676,W2149658184
W2950068676,W2168831295
W2950068676,W2184854514
W2950068676,W2208213853
W2950068676,W2301092961
W2950068676,W2339867409
W2950068676,W2340383253
W2950068676,W2416112991
W2950068676,W2579555219
W2950068676,W2761132292
W2950068676,W2893968879
W2950068676,W2957880271
W2950068676,W3021760326
W4400941613,W2013808389
W4400941613,W2023731768
W4400941613,W2040611779
W4400941613,W2100110002
W4400941613,W2200443215
W4400941613,W2211533131
W4400941613,W2306926430
W4400941613,W2345792697
W4400941613,W2420869607
W4400941613,W2711373411
W4400941613,W2901346573
W4400941613,W2913974043
W4400941613,W2979295318
W4400941613,W2986768922
W4400941613,W2995408789
W4400941613,W3003963609
W4400941613,W3049182323
W4400941613,W3108222064
W4400941613,W3158724358
W4400941613,W4206819977
W4400941613,W4283015899
W4400941613,W4302424670
W4400941613,W4309026886
W4400941613,W4387186732
W4400941613,W4388635185
W4400941613,W4390107141
W4400941613,W4390984833
W4386283064,W1984569591
W4386283064,W1984779310
W4386283064,W1998771049
W4386283064,W2039293470
W4386283064,W2055120733
W4386283064,W2068708830
W4386283064,W2072133687
W4386283064,W2091784785
W4386283064,W2138402033
W4386283064,W2792606748
W4386283064,W2795609262
W4386283064,W2885080937
W4386283064,W2907761082
W4386283064,W2991070205
W4386283064,W4238042604
W4386283064,W4245732064
W4386283064,W4249323970
W4386283064,W4318045047
W4386283064,W6949693590
W2039772475,W168800580
W2039772475,W1933657216
W2039772475,W1999261091
W2039772475,W2000183361
W2039772475,W2007607399
W2039772475,W2024787486
W2039772475,W2088658207
W2039772475,W2327402526
W2039772475,W2331964673
W2039772475,W4245967894
W2039772475,W4285719527
W2039772475,W4301141993
W2796406545,W1485305988
W2796406545,W1499933681
W2796406545,W2065236701
W2796406545,W2091863045
W2796406545,W2100531634
W2796406545,W2150958177
W2796406545,W2515805897
W2796406545,W6630002413
W2396953862,W2184854514
W3213597375,W178275036
W3213597375,W1497148900
W3213597375,W1607781014
W3213597375,W1761027016
W3213597375,W1922152898
W3213597375,W1958876462
W3213597375,W1964538581
W3213597375,W1966146251
W3213597375,W1966534954
W3213597375,W1984281348
W3213597375,W2001422711
W3213597375,W2010927954
W3213597375,W2011116941
W3213597375,W2016735081
W3213597375,W2017372346
W3213597375,W2029654180
W3213597375,W2043833042
W3213597375,W2048145045
W3213597375,W2054459286
W3213597375,W2059008731
W3213597375,W2062977969
W3213597375,W2066083843
W3213597375,W2076629853
W3213597375,W2078065772
W3213597375,W2078140195
W3213597375,W2085669305
W3213597375,W2091985678
W3213597375,W2103869314
W3213597375,W2106746989
W3213597375,W2123436043
W3213597375,W2133797163
W3213597375,W2134773428
W3213597375,W2150875929
W3213597375,W2162610948
W3213597375,W2188049640
W3213597375,W2226899078
W3213597375,W2330573464
W3213597375,W2352161979
W3213597375,W2461948500
W3213597375,W2510919644
W3213597375,W2546635522
W3213597375,W2568039188
W3213597375,W2887489420
W3213597375,W2898741879
W3213597375,W2899919357
W3213597375,W2953164479
W3213597375,W3045640687
W3213597375,W3113586984
W3213597375,W4205974199
W3213597375,W6629682348
W3213597375,W6639848026
W3213597375,W6689554483
W3092460645,W1480022975
W3092460645,W1528162760
W3092460645,W1912282481
W3092460645,W1961645301
W3092460645,W2068501790
W3092460645,W2091777213
W3092460645,W2093488518
W3092460645,W2101581748
W3092460645,W2118812119
W3092460645,W2135099678
W3092460645,W2156126617
W3092460645,W2159059077
W3092460645,W2164598857
W3092460645,W2172242137
W3092460645,W2751023760
W3092460645,W2972591985
W3092460645,W3003662786
W2137526265,W82485184
W2137526265,W193489284
W2137526265,W1486313877
W2137526265,W1490482062
W2137526265,W1519073454
W2137526265,W1538807643
W2137526265,W1566660863
W2137526265,W1575829986
W2137526265,W1581848821
W2137526265,W1593337933
W2137526265,W1612995511
W2137526265,W1630493849
W2137526265,W1794929904
W2137526265,W1986595194
W2137526265,W1994199133
W2137526265,W2006144938
W2137526265,W2006291576
W2137526265,W2009022594
W2137526265,W2013020033
W2137526265,W2015394094
W2137526265,W2023108246
W2137526265,W2027867296
W2137526265,W2029403095
W2137526265,W2037001540
W2137526265,W2053903592
W2137526265,W2064233625
W2137526265,W2072752513
W2137526265,W2079080230
W2137526265,W2096352449
W2137526265,W2103604870
W2137526265,W2111197100
W2137526265,W2113467633
W2137526265,W2119480063
W2137526265,W2128940305
W2137526265,W2133797163
W2137526265,W2137637975
W2137526265,W2139138427
W2137526265,W2257861854
W2137526265,W2293174243
W2137526265,W2327525319
W2137526265,W2345739896
W2137526265,W2463352670
W2137526265,W2610881169
W2137526265,W3179161036
W4391276856,W1980514696
W4391276856,W2008691804
W4391276856,W2037001540
W4391276856,W2048548910
W4391276856,W2076691609
W4391276856,W2122848099
W4391276856,W2143169494
W4391276856,W2165570903
W4391276856,W2735688622
W4391276856,W2963223223
W4391276856,W2963847539
W4391276856,W4250008609
W4391276856,W6613468649
W2800903401,W583799156
W2800903401,W1953090334
W2800903401,W1968983388
W2800903401,W2108139264
W2800903401,W2123992886
W2800903401,W2128018947
W2800903401,W2150312211
W2800903401,W2163834511
W2800903401,W2166470807
W2800903401,W2185795379
W2800903401,W4244757066
W2800903401,W4255713411
W2800903401,W4256399001
W2005880295,W117350066
W2005880295,W568544327
W2005880295,W1975594003
W2005880295,W2039894621
W2005880295,W2061425878
W2005880295,W2071122492
W2005880295,W2077486936
W2005880295,W2119253849
W2005880295,W2122313562
W35576504,W1994893618
W35576504,W2133797163
W4226165666,W624465380
W4226165666,W1694080526
W4226165666,W1699047987
W4226165666,W1968311814
W4226165666,W1985533383
W4226165666,W1989016101
W4226165666,W1993624695
W4226165666,W1999506129
W4226165666,W2020776366
W4226165666,W2058904305
W4226165666,W2059075385
W4226165666,W2098619666
W4226165666,W2114886667
W4226165666,W2131123711
W4226165666,W2136691781
W4226165666,W2147679264
W4226165666,W2184854514
W4226165666,W2227407841
W4226165666,W2289988710
W4226165666,W2322255606
W4226165666,W2335323384
W4226165666,W2406390611
W4226165666,W2913974265
W4226165666,W3118257075
W4226165666,W6769831151
W2055297610,W2037268004
W81775368,W2048548910
W81775368,W2165570903
W81775368,W2264164388
W2022250057,W1984314602
W2022250057,W1994063459
W2022250057,W2033190454
W2022250057,W2058799256
W2405128847,W9119819
W2405128847,W68346849
W2405128847,W139777397
W2405128847,W206864471
W2405128847,W1496929008
W2405128847,W1852444169
W2405128847,W1980514696
W2405128847,W2103604870
W3211380182,W2137526265
W3211380182,W2323599019
W3211380182,W2582521406
W2074156432,W1915495511
W2074156432,W1980514696
W2074156432,W1994345166
W2074156432,W2017663639
W2074156432,W2053903592
W2074156432,W2137526265
W2074156432,W2161238168
W2074156432,W2163514131
W2074156432,W2165570903
W2074156432,W2733269210
W2074156432,W4236414151
W2074156432,W4256399001
W4229004999,W2121849042
W4229004999,W2474317503
W4229004999,W3045568791
W2346164293,W12144851
W2346164293,W1991849198
W2346164293,W2041121121
W2346164293,W2125570765
W2346164293,W2137526265
W2346164293,W2184854514
W2346164293,W2535459548
W4386580226,W2035419550
W4386580226,W2111040806
W4386580226,W2154393540
W4386580226,W2607078030
W4386580226,W2626622360
W4386580226,W2762384153
W4386580226,W3094452219
W4386580226,W3164009507
W4386580226,W4281685026
W4256579231,W120317759
W4256579231,W141817568
W4256579231,W167948671
W4256579231,W612471143
W4256579231,W1489238586
W4256579231,W1497286318
W4256579231,W1527457427
W4256579231,W1560144794
W4256579231,W1576653627
W4256579231,W1586624296
W4256579231,W1594450222
W4256579231,W1595643407
W4256579231,W1689644917
W4256579231,W1829197771
W4256579231,W1946467015
W4256579231,W1968008571
W4256579231,W1977731574
W4256579231,W1980843241
W4256579231,W1987628598
W4256579231,W1991886506
W4256579231,W1998269597
W4256579231,W1998515403
W4256579231,W1999209397
W4256579231,W2000218448
W4256579231,W2001478204
W4256579231,W2003458804
W4256579231,W2013817254
W4256579231,W2018275543
W4256579231,W2023220203
W4256579231,W2023397245
W4256579231,W2031459584
W4256579231,W2032087125
W4256579231,W2032946087
W4256579231,W2033094552
W4256579231,W2035486824
W4256579231,W2037001540
W4256579231,W2038897574
W4256579231,W2041121121
W4256579231,W2043181832
W4256579231,W2056353958
W4256579231,W2057583273
W4256579231,W2058518679
W4256579231,W2059075385
W4256579231,W2072206615
W4256579231,W2078367211
W4256579231,W2079080230
W4256579231,W2082000140
W4256579231,W2082981966
W4256579231,W2085049476
W4256579231,W2090579027
W4256579231,W2098104159
W4256579231,W2098714234
W4256579231,W2099634219
W4256579231,W2100531634
W4256579231,W2101464305
W4256579231,W2101758500
W4256579231,W2114683697
W4256579231,W2117343866
W4256579231,W2117820411
W4256579231,W2119611357
W4256579231,W2120675175
W4256579231,W2122848099
W4256579231,W2124490600
W4256579231,W2125489534
W4256579231,W2125570765
W4256579231,W2127666085
W4256579231,W2131123711
W4256579231,W2131657873
W4256579231,W2138478249
W4256579231,W2143350951
W4256579231,W2144869632
W4256579231,W2147679264
W4256579231,W2147992783
W4256579231,W2149628368
W4256579231,W2152742269
W4256579231,W2154620409
W4256579231,W2157201194
W4256579231,W2158233643
W4256579231,W2163070220
W4256579231,W2163189132
W4256579231,W2166345358
W4256579231,W2168831295
W4256579231,W2232792187
W4256579231,W2296769292
W4256579231,W2299178933
W4256579231,W2304903802
W4256579231,W2320044524
W4256579231,W2322255606
W4256579231,W2328447414
W4256579231,W2332691635
W4256579231,W2335323384
W4256579231,W2339848953
W4256579231,W2344527636
W4256579231,W2369929118
W4256579231,W2404460166
W4256579231,W2414467074
W4256579231,W2471915850
W4256579231,W2495323687
W4256579231,W2535584608
W4256579231,W2555668463
W4256579231,W2561931717
W4256579231,W2596240398
W4256579231,W2601321973
W4256579231,W2602378791
W4256579231,W2604255570
W4256579231,W2615988294
W4256579231,W2616527078
W4256579231,W2625361014
W4256579231,W2733269210
W4256579231,W2759802789
W4256579231,W2761845644
W4256579231,W2771677576
W4256579231,W2773816955
W4256579231,W2784413597
W4256579231,W2793652066
W4256579231,W2897986294
W4256579231,W3044308762
W4256579231,W3118257075
W4256579231,W4230718620
W4256579231,W4242621561
W4256579231,W4246278590
W4256579231,W4251399284
W4256579231,W6600506015
W4256579231,W6630002413
W4256579231,W6631563805
W4256579231,W6665346695
W4256579231,W6670308541
W4256579231,W6682949499
W4256579231,W6731117376
W4256579231,W6769831151
W4256579231,W6781329970
W4256579231,W7023701770
W4285792890,W2117023458
W4285792890,W2117489410
W4285792890,W2123442640
W4285792890,W2125570765
W4285792890,W2184854514
W4285792890,W2326637412
W4285792890,W2610740284
W4285792890,W3003668765
W4285792890,W3017220216
W4285792890,W6697286127
W4285792890,W6823859266
W4285792890,W7043575881
W4406128306,W1502148365
W4406128306,W1658908529
W4406128306,W1981060864
W4406128306,W2043558955
W4406128306,W2054459286
W4406128306,W2058788751
W4406128306,W2087137043
W4406128306,W2117023458
W4406128306,W2117489410
W4406128306,W2170644967
W4406128306,W2475426101
W4406128306,W2494250053
W4406128306,W2528416655
W4406128306,W2559834531
W4406128306,W2609429672
W4406128306,W2614658285
W4406128306,W2790875384
W4406128306,W2886146260
W4406128306,W2900701007
W4406128306,W2981433825
W4406128306,W2982303213
W4406128306,W2991477142
W4406128306,W3045568791
W4406128306,W3154541901
W4406128306,W3163489024
W4406128306,W3209573755
W4406128306,W4205563941
W4406128306,W4213362395
W4406128306,W4248420834
W4406128306,W4283722419
W4406128306,W4324117850
W4406128306,W4376113090
W3184458317,W120317759
W3184458317,W2006946957
W3184458317,W2083829327
W3184458317,W2098315017
W3184458317,W2201745394
W3184458317,W2571311760
W3184458317,W2748965471
W3184458317,W4212844288
W3184458317,W6604907675
W4391294942,W2058543238
W4391294942,W4241190983
W2592647215,W1584358237
W2592647215,W2045094646
W2592647215,W2061185532
W2592647215,W2125570765
W2592647215,W2154279390
W2592647215,W2166950143
W2592647215,W2591300916
W2592647215,W3106652968
W4319660011,W1976570622
W4319660011,W2045128528
W4319660011,W2122570643
W4319660011,W2301212998
W4319660011,W2582743722
W4319660011,W2595908185
W4319660011,W2604259471
W4319660011,W2764319616
W4319660011,W2902480251
W4319660011,W2903211045
W4319660011,W2905986839
W4319660011,W2915768693
W4319660011,W3043202512
W4319660011,W3047516569
W4319660011,W3096107788
W4319660011,W4200358009
W4319660011,W6756539950
W2406192348,W2407421298
W999888355,W92657957
W999888355,W1543098188
W999888355,W1975594003
W999888355,W1981060864
W999888355,W2117489410
W999888355,W6603753047
W999888355,W6645711090
W2139853867,W21964159
W2139853867,W139777397
W2139853867,W1272508706
W2139853867,W2139598342
W2139853867,W2161707777
W2139853867,W2392029795
W2027634492,W129212977
W2027634492,W1498714368
W2027634492,W1510737763
W2027634492,W1725744678
W2027634492,W1901546569
W2027634492,W2021666577
W2027634492,W2042978954
W2027634492,W2133797163
W2027634492,W2162846639
W2027634492,W2518814759
W4367623970,W1765238573
W4367623970,W1790936560
W4367623970,W1971793735
W4367623970,W1974170079
W4367623970,W2010675647
W4367623970,W2073507015
W4367623970,W2082470899
W4367623970,W2088955376
W4367623970,W2124990398
W4367623970,W2156897173
W4367623970,W2175189714
W4367623970,W2178477699
W4367623970,W2283333817
W4367623970,W2332691635
W4367623970,W2403095248
W4367623970,W2536229134
W4367623970,W2600087721
W4367623970,W2609429672
W4367623970,W2622306208
W4367623970,W2754798205
W4367623970,W2781621131
W4367623970,W2788918667
W4367623970,W2913521326
W4367623970,W2922132587
W4367623970,W3166820160
W4367623970,W4308787230
W4367623970,W6631508147
W17778624,W392012835
W17778624,W1482297266
W17778624,W1499933681
W17778624,W1533878625
W17778624,W1599105370
W17778624,W1845062044
W17778624,W1991849198
W17778624,W2076691609
W17778624,W2134314161
W17778624,W4285719527
W2896920121,W1489238586
W2896920121,W2001918695
W2896920121,W2037001540
W2896920121,W2126197241
W2896920121,W2142639790
W2896920121,W2163189132
W2896920121,W2219590493
W2896920121,W2227773046
W2896920121,W2248907644
W2896920121,W2477550758
W2896920121,W2549178590
W4396609104,W120317759
W4396609104,W1182186001
W4396609104,W1504935443
W4396609104,W2003351666
W4396609104,W2022651795
W4396609104,W2073980376
W4396609104,W2083829327
W4396609104,W2115487776
W4396609104,W2119480063
W4396609104,W2120017071
W4396609104,W2220788890
W4396609104,W2299284748
W4396609104,W2319700677
W4396609104,W2571311760
W4396609104,W2587996852
W4396609104,W2595908185
W4396609104,W2965150687
W4396609104,W2979295318
W4396609104,W4233385860
W4396609104,W4243432123
W4396609104,W4387543538
W4313175365,W2106330396
W4313175365,W2970480061
W2736259092,W1971641362
W2736259092,W1992825986
W2736259092,W2071230191
W2736259092,W2106325442
W4400269829,W2001461756
W4400269829,W2006946957
W4400269829,W2013366237
W4400269829,W2021090797
W4400269829,W2022651795
W4400269829,W2027619062
W4400269829,W2032337854
W4400269829,W2037472787
W4400269829,W2037878919
W4400269829,W2040611779
W4400269829,W2041121121
W4400269829,W2050571299
W4400269829,W2058543238
W4400269829,W2062190494
W4400269829,W2062690590
W4400269829,W2072464426
W4400269829,W2081817157
W4400269829,W2082764500
W4400269829,W2117916152
W4400269829,W2123024400
W4400269829,W2131294823
W4400269829,W2137237530
W4400269829,W2139024465
W4400269829,W2184854514
W4400269829,W2220788890
W4400269829,W2345792697
W4400269829,W2466861635
W4400269829,W2490977439
W4400269829,W2549120448
W4400269829,W2598797789
W4400269829,W2738948243
W4400269829,W2748965471
W4400269829,W2764005569
W4400269829,W2791723994
W4400269829,W2803328470
W4400269829,W2806231938
W4400269829,W2889710185
W4400269829,W2912881048
W4400269829,W2924476848
W4400269829,W2979295318
W4400269829,W2995408789
W4400269829,W3003963609
W4400269829,W3012133597
W4400269829,W3014904044
W4400269829,W3033600316
W4400269829,W3107964754
W4400269829,W3148566210
W4400269829,W3184458317
W4400269829,W4205780200
W4400269829,W4212894378
W4400269829,W4213136782
W4400269829,W4283784219
W4400269829,W4365145875
W4400269829,W6733306018
W71569423,W1267563279
W71569423,W1483328210
W71569423,W1506967282
W71569423,W1506986435
W71569423,W1574263620
W71569423,W1592009902
W71569423,W1651701101
W71569423,W1975293845
W71569423,W1993503595
W71569423,W2059075385
W71569423,W2122437005
W71569423,W2134632849
W71569423,W2138098672
W71569423,W2147679264
W71569423,W2598208772
W71569423,W2784413597
W2886628190,W9119819
W2886628190,W587052083
W2886628190,W1537357046
W2886628190,W1555544825
W2886628190,W1573523614
W2886628190,W1600735929
W2886628190,W1980775907
W2886628190,W2045094646
W2886628190,W2100531634
W2886628190,W2138269563
W2886628190,W2158233643
W2886628190,W2184854514
W2886628190,W6634280709
W2886628190,W7071619704
W2396878506,W1566660863
W2396878506,W1572019598
W2396878506,W1576420969
W2396878506,W2184854514
W2396878506,W2294798173
W4387623868,W1822027877
W4387623868,W1969299770
W4387623868,W1988031976
W4387623868,W1993783675
W4387623868,W2010927954
W4387623868,W2047948074
W4387623868,W2049458102
W4387623868,W2064574537
W4387623868,W2078118823
W4387623868,W2113413712
W4387623868,W2119820506
W4387623868,W2123917150
W4387623868,W2951486999
W4387623868,W2998932971
W4387623868,W3008258409
W4387623868,W4230102364
W4387623868,W4293428240
W4387623868,W4309646510
W3177324217,W1562817185
W3177324217,W1590946104
W3177324217,W1982964137
W3177324217,W1989016101
W3177324217,W2052270675
W3177324217,W2066430820
W3177324217,W2082373127
W3177324217,W2090095712
W3177324217,W2114894207
W3177324217,W2137526265
W3177324217,W2139275323
W3177324217,W2160359758
W3177324217,W4242592731
W3177324217,W6630108217
W3177324217,W6671149193
W1971713402,W1985326748
W1971713402,W1986365965
W1971713402,W2161065603
W1971713402,W4241041842
W4304775435,W59450186
W4304775435,W205588460
W4304775435,W1521847617
W4304775435,W1590946104
W4304775435,W1796377598
W4304775435,W1983628602
W4304775435,W1986705961
W4304775435,W1989016101
W4304775435,W2015070289
W4304775435,W2017904042
W4304775435,W2045094646
W4304775435,W2080884306
W4304775435,W2088955376
W4304775435,W2134193571
W4304775435,W2160215060
W4304775435,W2172653878
W4304775435,W2223658739
W4304775435,W2535732482
W4304775435,W2596240398
W4304775435,W2609429672
W4304775435,W2625715867
W4304775435,W2885254904
W4304775435,W2900701007
W4304775435,W3011400720
W4304775435,W4256399001
W4304775435,W6630002413
W4304775435,W6893153891
W2953470290,W1527457427
W2953470290,W1950736173
W2953470290,W1968008571
W2953470290,W1968267755
W2953470290,W1978251538
W2953470290,W1989016101
W2953470290,W2058904305
W2953470290,W2059957416
W2953470290,W2066926573
W2953470290,W2088960431
W2953470290,W2119253849
W2953470290,W2184854514
W2953470290,W2317386813
W2953470290,W2332934440
W2953470290,W2563160245
W2953470290,W2750105098
W4220663269,W160509580
W4220663269,W282346841
W4220663269,W1527457427
W4220663269,W4251060490
W4220663269,W6631563805
W4220663269,W6697286127
W4220663269,W7020021566
W4220663269,W7033147448
W2022651795,W1516914559
W2022651795,W1862665565
W2022651795,W1963987467
W2022651795,W1965859210
W2022651795,W1977615208
W2022651795,W1981354982
W2022651795,W1982819694
W2022651795,W1985825333
W2022651795,W1991942861
W2022651795,W1992631987
W2022651795,W1993615828
W2022651795,W2001461756
W2022651795,W2003351666
W2022651795,W2010933881
W2022651795,W2021446056
W2022651795,W2027876425
W2022651795,W2035090004
W2022651795,W2037001540
W2022651795,W2042432550
W2022651795,W2044201858
W2022651795,W2052698845
W2022651795,W2058543238
W2022651795,W2065730432
W2022651795,W2083829327
W2022651795,W2087755669
W2022651795,W2093960336
W2022651795,W2095260011
W2022651795,W2103476886
W2022651795,W2113598159
W2022651795,W2117916152
W2022651795,W2120017071
W2022651795,W2122341428
W2022651795,W2135337178
W2022651795,W2140354221
W2022651795,W2142784426
W2022651795,W2168383416
W2022651795,W2184854514
W2022651795,W2319700677
W2022651795,W2474554242
W2022651795,W2623341036
W2022651795,W2624863320
W2022651795,W2746740474
W2022651795,W2771677576
W2022651795,W2913521326
W2022651795,W4253077363
W2022651795,W4285719527
W2022651795,W6641172791
W2022651795,W6742549220
W2022651795,W7039472292
W3184002544,W167948671
W3184002544,W281240564
W3184002544,W812793520
W3184002544,W2302993077
W3184002544,W2966093409
W3184002544,W3118618320
W4400798271,W167948671
W4400798271,W767989316
W4400798271,W1215132044
W4400798271,W1502664367
W4400798271,W1593163947
W4400798271,W1991560649
W4400798271,W2007979092
W4400798271,W2068325601
W4400798271,W2079057332
W4400798271,W2085596355
W4400798271,W2113220823
W4400798271,W2122122381
W4400798271,W2137526265
W4400798271,W2139190150
W4400798271,W2147923073
W4400798271,W2149003305
W4400798271,W2149628368
W4400798271,W2152905082
W4400798271,W2167557160
W4400798271,W2210072501
W4400798271,W2396671154
W4400798271,W2492014371
W4400798271,W2507528279
W4400798271,W2589688792
W4400798271,W2763766763
W4400798271,W2783539613
W4400798271,W2887465914
W4400798271,W2899919357
W4400798271,W2901715600
W4400798271,W2913521326
W4400798271,W2944523811
W4400798271,W2966093409
W4400798271,W2995435724
W4400798271,W3125610818
W4400798271,W3139429868
W4400798271,W3205632492
W4400798271,W4255713411
W4400798271,W4283757948
W4400798271,W4312384156
W4400798271,W6680378043
W4400798271,W6893153891
W4400798271,W7043575881
W2125672489,W13770256
W2125672489,W107684283
W2125672489,W1757148939
W2125672489,W1789658284
W2125672489,W2022222237
W2125672489,W2037001540
W2125672489,W2047329680
W2125672489,W2091784785
W2125672489,W2105118209
W2125672489,W2111197100
W2125672489,W2155417611
W2125672489,W2189059323
W2125672489,W4206777094
W2125672489,W4239603325
W2802384224,W1487212816
W2802384224,W1995981988
W2802384224,W2073168890
W2802384224,W2795989848
W2157400060,W75224404
W2157400060,W112450954
W2157400060,W621814778
W2157400060,W1485305988
W2157400060,W1489347216
W2157400060,W1566459067
W2157400060,W1573523614
W2157400060,W1576420969
W2157400060,W1586624296
W2157400060,W1980561265
W2157400060,W1999577921
W2157400060,W2018377917
W2157400060,W2028677178
W2157400060,W2035052544
W2157400060,W2059450962
W2157400060,W2075006603
W2157400060,W2077566900
W2157400060,W2112209753
W2157400060,W2122313562
W2157400060,W2155843307
W2157400060,W2161755617
W2157400060,W2166409620
W2157400060,W2327525319
W2157400060,W2610685016
W4312668095,W2012807833
W4312668095,W2047896579
W4312668095,W2058588831
W4312668095,W2121056041
W4312668095,W2277385341
W4312668095,W3098391756
W4312668095,W3106481222
W4312668095,W3113479924
W4312668095,W4256399001
W4280516949,W83866079
W4280516949,W88727532
W4280516949,W141207001
W4280516949,W159545904
W4280516949,W167948671
W4280516949,W223937513
W4280516949,W263398398
W4280516949,W410914020
W4280516949,W422962062
W4280516949,W1505491859
W4280516949,W1537887111
W4280516949,W1596196963
W4280516949,W1612995511
W4280516949,W1660250924
W4280516949,W1950736173
W4280516949,W1974170079
W4280516949,W1975943887
W4280516949,W1980459029
W4280516949,W1984779310
W4280516949,W1998667807
W4280516949,W2001478204
W4280516949,W2006720227
W4280516949,W2025097278
W4280516949,W2057978450
W4280516949,W2072026886
W4280516949,W2089817572
W4280516949,W2092816272
W4280516949,W2093953724
W4280516949,W2095929735
W4280516949,W2119480063
W4280516949,W2159840028
W4280516949,W2183898009
W4280516949,W2283126062
W4280516949,W2299284748
W4280516949,W2317919972
W4280516949,W2395018040
W4280516949,W2463119953
W4280516949,W2517649105
W4280516949,W2538673965
W4280516949,W2560854088
W4280516949,W2588829302
W4280516949,W2615482071
W4280516949,W2787821446
W4280516949,W2885292784
W4280516949,W2885439627
W4280516949,W2901715600
W4280516949,W2902386144
W4280516949,W2903262696
W4280516949,W2903489948
W4280516949,W2913521326
W4280516949,W2952792098
W4280516949,W2961975747
W4280516949,W2965150687
W4280516949,W2965630837
W4280516949,W2970787104
W4280516949,W2991070205
W4280516949,W3089414860
W4280516949,W3090085550
W4280516949,W3105742033
W4280516949,W3110201100
W4280516949,W3198705679
W4280516949,W4214913551
W4280516949,W4237549518
W4280516949,W4239603325
W4280516949,W4242370366
W4280516949,W4242592731
W4280516949,W4246187999
W4280516949,W4246413347
W4280516949,W4246986769
W4280516949,W4249771488
W4280516949,W4255819089
W4280516949,W4407838646
W4280516949,W6606216953
W4280516949,W6606477337
W4280516949,W6630108217
W4280516949,W6635652360
W4280516949,W6636149796
W4280516949,W6721764065
W4280516949,W6737606108
W4280516949,W6941038656
W4280516949,W7019140572
W4280516949,W7020204085
W4280516949,W7043575881
W2121752185,W2106571503
W2121752185,W2128940305
W2121752185,W2137352696
W2121752185,W2137509658
W2121752185,W2167631164
W2553308749,W139777397
W2553308749,W1573955430
W2553308749,W1581350311
W2553308749,W2020594273
W2553308749,W2090107153
W2553308749,W2101664981
W2553308749,W2139598342
W2553308749,W2141674016
W2553308749,W2402671869
W2369929118,W26662613
W2369929118,W120868933
W2369929118,W1573523614
W2369929118,W1586624296
W2369929118,W1964538581
W2369929118,W1968761003
W2369929118,W1972151814
W2369929118,W1985863029
W2369929118,W1998426307
W2369929118,W2019065296
W2369929118,W2037001540
W2369929118,W2052270675
W2369929118,W2091784785
W2369929118,W2103604870
W2369929118,W2103869314
W2369929118,W2105055172
W2369929118,W2105118209
W2369929118,W2115247616
W2369929118,W2118489710
W2369929118,W2119480063
W2369929118,W2134314161
W2369929118,W2150037785
W2369929118,W2160301066
W2369929118,W2184854514
W2369929118,W2254181149
W2369929118,W2299284748
W2369929118,W2315268655
W2369929118,W2582521406
W2369929118,W4235949766
W2369929118,W6634280709
W2369929118,W6635221841
W2369929118,W6673314710
W2369929118,W6675654580
W2369929118,W6680081395
W2553308749,W139777397
W2553308749,W1573955430
W2553308749,W1581350311
W2553308749,W2020594273
W2553308749,W2090107153
W2553308749,W2101664981
W2553308749,W2139598342
W2553308749,W2141674016
W2553308749,W2402671869
W2949600973,W218615589
W2949600973,W1494756088
W2949600973,W1608519465
W2949600973,W1941037119
W2949600973,W1946320230
W2949600973,W1976990110
W2949600973,W2003554883
W2949600973,W2021026018
W2949600973,W2033329918
W2949600973,W2040576886
W2949600973,W2063466632
W2949600973,W2064655388
W2949600973,W2089858241
W2949600973,W2095478627
W2949600973,W2101628359
W2949600973,W2108353880
W2949600973,W2113147897
W2949600973,W2115811139
W2949600973,W2119555207
W2949600973,W2148119561
W2949600973,W2313795952
W2949600973,W2322584079
W2949600973,W2466158603
W2949600973,W2478800122
W2949600973,W2615396116
W2949600973,W2769512728
W4280516949,W83866079
W4280516949,W88727532
W4280516949,W141207001
W4280516949,W159545904
W4280516949,W167948671
W4280516949,W223937513
W4280516949,W263398398
W4280516949,W410914020
W4280516949,W422962062
W4280516949,W1505491859
W4280516949,W1537887111
W4280516949,W1596196963
W4280516949,W1612995511
W4280516949,W1660250924
W4280516949,W1950736173
W4280516949,W1974170079
W4280516949,W1975943887
W4280516949,W1980459029
W4280516949,W1984779310
W4280516949,W1998667807
W4280516949,W2001478204
W4280516949,W2006720227
W4280516949,W2025097278
W4280516949,W2057978450
W4280516949,W2072026886
W4280516949,W2089817572
W4280516949,W2092816272
W4280516949,W2093953724
W4280516949,W2095929735
W4280516949,W2119480063
W4280516949,W2159840028
W4280516949,W2183898009
W4280516949,W2283126062
W4280516949,W2299284748
W4280516949,W2317919972
W4280516949,W2395018040
W4280516949,W2463119953
W4280516949,W2517649105
W4280516949,W2538673965
W4280516949,W2560854088
W4280516949,W2588829302
W4280516949,W2615482071
W4280516949,W2787821446
W4280516949,W2885292784
W4280516949,W2885439627
W4280516949,W2901715600
W4280516949,W2902386144
W4280516949,W2903262696
W4280516949,W2903489948
W4280516949,W2913521326
W4280516949,W2952792098
W4280516949,W2961975747
W4280516949,W2965150687
W4280516949,W2965630837
W4280516949,W2970787104
W4280516949,W2991070205
W4280516949,W3089414860
W4280516949,W3090085550
W4280516949,W3105742033
W4280516949,W3110201100
W4280516949,W3198705679
W4280516949,W4214913551
W4280516949,W4237549518
W4280516949,W4239603325
W4280516949,W4242370366
W4280516949,W4242592731
W4280516949,W4246187999
W4280516949,W4246413347
W4280516949,W4246986769
W4280516949,W4249771488
W4280516949,W4255819089
W4280516949,W4407838646
W4280516949,W6606216953
W4280516949,W6606477337
W4280516949,W6630108217
W4280516949,W6635652360
W4280516949,W6636149796
W4280516949,W6721764065
W4280516949,W6737606108
W4280516949,W6941038656
W4280516949,W7019140572
W4280516949,W7020204085
W4280516949,W7043575881
W2072927538,W2089085880
W2734960309,W2045114640
W2734960309,W2092914491
W2734960309,W2322255606
W2303741391,W2122069282
W4322503920,W1570321471
W4322503920,W1973748529
W4322503920,W1989016101
W4322503920,W2044140042
W4322503920,W2059075385
W4322503920,W2096042773
W4322503920,W2106866030
W4322503920,W2110017066
W4322503920,W2130565106
W4322503920,W2135896612
W4322503920,W2143074722
W4322503920,W2159261394
W4322503920,W2286247980
W4322503920,W2569299383
W4322503920,W2596596865
W4322503920,W2747921057
W4322503920,W2765520797
W4322503920,W2782821189
W4322503920,W2784413597
W4322503920,W2891214356
W4322503920,W2943305677
W4322503920,W2947746809
W4322503920,W2973413581
W4322503920,W2990520854
W4322503920,W3005298575
W4322503920,W3028791585
W4322503920,W3157071352
W2107071826,W2158233635
W2107071826,W3171077326
W2189059323,W11909207
W2189059323,W13770256
W2189059323,W107684283
W2189059323,W1486313877
W2189059323,W1497286318
W2189059323,W1538807643
W2189059323,W1612857394
W2189059323,W1757148939
W2189059323,W1789658284
W2189059323,W1964538581
W2189059323,W1970713594
W2189059323,W1977667232
W2189059323,W1980561265
W2189059323,W1996136679
W2189059323,W2013020033
W2189059323,W2022222237
W2189059323,W2023108246
W2189059323,W2023182894
W2189059323,W2046483591
W2189059323,W2047329680
W2189059323,W2085067988
W2189059323,W2091784785
W2189059323,W2103604870
W2189059323,W2105118209
W2189059323,W2111197100
W2189059323,W2119480063
W2189059323,W2153314286
W2189059323,W2155417611
W2189059323,W2155843307
W2189059323,W2610881169
W2047042583,W108443521
W2047042583,W1967323061
W2047042583,W1978827725
W2047042583,W1997110426
W2047042583,W2002659098
W2047042583,W2007894891
W2047042583,W2030818890
W2047042583,W2043143027
W2047042583,W2057978450
W2047042583,W2083375777
W2047042583,W2095010960
W2047042583,W2095929735
W2047042583,W2100649735
W2047042583,W2132794967
W2047042583,W2146948159
W2047042583,W2154951491
W2047042583,W2159604298
W2047042583,W2913521326
W2047042583,W4246406755
W2047042583,W4254012472
W2047042583,W4256399001
W2024339013,W624465380
W2024339013,W1571144263
W2024339013,W2184854514
W2024339013,W2784413597
W2024339013,W2913521326
W2024339013,W4253047668
W2024339013,W4300059504
W4249776178,W314834796
W4249776178,W1521847617
W4249776178,W1874871483
W4249776178,W1925453747
W4249776178,W1964430758
W4249776178,W1964508170
W4249776178,W1975832363
W4249776178,W1993967057
W4249776178,W2006462399
W4249776178,W2010675647
W4249776178,W2029486142
W4249776178,W2038967548
W4249776178,W2060631797
W4249776178,W2069176141
W4249776178,W2072020524
W4249776178,W2076614587
W4249776178,W2093110250
W4249776178,W2115558475
W4249776178,W2119480063
W4249776178,W2156366082
W4249776178,W2164408174
W4249776178,W2184002495
W4249776178,W2187018748
W4249776178,W2188608003
W4249776178,W2205103754
W4249776178,W2301092961
W4249776178,W2317076371
W4249776178,W2325764434
W4249776178,W2346131785
W4249776178,W2467899972
W4249776178,W2509398808
W4249776178,W2514254236
W4249776178,W2536229134
W4249776178,W2571784596
W4249776178,W2582521406
W4249776178,W2599773616
W4249776178,W2600087721
W4249776178,W2610464621
W4249776178,W2614621135
W4249776178,W2622306208
W4249776178,W2731300931
W4249776178,W2784272104
W4249776178,W2789582101
W4249776178,W2792359253
W4249776178,W2798959019
W4249776178,W2927437977
W4249776178,W3101721510
W4249776178,W4205691162
W4249776178,W4205711532
W4249776178,W4246216446
W4249776178,W4296923461
W2186293173,W2126209209
W2186404723,W1267563279
W2186404723,W1517387173
W2186404723,W2005732487
W2186404723,W2041383450
W2186404723,W2091784785
W2186404723,W2104617690
W2186404723,W2118489710
W2186404723,W2139598342
W2186404723,W2343900332
W2186404723,W2601835878
W2025645323,W74775258
W2025645323,W167948671
W2025645323,W624465380
W2025645323,W1485305988
W2025645323,W1485782681
W2025645323,W1496929008
W2025645323,W1563329648
W2025645323,W1590066057
W2025645323,W1596196963
W2025645323,W1598383676
W2025645323,W2037001540
W2025645323,W2110831359
W2025645323,W2111197100
W2025645323,W2137526265
W2025645323,W2145956370
W2025645323,W2154393540
W2025645323,W2234058859
W2025645323,W2243995479
W2025645323,W2304903802
W2025645323,W2582521406
W2025645323,W2600623200
W2025645323,W2610881169
W4402238461,W2184854514
W4402238461,W2332934440
W4402238461,W2582743722
W4402238461,W3089575237
W4402238461,W3163489024
W4402238461,W3199695506
W4402238461,W4254687493
W2630119004,W1989016101
W2630119004,W2001987823
W2630119004,W2023108246
W2630119004,W2039348779
W2630119004,W2039869565
W2630119004,W2043705045
W2630119004,W2049485428
W2630119004,W2059075385
W2630119004,W2066430820
W2630119004,W2080941050
W2630119004,W2089665915
W2630119004,W2121740835
W2630119004,W2122723787
W2630119004,W2131657873
W2630119004,W2159295271
W1968742399,W4285719527
W2031655769,W1729578042
W2031655769,W1966411603
W2031655769,W2003840516
W2031655769,W2014637397
W2031655769,W2023108246
W2031655769,W2035070559
W2031655769,W2039066615
W2031655769,W2043143027
W2031655769,W2045652842
W2031655769,W2073825623
W2031655769,W2091784785
W2031655769,W2100500994
W2031655769,W2106654511
W2031655769,W2111158348
W2031655769,W2143560158
W2031655769,W2150423550
W2031655769,W2157289187
W2031655769,W2171678418
W2031655769,W2411192759
W2031655769,W3084930950
W2031655769,W3117910667
W2031655769,W4233431594
W2031655769,W4239603325
W2031655769,W6683268542
W3119553192,W20048105
W3119553192,W51043520
W3119553192,W66465441
W3119553192,W2001619934
W3119553192,W2064678494
W3119553192,W2098395732
W3119553192,W2099847492
W3119553192,W2109606373
W3119553192,W2116326246
W3119553192,W2134262590
W3119553192,W2139512902
W3119553192,W2157606235
W3119553192,W2184854514
W3119553192,W2205103754
W3119553192,W2267158555
W3119553192,W2294798173
W3119553192,W2402671869
W3119553192,W4213129550
W3119553192,W7023701770
W2048548910,W19891981
W2048548910,W71936225
W2048548910,W1500008800
W2048548910,W1550840327
W2048548910,W1977491210
W2048548910,W1980514696
W2048548910,W1981505283
W2048548910,W1993906458
W2048548910,W2014723599
W2048548910,W2034153560
W2048548910,W2095929735
W2048548910,W2128178009
W2048548910,W2149658184
W2048548910,W2165570903
W2048548910,W2264164388
W2048548910,W2319794630
W2048548910,W4250008609
W2048548910,W4285719527
W3118618320,W2028302088
W3118618320,W2033190454
W3118618320,W2098210715
W3118618320,W2160109669
W3118618320,W2302993077
W3118618320,W2757370326
W3118618320,W2770923252
W3118618320,W3118618320
W3118618320,W4246406755
W3118618320,W4288658192
W3118618320,W4298208705
W2062266239,W4285719527
W3017155694,W107411382
W3017155694,W1498365126
W3017155694,W1499933681
W3017155694,W1527457427
W3017155694,W1532335443
W3017155694,W1608519465
W3017155694,W1966002396
W3017155694,W1991376523
W3017155694,W2017046354
W3017155694,W2035486824
W3017155694,W2043774331
W3017155694,W2133443878
W3017155694,W2137526265
W3017155694,W2154620409
W3017155694,W2594321329
W3017155694,W2602378791
W3017155694,W2724612790
W3017155694,W2780310278
W3017155694,W2808855915
W3017155694,W2886032821
W3017155694,W2965865261
W3017155694,W3078797493
W3017155694,W4285051996
W3017155694,W4292931341
W3017155694,W6682949499
W3017155694,W6869289545
W3017155694,W7019140572
W3017155694,W7029952437
W2765379808,W1534904646
W2765379808,W2096016260
W2765379808,W2980912855
W2563160245,W2317386813
W2563160245,W2750105098
W3154347787,W284234142
W3154347787,W1576420969
W3154347787,W2060142157
W3154347787,W2076118826
W3154347787,W2155843307
W3154347787,W2169334254
W3154347787,W2184854514
W3154347787,W2316743980
W3154347787,W2316878502
W3154347787,W2331995259
W3154347787,W2504837287
W3154347787,W2525344217
W3154347787,W2597549188
W3154347787,W2914687129
W3154347787,W2972001355
W3154347787,W2973818247
W3154347787,W4210890610
W3154347787,W4256122687
W3154347787,W6637227637
W2164135594,W35899286
W2164135594,W1536258620
W2164135594,W1541647209
W2164135594,W1586670667
W2164135594,W1694080526
W2164135594,W1867691547
W2164135594,W1984502100
W2164135594,W1986677882
W2164135594,W2068319073
W2164135594,W2108864454
W2164135594,W2115577577
W2164135594,W2161012827
W2164135594,W2184854514
W2164135594,W2219590493
W2164135594,W2322255606
W2164135594,W2337506100
W2164135594,W4245838028
W2164135594,W4388328369
W2188832265,W1590066057
W2810058650,W1527457427
W2810058650,W2011423846
W2810058650,W2024879714
W2810058650,W2076040368
W2810058650,W2122313562
W2810058650,W2123442640
W2810058650,W2126197241
W2810058650,W2184854514
W2810058650,W2626791138
W4308946688,W2008196626
W4308946688,W2010196912
W4308946688,W2026151618
W4308946688,W2069390420
W4308946688,W2111422793
W4308946688,W2121584725
W4308946688,W2128178009
W4308946688,W2150832300
W4308946688,W2162800060
W4308946688,W2208213853
W4308946688,W2339867409
W4308946688,W2340383253
W4308946688,W2761132292
W4308946688,W2893968879
W4308946688,W2950068676
W4308946688,W2957880271
W2790875384,W2011846968
W2790875384,W2036859903
W2790875384,W2061155279
W2790875384,W2062283099
W2790875384,W2082136405
W2790875384,W2101976538
W2790875384,W2170448121
W2036853357,W140020327
W2036853357,W168800580
W2036853357,W1491882993
W2036853357,W1671007513
W2036853357,W1677820382
W2036853357,W1933657216
W2036853357,W1972463186
W2036853357,W1975128442
W2036853357,W1975191186
W2036853357,W2000183361
W2036853357,W2002050679
W2036853357,W2005888073
W2036853357,W2007894891
W2036853357,W2009198914
W2036853357,W2017967298
W2036853357,W2028857061
W2036853357,W2037949455
W2036853357,W2040560153
W2036853357,W2041881071
W2036853357,W2054778588
W2036853357,W2065735684
W2036853357,W2071230191
W2036853357,W2072813844
W2036853357,W2092570966
W2036853357,W2099334720
W2036853357,W2118004237
W2036853357,W2133797163
W2036853357,W2137526265
W2036853357,W2139060499
W2036853357,W2139190150
W2036853357,W2140889287
W2036853357,W2158885821
W2036853357,W2171689406
W2036853357,W2983958770
W2036853357,W3036419813
W2036853357,W4205691162
W2036853357,W4245967894
W2396724862,W1987786700
W2396724862,W2007180964
W2396724862,W2060322094
W2506943126,W379725118
W2506943126,W1497371565
W2506943126,W2069885144
W2506943126,W2570406886
W2913974043,W614933755
W2913974043,W1529303978
W2913974043,W1544168675
W2913974043,W1963987467
W2913974043,W1964715846
W2913974043,W1970890515
W2913974043,W1975680207
W2913974043,W1978549497
W2913974043,W1981426977
W2913974043,W1982819694
W2913974043,W2032139276
W2913974043,W2040245809
W2913974043,W2040611779
W2913974043,W2068310180
W2913974043,W2091956573
W2913974043,W2115889330
W2913974043,W2117916152
W2913974043,W2123024400
W2913974043,W2123098610
W2913974043,W2138672651
W2913974043,W2140354221
W2913974043,W2154204891
W2913974043,W2184854514
W2913974043,W2306926430
W2913974043,W2341542457
W2913974043,W2341685500
W2913974043,W2345792697
W2913974043,W2397212113
W2913974043,W2418880548
W2913974043,W2507718995
W2913974043,W2598797789
W2913974043,W2600124200
W2913974043,W2617199496
W2913974043,W2689106072
W2913974043,W2739664235
W2913974043,W2767264324
W2913974043,W2780672337
W2913974043,W2781500572
W2913974043,W2783390141
W2913974043,W2791723994
W2913974043,W2801211692
W2913974043,W2804228033
W2913974043,W2806231938
W2913974043,W2889710185
W2913974043,W2901190693
W2913974043,W2914250555
W2913974043,W3210438141
W3207239826,W2032635843
W3207239826,W2058543238
W3207239826,W2071511860
W3207239826,W2122074691
W3207239826,W2130461445
W3207239826,W2738634460
W3207239826,W2748965471
W3207239826,W2792142377
W3207239826,W4248912547
W3039496228,W167948671
W3039496228,W2073738449
W3039496228,W2792242692
W4407853877,W2096042773
W4407853877,W2143074722
W4407853877,W2286247980
W4407853877,W2801702920
W4407853877,W4235683296
W4407853877,W4255713411
W4407853877,W6634234239
W2516735759,W205588460
W2516735759,W1524161747
W2516735759,W1563329648
W2516735759,W1590066057
W2516735759,W2000472550
W2516735759,W2001461756
W2516735759,W2159295271
W2516735759,W2159604298
W2516735759,W2403497458
W2062261629,W1492190885
W2062261629,W2137526265
W2158929635,W1553904877
W2158929635,W1573523614
W2158929635,W1980561265
W2158929635,W2006144938
W2158929635,W2093100943
W2158929635,W2105118209
W2158929635,W2108668360
W2158929635,W2111197100
W2158929635,W2125756309
W2158929635,W2128481292
W2158929635,W2133797163
W2158929635,W2138199375
W4394954050,W11909207
W4394954050,W43735165
W4394954050,W50688157
W4394954050,W59450186
W4394954050,W139777397
W4394954050,W167948671
W4394954050,W614933755
W4394954050,W1272508706
W4394954050,W1485305988
W4394954050,W1552807821
W4394954050,W1581350311
W4394954050,W1596196963
W4394954050,W1597258139
W4394954050,W1725744678
W4394954050,W1963987467
W4394954050,W1969228838
W4394954050,W1988031976
W4394954050,W1993615828
W4394954050,W1994850709
W4394954050,W2001461756
W4394954050,W2006838581
W4394954050,W2008817973
W4394954050,W2010258059
W4394954050,W2012385708
W4394954050,W2013808389
W4394954050,W2015153621
W4394954050,W2021644454
W4394954050,W2029747681
W4394954050,W2032209323
W4394954050,W2032337854
W4394954050,W2032635843
W4394954050,W2037472787
W4394954050,W2038107928
W4394954050,W2039271743
W4394954050,W2039539255
W4394954050,W2041121121
W4394954050,W2044201858
W4394954050,W2045094646
W4394954050,W2048211076
W4394954050,W2058543238
W4394954050,W2058706019
W4394954050,W2060851700
W4394954050,W2068708830
W4394954050,W2072785492
W4394954050,W2074917937
W4394954050,W2077366304
W4394954050,W2077971436
W4394954050,W2079641058
W4394954050,W2095326216
W4394954050,W2098714234
W4394954050,W2100685825
W4394954050,W2102617558
W4394954050,W2117916152
W4394954050,W2118489710
W4394954050,W2120798975
W4394954050,W2126052372
W4394954050,W2130228586
W4394954050,W2130461445
W4394954050,W2137526265
W4394954050,W2138236785
W4394954050,W2139598342
W4394954050,W2142533684
W4394954050,W2161707777
W4394954050,W2162544110
W4394954050,W2163189132
W4394954050,W2168828075
W4394954050,W2184854514
W4394954050,W2220532877
W4394954050,W2220788890
W4394954050,W2282832571
W4394954050,W2292251807
W4394954050,W2302732052
W4394954050,W2317215606
W4394954050,W2319700677
W4394954050,W2332934440
W4394954050,W2341685500
W4394954050,W2403300874
W4394954050,W2437944523
W4394954050,W2479038263
W4394954050,W2529751265
W4394954050,W2560429335
W4394954050,W2738948243
W4394954050,W2748965471
W4394954050,W2792575828
W4394954050,W2804228033
W4394954050,W2810665669
W4394954050,W2885254904
W4394954050,W2965150687
W4394954050,W2990939922
W4394954050,W3003963609
W4394954050,W3005085113
W4394954050,W3017170620
W4394954050,W3036207587
W4394954050,W3049182323
W4394954050,W3127187336
W4394954050,W3160661965
W4394954050,W3162158556
W4394954050,W3185101575
W4394954050,W4238042604
W4394954050,W4242032411
W4394954050,W4242775597
W4394954050,W4245732064
W4394954050,W4246707260
W4394954050,W4248420834
W4394954050,W4253077363
W4394954050,W4253728868
W4394954050,W4256270747
W4394954050,W4283784219
W4394954050,W4285051996
W4394954050,W4309026886
W4394954050,W4317556929
W4394954050,W4365515175
W4394954050,W4387543538
W4394954050,W4387644987
W4394954050,W4387644990
W4394954050,W4387644994
W4394954050,W6602078741
W4394954050,W6635652360
W4394954050,W6752916321
W4392915303,W2137526265
W4392915303,W2184854514
W4392915303,W4324117850
W4396609080,W1950736173
W4396609080,W2007697407
W4396609080,W2015153621
W4396609080,W2076966025
W4396609080,W2104527208
W4396609080,W2132049932
W4396609080,W2149516323
W4396609080,W2580921585
W4396609080,W2596240398
W4396609080,W2600623200
W4396609080,W2965150687
W4396609080,W4283722419
W4396609080,W4285051996
W4396609080,W4386029444
W4396609080,W4387645019
W2064478630,W2040605850
W2064478630,W2122313562
W2007272132,W94779788
W2007272132,W117467031
W2007272132,W1680550889
W2007272132,W1985884757
W2007272132,W1989865860
W2007272132,W2007715568
W2007272132,W2018289835
W2007272132,W2019652093
W2007272132,W2039582264
W2007272132,W2098638622
W2007272132,W2100837269
W2007272132,W2101108802
W2007272132,W2137676749
W2007272132,W2171789845
W2007272132,W2337817634
W2028361101,W1775749144
W2127298667,W1560144794
W2127298667,W1952532444
W2127298667,W2023539336
W2127298667,W2056133372
W2127298667,W2074310426
W2127298667,W2099847492
W2127298667,W2176792076
W4401480693,W1520666785
W4401480693,W1968316532
W4401480693,W2170410208
W4401480693,W2588829302
W4407558787,W1979290264
W4407558787,W2072592751
W4407558787,W2137526265
W4407558787,W2149628368
W4407558787,W2184854514
W4407558787,W2763766763
W4407558787,W2913521326
W4407558787,W3184458317
W4407558787,W3205632492
W4407558787,W7043575881
W4412391168,W599124251
W4412391168,W1953090334
W4412391168,W2125570765
W4412391168,W2466158603
W4412391168,W2582743722
W4412391168,W2592647215
W4412391168,W2600087721
W4412391168,W2615430638
W4412391168,W2743445852
W4412391168,W2760094771
W4412391168,W2773024834
W4412391168,W2981763992
W4412391168,W3008668671
W4412391168,W3206479251
W4412391168,W4283368874
W4412391168,W4317556929
W4412391168,W6600506015
W4412391168,W6630002413
W2773816955,W72135960
W2773816955,W1689644917
W2773816955,W2076040368
W2773816955,W2345596440
W4407344171,W1982123363
W4407344171,W2027760828
W4407344171,W2058543238
W4407344171,W2119363275
W4407344171,W2126233790
W4407344171,W2147940452
W4407344171,W2148203610
W4407344171,W2490977439
W4407344171,W2587573685
W4407344171,W2739310792
W4407344171,W2800837140
W4407344171,W2981663365
W4407344171,W2994826077
W4407344171,W4388948727
W4409203711,W161349203
W4409203711,W1502255657
W4409203711,W1831408421
W4409203711,W1861492603
W4409203711,W1922152898
W4409203711,W1976697918
W4409203711,W1997819292
W4409203711,W2001422711
W4409203711,W2054647727
W4409203711,W2069430629
W4409203711,W2069757078
W4409203711,W2083007992
W4409203711,W2089765964
W4409203711,W2103428456
W4409203711,W2108668360
W4409203711,W2109429966
W4409203711,W2109704768
W4409203711,W2114894207
W4409203711,W2126636462
W4409203711,W2127751554
W4409203711,W2127762938
W4409203711,W2131294823
W4409203711,W2133797163
W4409203711,W2154733620
W4409203711,W2188049640
W4409203711,W2337539845
W4409203711,W2510919644
W4409203711,W2526050071
W4409203711,W2770941075
W4409203711,W2781228439
W4409203711,W2790493375
W4409203711,W2819222535
W4409203711,W2887489420
W4409203711,W2899919357
W4409203711,W2951582018
W4409203711,W2953164479
W4409203711,W2963037989
W4409203711,W2963150697
W4409203711,W3012919787
W4409203711,W3039179567
W4409203711,W3048032066
W4409203711,W3081370207
W4409203711,W3094535122
W4409203711,W3113586984
W4409203711,W3132026872
W4409203711,W3165483460
W4409203711,W3170251876
W4409203711,W3213597375
W4409203711,W4225285639
W4409203711,W4308454489
W4409203711,W4318066425
W4409203711,W4376478934
W4409203711,W4391633339
W2029812497,W1513897103
W2029812497,W1561164143
W2029812497,W1775749144
W2029812497,W1984544737
W2029812497,W2011221882
W2029812497,W2044659121
W2029812497,W2073062158
W2029812497,W2111301002
W2029812497,W2168526937
W4386814265,W2062190494
W4386814265,W2072852299
W4386814265,W2100882917
W4386814265,W2886781340
W4386814265,W3033600316
W4386814265,W4301394459
W4386814265,W4365145875
W4403600686,W1953090334
W4403600686,W2008691804
W4403600686,W2121967258
W4403600686,W2122848099
W4403600686,W2128160875
W4403600686,W2128653836
W4403600686,W2790875384
W4403600686,W3008668671
W4403600686,W4283693176
W4403600686,W6606706339
W4231031726,W314834796
W4231031726,W1521847617
W4231031726,W1874871483
W4231031726,W1925453747
W4231031726,W1975832363
W4231031726,W2006462399
W4231031726,W2010675647
W4231031726,W2029486142
W4231031726,W2060631797
W4231031726,W2069176141
W4231031726,W2071607521
W4231031726,W2101621056
W4231031726,W2156366082
W4231031726,W2164408174
W4231031726,W2184002495
W4231031726,W2301092961
W4231031726,W2317076371
W4231031726,W2325764434
W4231031726,W2346131785
W4231031726,W2467899972
W4231031726,W2509398808
W4231031726,W2514254236
W4231031726,W2536229134
W4231031726,W2571784596
W4231031726,W2599773616
W4231031726,W2600087721
W4231031726,W2610464621
W4231031726,W2614621135
W4231031726,W2622306208
W4231031726,W2731300931
W4231031726,W2784272104
W4231031726,W2789582101
W4231031726,W2792359253
W4231031726,W2798959019
W4231031726,W2955138922
W4231031726,W4205711532
W4231031726,W4246216446
W4406047343,W1989274999
W4406047343,W2033190454
W4406047343,W2041121121
W4406047343,W2098226206
W4406047343,W2106822551
W4406047343,W2119480063
W4406047343,W2120847449
W4406047343,W2139138427
W4406047343,W2157289187
W4406047343,W2190369823
W4406047343,W2329362915
W4406047343,W2767214446
W4406047343,W2788918667
W4406047343,W2795609262
W4406047343,W2886781340
W4406047343,W3045568791
W4406047343,W3094535122
W4406047343,W4253180431
W4406047343,W6605743654
W4406047343,W6606706339
W4393871019,W2100882917
W4393871019,W2122313562
W4393871019,W2168831295
W4393871019,W2184854514
W4393871019,W2955138922
W4393871019,W3078797493
W4393871019,W4283722419
W4393871019,W4308735523
W2625114350,W1491469017
W2625114350,W2099296256
W2625114350,W2117504085
W2625114350,W2133443878
W2625114350,W2156331665
W2625114350,W2169368100
W2625114350,W4206254914
W2774231567,W1966002396
W2774231567,W1984472908
W2774231567,W2119480063
W2774231567,W2123442640
W2774231567,W2155843307
W2774231567,W2311144422
W2774231567,W2319794630
W4415206915,W1951810765
W4415206915,W1979290264
W4415206915,W2014115543
W4415206915,W2102928335
W4415206915,W2157384224
W4415206915,W2173575191
W4415206915,W2211533131
W4415206915,W2341542457
W4415206915,W2490977439
W4415206915,W2801702920
W4415206915,W2806231938
W4415206915,W2807655577
W4415206915,W2883880018
W4415206915,W2913974043
W4415206915,W2914250555
W4415206915,W3003963609
W4415206915,W3012029195
W4415206915,W4206819977
W4415206915,W4302424670
W4415206915,W4387186732
W4415206915,W4388635185
W4415206915,W4390107141
W4415206915,W4390984833
W4415206915,W4400941613
W4415206915,W4401902833
W1581044592,W270348947
W1581044592,W2051279958
W4385455853,W605263502
W4385455853,W1994183641
W4385455853,W2017630903
W4385455853,W2033823570
W4385455853,W2035419550
W4385455853,W2041121121
W4385455853,W2066179714
W4385455853,W2118369420
W4385455853,W2118847155
W4385455853,W2154033160
W4385455853,W2594562997
W4385455853,W3150836594
W2604103570,W144891795
W2604103570,W1560144794
W2604103570,W1593337933
W2604103570,W2037001540
W2604103570,W2267158555
W2467114634,W1944219791
W2467114634,W1979700375
W2467114634,W1983992580
W2467114634,W1993615828
W2467114634,W2010258059
W2467114634,W2013251441
W2467114634,W2021742495
W2467114634,W2040216023
W2467114634,W2041121121
W2467114634,W2050543145
W2467114634,W2058543238
W2467114634,W2083133776
W2467114634,W2089527894
W2467114634,W2095467291
W2467114634,W2099561134
W2467114634,W2103771133
W2467114634,W2117916152
W2467114634,W2126239631
W2467114634,W2130461445
W2467114634,W2131580180
W2467114634,W2136022845
W2467114634,W2167053369
W2467114634,W2208145366
W2467114634,W2266111988
W2467114634,W2317215606
W2467114634,W4253077363
W4396219326,W69473232
W4396219326,W360130987
W4396219326,W1551337636
W4396219326,W1963987467
W4396219326,W1964856732
W4396219326,W1979700375
W4396219326,W1990282485
W4396219326,W2001461756
W4396219326,W2013808389
W4396219326,W2021446056
W4396219326,W2041121121
W4396219326,W2058543238
W4396219326,W2089374896
W4396219326,W2292300730
W4396219326,W2345792697
W4396219326,W2403300874
W4396219326,W2583031566
W4396219326,W2609996570
W4396219326,W2791723994
W4396219326,W2795131855
W4396219326,W2804058599
W4396219326,W2804228033
W4396219326,W2889710185
W4396219326,W2901190693
W4396219326,W2902926009
W4396219326,W2912881048
W4396219326,W2924476848
W4396219326,W2973818182
W4396219326,W3011077436
W4396219326,W3012133597
W4396219326,W4232424142
W4396219326,W4283015899
W4396219326,W4283784219
W4409599300,W1215132044
W4409599300,W1966002396
W4409599300,W2086613807
W4409599300,W2117023458
W4409599300,W2138236785
W4409599300,W2184854514
W4409599300,W3004426103
W4409599300,W3078797493
W4409599300,W3084109652
W4409599300,W4246986769
W4409599300,W4283722419
W4409599300,W4318045047
W4409599300,W6619485454
W4409599300,W6697286127
W4409599300,W6729014143
W4409599300,W7043575881
W2809199446,W392012835
W2809199446,W2006059271
W2809199446,W2008691804
W2809199446,W2021402007
W2809199446,W2036859903
W2809199446,W2061155279
W2809199446,W2062283099
W2809199446,W2082136405
W2809199446,W2082863795
W2809199446,W2085360535
W2809199446,W2101976538
W2809199446,W2121967258
W2809199446,W2122848099
W2809199446,W2299771842
W2809199446,W2513728839
W2809199446,W2515805897
W2809199446,W2790875384
W2809199446,W2793319918
W4406381016,W1895567927
W4406381016,W1963987467
W4406381016,W2001461756
W4406381016,W2054405556
W4406381016,W2174258004
W4406381016,W2555088007
W4406381016,W2758994353
W4406381016,W2803328470
W4406381016,W2804058599
W4406381016,W2912881048
W4406381016,W2963847539
W4406381016,W2995408789
W4406381016,W3033600316
W4406381016,W6639746089
W4406381016,W6685129526
W2916760162,W1567878530
W2916760162,W2037001540
W2916760162,W2135715728
W2916760162,W2184854514
W2916760162,W4213129550
W1612857394,W1968173581
W1612857394,W1982822393
W1612857394,W1987302113
W1612857394,W1991209828
W1612857394,W1998215981
W1612857394,W2015668054
W1612857394,W2027163964
W1612857394,W2058302527
W1612857394,W2071588400
W1612857394,W2094493170
W1612857394,W2266522735
W1612857394,W4238979334
W1612857394,W4240553276
W3161651943,W103361464
W3161651943,W129212977
W3161651943,W838369200
W3161651943,W1533878625
W3161651943,W1966365432
W3161651943,W2043843997
W3161651943,W2137526265
W3161651943,W2188608003
W3161651943,W2304903802
W3161651943,W2402683081
W3161651943,W2913521326
W3098369908,W2884091473
W3098369908,W2974504236
W4313194083,W1861492603
W4313194083,W1993624695
W4313194083,W2016280197
W4313194083,W2028104493
W4313194083,W2032337854
W4313194083,W2054459286
W4313194083,W2059075385
W4313194083,W2074750468
W4313194083,W2131657873
W4313194083,W2132702046
W4313194083,W2133797163
W4313194083,W2136757566
W4313194083,W2137526265
W4313194083,W2159190202
W4313194083,W2194775991
W4313194083,W2289988710
W4313194083,W2529719565
W4313194083,W2533798587
W4313194083,W2913974265
W4313194083,W2963037989
W4313194083,W2970095434
W3202285270,W2974504236
W3202285270,W4288400169
W4412379965,W1765238573
W4412379965,W1995664726
W4412379965,W2041121121
W4412379965,W2043843997
W4412379965,W2058543238
W4412379965,W2114971935
W4412379965,W2126239631
W4412379965,W2134049031
W4412379965,W2157289187
W4412379965,W2792606748
W4412379965,W2913521326
W4412379965,W2914783728
W4412379965,W2964458738
W4412379965,W3105742033
W4412379965,W3110201100
W4412379965,W3175748231
W4412379965,W4281635534
W4412379965,W4365145875
W2401621684,W2008765103
W2401621684,W2120080783
W2401621684,W2124124952
W2401621684,W2395114446
W2922132587,W190966408
W2922132587,W218615589
W2922132587,W1556850597
W2922132587,W1584308190
W2922132587,W1596196963
W2922132587,W1608519465
W2922132587,W1991849198
W2922132587,W2026343926
W2922132587,W2033329918
W2922132587,W2064655388
W2922132587,W2101628359
W2922132587,W2148119561
W2922132587,W2152087807
W2922132587,W2184854514
W2922132587,W2249595199
W2922132587,W2313795952
W2922132587,W2345500348
W2922132587,W2466158603
W2922132587,W2478800122
W2922132587,W2491409387
W2922132587,W2495151487
W2922132587,W2515546314
W2922132587,W2534935070
W2922132587,W2582521406
W2922132587,W2600623200
W2922132587,W2724612790
W2922132587,W2780310278
W2922132587,W2804207136
W2922132587,W2807741105
W2922132587,W2915335925
W2922132587,W3098623617
W2922132587,W4237513721
W2922132587,W4285719527
W2922132587,W6635269506
W2922132587,W6657101313
W2922132587,W6681657202
W2922132587,W6723906601
W2922132587,W6728834569
W2922132587,W6735429616
W2922132587,W6740161652
W130187652,W64245349
W130187652,W1553904877
W130187652,W1556620691
W130187652,W1586624296
W130187652,W1984314602
W130187652,W2008202171
W130187652,W2157289187
W1975951639,W1491469017
W1975951639,W1985560922
W1975951639,W2079846728
W1975951639,W2133589238
W1975951639,W2138123121
W4390766897,W624190890
W4390766897,W2042591880
W4390766897,W2088593108
W4390766897,W2141181135
W4401577099,W1498254256
W4401577099,W1571311223
W4401577099,W1584238570
W4401577099,W1965463267
W4401577099,W2041881071
W4401577099,W2077424377
W4401577099,W2085421181
W4401577099,W2089441678
W4401577099,W2095525210
W4401577099,W2133797163
W4401577099,W2140232903
W4401577099,W2142246364
W4401577099,W2147337793
W4401577099,W2155480270
W4401577099,W2173474324
W4401577099,W2303741391
W4401577099,W2518469796
W4401577099,W2741346289
W4401577099,W2750019276
W4401577099,W2770941075
W4401577099,W2819222535
W4401577099,W6634177288
W4401577099,W6674563149
W3089575237,W1544561280
W3089575237,W1862727846
W3089575237,W1964623168
W3089575237,W1982559408
W3089575237,W1997730991
W3089575237,W2000772900
W3089575237,W2010675647
W3089575237,W2040661759
W3089575237,W2041121121
W3089575237,W2064678494
W3089575237,W2086613807
W3089575237,W2103863014
W3089575237,W2105639722
W3089575237,W2191798142
W3089575237,W2297487857
W3089575237,W2325764434
W3089575237,W2332288444
W3089575237,W2403095248
W3089575237,W2473138506
W3089575237,W2518706921
W3089575237,W2536229134
W3089575237,W2600087721
W3089575237,W2609429672
W3089575237,W2773024834
W3089575237,W2908822468
W3089575237,W2955766048
W3089575237,W3003217347
W3089575237,W3011400720
W3089575237,W3011488280
W3089575237,W3089575237
W3089575237,W4233545748
W87589087,W93612393
W2134632849,W1506986435
W2134632849,W1553723287
W2134632849,W1882385262
W2134632849,W1989016101
W2134632849,W2049485428
W2134632849,W2057367133
W2134632849,W2092021606
W2134632849,W2128181169
W2134632849,W2147679264
W2134632849,W2158685692
W2912881048,W30163844
W2912881048,W69473232
W2912881048,W73282471
W2912881048,W139656540
W2912881048,W159936315
W2912881048,W282439305
W2912881048,W324445496
W2912881048,W354426099
W2912881048,W614933755
W2912881048,W1490781604
W2912881048,W1517677814
W2912881048,W1529303978
W2912881048,W1549003867
W2912881048,W1572770553
W2912881048,W1650505698
W2912881048,W1827347067
W2912881048,W1834977650
W2912881048,W1842427889
W2912881048,W1862665565
W2912881048,W1874212524
W2912881048,W1895567927
W2912881048,W1935078359
W2912881048,W1944219791
W2912881048,W1951810765
W2912881048,W1963987467
W2912881048,W1965859210
W2912881048,W1970890515
W2912881048,W1971075688
W2912881048,W1973159748
W2912881048,W1975680207
W2912881048,W1976082752
W2912881048,W1979700375
W2912881048,W1981426977
W2912881048,W1983353683
W2912881048,W1985825333
W2912881048,W1987533153
W2912881048,W1989249702
W2912881048,W1991829561
W2912881048,W1994441688
W2912881048,W1994585255
W2912881048,W1994850709
W2912881048,W1995664726
W2912881048,W2001461756
W2912881048,W2001699056
W2912881048,W2004126765
W2912881048,W2005774352
W2912881048,W2006293231
W2912881048,W2006347837
W2912881048,W2006645063
W2912881048,W2006838581
W2912881048,W2009089299
W2912881048,W2013808389
W2912881048,W2013934418
W2912881048,W2014115543
W2912881048,W2015153621
W2912881048,W2017630903
W2912881048,W2018914358
W2912881048,W2019065296
W2912881048,W2021446056
W2912881048,W2023523634
W2912881048,W2023536559
W2912881048,W2023731768
W2912881048,W2026627282
W2912881048,W2026724654
W2912881048,W2027607543
W2912881048,W2027619062
W2912881048,W2029603628
W2912881048,W2030474329
W2912881048,W2032337854
W2912881048,W2032635843
W2912881048,W2034780273
W2912881048,W2038043168
W2912881048,W2038686210
W2912881048,W2040245809
W2912881048,W2040611779
W2912881048,W2041106677
W2912881048,W2041121121
W2912881048,W2043986349
W2912881048,W2047717968
W2912881048,W2052257432
W2912881048,W2054405556
W2912881048,W2055237787
W2912881048,W2058543238
W2912881048,W2060669358
W2912881048,W2061279330
W2912881048,W2063838004
W2912881048,W2065469890
W2912881048,W2066537505
W2912881048,W2067975977
W2912881048,W2068310180
W2912881048,W2068775553
W2912881048,W2072597636
W2912881048,W2073142013
W2912881048,W2075295470
W2912881048,W2078448723
W2912881048,W2079326554
W2912881048,W2081251063
W2912881048,W2082764500
W2912881048,W2088313145
W2912881048,W2089403006
W2912881048,W2091322384
W2912881048,W2091956573
W2912881048,W2092384978
W2912881048,W2096368785
W2912881048,W2096591841
W2912881048,W2097481326
W2912881048,W2098395732
W2912881048,W2098642616
W2912881048,W2098714234
W2912881048,W2099561134
W2912881048,W2100110002
W2912881048,W2102938803
W2912881048,W2106768278
W2912881048,W2108688747
W2912881048,W2109180466
W2912881048,W2110235231
W2912881048,W2111754927
W2912881048,W2114095739
W2912881048,W2114721269
W2912881048,W2114898733
W2912881048,W2115138492
W2912881048,W2115460221
W2912881048,W2115889330
W2912881048,W2118235758
W2912881048,W2118649186
W2912881048,W2119611357
W2912881048,W2120195728
W2912881048,W2123024400
W2912881048,W2123171587
W2912881048,W2127235324
W2912881048,W2130461445
W2912881048,W2130816522
W2912881048,W2132894148
W2912881048,W2135715728
W2912881048,W2136309010
W2912881048,W2139024465
W2912881048,W2140354221
W2912881048,W2140656991
W2912881048,W2141024349
W2912881048,W2141817033
W2912881048,W2142544480
W2912881048,W2145386284
W2912881048,W2146449656
W2912881048,W2147321290
W2912881048,W2147440173
W2912881048,W2150485654
W2912881048,W2151391406
W2912881048,W2156220398
W2912881048,W2157651355
W2912881048,W2163558616
W2912881048,W2164553222
W2912881048,W2168383416
W2912881048,W2170183406
W2912881048,W2171056747
W2912881048,W2171444589
W2912881048,W2173575191
W2912881048,W2174258004
W2912881048,W2188331920
W2912881048,W2206399141
W2912881048,W2209198230
W2912881048,W2215486668
W2912881048,W2220532877
W2912881048,W2220788890
W2912881048,W2264599836
W2912881048,W2267869355
W2912881048,W2304903802
W2912881048,W2306812926
W2912881048,W2326722974
W2912881048,W2338290034
W2912881048,W2341542457
W2912881048,W2342039739
W2912881048,W2345792697
W2912881048,W2346427186
W2912881048,W2400924679
W2912881048,W2403300874
W2912881048,W2420869607
W2912881048,W2466861635
W2912881048,W2467114634
W2912881048,W2468258405
W2912881048,W2490977439
W2912881048,W2511260950
W2912881048,W2511801167
W2912881048,W2525096926
W2912881048,W2530548113
W2912881048,W2530638482
W2912881048,W2530980632
W2912881048,W2531730979
W2912881048,W2551407378
W2912881048,W2555088007
W2912881048,W2560199723
W2912881048,W2583031566
W2912881048,W2590684185
W2912881048,W2598797789
W2912881048,W2605187745
W2912881048,W2609996570
W2912881048,W2617199496
W2912881048,W2689106072
W2912881048,W2711373411
W2912881048,W2740502024
W2912881048,W2748965471
W2912881048,W2750093529
W2912881048,W2753111549
W2912881048,W2758994353
W2912881048,W2763949949
W2912881048,W2764005569
W2912881048,W2780672337
W2912881048,W2781500572
W2912881048,W2782013919
W2912881048,W2784382664
W2912881048,W2788457686
W2912881048,W2791723994
W2912881048,W2792142377
W2912881048,W2801211692
W2912881048,W2801773253
W2912881048,W2803328470
W2912881048,W2804058599
W2912881048,W2804228033
W2912881048,W2806231938
W2912881048,W2883880018
W2912881048,W2891504732
W2912881048,W2899116860
W2912881048,W3011077436
W2912881048,W3012133597
W2912881048,W3020883268
W2912881048,W3022532439
W2912881048,W3033672056
W2912881048,W4241190983
W2912881048,W6600506015
W2912881048,W6602872411
W2912881048,W6605743654
W2912881048,W6610228593
W2912881048,W6611887907
W2912881048,W6638728563
W2912881048,W6639494411
W2912881048,W6639746089
W2912881048,W6687356763
W2912881048,W6698329959
W2912881048,W6703734090
W2912881048,W6728136043
W2912881048,W6728533688
W2912881048,W6733306018
W1954151425,W8263138
W1954151425,W754366988
W1954151425,W1499117269
W1954151425,W1509145630
W1954151425,W1516073598
W1954151425,W1516922469
W1954151425,W1591442885
W1954151425,W1984314602
W1954151425,W2057918936
W1954151425,W2080730127
W1954151425,W2104926117
W1954151425,W2123014542
W1954151425,W2148329528
W1954151425,W2579555219
W2069430629,W1488559003
W2069430629,W1578069008
W2069430629,W1677409904
W2069430629,W2031865865
W2069430629,W2054647727
W2069430629,W2089441678
W2069430629,W2108668360
W2069430629,W2114894207
W2069430629,W2128272608
W2069430629,W2133797163
W2069430629,W2136244153
W1965067737,W1775749144
W1965067737,W1990942696
W2081989384,W94779788
W2081989384,W117467031
W2081989384,W1680550889
W2081989384,W1985884757
W2081989384,W1989865860
W2081989384,W2007715568
W2081989384,W2019652093
W2081989384,W2039582264
W2081989384,W2098638622
W2081989384,W2100837269
W2081989384,W2101108802
W2081989384,W2137676749
W2081989384,W2171789845
W2081989384,W2337817634
W2032541756,W125569172
W2032541756,W645009165
W2032541756,W1523713660
W2032541756,W1557496348
W2032541756,W1641915153
W2032541756,W1876557575
W2032541756,W1969105061
W2032541756,W1984838248
W2032541756,W1984994202
W2032541756,W1991139021
W2032541756,W2006144938
W2032541756,W2007894891
W2032541756,W2009896906
W2032541756,W2035505590
W2032541756,W2038008722
W2032541756,W2054121892
W2032541756,W2069096535
W2032541756,W2072813844
W2032541756,W2076156369
W2032541756,W2083076286
W2032541756,W2340808199
W2032541756,W4248490552
W2599599434,W1986754283
W2599599434,W2051224630
W2599599434,W2091314387
W2599599434,W2205103754
W2599599434,W2312998035
W2599599434,W2993383518
W2599599434,W3021908862
W2599599434,W4285719527
W2599599434,W6604987197
W2009198914,W6720197
W2009198914,W9697418
W2009198914,W1505096505
W2009198914,W1509949770
W2009198914,W1518770379
W2009198914,W1523532444
W2009198914,W1543075505
W2009198914,W1550840327
W2009198914,W1575829986
W2009198914,W1576413680
W2009198914,W1651701101
W2009198914,W1915495511
W2009198914,W1950736173
W2009198914,W1980514696
W2009198914,W1993906458
W2009198914,W1994345166
W2009198914,W2002737721
W2009198914,W2014723599
W2009198914,W2015153621
W2009198914,W2020727054
W2009198914,W2027523423
W2009198914,W2028492882
W2009198914,W2047922146
W2009198914,W2048548910
W2009198914,W2053456338
W2009198914,W2059075385
W2009198914,W2077008179
W2009198914,W2080529943
W2009198914,W2085778933
W2009198914,W2086300018
W2009198914,W2091784785
W2009198914,W2095929735
W2009198914,W2102349167
W2009198914,W2103604870
W2009198914,W2111264589
W2009198914,W2113089263
W2009198914,W2117036308
W2009198914,W2119870251
W2009198914,W2125444231
W2009198914,W2128178009
W2009198914,W2145674413
W2009198914,W2149658184
W2009198914,W2151268880
W2009198914,W2163322071
W2009198914,W2163520596
W2009198914,W2165324667
W2009198914,W2407488597
W2009198914,W2541561720
W2009198914,W2600623200
W2009198914,W2908282323
W2009198914,W2912486863
W2009198914,W2913521326
W2009198914,W3021716472
W2009198914,W3141560225
W2009198914,W4239603325
W2009198914,W4242608241
W2009198914,W4244767237
W2009198914,W4249323970
W2009198914,W4249771488
W2009198914,W4250008609
W2009198914,W4256399001
W2009198914,W4285719527
W2009198914,W4300941668
W2009198914,W6735429616
W2966424161,W167948671
W2966424161,W354426099
W2966424161,W624465380
W2966424161,W1567878530
W2966424161,W1573523614
W2966424161,W1976082752
W2966424161,W1997744527
W2966424161,W2001461756
W2966424161,W2006838581
W2966424161,W2019065296
W2966424161,W2046937901
W2966424161,W2058543238
W2966424161,W2083375777
W2966424161,W2124490600
W2966424161,W2134412455
W2966424161,W2142544480
W2966424161,W2184854514
W2966424161,W2326722974
W2966424161,W2604543658
W2966424161,W2758994353
W2966424161,W6606706339
W2966424161,W6611887907
W2966424161,W6634110172
W2966424161,W6634280709
W2966424161,W6678284203
W2966424161,W6850408245
W2966424161,W7023701770
W3038489480,W2006059271
W3038489480,W2007191899
W3038489480,W2011846968
W3038489480,W2061155279
W3038489480,W2082136405
W3038489480,W2082863795
W3038489480,W2085360535
W3038489480,W2170448121
W3038489480,W2299771842
W3038489480,W2513728839
W3038489480,W2571918371
W3038489480,W2790875384
W3038489480,W2793319918
W3038489480,W2809199446
W3038489480,W2988848585
W2047902461,W1566830427
W2047902461,W2100837269
W2047902461,W2128635872
W2047902461,W4293247451
W1986474367,W599264352
W1986474367,W607127973
W1986474367,W1198389994
W1986474367,W1484629987
W1986474367,W1538807643
W1986474367,W1543283058
W1986474367,W1556516233
W1986474367,W1595149313
W1986474367,W1789658284
W1986474367,W1838052923
W1986474367,W1879777331
W1986474367,W1949602236
W1986474367,W1974140516
W1986474367,W1983442353
W1986474367,W1984314602
W1986474367,W1986474367
W1986474367,W1987302113
W1986474367,W2000743030
W1986474367,W2003498135
W1986474367,W2018183895
W1986474367,W2019921249
W1986474367,W2027136107
W1986474367,W2036638758
W1986474367,W2037753098
W1986474367,W2039246056
W1986474367,W2039869565
W1986474367,W2043143027
W1986474367,W2043319922
W1986474367,W2044793658
W1986474367,W2050400702
W1986474367,W2055044151
W1986474367,W2056046632
W1986474367,W2084489557
W1986474367,W2087926960
W1986474367,W2090973846
W1986474367,W2094136133
W1986474367,W2096299001
W1986474367,W2097951186
W1986474367,W2135896612
W1986474367,W2158058159
W1986474367,W2170082409
W1986474367,W2172059565
W1986474367,W2283704081
W1986474367,W2494487601
W1986474367,W2579555219
W1986474367,W2995067936
W1986474367,W4285719527
W124275677,W104998059
W124275677,W131114607
W124275677,W1499158096
W124275677,W1794929904
W2070176305,W167331078
W2070176305,W280363888
W2070176305,W584549724
W2070176305,W1483155202
W2070176305,W1497286318
W2070176305,W1985953330
W2070176305,W1990411935
W2070176305,W2002664886
W2070176305,W2029418069
W2070176305,W2036499653
W2070176305,W2050973981
W2070176305,W2064395932
W2070176305,W2119374926
W2070176305,W2734418564
W2070176305,W2738115719
W2161601754,W9119819
W2161601754,W571075597
W2161601754,W637810598
W2161601754,W1596196963
W2161601754,W1599105370
W2161601754,W1791834434
W2161601754,W1966002396
W2161601754,W1977698167
W2161601754,W2045094646
W2161601754,W2085313580
W2161601754,W2121114659
W2161601754,W2123442640
W2161601754,W2138236785
W2161601754,W2147912625
W2161601754,W2151413830
W2161601754,W2154620409
W2161601754,W2617434701
W2161601754,W4252535617
W2161601754,W4285719527
W2530638482,W167948671
W2530638482,W1572770553
W2530638482,W1989477529
W2530638482,W2006838581
W2530638482,W2009089299
W2530638482,W2027619062
W2530638482,W2081131754
W2530638482,W2083375777
W2530638482,W2088313145
W2530638482,W2131580180
W2530638482,W2137526265
W2530638482,W2147682570
W2530638482,W2771677576
W2242279449,W121667401
W2242279449,W2073568670
W2242279449,W2156408004
W2242279449,W2254060106
W2242279449,W2582521406
W2242279449,W2913521326
W2242279449,W4387645034
W2019492195,W1981148285
W2019492195,W2018572001
W2019492195,W2048239488
W2019492195,W2053621112
W2019492195,W2079160255
W2019492195,W2087375803
W2019492195,W2135277297
W2101298784,W1483244175
W2101298784,W1488910349
W2101298784,W1494662055
W2101298784,W1497479016
W2101298784,W1497813288
W2101298784,W1504036882
W2101298784,W1519073454
W2101298784,W1538967629
W2101298784,W1565871512
W2101298784,W1570287259
W2101298784,W1595766596
W2101298784,W1918015476
W2101298784,W1953978355
W2101298784,W1964538581
W2101298784,W1964832178
W2101298784,W1972059236
W2101298784,W1983348606
W2101298784,W1997110426
W2101298784,W1998944977
W2101298784,W1999159310
W2101298784,W2006144938
W2101298784,W2007217383
W2101298784,W2007897947
W2101298784,W2015388002
W2101298784,W2017967298
W2101298784,W2028184103
W2101298784,W2043984641
W2101298784,W2049485428
W2101298784,W2056522351
W2101298784,W2063109535
W2101298784,W2064233625
W2101298784,W2064442382
W2101298784,W2068440436
W2101298784,W2070151367
W2101298784,W2094924665
W2101298784,W2105601277
W2101298784,W2108668360
W2101298784,W2117678320
W2101298784,W2118889375
W2101298784,W2121441211
W2101298784,W2123763906
W2101298784,W2125988054
W2101298784,W2137526265
W2101298784,W2140889287
W2101298784,W2158885821
W2101298784,W2165507463
W2101298784,W2169504607
W2101298784,W2234007130
W2101298784,W2241211221
W2101298784,W2315268655
W2101298784,W4233385860
W2101298784,W4256399001
W2101298784,W6629190877
W2101298784,W6629860146
W2101298784,W6629953547
W2101298784,W6632202487
W2101298784,W6678898151
W2101298784,W6680378043
W2048963473,W114330277
W2048963473,W563527040
W2048963473,W1523224409
W2048963473,W1542441392
W2048963473,W1557496348
W2048963473,W1575829986
W2048963473,W1592743612
W2048963473,W1933657216
W2048963473,W1967489151
W2048963473,W1968375094
W2048963473,W2019424129
W2048963473,W2021666577
W2048963473,W2024716723
W2048963473,W2039170454
W2048963473,W2048370453
W2048963473,W2060565253
W2048963473,W2067736313
W2048963473,W2081996934
W2048963473,W2088974767
W2048963473,W3138083623
W2048963473,W4235182342
W2048963473,W4250612732
W2135896612,W79418677
W2135896612,W1489143527
W2135896612,W1496232246
W2135896612,W1575578752
W2135896612,W1594707381
W2135896612,W1612857394
W2135896612,W1789658284
W2135896612,W1796889322
W2135896612,W1930559447
W2135896612,W1974140516
W2135896612,W1984314602
W2135896612,W2003498135
W2135896612,W2026882766
W2135896612,W2032085840
W2135896612,W2033760847
W2135896612,W2054679835
W2135896612,W2538938429
W2135896612,W2579555219
W2135896612,W2594750765
W3174232827,W1598383676
W3174232827,W1969442075
W3174232827,W2015833509
W3174232827,W2019065296
W3174232827,W2058788751
W3174232827,W2111889754
W3174232827,W2127811140
W3174232827,W2184854514
W3174232827,W2197148580
W3174232827,W2215437196
W3174232827,W2270999179
W3174232827,W2322368572
W3174232827,W2426872594
W3174232827,W2498217698
W3174232827,W2513567053
W3174232827,W2735464602
W3174232827,W2889792685
W3174232827,W2955138922
W3174232827,W3101721510
W3174232827,W4205563941
W3174232827,W4246251651
W2159295271,W591108810
W2159295271,W1504835650
W2159295271,W2078118823
W2159295271,W2112292613
W2159295271,W2130228586
W2159295271,W2296646900
W2159295271,W6630108217
W1950736173,W72590251
W1950736173,W164422101
W1950736173,W412359583
W1950736173,W1521296817
W1950736173,W1984314602
W1950736173,W1987439446
W1950736173,W1988772517
W1950736173,W2033190454
W1950736173,W2039170454
W1950736173,W2063252428
W1950736173,W2071560553
W1950736173,W2074094522
W1950736173,W2079080230
W1950736173,W2105055172
W1950736173,W2109718970
W1950736173,W2121925785
W1950736173,W2132881639
W1950736173,W2145944162
W1950736173,W2155843307
W1950736173,W2329362915
W1950736173,W2603285822
W1950736173,W2733269210
W1950736173,W2733396255
W1950736173,W2802089619
W2346970182,W64995201
W2346970182,W192078153
W2346970182,W1497642243
W2346970182,W1998426307
W2346970182,W2009078006
W2346970182,W2057945014
W2346970182,W2104527208
W2346970182,W2133443878
W2346970182,W2139470221
W2346970182,W2535732482
W2346970182,W2580921585
W2346970182,W3022307797
W2912767111,W74775258
W2912767111,W884650706
W2912767111,W1485305988
W2912767111,W1560144794
W2912767111,W1617242785
W2912767111,W1961379460
W2912767111,W1973746598
W2912767111,W1990100773
W2912767111,W2013020033
W2912767111,W2097341432
W2912767111,W2187022131
W2912767111,W2566164720
W2912767111,W2600623200
W2912767111,W2857065457
W2051326605,W599124251
W2051326605,W624465380
W2051326605,W2023986414
W2051326605,W2052270675
W2051326605,W2098395732
W2051326605,W2099847492
W2051326605,W2150037785
W2051326605,W2160470125
W2051326605,W2187885537
W2051326605,W2320814021
W2051326605,W2601835878
W2051326605,W4312525752
W2296646900,W591108810
W2296646900,W1532228369
W2296646900,W1576420969
W2296646900,W1594168327
W2296646900,W1674066309
W2296646900,W1823329909
W2296646900,W2014057003
W2296646900,W2015153621
W2296646900,W2046068451
W2296646900,W2053708742
W2296646900,W2078118823
W2296646900,W2082354564
W2296646900,W2113467633
W2296646900,W2121701765
W2296646900,W2131657873
W2296646900,W2134618463
W2296646900,W2137526265
W2296646900,W2159130556
W2296646900,W2159190202
W2296646900,W2296646900
W2296646900,W2964368400
W2296646900,W3179161036
W2296646900,W4210890610
W2296646900,W4285719527
W2296646900,W4399969971
W1991237363,W167331078
W1991237363,W1964773302
W1991237363,W1986061707
W1991237363,W1993906458
W1991237363,W1998811360
W1991237363,W2003717912
W1991237363,W2004487242
W1991237363,W2009630118
W1991237363,W2034153560
W1991237363,W2037001540
W1991237363,W2054146960
W1991237363,W2064546004
W1991237363,W2077116682
W1991237363,W2084663691
W1991237363,W2095929735
W1991237363,W2097598502
W1991237363,W2113235547
W1991237363,W2128178009
W1991237363,W2152905082
W1991237363,W2154045510
W1991237363,W2164958138
W1991237363,W2165570903
W1514416384,W1775749144
W2135715728,W2014209142
W2135715728,W2027740961
W2135715728,W2035561937
W2135715728,W2102189839
W2135715728,W2114095739
W2135715728,W2141181135
W2135715728,W2163203473
W2466517928,W1485566581
W2466517928,W1489347216
W2466517928,W1964832178
W2466517928,W1976125225
W2466517928,W2068440436
W2466517928,W2134773428
W2466517928,W2746757484
W2466517928,W2749268032
W2024006773,W1966030508
W2024006773,W2006571108
W2024006773,W2032209323
W2024006773,W2066175052
W2024006773,W2085894439
W2024006773,W2097725660
W2024006773,W2136022845
W2024006773,W2913521326
W2154733620,W1771606159
W2154733620,W1907770364
W2154733620,W1922152898
W2154733620,W1967713917
W2154733620,W1977657001
W2154733620,W2009522769
W2154733620,W2010002462
W2154733620,W2011029963
W2154733620,W2015518028
W2154733620,W2021082347
W2154733620,W2022697906
W2154733620,W2025256102
W2154733620,W2036060855
W2154733620,W2040463736
W2154733620,W2042805779
W2154733620,W2049567999
W2154733620,W2068147451
W2154733620,W2076854347
W2154733620,W2083007992
W2154733620,W2085075010
W2154733620,W2089765964
W2154733620,W2090285495
W2154733620,W2100390488
W2154733620,W2103428456
W2154733620,W2105869280
W2154733620,W2106217689
W2154733620,W2114894207
W2154733620,W2123215356
W2154733620,W2127751554
W2154733620,W2131294823
W2154733620,W2133256163
W2154733620,W2133797163
W2154733620,W2158326388
W2154733620,W2405152953
W2154733620,W6639848026
W2154733620,W6713707261
W2466517928,W1485566581
W2466517928,W1489347216
W2466517928,W1964832178
W2466517928,W1976125225
W2466517928,W2068440436
W2466517928,W2134773428
W2466517928,W2746757484
W2466517928,W2749268032
W3048014122,W83866079
W3048014122,W1532190000
W3048014122,W1537887111
W3048014122,W1556873952
W3048014122,W2006720227
W3048014122,W2027192016
W3048014122,W2034780273
W3048014122,W2043843997
W3048014122,W2053456338
W3048014122,W2070176305
W3048014122,W2072020524
W3048014122,W2081131754
W3048014122,W2112114480
W3048014122,W2126239631
W3048014122,W2159604298
W3048014122,W2170903670
W3048014122,W2211125321
W3048014122,W2514058586
W3048014122,W2560854088
W3048014122,W2588829302
W3048014122,W2593649045
W3048014122,W2752101034
W3048014122,W2885292784
W3048014122,W2899641089
W3048014122,W2901715600
W3048014122,W2903262696
W3048014122,W2939696799
W3048014122,W2964625598
W3048014122,W2995178028
W3048014122,W3105742033
W3048014122,W3147250474
W3048014122,W4255819089
W3048014122,W4285719527
W3048014122,W4287992485
W3048014122,W4407838646
W3048014122,W6651754182
W3048014122,W6676747818
W1984717348,W1981148285
W1984717348,W2018572001
W1984717348,W2048239488
W1984717348,W2053621112
W1984717348,W2079160255
W1984717348,W2087375803
W1984717348,W2135277297
W2177539049,W624465380
W2177539049,W1480141383
W2177539049,W1480985346
W2177539049,W1573523614
W2177539049,W1965463267
W2177539049,W1968311814
W2177539049,W1986218835
W2177539049,W2041571037
W2177539049,W2049845852
W2177539049,W2067083952
W2177539049,W2100757346
W2177539049,W2101733545
W2177539049,W2104617690
W2177539049,W2104779182
W2177539049,W2113598159
W2177539049,W2119036186
W2177539049,W2121915239
W2177539049,W2136691781
W2177539049,W2155805879
W2177539049,W2258329725
W2177539049,W2582521406
W2104871110,W1523274836
W2104871110,W1970602559
W2104871110,W1970818178
W2104871110,W1972801551
W2104871110,W1974804310
W2104871110,W1986362014
W2104871110,W1992148767
W2104871110,W1997427797
W2104871110,W2001000446
W2104871110,W2001443931
W2104871110,W2003489087
W2104871110,W2011255694
W2104871110,W2015795623
W2104871110,W2021187853
W2104871110,W2025632224
W2104871110,W2029123813
W2104871110,W2029167237
W2104871110,W2030047510
W2104871110,W2047529056
W2104871110,W2048638128
W2104871110,W2050996866
W2104871110,W2052362924
W2104871110,W2058441408
W2104871110,W2058689694
W2104871110,W2067991141
W2104871110,W2072517633
W2104871110,W2072752472
W2104871110,W2106630741
W2104871110,W2110047529
W2104871110,W2127474367
W2104871110,W2148466257
W2104871110,W2158742466
W2104871110,W2340341408
W2104871110,W4231174330
W2104871110,W4285719527
W2280386867,W1578046146
W2280386867,W2030061208
W2280386867,W2037001540
W2280386867,W2043143027
W2280386867,W2061023211
W2280386867,W2067724039
W2280386867,W2070176305
W2280386867,W2081693101
W2280386867,W2086641568
W2280386867,W2096042773
W2280386867,W2104806923
W2280386867,W2109703904
W2280386867,W2125023524
W2280386867,W2135868439
W2280386867,W2146948159
W2280386867,W2157289187
W2280386867,W2165570903
W2280386867,W2169920658
W2280386867,W2180794161
W2280386867,W2343900332
W2280386867,W2395018040
W2280386867,W4248812721
W129273190,W2018289835
W129273190,W2100837269
W129273190,W2128635872
W2165570903,W71936225
W2165570903,W1535516115
W2165570903,W1671529034
W2165570903,W1980514696
W2165570903,W1993906458
W2165570903,W2016554629
W2165570903,W2037001540
W2165570903,W2037146600
W2165570903,W2128178009
W2165570903,W2257861854
W2165570903,W4233416683
W2335875463,W125569172
W2335875463,W638605339
W2335875463,W1534234863
W2335875463,W1581848821
W2335875463,W1593640816
W2335875463,W1612995511
W2335875463,W1967930130
W2335875463,W1969700833
W2335875463,W1973125220
W2335875463,W1978967446
W2335875463,W1983974022
W2335875463,W1987624159
W2335875463,W1987847152
W2335875463,W1992760047
W2335875463,W1997110426
W2335875463,W2015706719
W2335875463,W2028184103
W2335875463,W2037054001
W2335875463,W2040010579
W2335875463,W2048145045
W2335875463,W2052729196
W2335875463,W2056072528
W2335875463,W2057193600
W2335875463,W2060206404
W2335875463,W2062690590
W2335875463,W2071230191
W2335875463,W2072813844
W2335875463,W2077939707
W2335875463,W2080374276
W2335875463,W2092570966
W2335875463,W2113220823
W2335875463,W2116049294
W2335875463,W2118889375
W2335875463,W2124608088
W2335875463,W2134773428
W2335875463,W2139190150
W2335875463,W2161214472
W2335875463,W2162610948
W2335875463,W2165507463
W2335875463,W2171579823
W2335875463,W2241211221
W2335875463,W2476889190
W2335875463,W2498871928
W2335875463,W2746757484
W2335875463,W4248490552
W2335875463,W4285719527
W2130228586,W1499933681
W2130228586,W1505096505
W2130228586,W1510182197
W2130228586,W1522070413
W2130228586,W1560144794
W2130228586,W1596196963
W2130228586,W1964538581
W2130228586,W2015153621
W2130228586,W2032337854
W2130228586,W2037001540
W2130228586,W2138754805
W2130228586,W2154620409
W2130228586,W2155414356
W2130228586,W2162455031
W2130228586,W2319794630
W2130228586,W2327437958
W2130228586,W4212848460
W2130228586,W4242032411
W2130228586,W4249595233
W2130228586,W4256399001
W2130228586,W6630002413
W2130228586,W6630337545
W2130228586,W6631197461
W2130228586,W6633563157
W2130228586,W6682949499
W2130228586,W6945187943
W1966102675,W1510737763
W1966102675,W2267158555
W1966102675,W2582521406
W1966102675,W2912596165
W792814583,W1991691398
W792814583,W2094136133
W792814583,W2118163921
W792814583,W2167702024
W1542441392,W1480195359
W1542441392,W1520666785
W1542441392,W1523267444
W1542441392,W1572665971
W1542441392,W1598517079
W1542441392,W1609724202
W1542441392,W1876557575
W1542441392,W1963487351
W1542441392,W1971016029
W1542441392,W1976125225
W1542441392,W1978967446
W1542441392,W1983974022
W1542441392,W2006144938
W1542441392,W2007607399
W1542441392,W2009896906
W1542441392,W2016098456
W1542441392,W2021421911
W1542441392,W2027561586
W1542441392,W2027772439
W1542441392,W2037054001
W1542441392,W2037814094
W1542441392,W2038008722
W1542441392,W2041594004
W1542441392,W2048145045
W1542441392,W2063337414
W1542441392,W2071230191
W1542441392,W2079057332
W1542441392,W2080374276
W1542441392,W2085151448
W1542441392,W2129354862
W1542441392,W2132199394
W1542441392,W2170410208
W1542441392,W2293174243
W1542441392,W2340808199
W1542441392,W2506668433
W4282935978,W1487212816
W4282935978,W1581848821
W4282935978,W1584238570
W4282935978,W1615920531
W4282935978,W1677182931
W4282935978,W1933704425
W4282935978,W1967489151
W4282935978,W1985533383
W4282935978,W2024664008
W4282935978,W2041571037
W4282935978,W2052270675
W4282935978,W2062273234
W4282935978,W2085075010
W4282935978,W2108668360
W4282935978,W2120436369
W4282935978,W2133797163
W4282935978,W2149683870
W4282935978,W2279721076
W4282935978,W2336094218
W4282935978,W2790493375
W4282935978,W2964458738
W4282935978,W3032442327
W4282935978,W3110054227
W4282935978,W6629150500
W4282935978,W6682060950
W1506442914,W270348947
W1506442914,W1542632241
W1506442914,W2046630732
W1506442914,W2051279958
W2427551199,W2056504312
W2427551199,W2060142157
W2427551199,W2111380916
W2427551199,W2147717579
W2427551199,W2154195703
W3113586984,W1488559003
W3113586984,W1568263626
W3113586984,W1571311223
W3113586984,W1922152898
W3113586984,W2005943303
W3113586984,W2036859078
W3113586984,W2049567999
W3113586984,W2109429966
W3113586984,W2142246364
W3113586984,W2171689406
W3113586984,W2327402526
W3113586984,W2887489420
W3113586984,W2953164479
W3113586984,W2978915449
W3113586984,W2999968954
W3113586984,W4237829435
W3113586984,W6634177288
W3113586984,W6639848026
W1991325763,W116278252
W1991325763,W355720666
W1991325763,W570232060
W1991325763,W1600895443
W1991325763,W1658271639
W1991325763,W1930559447
W1991325763,W1982822393
W1991325763,W2055221411
W1991325763,W2074094522
W1991325763,W2086779977
W1991325763,W2091636436
W1991325763,W2098686263
W1991325763,W2116324066
W1991325763,W2170410208
W1991325763,W2616924292
W182126549,W269486180
W182126549,W1498365126
W182126549,W2029466910
W182126549,W2075514521
W182126549,W2093160502
W182126549,W2095623774
W182126549,W2110407265
W182126549,W2128796442
W182126549,W2138543759
W182126549,W2146948159
W182126549,W2148119561
W182126549,W2151802019
W182126549,W2152087807
W182126549,W2184854514
W182126549,W2339848953
W182126549,W2495151487
W182126549,W2756822502
W182126549,W3006953473
W182126549,W4236369288
W1537887111,W1497286318
W1537887111,W1556873952
W1537887111,W1965327601
W1537887111,W2005919847
W1537887111,W2023986414
W1537887111,W2031347071
W1537887111,W2053456338
W1537887111,W2154033160
W1537887111,W2400355649
W1537887111,W6712769774
W3176110163,W1506986435
W3176110163,W1538807643
W3176110163,W1556850597
W3176110163,W2058904305
W3176110163,W2059075385
W3176110163,W2101628359
W3176110163,W2148119561
W3176110163,W2149683870
W3176110163,W2152087807
W3176110163,W2184854514
W3176110163,W2345500348
W3176110163,W2466158603
W3176110163,W2515546314
W3176110163,W2724612790
W3176110163,W2780310278
W3176110163,W2804207136
W3176110163,W2965150687
W3176110163,W3098623617
W2097327863,W599938767
W2097327863,W1499933681
W2097327863,W1516293359
W2097327863,W1950736173
W2097327863,W1984873438
W2097327863,W1998959456
W2097327863,W2027523423
W2097327863,W2030402194
W2097327863,W4240459253
W2097327863,W4249771488
W2097327863,W6630002413
W1985154889,W1542632241
W1985154889,W2046630732
W2085078102,W154566603
W2085078102,W1971264587
W2085078102,W1985816353
W2085078102,W2124269093
W2085078102,W2143726991
W2085078102,W2157289187
W2101725632,W62999716
W2101725632,W602985745
W2101725632,W1484864026
W2101725632,W1558663422
W2101725632,W1630493849
W2101725632,W1965166267
W2101725632,W1984314602
W2101725632,W1987604705
W2101725632,W2004162386
W2101725632,W2007180964
W2101725632,W2022529518
W2101725632,W2029520384
W2101725632,W2036669046
W2101725632,W2048468590
W2101725632,W2051164791
W2101725632,W2116411927
W2101725632,W2158685692
W2101725632,W2326713822
W2101725632,W2342091124
W2101725632,W2579555219
W2101725632,W2603285822
W2101725632,W2798157462
W2101725632,W3001796748
W2101725632,W3023580939
W2101725632,W3150512799
W2101725632,W6672539624
W2915830007,W2037001540
W2915830007,W2184854514
W2915830007,W2798571922
W2915830007,W4246406755
W2029365580,W1729578042
W2029365580,W1948212336
W2029365580,W1981537657
W2029365580,W1991691398
W2029365580,W2074025947
W2029365580,W2157289187
W2029365580,W2158051598
W2029365580,W2506668433
W2029365580,W2912596165
W2029365580,W6683268542
W1974348796,W130543029
W1974348796,W2010675647
W1974348796,W2119480063
W1974348796,W2172653878
W1974348796,W2324143460
W1974348796,W2883810257
W2053456338,W6720197
W2053456338,W9697418
W2053456338,W81775368
W2053456338,W1492323064
W2053456338,W1499933681
W2053456338,W1509949770
W2053456338,W1523532444
W2053456338,W1543075505
W2053456338,W1557496348
W2053456338,W1578098435
W2053456338,W1593163947
W2053456338,W1774839024
W2053456338,W1789658284
W2053456338,W1823786552
W2053456338,W1951490636
W2053456338,W1964340263
W2053456338,W1979898043
W2053456338,W1980514696
W2053456338,W1987591618
W2053456338,W1993906458
W2053456338,W1998811360
W2053456338,W2007467497
W2053456338,W2014723599
W2053456338,W2019921249
W2053456338,W2024215900
W2053456338,W2027136107
W2053456338,W2031217208
W2053456338,W2037001540
W2053456338,W2048548910
W2053456338,W2050375958
W2053456338,W2055044151
W2053456338,W2056046632
W2053456338,W2059448132
W2053456338,W2080529943
W2053456338,W2095929735
W2053456338,W2104880015
W2053456338,W2111264589
W2053456338,W2118799840
W2053456338,W2119870251
W2053456338,W2128178009
W2053456338,W2145674413
W2053456338,W2149658184
W2053456338,W2153288052
W2053456338,W2158083620
W2053456338,W2163520596
W2053456338,W2165324667
W2053456338,W2165570903
W2053456338,W2170321438
W2053456338,W2418682818
W2053456338,W2797748524
W2053456338,W2913521326
W2053456338,W3001036246
W2053456338,W4250008609
W2053456338,W4285719527
W2427260984,W2060618445
W2427260984,W2084235337
W2427260984,W2109063077
W2427260984,W2149628368
W2427260984,W2162010745
W2427260984,W2561675875
W3047516569,W624465380
W3047516569,W1498365126
W3047516569,W1518770379
W3047516569,W1930559447
W3047516569,W1951724000
W3047516569,W1973748529
W3047516569,W2043143027
W3047516569,W2102595860
W3047516569,W2102617558
W3047516569,W2117074369
W3047516569,W2124853884
W3047516569,W2137526265
W3047516569,W2138098672
W3047516569,W2153246402
W3047516569,W2157289187
W3047516569,W2180794161
W3047516569,W2184854514
W3047516569,W2311191605
W3047516569,W2339867409
W3047516569,W2346164293
W3047516569,W2571194986
W3047516569,W2582743722
W3047516569,W2595908185
W3047516569,W2596596865
W3047516569,W2604259471
W3047516569,W2756207886
W3047516569,W2765135656
W3047516569,W2891214356
W3047516569,W2902480251
W3047516569,W2905986839
W3047516569,W2919609362
W3047516569,W2957205388
W3047516569,W4225555528
W3047516569,W4237513721
W3047516569,W6629764185
W3047516569,W6680378043
W3047516569,W6756539950
W4390344966,W2108163494
W4390344966,W2114894207
W4390344966,W2123436043
W4390344966,W2149147791
W4390344966,W2217810635
W4390344966,W2508778727
W4390344966,W2509876617
W4390344966,W2594255081
W4390344966,W2781228439
W4390344966,W3110054227
W4390344966,W3132026872
W4390344966,W4220716266
W4390344966,W4225285639
W4390344966,W4311599199
W4390344966,W4318066425
W4390344966,W4391633339
W4390344966,W6676530657
W1980561265,W2023108246
W1980561265,W2026343926
W1980561265,W2040361537
W1980561265,W2131657873
W1980561265,W2138269563
W1980561265,W2155635068
W1980561265,W2329362915
W1980561265,W3010796970
W3084322950,W1991560649
W3084322950,W2005219594
W3084322950,W2158435382
W3084322950,W2234777211
W3084322950,W2957205388
W4388286254,W1525231104
W4388286254,W1986218835
W4388286254,W1991376523
W4388286254,W2037001540
W4388286254,W2067083952
W4388286254,W2073800769
W4388286254,W2089640842
W4388286254,W2094938076
W4388286254,W2098545273
W4388286254,W2099305423
W4388286254,W2102848110
W4388286254,W2104617690
W4388286254,W2119480063
W4388286254,W2123917150
W4388286254,W2131294823
W4388286254,W2137526265
W4388286254,W2184854514
W4388286254,W2796356930
W4388286254,W2888011329
W4388286254,W2913974265
W4388286254,W2959442326
W4388286254,W2981593056
W4388286254,W2995882565
W4388286254,W3029632410
W4388286254,W3213597375
W4388286254,W4226074878
W4388286254,W4245732064
W4388286254,W4291138601
W4388286254,W4366548861
W4388286254,W6945283510
W2021082347,W148261105
W2021082347,W1967120336
W2021082347,W1977007664
W2021082347,W2010002462
W2021082347,W2015518028
W2021082347,W2036060855
W2021082347,W2040463736
W2021082347,W2047517934
W2021082347,W2085075010
W2021082347,W2093746602
W2021082347,W2096323824
W2021082347,W2097277361
W2021082347,W2103428456
W2021082347,W2114894207
W2021082347,W2131294823
W2021082347,W2133797163
W2021082347,W2140249772
W2021082347,W2154834451
W2021082347,W2158326388
W2021082347,W2159074298
W2021082347,W2229107992
W2021082347,W2330573464
W1990282485,W1523224409
W1990282485,W1595581172
W1990282485,W1862665565
W1990282485,W1963987467
W1990282485,W1964856732
W1990282485,W1977503195
W1990282485,W1977615208
W1990282485,W1997946001
W1990282485,W2001461756
W1990282485,W2006838581
W1990282485,W2021446056
W1990282485,W2032635843
W1990282485,W2043650058
W1990282485,W2043986349
W1990282485,W2071511860
W1990282485,W2072900016
W1990282485,W2086420066
W1990282485,W2087586617
W1990282485,W2099634219
W1990282485,W2107031757
W1990282485,W2124002103
W1990282485,W2124698660
W1990282485,W2136022845
W1990282485,W2159295271
W1990282485,W2171731706
W1990282485,W2184854514
W1990282485,W2566984559
W1990282485,W2789864965
W1990282485,W4240402692
W1990282485,W4313177291
W1990282485,W6641172791
W2159429349,W1538807643
W2159429349,W1962316117
W2159429349,W1980514696
W2159429349,W1987358053
W2159429349,W2029418069
W2159429349,W2037001540
W2159429349,W2074094522
W2159429349,W2091354492
W2159429349,W2095929735
W2159429349,W2100090900
W2159429349,W2128178009
W2159429349,W2157289187
W2159429349,W2913521326
W2159429349,W4250008609
W24894039,W174493642
W24894039,W1600735929
W24894039,W2076408193
W24894039,W2784413597
W2739453458,W2078118823
W2739453458,W2084858263
W2739453458,W2134618463
W2739453458,W2159497557
W2739453458,W2293174243
W2739453458,W3003396222
W4313396542,W1968316532
W4313396542,W2157289187
W4313396542,W2553353351
W4313396542,W2588829302
W4313396542,W2742440020
W4313396542,W2883339537
W4313396542,W2938638829
W4313396542,W3090394251
W3083117821,W1510737763
W3083117821,W2109450332
W3083117821,W2120939402
W1584263795,W139777397
W1584263795,W1485305988
W1584263795,W1517387173
W1584263795,W1573523614
W1584263795,W1606839594
W1584263795,W2045094646
W1584263795,W2048681895
W1584263795,W2097327863
W1584263795,W2154620409
W1584263795,W2188608003
W1584263795,W2514745754
W2125988054,W317965616
W2125988054,W1538946659
W2125988054,W1553887387
W2125988054,W1557554459
W2125988054,W1615920531
W2125988054,W1977611487
W2125988054,W1980376504
W2125988054,W2024527431
W2125988054,W2045261700
W2125988054,W2063191101
W2125988054,W2063337414
W2125988054,W2064233625
W2125988054,W2069780699
W2125988054,W2075229564
W2125988054,W2118041119
W2125988054,W2118889375
W2125988054,W2134773428
W2125988054,W2912596165
W2750019276,W140020327
W2750019276,W389855685
W2750019276,W653216719
W2750019276,W1488559003
W2750019276,W1500950371
W2750019276,W1513534766
W2750019276,W1518046314
W2750019276,W1524703788
W2750019276,W1571311223
W2750019276,W1958876462
W2750019276,W1977814330
W2750019276,W1984281348
W2750019276,W2001422711
W2750019276,W2021090797
W2750019276,W2026161286
W2750019276,W2062273234
W2750019276,W2076629853
W2750019276,W2077424377
W2750019276,W2089441678
W2750019276,W2106325442
W2750019276,W2110831185
W2750019276,W2115589791
W2750019276,W2118847155
W2750019276,W2123436043
W2750019276,W2133797163
W2750019276,W2148424251
W2750019276,W2226899078
W2750019276,W2307588840
W2750019276,W2315329849
W2750019276,W2588528150
W2750019276,W4230627298
W1541647209,W1970794612
W1541647209,W1984972560
W1541647209,W2001070311
W1541647209,W2010055427
W1541647209,W2012596618
W1541647209,W2021666577
W1541647209,W2021879338
W1541647209,W2044842793
W1541647209,W2045652842
W1541647209,W2046254084
W1541647209,W2063440895
W1541647209,W2146670093
W1541647209,W2157796984
W2136635628,W114330277
W2136635628,W119330944
W2136635628,W1557496348
W2136635628,W1633004679
W2136635628,W2030402194
W2136635628,W2037146600
W2136635628,W2114971935
W2136635628,W2130565106
W2136635628,W2137526265
W2136635628,W2155417611
W2136635628,W2913521326
W2136635628,W4285719527
W1593837227,W69009568
W1593837227,W1543098188
W1593837227,W1964077143
W1593837227,W2010155388
W1593837227,W2045534969
W1593837227,W2067306205
W1593837227,W2103604870
W1593837227,W2114971935
W1593837227,W2128156516
W1593837227,W2128590751
W1593837227,W2141674016
W1593837227,W2149891956
W1593837227,W2167539083
W4320730830,W395933519
W4320730830,W1522301498
W4320730830,W1622352885
W4320730830,W2002614567
W4320730830,W2017611841
W4320730830,W2029667189
W4320730830,W2051661051
W4320730830,W2055043387
W4320730830,W2058788751
W4320730830,W2060872117
W4320730830,W2127811140
W4320730830,W2150981663
W4320730830,W2166712553
W4320730830,W2502312327
W4320730830,W2785273668
W4320730830,W2939610444
W4320730830,W2950374603
W4320730830,W2955138922
W4320730830,W2973969640
W4320730830,W3101721510
W4320730830,W3105389349
W4320730830,W3177828909
W4320730830,W4229774725
W4320730830,W4292508613
W4320730830,W6631190155
W2047228495,W4285719527
W1976791644,W2029667189
W1976791644,W2056898157
W1976791644,W2137526265
W1976791644,W2155601490
W1976791644,W4376551357
W1552481752,W63783813
W1552481752,W1497479016
W1552481752,W1497813288
W1552481752,W1510060937
W1552481752,W1514396530
W1552481752,W1516779020
W1552481752,W1523796630
W1552481752,W1553887387
W1552481752,W1554894313
W1552481752,W1595766596
W1552481752,W1601638326
W1552481752,W1816154165
W1552481752,W1977703546
W1552481752,W2021421911
W1552481752,W2085106076
W1552481752,W2091609334
W1552481752,W2111460811
W1552481752,W2128653836
W1552481752,W2161065603
W1552481752,W2165878107
W1995064831,W2017704939
W1995064831,W2073301775
W96644080,W2135048955
W96644080,W2171413395
W2797817877,W52205210
W2797817877,W610729113
W2797817877,W1515617868
W2797817877,W1576653627
W2797817877,W1699047987
W2797817877,W2046068451
W2797817877,W2118163921
W2797817877,W2118361060
W2797817877,W2135048955
W2797817877,W2149628368
W2797817877,W4297888597
W2188608003,W1526554478
W2188608003,W1837978202
W2188608003,W2154620409
W2188608003,W2280099729
W2188608003,W2912596165
W2071097422,W50688157
W2071097422,W131127468
W2071097422,W167948671
W2071097422,W1526642635
W2071097422,W1594450222
W2071097422,W1970028090
W2071097422,W2002154295
W2071097422,W2019065296
W2071097422,W2028493660
W2071097422,W2067083952
W2071097422,W2075390823
W2071097422,W2091022973
W2071097422,W2103368830
W2071097422,W2105055172
W2071097422,W2111237519
W2071097422,W2131657873
W2071097422,W2162846639
W2071097422,W2171671453
W2071097422,W3152441428
W2071097422,W4285719527
W2071097422,W6602078741
W1978437855,W155768388
W1978437855,W1573523614
W1978437855,W1586624296
W1978437855,W1853350959
W1978437855,W1971927703
W1978437855,W2037001540
W1978437855,W2049485428
W1978437855,W2077693798
W1978437855,W2105118209
W1978437855,W2110588113
W1978437855,W2160927393
W1978437855,W2164665417
W1978437855,W2600623200
W1694265479,W2014797258
W1694265479,W2064028055
W1694265479,W2091591591
W3007959348,W1496587751
W3007959348,W1552807821
W3007959348,W1965859210
W3007959348,W1973159748
W3007959348,W1974032361
W3007959348,W1985825333
W3007959348,W1990257603
W3007959348,W2000626668
W3007959348,W2001137967
W3007959348,W2001699056
W3007959348,W2006838581
W3007959348,W2024123298
W3007959348,W2027607543
W3007959348,W2044647181
W3007959348,W2053646390
W3007959348,W2054409955
W3007959348,W2073246877
W3007959348,W2081131754
W3007959348,W2096722100
W3007959348,W2097481326
W3007959348,W2106931110
W3007959348,W2110235231
W3007959348,W2110649559
W3007959348,W2115138492
W3007959348,W2124002103
W3007959348,W2124239333
W3007959348,W2126819724
W3007959348,W2134957872
W3007959348,W2142462075
W3007959348,W2142533684
W3007959348,W2151391406
W3007959348,W2161049948
W3007959348,W2162544110
W3007959348,W2184075520
W3007959348,W2239214932
W3007959348,W2314270826
W3007959348,W2346795597
W3007959348,W2400924679
W3007959348,W2466861635
W3007959348,W2486957802
W3007959348,W2614819371
W3007959348,W2689106072
W3007959348,W2804979231
W3007959348,W2995408789
W3007959348,W3022782844
W2595464218,W1494662055
W2595464218,W1497371565
W2595464218,W2017967298
W2595464218,W2117678320
W2595464218,W2171834532
W2595464218,W2293174243
W2156406342,W1609724202
W2156406342,W1794929904
W2156406342,W1919435019
W2156406342,W2010263906
W2156406342,W2030818890
W2156406342,W2038068182
W2156406342,W2072813844
W2156406342,W2170410208
W2156406342,W4236814579
W141207001,W1965166267
W141207001,W1971134719
W141207001,W2004162386
W141207001,W2007180964
W141207001,W2015153621
W141207001,W2029520384
W141207001,W2036669046
W141207001,W2051164791
W141207001,W2067610985
W2013808389,W1805207
W2013808389,W1971075688
W2013808389,W1977615208
W2013808389,W2032337854
W2013808389,W2052257432
W2013808389,W2065587715
W2013808389,W2093819776
W2013808389,W2119611357
W2013808389,W2132894148
W2013808389,W2135715728
W2013808389,W2157651355
W2013808389,W2171056747
W2013808389,W2184854514
W2021446056,W1501755754
W2021446056,W1725850472
W2021446056,W1763512962
W2021446056,W1969824733
W2021446056,W1990257603
W2021446056,W2001461756
W2021446056,W2007428019
W2021446056,W2008817973
W2021446056,W2015766879
W2021446056,W2018294866
W2021446056,W2029123446
W2021446056,W2034556069
W2021446056,W2035979817
W2021446056,W2040510368
W2021446056,W2043969427
W2021446056,W2043986349
W2021446056,W2056401918
W2021446056,W2070957297
W2021446056,W2071511860
W2021446056,W2073227393
W2021446056,W2124608088
W2021446056,W2129409783
W2021446056,W2135715728
W2021446056,W2146881061
W2021446056,W2151684873
W2021446056,W2154033160
W2021446056,W2155530693
W2021446056,W2159295271
W2021446056,W2166941808
W2021446056,W2170183406
W4382371001,W1974878894
W4382371001,W2043843997
W4382371001,W2055120733
W4382371001,W2064678494
W4382371001,W2157606235
W4382371001,W2173372376
W4382371001,W2184854514
W4382371001,W2205103754
W4382371001,W2536794285
W4382371001,W2966307037
W4382371001,W4220970479
W4382371001,W4283722419
W4382371001,W4295766617
W4382371001,W4308787230
W2549120448,W1805207
W2549120448,W72135960
W2549120448,W1779974355
W2549120448,W1975141679
W2549120448,W1987330504
W2549120448,W2010258059
W2549120448,W2013251441
W2549120448,W2013366237
W2549120448,W2027740961
W2549120448,W2032635843
W2549120448,W2040510368
W2549120448,W2043705045
W2549120448,W2043986349
W2549120448,W2050579567
W2549120448,W2056401918
W2549120448,W2058543238
W2549120448,W2071511860
W2549120448,W2079641058
W2549120448,W2081817157
W2549120448,W2082051261
W2549120448,W2114721269
W2549120448,W2117916152
W2549120448,W2130461445
W2549120448,W2130582542
W2549120448,W2181644342
W2549120448,W2221855230
W2549120448,W2248907644
W2549120448,W2345792697
W2549120448,W2566984559
W2549120448,W2966090600
W2549120448,W4247442285
W2132087580,W638605339
W2132087580,W1581848821
W2132087580,W2007217383
W2132087580,W2027561586
W2132087580,W2028857061
W2132087580,W2061920660
W2132087580,W2069780699
W2132087580,W2078089693
W2132087580,W2082506300
W2132087580,W2124174101
W2132087580,W2241211221
W2154033160,W612866927
W2154033160,W1497286318
W2154033160,W1550282313
W2154033160,W1554541441
W2154033160,W1583418468
W2154033160,W1592902143
W2154033160,W1982534037
W2154033160,W1988626602
W2154033160,W1999212075
W2154033160,W2037001540
W2154033160,W2043843997
W2154033160,W2054745332
W2154033160,W2066179714
W2154033160,W2082373127
W2154033160,W2088254721
W2154033160,W2113276962
W2154033160,W2137352696
W2154033160,W2144487539
W2154033160,W2151204983
W2154033160,W2162610948
W2154033160,W2167631164
W2154033160,W2171834532
W2154033160,W2400355649
W2154033160,W2406224025
W2154033160,W2536466075
W2154033160,W2784413597
W2154033160,W3101968871
W2154033160,W3138083623
W2154033160,W4235311325
W2154033160,W4249776044
W2154033160,W6671149193
W2154033160,W6712769774
W2548344165,W1490781083
W2548344165,W1607743512
W2548344165,W1889229194
W2548344165,W2147912625
W2548344165,W2161601754
W2018310331,W95067517
W2018310331,W1556516233
W2018310331,W1949602236
W2018310331,W1983952825
W2018310331,W1986061707
W2018310331,W1986474367
W2018310331,W1996499888
W2018310331,W2024367063
W2018310331,W2044793658
W2018310331,W2056422604
W2018310331,W2066167297
W2018310331,W2135896612
W2018310331,W2157119650
W2018310331,W2543680447
W2018310331,W6603808447
W2603310600,W13843506
W2603310600,W83866079
W2603310600,W1485835175
W2603310600,W1565658805
W2603310600,W1999949665
W2603310600,W2021275403
W2603310600,W2028443633
W2603310600,W2040733544
W2603310600,W2043843997
W2603310600,W2049686551
W2603310600,W2062170755
W2603310600,W2063427269
W2603310600,W2083660934
W2603310600,W2092387354
W2603310600,W2104166306
W2603310600,W2130089340
W2603310600,W2762217564
W1974047352,W1489347216
W1974047352,W1876557575
W1974047352,W1963487351
W1974047352,W1964832178
W1974047352,W1971016029
W1974047352,W1980799693
W1974047352,W1983382828
W1974047352,W1997110426
W1974047352,W2002271909
W1974047352,W2006144938
W1974047352,W2007217383
W1974047352,W2007894891
W1974047352,W2007897947
W1974047352,W2009896906
W1974047352,W2020917372
W1974047352,W2025423860
W1974047352,W2028184103
W1974047352,W2034554526
W1974047352,W2044229137
W1974047352,W2054121892
W1974047352,W2057193600
W1974047352,W2071230191
W1974047352,W2078089693
W1974047352,W2079057332
W1974047352,W2080101027
W1974047352,W2093849153
W1974047352,W2095513534
W1974047352,W2100811130
W1974047352,W2139499278
W1974047352,W2141641465
W1974047352,W2165507463
W1974047352,W2241211221
W1974047352,W2412722461
W1974047352,W2466208082
W2091579489,W1571144263
W2091579489,W1858475798
W2091579489,W1987408817
W2091579489,W2017613065
W2091579489,W2025552030
W2091579489,W2049866433
W2091579489,W2130624147
W2091579489,W2131294823
W2091579489,W2133041452
W2091579489,W2160328540
W2091579489,W2165394321
W2091579489,W2174896420
W2091579489,W4376551357
W2340310814,W1488559003
W2340310814,W1498254256
W2340310814,W1991049577
W2340310814,W2007894891
W2340310814,W2028310195
W2340310814,W2075621112
W2340310814,W2114894207
W2340310814,W2171834532
W1538762240,W1602185297
W1538762240,W1605174559
W1538762240,W2100811130
W1538762240,W2271208462
W9540587,W63783813
W9540587,W153952556
W9540587,W1480876431
W9540587,W1483244175
W9540587,W1497371565
W9540587,W1510060937
W9540587,W1516779020
W9540587,W1542441392
W9540587,W1549940068
W9540587,W1552481752
W9540587,W1576635857
W9540587,W1581848821
W9540587,W1594043684
W9540587,W1601638326
W9540587,W1998944977
W9540587,W2007897947
W9540587,W2021421911
W9540587,W2031865865
W9540587,W2043984641
W9540587,W2059929791
W9540587,W2070215586
W9540587,W2085106076
W9540587,W2117678320
W9540587,W2135080377
W9540587,W2171834532
W9540587,W2234007130
W9540587,W2271208462
W3194965282,W1831408421
W3194965282,W1850742715
W3194965282,W1922152898
W3194965282,W2005943303
W3194965282,W2049567999
W3194965282,W2103869314
W3194965282,W2114894207
W3194965282,W2121957969
W3194965282,W2127762938
W3194965282,W2392029795
W3194965282,W2518469796
W3194965282,W2951535099
W3194965282,W2951582018
W2171689108,W159936315
W2171689108,W207840002
W2171689108,W599938767
W2171689108,W624465380
W2171689108,W800349764
W2171689108,W1546296670
W2171689108,W1617249722
W2171689108,W1686728959
W2171689108,W1965806846
W2171689108,W1967161469
W2171689108,W1970890515
W2171689108,W1980440818
W2171689108,W1982734415
W2171689108,W1983992580
W2171689108,W1985231929
W2171689108,W1993615828
W2171689108,W1994446426
W2171689108,W1999057553
W2171689108,W2000075291
W2171689108,W2000798439
W2171689108,W2010258059
W2171689108,W2027076691
W2171689108,W2029776687
W2171689108,W2031046646
W2171689108,W2032421275
W2171689108,W2034528422
W2171689108,W2036666631
W2171689108,W2040216023
W2171689108,W2050579567
W2171689108,W2058543238
W2171689108,W2062630941
W2171689108,W2064013094
W2171689108,W2066461332
W2171689108,W2072464426
W2171689108,W2076731248
W2171689108,W2078594447
W2171689108,W2082566952
W2171689108,W2083133776
W2171689108,W2091296848
W2171689108,W2095467291
W2171689108,W2128018947
W2171689108,W2136891618
W2171689108,W2136956122
W2171689108,W2137957893
W2171689108,W2141024349
W2171689108,W2142784426
W2171689108,W2143991825
W2171689108,W2145829663
W2171689108,W2148794849
W2171689108,W2164263004
W2171689108,W2164553222
W2171689108,W2166630190
W2171689108,W2166732736
W2171689108,W2167449101
W2171689108,W2167752831
W2171689108,W2167880628
W2171689108,W2168383416
W2171689108,W2208145366
W2171689108,W2266111988
W2171689108,W2338290034
W2171689108,W2777451167
W2171689108,W4233087053
W2171689108,W4253077363
W2171689108,W4253372616
W2171689108,W4285719527
W2091591591,W2089466877
W2091591591,W2344667426
W2122848099,W2106879872
W2122848099,W2162800060
W2102617558,W68067019
W2102617558,W106191336
W2102617558,W167948671
W2102617558,W624465380
W2102617558,W1489910056
W2102617558,W1606775610
W2102617558,W1979494212
W2102617558,W2013312124
W2102617558,W2119570247
W2102617558,W2121938245
W2102617558,W2126819724
W2102617558,W2126918443
W2102617558,W2135715728
W2102617558,W2137526265
W2102617558,W2138123121
W2102617558,W2162273778
W2102617558,W6606706339
W2102617558,W6636295218
W4408177703,W46830337
W4408177703,W1858475798
W4408177703,W1967114222
W4408177703,W2035644337
W4408177703,W2046394129
W4408177703,W2049866433
W4408177703,W2058543238
W4408177703,W2077026220
W4408177703,W2083007992
W4408177703,W2084552231
W4408177703,W2094938076
W4408177703,W2114987226
W4408177703,W2115763420
W4408177703,W2121529660
W4408177703,W2121957969
W4408177703,W2187489085
W4408177703,W2237068932
W4408177703,W2511931873
W4408177703,W2612110125
W4408177703,W2736525866
W4408177703,W2765184744
W2113235547,W9697418
W2113235547,W162342618
W2113235547,W438288536
W2113235547,W1492323064
W2113235547,W1503218620
W2113235547,W1509949770
W2113235547,W1516960989
W2113235547,W1518770379
W2113235547,W1523532444
W2113235547,W1543075505
W2113235547,W1543654099
W2113235547,W1882154482
W2113235547,W1915495511
W2113235547,W1979898043
W2113235547,W1980514696
W2113235547,W1987591618
W2113235547,W1989016101
W2113235547,W1993906458
W2113235547,W1994345166
W2113235547,W2009198914
W2113235547,W2016554629
W2113235547,W2018324499
W2113235547,W2024215900
W2113235547,W2041768030
W2113235547,W2042400458
W2113235547,W2043143027
W2113235547,W2053456338
W2113235547,W2059448132
W2113235547,W2074032036
W2113235547,W2077008179
W2113235547,W2084663691
W2113235547,W2085778933
W2113235547,W2090405036
W2113235547,W2094065989
W2113235547,W2095929735
W2113235547,W2100355186
W2113235547,W2111264589
W2113235547,W2118799840
W2113235547,W2128178009
W2113235547,W2140856490
W2113235547,W2155486224
W2113235547,W2158083620
W2113235547,W2163520596
W2113235547,W2165570903
W2113235547,W2170321438
W2113235547,W2416112991
W2113235547,W2418682818
W2113235547,W3035543289
W2113235547,W3141560225
W2113235547,W4233416683
W2113235547,W4244767237
W2113235547,W4250008609
W2113235547,W4285719527
W2329381138,W99879125
W2329381138,W1483244175
W2329381138,W1494662055
W2329381138,W1497371565
W2329381138,W1508044820
W2329381138,W1529135573
W2329381138,W1538967629
W2329381138,W2050620362
W2329381138,W2063109535
W2329381138,W2271208462
W2325764434,W2086613807
W2141340645,W2069176141
W1989038175,W1510737763
W1989038175,W2044116517
W1989038175,W2059929791
W1989038175,W4241112126
W1989038175,W4285719527
W1965695790,W1979898043
W1965695790,W1980514696
W1965695790,W2037001540
W1965695790,W2050375958
W1965695790,W2053456338
W1965695790,W2064396293
W1965695790,W2095929735
W1965695790,W2153288052
W1965695790,W2154045510
W1965695790,W2155236052
W2885474371,W240887194
W2885474371,W257219311
W2885474371,W341524467
W2885474371,W1677067970
W2885474371,W1920144571
W2885474371,W1973954164
W2885474371,W1975670699
W2885474371,W1976708668
W2885474371,W1998426307
W2885474371,W2011227246
W2885474371,W2029403095
W2885474371,W2035566391
W2885474371,W2036979803
W2885474371,W2064631110
W2885474371,W2074388051
W2885474371,W2104617690
W2885474371,W2114894207
W2885474371,W2117678092
W2885474371,W2130912043
W2885474371,W2133797163
W2885474371,W2171689869
W2885474371,W2412647359
W2885474371,W3147429590
W2885474371,W4249959789
W2165066790,W115063685
W2165066790,W120266317
W2165066790,W1604089826
W2165066790,W1912282481
W2165066790,W1996122818
W2165066790,W2185997958
W4205635234,W1981357275
W4205635234,W1999945931
W4205635234,W2047137626
W4205635234,W2049845852
W4205635234,W2077111056
W4205635234,W3082544822
W4205635234,W6782318812
W4387779051,W128668254
W4387779051,W240887194
W4387779051,W242266841
W4387779051,W257219311
W4387779051,W1920144571
W4387779051,W1973954164
W4387779051,W1976708668
W4387779051,W1978211375
W4387779051,W1998426307
W4387779051,W2011472726
W4387779051,W2018934112
W4387779051,W2020422987
W4387779051,W2064631110
W4387779051,W2087230385
W4387779051,W2170722453
W4387779051,W2171689869
W4387779051,W2412647359
W4387779051,W2888763178
W4387779051,W2942169651
W4387779051,W2978013841
W4387779051,W3147429590
W4255335337,W1544561280
W4255335337,W1862727846
W4255335337,W1964623168
W4255335337,W1982559408
W4255335337,W1997730991
W4255335337,W2000772900
W4255335337,W2010675647
W4255335337,W2041121121
W4255335337,W2064678494
W4255335337,W2086613807
W4255335337,W2103863014
W4255335337,W2105639722
W4255335337,W2191798142
W4255335337,W2325764434
W4255335337,W2332288444
W4255335337,W2403095248
W4255335337,W2473138506
W4255335337,W2518706921
W4255335337,W2536229134
W4255335337,W2600087721
W4255335337,W2773024834
W4255335337,W2908822468
W4255335337,W2955766048
W4255335337,W3003217347
W4255335337,W3011400720
W4255335337,W3011488280
W4255335337,W4233545748
W4253611526,W8263138
W4253611526,W754366988
W4253611526,W1499117269
W4253611526,W1516073598
W4253611526,W1516922469
W4253611526,W1571144263
W4253611526,W1591442885
W4253611526,W2057918936
W4253611526,W2080730127
W4253611526,W2104926117
W4253611526,W2123014542
W4253611526,W2148329528
W4253611526,W2579555219
W2897810656,W350139113
W2897810656,W605263502
W2897810656,W607096944
W2897810656,W652889451
W2897810656,W1513429524
W2897810656,W1536258620
W2897810656,W1567866491
W2897810656,W1939733999
W2897810656,W1978365722
W2897810656,W1981060864
W2897810656,W1984502100
W2897810656,W1992160271
W2897810656,W2001478204
W2897810656,W2011423846
W2897810656,W2043220715
W2897810656,W2050896993
W2897810656,W2052417512
W2897810656,W2072206615
W2897810656,W2082343703
W2897810656,W2085049476
W2897810656,W2115577577
W2897810656,W2118489710
W2897810656,W2126197241
W2897810656,W2133485962
W2897810656,W2141385588
W2897810656,W2155172052
W2897810656,W2220788890
W2897810656,W2229376303
W2897810656,W2290743373
W2897810656,W2337365192
W2897810656,W2341369563
W2897810656,W2403300874
W2897810656,W2406029310
W2897810656,W2592535545
W2121484459,W1775749144
W4387950336,W45207317
W4387950336,W191749596
W4387950336,W1584238570
W4387950336,W1782270568
W4387950336,W1861492603
W4387950336,W1922152898
W4387950336,W2015706719
W4387950336,W2043796710
W4387950336,W2068440436
W4387950336,W2087460754
W4387950336,W2118004237
W4387950336,W2131294823
W4387950336,W2142246364
W4387950336,W2151905266
W4387950336,W2155480270
W4387950336,W2168674307
W4387950336,W2289988710
W4387950336,W2507227608
W4387950336,W2561675875
W4387950336,W2568039188
W4387950336,W3081370207
W4387950336,W3214498996
W1972541826,W4207080468
W2857065457,W621814778
W2857065457,W2096042773
W2857065457,W2097341432
W2857065457,W6619485454
W77669910,W29529489
W77669910,W1591490676
W77669910,W1597457948
W77669910,W1603655386
W77669910,W1607348601
W77669910,W1667165204
W77669910,W1837978202
W77669910,W1994199133
W77669910,W2000454443
W77669910,W2037001540
W77669910,W2067610985
W77669910,W2111919806
W77669910,W2143621823
W59186300,W15066456
W59186300,W123554387
W59186300,W1504036882
W59186300,W1537357046
W59186300,W1560013842
W59186300,W1575829986
W59186300,W1581875138
W59186300,W1766888123
W59186300,W1802760973
W59186300,W1997062464
W59186300,W2008765103
W59186300,W2023723978
W59186300,W2027518030
W59186300,W2062170755
W59186300,W2115755118
W59186300,W2132050867
W59186300,W2133824856
W59186300,W2147174722
W59186300,W2149095746
W59186300,W2158685692
W59186300,W2169637730
W59186300,W2342317837
W59186300,W2417195499
W59186300,W2799061466
W2122400032,W129140370
W2122400032,W140037322
W2122400032,W1525990558
W2122400032,W1968258124
W2122400032,W2002339212
W2122400032,W2010675647
W2122400032,W2034580061
W2122400032,W2068627759
W2122400032,W2100531634
W2122400032,W2172653878
W2122400032,W2173372376
W2122400032,W2515848195
W2122400032,W2518814759
W2122400032,W4285719527
W1588789942,W1499933681
W1588789942,W2526301959
W1997028558,W67470114
W1997028558,W1591490676
W1997028558,W1593993808
W1997028558,W2051926282
W1997028558,W2076691609
W1997028558,W2088529060
W1997028558,W2316878502
W4315481746,W1490685197
W4315481746,W1979290264
W4315481746,W2000250157
W4315481746,W2101739789
W4315481746,W2133443878
W4315481746,W2594562997
W4315481746,W2774016823
W4315481746,W2899786853
W4315481746,W2941592508
W4315481746,W2978049389
W4315481746,W3014708024
W4315481746,W3135360155
W4315481746,W3150836594
W4315481746,W3207430945
W4315481746,W4205974199
W4315481746,W4281685026
W2951713056,W182126549
W2951713056,W1498365126
W2951713056,W2037001540
W2951713056,W2059075385
W2951713056,W2466158603
W2951713056,W2470671694
W2014797258,W2344667426
W2144313611,W119319906
W2144313611,W1510060937
W2144313611,W1576635857
W2144313611,W1725473968
W2144313611,W1997936723
W2144313611,W2000582360
W2144313611,W2004227067
W2144313611,W2004990376
W2144313611,W2008484012
W2144313611,W2013785258
W2144313611,W2014123787
W2144313611,W2023539336
W2144313611,W2068407998
W2144313611,W2069087214
W2144313611,W2070151367
W2144313611,W2070215586
W2144313611,W2077873280
W2144313611,W2078118823
W2144313611,W2080441807
W2144313611,W2084858263
W2144313611,W2088219051
W2144313611,W2093632550
W2144313611,W2102182691
W2144313611,W2112680420
W2144313611,W2113223048
W2144313611,W2117678320
W2144313611,W2128141288
W2144313611,W2138256380
W2144313611,W2142063750
W2144313611,W2148823015
W2144313611,W2158995076
W2144313611,W2159497557
W2144313611,W2163239203
W2144313611,W2293174243
W2144313611,W2970850616
W2144313611,W3003396222
W2144313611,W3147878143
W2144313611,W4285719527
W2312417386,W1537424868
W2312417386,W2038068182
W2392029795,W1966365432
W2392029795,W1986595194
W2392029795,W2056133372
W2392029795,W2079080230
W2392029795,W2099847492
W2392029795,W2138478249
W2392029795,W3179161036
W2069885144,W1581848821
W2069885144,W1983348606
W2069885144,W1998944977
W2069885144,W2466517928
W2069885144,W4233385860
W3011766335,W1498365126
W3011766335,W1542425463
W3011766335,W1915495511
W3011766335,W2017046354
W3011766335,W2018759249
W3011766335,W2029418069
W3011766335,W2038869722
W3011766335,W2067306205
W3011766335,W2125444231
W3011766335,W2184854514
W3011766335,W2191779130
W3011766335,W2227773046
W3011766335,W2301092961
W3011766335,W2342039739
W3011766335,W2466158603
W3011766335,W2515805897
W3011766335,W2530548113
W3011766335,W2620916946
W3011766335,W2624733606
W3011766335,W2756207886
W3011766335,W2916212790
W3011766335,W4240854344
W3146186587,W119319906
W3146186587,W1510060937
W3146186587,W1725473968
W3146186587,W1997936723
W3146186587,W2000582360
W3146186587,W2004227067
W3146186587,W2008484012
W3146186587,W2013785258
W3146186587,W2014123787
W3146186587,W2023539336
W3146186587,W2068407998
W3146186587,W2069087214
W3146186587,W2070215586
W3146186587,W2077873280
W3146186587,W2078118823
W3146186587,W2080441807
W3146186587,W2084858263
W3146186587,W2088219051
W3146186587,W2093632550
W3146186587,W2102182691
W3146186587,W2112680420
W3146186587,W2113223048
W3146186587,W2117678320
W3146186587,W2128141288
W3146186587,W2138256380
W3146186587,W2142063750
W3146186587,W2148823015
W3146186587,W2158995076
W3146186587,W2159497557
W3146186587,W2163239203
W3146186587,W3003396222
W3146186587,W3147878143
W1965993059,W121667401
W1965993059,W992293265
W1965993059,W1502818505
W1965993059,W1973401750
W1965993059,W1991849198
W1965993059,W2012510869
W1965993059,W2076691609
W1965993059,W2109450332
W1965993059,W2118320651
W1965993059,W2126918443
W1965993059,W2153134014
W1965993059,W2327263037
W1965993059,W2739206525
W1965993059,W2797733433
W1965993059,W3198705679
W1600735929,W45011409
W1600735929,W1564961273
W1600735929,W1575829986
W1600735929,W1964538581
W1600735929,W2025163386
W1600735929,W2076408193
W1600735929,W2099305423
W1600735929,W2103604870
W1600735929,W2115647291
W804707536,W11909207
W804707536,W77854520
W804707536,W178254092
W804707536,W206864471
W804707536,W1573523614
W804707536,W1575829986
W804707536,W1991112797
W804707536,W1991139021
W804707536,W2013020033
W804707536,W2027561586
W804707536,W2031279453
W804707536,W2039081291
W804707536,W2043222591
W804707536,W2052270675
W804707536,W2057233721
W804707536,W2059440439
W804707536,W2065143235
W804707536,W2069736034
W804707536,W2079442971
W804707536,W2133789919
W804707536,W2137674393
W804707536,W2146811980
W804707536,W2165130450
W804707536,W2243995479
W804707536,W2734334191
W804707536,W3171077326
W2528416655,W1498365126
W2528416655,W1655784964
W2528416655,W2041121121
W2528416655,W2043843997
W2528416655,W2066179714
W2528416655,W2128543131
W2528416655,W2148108292
W2528416655,W2151204983
W2528416655,W2184854514
W2528416655,W2538673965
W2528416655,W2615482071
W2528416655,W4285051996
W2555088007,W1567878530
W2555088007,W1573523614
W2555088007,W1717486659
W2555088007,W1976082752
W2555088007,W1997744527
W2555088007,W2030474329
W2555088007,W2037557484
W2555088007,W2046937901
W2555088007,W2134412455
W2555088007,W2142544480
W2555088007,W2153676627
W2555088007,W2157255420
W2555088007,W2184854514
W2555088007,W2474554242
W2555088007,W2794957743
W2555088007,W4253180431
W2555088007,W4300870773
W34717048,W1513897103
W34717048,W1775749144
W34717048,W1984544737
W34717048,W2011221882
W34717048,W2015106951
W34717048,W2038547942
W34717048,W2046688695
W34717048,W2111301002
W1984697832,W6720197
W1984697832,W19891981
W1984697832,W1815579919
W1984697832,W1964773302
W1984697832,W1979898043
W1984697832,W1987274474
W1984697832,W2017108196
W1984697832,W2034153560
W1984697832,W2050375958
W1984697832,W2054146960
W1984697832,W2064651181
W1984697832,W2077728934
W1984697832,W4294214781
W2921494479,W1484449035
W2921494479,W1496587751
W2921494479,W1529303978
W2921494479,W1598153360
W2921494479,W1944219791
W2921494479,W1977086599
W2921494479,W2015795623
W2921494479,W2036179346
W2921494479,W2037534832
W2921494479,W2039539255
W2921494479,W2041121121
W2921494479,W2058543238
W2921494479,W2075019019
W2921494479,W2110065044
W2921494479,W2130461445
W2921494479,W2130873978
W2921494479,W2136361599
W2921494479,W2191886813
W2921494479,W2331064560
W2921494479,W2345792697
W2921494479,W2466861635
W2921494479,W2490977439
W2921494479,W2738948243
W3201109886,W587052083
W3201109886,W1480141383
W3201109886,W1572019598
W3201109886,W1978122678
W3201109886,W2150312211
W3201109886,W2154393540
W3201109886,W2161012827
W2003882094,W1571144263
W2003882094,W1966224911
W2003882094,W1989155269
W2003882094,W2015668054
W2147440173,W69473232
W2147440173,W1981686634
W2147440173,W2052698845
W1994345166,W1608844340
W1994345166,W1979898043
W1994345166,W2037001540
W1994345166,W2077728934
W1994345166,W2099783414
W1994345166,W2128178009
W2114189509,W1497371565
W2114189509,W1508044820
W2114189509,W1602185297
W2114189509,W1998944977
W2114189509,W2043984641
W2114189509,W2117678320
W2114189509,W2121441211
W2114189509,W2233812317
W2080403942,W598217161
W2080403942,W1623415717
W2080403942,W1876557575
W2080403942,W1971016029
W2080403942,W1980508104
W2080403942,W2006144938
W2080403942,W2007217383
W2080403942,W2008202171
W2080403942,W2015706719
W2080403942,W2049306644
W2080403942,W2077123625
W2080403942,W2078089693
W2080403942,W2080101027
W2080403942,W2085151448
W2080403942,W2092570966
W2080403942,W2141641465
W2080403942,W2340808199
W2329296183,W1984819629
W2329296183,W2019747490
W2329296183,W2034620350
W2329296183,W2037100223
W2329296183,W2128813423
W2329296183,W2412504345
W2146576775,W156256586
W2146576775,W1506967282
W2146576775,W1515723312
W2146576775,W1989016101
W2146576775,W2048708794
W2146576775,W2059075385
W2146576775,W2071783141
W2146576775,W2117036308
W2146576775,W2343900332
W1986861222,W1984819629
W1986861222,W2019747490
W1986861222,W2034620350
W1986861222,W2037100223
W1986861222,W2128813423
W1986861222,W2412504345
W1998841934,W62008916
W1998841934,W73282471
W1998841934,W74490384
W1998841934,W75224404
W1998841934,W110835525
W1998841934,W141817568
W1998841934,W624465380
W1998841934,W1485305988
W1998841934,W1487212816
W1998841934,W1493910000
W1998841934,W1494662055
W1998841934,W1497286318
W1998841934,W1497850559
W1998841934,W1500190048
W1998841934,W1502886798
W1998841934,W1508978536
W1998841934,W1513534766
W1998841934,W1518046314
W1998841934,W1521634345
W1998841934,W1551337636
W1998841934,W1560144794
W1998841934,W1567878530
W1998841934,W1590469064
W1998841934,W1596196963
W1998841934,W1596590607
W1998841934,W1598383676
W1998841934,W1602183433
W1998841934,W1641915153
W1998841934,W1794929904
W1998841934,W1912587452
W1998841934,W1950736173
W1998841934,W1967679659
W1998841934,W1969245477
W1998841934,W1973594775
W1998841934,W1977761341
W1998841934,W1985533383
W1998841934,W1989016101
W1998841934,W1989892032
W1998841934,W1993503595
W1998841934,W1998944977
W1998841934,W2006144938
W1998841934,W2007180964
W1998841934,W2007697407
W1998841934,W2018759249
W1998841934,W2027192016
W1998841934,W2029418069
W1998841934,W2032899567
W1998841934,W2037001540
W1998841934,W2045094646
W1998841934,W2049485428
W1998841934,W2057978450
W1998841934,W2059075385
W1998841934,W2062273234
W1998841934,W2066430820
W1998841934,W2077486936
W1998841934,W2078118823
W1998841934,W2082000140
W1998841934,W2099252350
W1998841934,W2104166306
W1998841934,W2114894207
W1998841934,W2123436043
W1998841934,W2129403747
W1998841934,W2131657873
W1998841934,W2133797163
W1998841934,W2134632849
W1998841934,W2134649957
W1998841934,W2138098672
W1998841934,W2140723827
W1998841934,W2142544480
W1998841934,W2148424251
W1998841934,W2149683870
W1998841934,W2159130556
W1998841934,W2159190202
W1998841934,W2159497557
W1998841934,W2160359758
W1998841934,W2168674307
W1998841934,W2171688791
W1998841934,W2183916594
W1998841934,W2296646900
W1998841934,W2338290034
W1998841934,W2545749825
W1998841934,W2582521406
W1998841934,W2596062918
W1998841934,W2601835878
W1998841934,W2733269210
W1998841934,W2784413597
W1998841934,W4205211754
W1998841934,W4205810926
W1998841934,W4236923591
W1998841934,W4285719527
W1998841934,W4321508265
W1998841934,W6634110172
W2038769021,W58061406
W2038769021,W1623415717
W2038769021,W1978827725
W2038769021,W2007894891
W2038769021,W2018541726
W2038769021,W2088400943
W2038769021,W2139190150
W2038769021,W2139757178
W2038769021,W2148329528
W2038769021,W3023305142
W2038769021,W4248812721
W2038769021,W4249776044
W1772373321,W1794929904
W1772373321,W1964538581
W1772373321,W2011290600
W1772373321,W2037001540
W1772373321,W2053903592
W1772373321,W2056725642
W1772373321,W2067306205
W7679584,W1523713660
W7679584,W1991112797
W7679584,W2006144938
W7679584,W2030547026
W7679584,W2032541756
W7679584,W2046058153
W7679584,W2063701864
W7679584,W2075774708
W2028302088,W1837978202
W2028302088,W4312525752
W2517582026,W77854520
W2517582026,W140125784
W2517582026,W1882385262
W2517582026,W1977621004
W2517582026,W2045856702
W2517582026,W2052270675
W2517582026,W2058641836
W2517582026,W2081892178
W2517582026,W2171520549
W2149683870,W1505096505
W2149683870,W1971927703
W2149683870,W1985533383
W2149683870,W1989016101
W2149683870,W2059075385
W2149683870,W2099252350
W2149683870,W2106042522
W2149683870,W2109340901
W2149683870,W2134632849
W2149683870,W2164665417
W128447131,W82485184
W128447131,W119330944
W128447131,W2032337854
W128447131,W2043506339
W128447131,W2078118823
W128447131,W2134618463
W128447131,W2159190202
W128447131,W2289865848
W128447131,W2293174243
W1831408421,W62008916
W1831408421,W1212821315
W1831408421,W1253821352
W1831408421,W1497148900
W1831408421,W1608651402
W1831408421,W1628342349
W1831408421,W1922152898
W1831408421,W1966146251
W1831408421,W1970308604
W1831408421,W2017967298
W1831408421,W2021082347
W1831408421,W2036060855
W1831408421,W2046483591
W1831408421,W2049059635
W1831408421,W2059450962
W1831408421,W2076629853
W1831408421,W2086912078
W1831408421,W2101733545
W1831408421,W2110831185
W1831408421,W2114894207
W1831408421,W2127751554
W1831408421,W2127762938
W1831408421,W2133797163
W1831408421,W2149192056
W1831408421,W2154733620
W1831408421,W2160047661
W1831408421,W4210849719
W1831408421,W4243082568
W1831408421,W4249470454
W1831408421,W4321508265
W1831408421,W6629682348
W2101733545,W1853350959
W2101733545,W2057978450
W2101733545,W2128992813
W2101733545,W2157978543
W2101733545,W2164665417
W146222539,W23451984
W146222539,W364891699
W146222539,W1486595902
W146222539,W1979846720
W146222539,W1984281348
W146222539,W2050405342
W146222539,W2077424377
W146222539,W2133797163
W146222539,W2169510838
W121320114,W156256586
W121320114,W252297963
W121320114,W1489930039
W121320114,W1504835650
W121320114,W1505096505
W121320114,W1506967282
W121320114,W1506986435
W121320114,W1882385262
W121320114,W1964077143
W121320114,W1966720382
W121320114,W1989016101
W121320114,W1993503595
W121320114,W2000472550
W121320114,W2008142581
W121320114,W2011136722
W121320114,W2032337854
W121320114,W2032899567
W121320114,W2049485428
W121320114,W2058468883
W121320114,W2058641836
W121320114,W2059075385
W121320114,W2077693798
W121320114,W2079140510
W121320114,W2087279647
W121320114,W2088688867
W121320114,W2103604870
W121320114,W2114971935
W121320114,W2128181169
W121320114,W2131657873
W121320114,W2138098672
W121320114,W2144734076
W121320114,W2146576775
W121320114,W2147679264
W121320114,W2169355694
W121320114,W2204589313
W121320114,W2343900332
W2150694759,W138878823
W2150694759,W1982141461
W2150694759,W1985014571
W2150694759,W2014517420
W2150694759,W4285719527
W2150694759,W4297140400
W2150694759,W6843765241
W2030818890,W114330277
W2030818890,W1520666785
W2030818890,W1537424868
W2030818890,W1561096916
W2030818890,W1609724202
W2030818890,W1794929904
W2030818890,W1919435019
W2030818890,W1996721809
W2030818890,W2006144938
W2030818890,W2041594004
W2030818890,W2072813844
W2030818890,W2162610948
W2030818890,W2171834532
W2121026132,W1523274836
W2121026132,W1970602559
W2121026132,W1970818178
W2121026132,W1974804310
W2121026132,W1975761730
W2121026132,W1986362014
W2121026132,W1992148767
W2121026132,W1997427797
W2121026132,W2001000446
W2121026132,W2001443931
W2121026132,W2003489087
W2121026132,W2015795623
W2121026132,W2021187853
W2121026132,W2025632224
W2121026132,W2029123813
W2121026132,W2029167237
W2121026132,W2047529056
W2121026132,W2048638128
W2121026132,W2050996866
W2121026132,W2052362924
W2121026132,W2058441408
W2121026132,W2058689694
W2121026132,W2067991141
W2121026132,W2072517633
W2121026132,W2072615901
W2121026132,W2072752472
W2121026132,W2106630741
W2121026132,W2110047529
W2121026132,W2127474367
W2121026132,W2148466257
W2121026132,W2158742466
W2121026132,W2340341408
W2121026132,W4232849297
W2121026132,W4285719527
W2083262661,W1491882993
W2083262661,W1581848821
W2083262661,W1977007664
W2083262661,W1983348606
W2083262661,W1998944977
W2083262661,W2068440436
W2083262661,W2108521506
W2083262661,W2148654144
W2083262661,W2336236397
W2083262661,W2466517928
W2083262661,W2749268032
W2083262661,W4233385860
W2043774331,W9119819
W2043774331,W1557496348
W2043774331,W1757119857
W2043774331,W1991139021
W2043774331,W1991376523
W2043774331,W2002664886
W2043774331,W2019921249
W2043774331,W2032337854
W2043774331,W2037146600
W2043774331,W2045094646
W2043774331,W2070729636
W2043774331,W2094136133
W2043774331,W2103865647
W2043774331,W2114971935
W2043774331,W2128026023
W2043774331,W2128156516
W2043774331,W2130565106
W2043774331,W2164777277
W2043774331,W3022307797
W2043774331,W3144372880
W2043774331,W4247254250
W3183719664,W6139098
W3183719664,W124275677
W3183719664,W284234142
W3183719664,W1576830784
W3183719664,W1585313616
W3183719664,W1586624296
W3183719664,W1790936560
W3183719664,W1837978202
W3183719664,W1967930130
W3183719664,W1968375094
W3183719664,W1989833923
W3183719664,W2028302088
W3183719664,W2036147067
W3183719664,W2037001540
W3183719664,W2041121121
W3183719664,W2105118209
W3183719664,W2131657873
W3183719664,W2137526265
W3183719664,W2139190150
W3183719664,W2154620409
W3183719664,W2169334254
W3183719664,W2184854514
W3183719664,W2188608003
W3183719664,W2279721076
W3183719664,W2295119716
W3183719664,W2315268655
W3183719664,W2331995259
W3183719664,W2437944523
W3183719664,W2597549188
W3183719664,W2616527078
W3183719664,W2995817536
W3183719664,W4245341397
W3096719213,W2041282815
W3096719213,W2582743722
W2522639033,W1966797434
W2522639033,W2037001540
W2522639033,W2149628368
W2522639033,W2624733606
W2522639033,W4239510810
W1772524731,W2154473778
W1772524731,W2169376539
W1772524731,W4205285830
W2596062918,W156256586
W2596062918,W588944751
W2596062918,W1505096505
W2596062918,W1528027857
W2596062918,W1590946104
W2596062918,W1933657216
W2596062918,W1966720382
W2596062918,W1989016101
W2596062918,W2041404167
W2596062918,W2041905826
W2596062918,W2059075385
W2596062918,W2062273234
W2596062918,W2072026461
W2596062918,W2072206615
W2596062918,W2103604870
W2596062918,W2134632849
W2596062918,W2159410846
W2596062918,W2160109669
W2596062918,W2912596165
W2596062918,W2993383518
W2180774566,W1498254256
W2180774566,W1581848821
W2180774566,W2077424377
W2180774566,W2123436043
W2180774566,W2184854514
W2180774566,W4233385860
W2093717316,W1514361649
W2093717316,W1992390489
W2093717316,W2015394094
W2093717316,W2032337854
W2093717316,W2033606892
W2093717316,W2039170454
W2093717316,W2049686551
W2093717316,W2067031273
W2093717316,W2090135651
W2093717316,W2099634219
W2093717316,W2113227284
W2093717316,W2794957743
W2144695825,W2132491970
W2089048403,W1460401339
W2089048403,W1480876431
W2089048403,W1490482062
W2089048403,W1519073454
W2089048403,W1548245440
W2089048403,W1558444862
W2089048403,W1581848821
W2089048403,W1641915153
W2089048403,W1963527011
W2089048403,W1968549621
W2089048403,W1983382828
W2089048403,W1998944977
W2089048403,W2009987077
W2089048403,W2043303163
W2089048403,W2047784714
W2089048403,W2049306644
W2089048403,W2054121892
W2089048403,W2057193600
W2089048403,W2080101027
W2089048403,W2082506300
W2089048403,W2100811130
W2089048403,W2102208671
W2089048403,W2141641465
W2089048403,W2171834532
W2804956325,W10282353
W2804956325,W74490384
W2804956325,W116278252
W2804956325,W805355577
W2804956325,W1499933681
W2804956325,W1518764645
W2804956325,W1549690437
W2804956325,W1964538581
W2804956325,W1967679659
W2804956325,W1969245477
W2804956325,W1976878132
W2804956325,W1983952825
W2804956325,W1990242729
W2804956325,W2003840516
W2804956325,W2015551430
W2804956325,W2019817660
W2804956325,W2030393551
W2804956325,W2037001540
W2804956325,W2043143027
W2804956325,W2061023211
W2804956325,W2075928993
W2804956325,W2082373127
W2804956325,W2091354492
W2804956325,W2091784785
W2804956325,W2096042773
W2804956325,W2096542002
W2804956325,W2102151007
W2804956325,W2103869314
W2804956325,W2105118209
W2804956325,W2122723787
W2804956325,W2128217987
W2804956325,W2131657873
W2804956325,W2135101375
W2804956325,W2135896612
W2804956325,W2140856490
W2804956325,W2151905266
W2804956325,W2153692424
W2804956325,W2155026410
W2804956325,W2156358275
W2804956325,W2157188062
W2804956325,W2157289187
W2804956325,W2168443748
W2804956325,W2168883727
W2804956325,W2169355694
W2804956325,W2170972032
W2804956325,W2179427518
W2804956325,W2343900332
W2804956325,W2345595749
W2804956325,W2760367275
W2804956325,W2802089619
W2804956325,W4239127880
W2148290521,W176618896
W2148290521,W1500190048
W2148290521,W1506986435
W2148290521,W1553723287
W2148290521,W1882385262
W2148290521,W1989016101
W2148290521,W2059075385
W2148290521,W2092021606
W2148290521,W2099252350
W2148290521,W2134632849
W2148290521,W2147679264
W2148290521,W2168190208
W2148290521,W2395018040
W2148290521,W2494448165
W2063337414,W1983432292
W2063337414,W1989771497
W2063337414,W2002737721
W2063337414,W2024527431
W2063337414,W2059075385
W2063337414,W2061982261
W2063337414,W2063191101
W2063337414,W2091609334
W2063337414,W2098827290
W2063337414,W2161065603
W2063337414,W2332710119
W2063337414,W2735403698
W2063337414,W4213129550
W2063337414,W4285719527
W2113259390,W1502886798
W2113259390,W1576420969
W2113259390,W2037001540
W2113259390,W2131657873
W1970165020,W2014797258
W1970165020,W2064028055
W1970165020,W2089466877
W1970165020,W2091591591
W2106061280,W1460401339
W2106061280,W1494662055
W2106061280,W1506986435
W2106061280,W1509968902
W2106061280,W1519073454
W2106061280,W1983432292
W2106061280,W1991139021
W2106061280,W2011290600
W2106061280,W2032541756
W2106061280,W2033253044
W2106061280,W2056725642
W2106061280,W2083076286
W2106061280,W2139275323
W2106061280,W2167539083
W2474744747,W254944493
W2474744747,W1655784964
W2474744747,W1964538581
W2474744747,W2037124948
W2474744747,W2087484885
W2474744747,W2315268655
W2474744747,W2326250005
W2474744747,W2582743722
W2474744747,W4238215782
W2474744747,W4300870773
W2226899078,W23451984
W2226899078,W280877622
W2226899078,W364891699
W2226899078,W1485268022
W2226899078,W1486595902
W2226899078,W1508960934
W2226899078,W1794221836
W2226899078,W1979846720
W2226899078,W1984281348
W2226899078,W2023942272
W2226899078,W2109990343
W2226899078,W2114894207
W2226899078,W2133797163
W2226899078,W2145023731
W2226899078,W2169510838
W2226899078,W2461788480
W2033923509,W79418677
W2033923509,W1489143527
W2033923509,W1496232246
W2033923509,W1575578752
W2033923509,W1594707381
W2033923509,W1729578042
W2033923509,W1789658284
W2033923509,W1796889322
W2033923509,W1930559447
W2033923509,W1974140516
W2033923509,W2026882766
W2033923509,W2032085840
W2033923509,W2033760847
W2033923509,W2054679835
W2033923509,W2538938429
W2033923509,W6603232562
W3131499599,W2007191899
W3131499599,W2008691804
W3131499599,W2021402007
W3131499599,W2082136405
W3131499599,W2082863795
W3131499599,W2571918371
W3131499599,W2790875384
W3131499599,W2793319918
W3131499599,W2809199446
W3131499599,W2988848585
W1907552911,W2017704939
W1907552911,W2073301775
W2010693471,W114330277
W2010693471,W180011331
W2010693471,W1570287259
W2010693471,W1609724202
W2010693471,W1876557575
W2010693471,W1919435019
W2010693471,W1978967446
W2010693471,W1989016101
W2010693471,W1996721809
W2010693471,W2007894891
W2010693471,W2021489206
W2010693471,W2028184103
W2010693471,W2045343445
W2010693471,W2134773428
W2010693471,W2162610948
W2010693471,W2312417386
W2010693471,W3023305142
W3181210588,W138878823
W3181210588,W191749596
W3181210588,W1940401978
W3181210588,W1978122678
W3181210588,W2014517420
W3181210588,W2074310426
W4376646320,W591743112
W4376646320,W1985400845
W4376646320,W2013808389
W4376646320,W2058543238
W4376646320,W2065894627
W4376646320,W2072133687
W4376646320,W2139212933
W4376646320,W2151905266
W4376646320,W2342039739
W4376646320,W2530548113
W4376646320,W2926968907
W4376646320,W2973818182
W4376646320,W3003963609
W4376646320,W3091543479
W2257861854,W2031043921
W2257861854,W2046552246
W2257861854,W2970594147
W2257861854,W4300470175
W1988685835,W46830337
W1988685835,W645009165
W1988685835,W1835947927
W1988685835,W1989062072
W1988685835,W1993450913
W2736227267,W1969023376
W2736227267,W1987177365
W2736227267,W2000250157
W2736227267,W2013039323
W2736227267,W2026000422
W2736227267,W2051926282
W2736227267,W2054459286
W2736227267,W2116326246
W2736227267,W2128026023
W2736227267,W2133797163
W2736227267,W2139486723
W2736227267,W2146817586
W2736227267,W2148558021
W2736227267,W2159007862
W2736227267,W2521024927
W1988812280,W1982141461
W1988812280,W2295268165
W1988812280,W4297140400
W1988812280,W6843765241
W4833242,W1494662055
W4833242,W2006144938
W4833242,W2007894891
W4833242,W2037949455
W4833242,W2108668360
W2149516323,W27705273
W2149516323,W74775258
W2149516323,W174493642
W2149516323,W1485305988
W2149516323,W1491504725
W2149516323,W1824194814
W2149516323,W1977025735
W2149516323,W1990746512
W2149516323,W2007180964
W2149516323,W2025949779
W2149516323,W2104527208
W2149516323,W2964368400
W2072266200,W624465380
W2072266200,W1559989381
W2072266200,W1987177365
W2072266200,W1998426307
W2072266200,W2052270675
W2072266200,W2084048244
W2072266200,W2095208095
W2072266200,W2107303974
W2072266200,W2145956370
W2072266200,W2160628783
W2072266200,W2160927393
W2072266200,W2168883727
W2072266200,W2741791549
W2028115554,W1518077539
W2028115554,W1519304377
W2028115554,W1565581153
W2028115554,W1925830838
W2028115554,W1973746598
W2028115554,W1981433551
W2028115554,W1982455116
W2028115554,W1988425371
W2028115554,W2006053431
W2028115554,W2013020033
W2028115554,W2031074256
W2028115554,W2071230191
W2028115554,W2108668360
W2028115554,W2139465535
W2028115554,W2165809715
W2028115554,W2171834532
W2028115554,W2730002746
W2028115554,W3159220585
W2028115554,W6631027644
W2028115554,W6651858270
W2996836029,W59450186
W2996836029,W1486313877
W2996836029,W1596590607
W2996836029,W1980561265
W2996836029,W2022222237
W2996836029,W2091784785
W2996836029,W2105118209
W2996836029,W2111197100
W2996836029,W2138478249
W2996836029,W2142196392
W2996836029,W7029952437
W2023683162,W1818541649
W2023683162,W2014209142
W2023683162,W2027740961
W2023683162,W2035561937
W2023683162,W2102189839
W2023683162,W2114095739
W2023683162,W2135715728
W2023683162,W2141181135
W2023683162,W2163203473
W4398247409,W1989852790
W4398247409,W2477550758
W4398247409,W2770923252
W4398247409,W2797067800
W4398247409,W4288658192
W2156570860,W1789658284
W2156570860,W1972046139
W2156570860,W1986474367
W2156570860,W1998215981
W2156570860,W2037753098
W2156570860,W2043143027
W2156570860,W2043319922
W2156570860,W2063874275
W2156570860,W2071783141
W2156570860,W2087926960
W2156570860,W2096299001
W2156570860,W2115663493
W2156570860,W2752491485
W2156570860,W2995067936
W429282616,W1489143527
W429282616,W1496232246
W429282616,W1930559447
W429282616,W1974140516
W429282616,W2026882766
W429282616,W2054679835
W2225006073,W2101108802
W181928558,W25216350
W181928558,W1990100773
W181928558,W2052270675
W181928558,W2100757236
W181928558,W2164737198
W2059824183,W55702805
W2059824183,W1460401339
W2059824183,W1494662055
W2059824183,W1551284826
W2059824183,W1557496348
W2059824183,W1581848821
W2059824183,W1641915153
W2059824183,W1766888123
W2059824183,W1964832178
W2059824183,W1973746598
W2059824183,W1991139021
W2059824183,W2006144938
W2059824183,W2007894891
W2059824183,W2007897947
W2059824183,W2009896906
W2059824183,W2013020033
W2059824183,W2027561586
W2059824183,W2055596494
W2059824183,W2057193600
W2059824183,W2072813844
W2059824183,W2100811130
W2059824183,W2109703904
W2059824183,W2139190150
W2059824183,W2152759373
W2059824183,W2165928794
W2059824183,W2171834532
W2059824183,W2482670602
W2059824183,W6602228179
W2059824183,W6629860146
W2009488535,W2021875524
W2889183776,W645009165
W2889183776,W1958876462
W2889183776,W1993450913
W2889183776,W2094938076
W2889183776,W2115966148
W2889183776,W2182153856
W2772479565,W2037557484
W2772479565,W2058543238
W2772479565,W2083133776
W2772479565,W2142639790
W99879125,W1483244175
W99879125,W1529135573
W99879125,W2050620362
W4391167387,W1608519465
W4391167387,W2051476498
W4391167387,W2914163348
W4391167387,W2954348731
W4391167387,W3163827371
W4391167387,W3183977478
W4391167387,W4214625311
W4391167387,W4220970479
W4391167387,W4238042604
W4391167387,W4283722419
W4391167387,W4289976181
W4391167387,W4387645019
W4401809431,W1980561265
W4401809431,W1998426307
W4401809431,W2024664008
W4401809431,W2052270675
W4401809431,W2943122706
W4401809431,W3003759491
W4401809431,W4291138601
W2125023524,W1987861576
W2315359425,W162342618
W2315359425,W1509949770
W2315359425,W1523532444
W2315359425,W1550840327
W2315359425,W1576413680
W2315359425,W1987591618
W2315359425,W2009198914
W2315359425,W2075950485
W2315359425,W2085778933
W2315359425,W2104969481
W2315359425,W2113235547
W2315359425,W2124126801
W2315359425,W4242608241
W2315359425,W4300941668
W2063648817,W12490552
W2063648817,W17855792
W2063648817,W128574618
W2063648817,W223937513
W2063648817,W1494662055
W2063648817,W1497148900
W2063648817,W1547876901
W2063648817,W1641915153
W2063648817,W1964832178
W2063648817,W1971016029
W2063648817,W1975566470
W2063648817,W1976125225
W2063648817,W1983348606
W2063648817,W1993816822
W2063648817,W2006144938
W2063648817,W2007894891
W2063648817,W2024527431
W2063648817,W2027561586
W2063648817,W2068370932
W2063648817,W2068440436
W2063648817,W2069786694
W2063648817,W2072813844
W2063648817,W2079057332
W2063648817,W2082506300
W2063648817,W2086912078
W2063648817,W2100811130
W2063648817,W2118889375
W2063648817,W2141641465
W2063648817,W2254897840
W2063648817,W4233385860
W2012297616,W1499933681
W2012297616,W1998604895
W2012297616,W2013020033
W2012297616,W2037001540
W2012297616,W2060205462
W2012297616,W3140504487
W2012297616,W6630002413
W2134204712,W4285719527
W2008460910,W2034562813
W2566984559,W1526915519
W2566984559,W1784695092
W2566984559,W1963987467
W2566984559,W1965859210
W2566984559,W2001461756
W2566984559,W2021446056
W2566984559,W2082941424
W2566984559,W2086563620
W2566984559,W2088313145
W2566984559,W2107031757
W2566984559,W2119611357
W2566984559,W2138196863
W2566984559,W2530638482
W2109703904,W1534915284
W2109703904,W1969365209
W2109703904,W2019424129
W2109703904,W2041556095
W2109703904,W2055596494
W2109703904,W2125023524
W2109703904,W2148329528
W2109703904,W2165928794
W2109703904,W2921629193
W2109703904,W4213129550
W2109703904,W4231913388
W2007519957,W76134203
W2007519957,W1593163947
W2007519957,W2054679835
W2007519957,W2088648795
W2007519957,W2116324066
W2007519957,W2162618366
W2007519957,W2171834532
W2739879521,W1573784727
W2739879521,W1931273666
W2739879521,W1996122818
W2739879521,W2057945014
W2739879521,W2184854514
W2739879521,W2618037547
W26470988,W74775258
W26470988,W130663125
W26470988,W151432447
W26470988,W1950736173
W26470988,W1964077143
W26470988,W2024245695
W26470988,W2025163386
W26470988,W2082897112
W26470988,W2131657873
W26470988,W2134816385
W26470988,W2142571143
W26470988,W2167539083
W26470988,W2600623200
W26470988,W2798977449
W2296042826,W1521889271
W2052912711,W4285719527
W2149658184,W9697418
W2149658184,W81775368
W2149658184,W1500008800
W2149658184,W1500021736
W2149658184,W1576413680
W2149658184,W1608844340
W2149658184,W1980514696
W2149658184,W1989016101
W2149658184,W1993906458
W2149658184,W2014723599
W2149658184,W2019267991
W2149658184,W2037001540
W2149658184,W2048548910
W2149658184,W2059075385
W2149658184,W2070389865
W2149658184,W2080529943
W2149658184,W2086300018
W2149658184,W2095929735
W2149658184,W2128178009
W2149658184,W2138098672
W2149658184,W2151268880
W2149658184,W2161238168
W2149658184,W2165570903
W2149658184,W2266493323
W2149658184,W2559808833
W2149658184,W2598208772
W2149658184,W4250008609
W2149658184,W4285719527
W2149658184,W4300941668
W2149658184,W6734884751
W2148306650,W2100837269
W2148306650,W2128635872
W2148306650,W4293247451
W2020764593,W1460401339
W2020764593,W1523713660
W2020764593,W1623415717
W2020764593,W1876557575
W2020764593,W1969105061
W2020764593,W1984994202
W2020764593,W2005479302
W2020764593,W2006144938
W2020764593,W2030547026
W2020764593,W2034586919
W2020764593,W2035505590
W2020764593,W2057193600
W2020764593,W2072813844
W2020764593,W2077123625
W2020764593,W2139757178
W2020764593,W2171834532
W2020764593,W2340808199
W2020764593,W3005133000
W1634447209,W19855640
W1634447209,W104553443
W1634447209,W140037322
W1634447209,W1525990558
W1634447209,W1976522035
W1634447209,W1981251982
W1634447209,W1988082944
W1634447209,W2000823235
W1634447209,W2004603793
W1634447209,W2012807833
W1634447209,W2037001540
W1634447209,W2079080230
W1634447209,W2087802603
W1634447209,W2100151997
W1634447209,W2100355365
W1634447209,W2118163921
W1634447209,W2123564600
W1634447209,W2131664240
W1634447209,W2152988638
W1634447209,W2158233635
W1634447209,W2164261480
W1634447209,W2328475895
W1634447209,W2329015203
W1634447209,W2763075208
W1824194814,W24894039
W1824194814,W95380988
W1824194814,W1486239552
W1824194814,W2167913425
W1824194814,W2171834532
W1824194814,W2188926750
W1824194814,W2336094218
W1517776996,W92796414
W1517776996,W131127468
W1517776996,W1480492886
W1517776996,W1561994421
W1517776996,W2001070311
W1517776996,W2077486936
W1517776996,W2160109669
W1517776996,W2312542136
W1517776996,W4388254066
W1517776996,W6680378043
W88117868,W1497286318
W88117868,W1537061039
W88117868,W1549690437
W88117868,W1566459067
W88117868,W1794929904
W88117868,W1981251982
W88117868,W1983432292
W88117868,W1989016101
W88117868,W2014937798
W88117868,W2023723978
W88117868,W2026343926
W88117868,W2050865954
W88117868,W2051390054
W88117868,W2074310426
W88117868,W2128940305
W88117868,W2131657873
W88117868,W2139190150
W88117868,W2293174243
W88117868,W2314093495
W88117868,W2320263333
W88117868,W2322368572
W88117868,W2763075208
W88117868,W2778205983
W88117868,W2964368400
W88117868,W2986198775
W88117868,W3110196125
W88117868,W4241112126
W2144487539,W612866927
W2144487539,W1554541441
W2144487539,W1583418468
W2144487539,W1982534037
W2144487539,W2007055291
W2144487539,W2037001540
W2144487539,W2066179714
W2144487539,W2113276962
W2144487539,W2151204983
W2144487539,W2171834532
W2144487539,W2536466075
W2144487539,W3138083623
W2144487539,W4285719527
W2341369563,W591106111
W2341369563,W610729113
W2341369563,W1500910854
W2341369563,W1503135079
W2341369563,W1514161587
W2341369563,W1560144794
W2341369563,W1585231348
W2341369563,W1606540910
W2341369563,W1933657216
W2341369563,W1964538581
W2341369563,W1964734637
W2341369563,W2001136156
W2341369563,W2003103143
W2341369563,W2041404167
W2341369563,W2100362436
W2341369563,W2100833175
W2341369563,W2111197100
W2341369563,W2114657100
W2341369563,W2119982708
W2341369563,W2143122004
W2341369563,W2328745383
W2341369563,W2345739896
W2341369563,W2497735908
W2341369563,W2587573685
W2341369563,W2626276769
W2070251253,W131146354
W2070251253,W1481273337
W2070251253,W1531273953
W2070251253,W1584238570
W2070251253,W1998426307
W2070251253,W2055120733
W2070251253,W2067083952
W2070251253,W2096147331
W2070251253,W2106325442
W2070251253,W2110588113
W2070251253,W2112420768
W2070251253,W2122069282
W2070251253,W2137526265
W2070251253,W2137775098
W2070251253,W2151689960
W2070251253,W4212964046
W2070251253,W4285719527
W2070251253,W7043575881
W4388976519,W1991560649
W4388976519,W2007979092
W4388976519,W2010155388
W4388976519,W2015707156
W4388976519,W2067306205
W4388976519,W2122122381
W4388976519,W2126514505
W4388976519,W2147923073
W4388976519,W2210072501
W4388976519,W2507528279
W4388976519,W2763766763
W4388976519,W2966093409
W4388976519,W3139429868
W4388976519,W4283757948
W1544294876,W364587295
W1544294876,W1494662055
W1544294876,W1499158096
W1544294876,W1553887387
W1544294876,W1558766760
W1544294876,W1596464671
W1544294876,W1992323100
W1544294876,W2032151483
W1544294876,W2043356347
W1544294876,W2075229564
W1544294876,W2099524931
W1544294876,W2125988054
W1544294876,W2271406684
W2110831359,W11909207
W2110831359,W1486313877
W2110831359,W1497286318
W2110831359,W1535517383
W2110831359,W1537061039
W2110831359,W1980561265
W2110831359,W2003840516
W2110831359,W2012487898
W2110831359,W2035010057
W2110831359,W2052270675
W2110831359,W2056919333
W2110831359,W2091784785
W2110831359,W2098619666
W2110831359,W2103383236
W2110831359,W2105118209
W2110831359,W2111197100
W2110831359,W2115247616
W2110831359,W2119480063
W2110831359,W2123668258
W2110831359,W2139598342
W2110831359,W2153314286
W2110831359,W2155843307
W2110831359,W2335748804
W2395176884,W1579516283
W2395176884,W1593993808
W2395176884,W1977731574
W2395176884,W1994441409
W2395176884,W2088529060
W2395176884,W2109063077
W2395176884,W2162010745
W2395176884,W2332748509
W3021254173,W2467931
W3021254173,W178254092
W3021254173,W205526818
W3021254173,W1267563279
W3021254173,W1485305988
W3021254173,W1498719563
W3021254173,W1502818505
W3021254173,W1510561091
W3021254173,W1519073454
W3021254173,W1549940068
W3021254173,W1557496348
W3021254173,W1574322542
W3021254173,W1593640816
W3021254173,W1596196963
W3021254173,W1596590607
W3021254173,W1606213113
W3021254173,W1615920531
W3021254173,W1801878374
W3021254173,W1853350959
W3021254173,W1950736173
W3021254173,W1972046139
W3021254173,W1973746598
W3021254173,W1989016101
W3021254173,W2000556841
W3021254173,W2026343926
W3021254173,W2029654180
W3021254173,W2037001540
W3021254173,W2042400458
W3021254173,W2045094646
W3021254173,W2045856702
W3021254173,W2077420680
W3021254173,W2078569098
W3021254173,W2111587852
W3021254173,W2134314161
W3021254173,W2134632849
W3021254173,W2134773428
W3021254173,W2138478249
W3021254173,W2152077962
W3021254173,W2157289187
W3021254173,W2162598207
W3021254173,W2169637730
W3021254173,W2188926750
W3021254173,W2204589313
W3021254173,W2312542136
W3021254173,W2337365192
W3021254173,W2582521406
W3021254173,W2885161099
W3021254173,W3124666641
W3021254173,W4212848460
W3021254173,W4236923591
W3021254173,W4239603325
W3021254173,W4246406755
W3021254173,W4253515609
W3021254173,W4298018175
W3021254173,W6628271223
W3021254173,W6628861248
W3021254173,W6629874016
W3021254173,W6630108217
W3021254173,W6632078616
W3021254173,W6632679385
W3021254173,W6680081395
W3021254173,W6683268542
W3021254173,W6686843343
W3021254173,W6703583358
W3021254173,W7070669694
W2153692424,W407105917
W2153692424,W601685510
W2153692424,W616614584
W2153692424,W805355577
W2153692424,W1496232246
W2153692424,W1499933681
W2153692424,W1789658284
W2153692424,W1967679659
W2153692424,W1969245477
W2153692424,W1970389094
W2153692424,W1986061707
W2153692424,W1986474367
W2153692424,W1989016101
W2153692424,W2011136722
W2153692424,W2019817660
W2153692424,W2027753150
W2153692424,W2032085840
W2153692424,W2036638758
W2153692424,W2037001540
W2153692424,W2039246056
W2153692424,W2043143027
W2153692424,W2050400702
W2153692424,W2059075385
W2153692424,W2060692276
W2153692424,W2075928993
W2153692424,W2084489557
W2153692424,W2085078102
W2153692424,W2094155817
W2153692424,W2096042773
W2153692424,W2096299001
W2153692424,W2099252350
W2153692424,W2101508110
W2153692424,W2102757824
W2153692424,W2115663493
W2153692424,W2116324066
W2153692424,W2127210296
W2153692424,W2129488573
W2153692424,W2129758742
W2153692424,W2134632849
W2153692424,W2135896612
W2153692424,W2148290521
W2153692424,W2149683870
W2153692424,W2155009910
W2153692424,W2170082409
W2153692424,W2184854514
W2153692424,W2204589313
W2153692424,W2343900332
W2153692424,W2500623101
W2153692424,W4231570034
W2153692424,W4248812721
W2153692424,W4300059504
W163371625,W51883999
W163371625,W1550310038
W163371625,W1556069577
W163371625,W1968054588
W163371625,W1972159097
W163371625,W2014126881
W163371625,W2019589306
W163371625,W2045391960
W163371625,W2061115493
W163371625,W2087273739
W163371625,W2103838106
W163371625,W2152284950
W163371625,W2229344040
W2748376870,W9119819
W2748376870,W128363437
W2748376870,W1560144794
W2748376870,W1757119857
W2748376870,W1801878374
W2748376870,W1985426391
W2748376870,W1989016101
W2748376870,W1998841934
W2748376870,W2011601440
W2748376870,W2027523423
W2748376870,W2032337854
W2748376870,W2045094646
W2748376870,W2059075385
W2748376870,W2064406339
W2748376870,W2067306205
W2748376870,W2080124005
W2748376870,W2099296256
W2748376870,W2102617558
W2748376870,W2103604870
W2748376870,W2103865647
W2748376870,W2117504085
W2748376870,W2131657873
W2748376870,W2136738044
W2748376870,W2147679264
W2748376870,W2169036685
W2748376870,W2169368100
W2748376870,W2514233551
W2748376870,W2913521326
W2890913619,W1522301498
W2890913619,W2008066450
W2890913619,W2027518030
W2890913619,W2054139811
W2890913619,W2100495367
W2890913619,W2120847449
W2890913619,W2128160875
W2890913619,W3021908862
W2890913619,W6604987197
W2890913619,W6631190155
W1994184859,W2021875524
W2171321644,W45011409
W2171321644,W122882323
W2171321644,W130187652
W2171321644,W322246522
W2171321644,W1516293359
W2171321644,W1556620691
W2171321644,W1573523614
W2171321644,W1586624296
W2171321644,W1588957466
W2171321644,W1591815827
W2171321644,W1984314602
W2171321644,W2003503096
W2171321644,W2138199375
W2171321644,W2157289187
W3191904179,W1971700825
W3191904179,W2012807638
W3191904179,W2041121121
W3191904179,W2064283725
W3191904179,W2115408538
W3191904179,W2262933009
W3191904179,W2467721114
W3191904179,W2557919609
W3191904179,W2582743722
W3191904179,W2801959627
W3191904179,W2804233742
W3191904179,W2946042712
W3191904179,W2954492718
W3191904179,W2982479261
W3191904179,W2999594827
W3191904179,W3027509960
W3191904179,W3088996828
W3191904179,W4285719527
W3191904179,W4399650503
W3191904179,W6795848648
W41886624,W192548246
W41886624,W1482021371
W41886624,W1551833548
W41886624,W1591490676
W41886624,W1603655386
W41886624,W1991376523
W41886624,W2015153621
W41886624,W2016271194
W41886624,W2296646900
W41886624,W2336684527
W2582355921,W92657957
W2582355921,W123554387
W2582355921,W568544327
W2582355921,W591108810
W2582355921,W1505888555
W2582355921,W1576420969
W2582355921,W1593837227
W2582355921,W2023723978
W2582355921,W2025949779
W2582355921,W2028271033
W2582355921,W2035402384
W2582355921,W2053903592
W2582355921,W2131090193
W2582355921,W2149516323
W2582355921,W2158262090
W2582355921,W2171033441
W2582355921,W2964368400
W3004102077,W42578071
W3004102077,W2006355762
W3004102077,W2031808039
W3004102077,W2105410303
W3004102077,W2107788319
W3004102077,W2110444396
W3004102077,W2113437737
W3004102077,W2155006080
W3004102077,W2177328977
W3004102077,W2360403697
W3004102077,W2430549185
W3004102077,W2792242692
W3004102077,W2795162484
W3004102077,W2796391149
W3004102077,W2898753563
W3004102077,W2945608185
W3004102077,W4301254670
W3004102077,W4302430368
W2148654144,W1983348606
W2148654144,W2056383672
W2148654144,W2134773428
W2020464594,W1964832178
W2020464594,W1971016029
W2020464594,W1974047352
W2020464594,W1998944977
W2020464594,W2006144938
W2020464594,W2007894891
W2020464594,W2009896906
W2020464594,W2018541726
W2020464594,W2035450303
W2020464594,W2037866942
W2020464594,W2045261700
W2020464594,W2049306644
W2020464594,W2052729196
W2020464594,W2054121892
W2020464594,W2063648817
W2020464594,W2068325601
W2020464594,W2071230191
W2020464594,W2072813844
W2020464594,W2079057332
W2020464594,W2080101027
W2020464594,W2108521506
W2020464594,W2139448165
W2020464594,W2141641465
W2020464594,W2171834532
W2594917419,W1822494353
W2594917419,W1831408421
W2594917419,W1922152898
W2594917419,W1966146251
W2594917419,W1970308604
W2594917419,W2036060855
W2594917419,W2046483591
W2594917419,W2076629853
W2594917419,W2109704768
W2594917419,W2110831185
W2594917419,W2114894207
W2594917419,W2127751554
W2594917419,W2127762938
W2594917419,W2149192056
W2594917419,W2151333954
W2594917419,W2154733620
W2594917419,W2160047661
W2594917419,W2217810635
W2594917419,W4243082568
W204005500,W1491063773
W204005500,W2006144938
W204005500,W2007894891
W204005500,W2031865865
W204005500,W2072813844
W204005500,W2171834532
W2074439470,W1542425463
W2074439470,W2029403095
W2074439470,W2037842078
W2074439470,W2038869722
W2074439470,W2054745332
W2074439470,W2074439470
W2074439470,W4285719527
W2185997958,W19399978
W2185997958,W1272508706
W2185997958,W1543098188
W2185997958,W1555544825
W2185997958,W2037390419
W2185997958,W2043222591
W2185997958,W2062214394
W2185997958,W2104917077
W2185997958,W2105990013
W2185997958,W2114745641
W2185997958,W2139598342
W2185997958,W2147679264
W2185997958,W2159190202
W2185997958,W2159410846
W1976714163,W4285719527
W1563666739,W2087802603
W1563666739,W2100355365
W1563666739,W2123564600
W1563666739,W2152988638
W1563666739,W2158233635
W1563666739,W2164261480
W1563666739,W2329015203
W2014224395,W2002664886
W2008691804,W392012835
W2008691804,W1502818505
W2008691804,W1968761003
W2008691804,W1975566470
W2008691804,W2076691609
W2008691804,W2122848099
W2008691804,W2144487539
W2008691804,W2153134014
W2008691804,W2912596165
W2163827236,W1980514696
W2163827236,W1981505283
W2163827236,W2037001540
W2163827236,W2048548910
W2163827236,W2163514131
W2163827236,W2264164388
W2163827236,W2407488597
W2163827236,W4250008609
W4400842024,W1995981988
W4400842024,W1998841934
W4400842024,W2022161886
W4400842024,W2073168890
W4400842024,W2128769367
W4400842024,W2158262090
W4400842024,W2166720965
W4400842024,W2345925440
W4400842024,W2900880089
W4400842024,W3013711696
W4400842024,W3094895835
W4400842024,W4220849832
W4400842024,W4281635534
W4400842024,W4301394459
W2560429335,W1517677814
W2560429335,W1839056034
W2560429335,W1971168548
W2560429335,W1981426977
W2560429335,W1983807218
W2560429335,W1993934635
W2560429335,W2000677804
W2560429335,W2006293231
W2560429335,W2006645063
W2560429335,W2027760828
W2560429335,W2030269848
W2560429335,W2040611779
W2560429335,W2041121121
W2560429335,W2045094646
W2560429335,W2050579567
W2560429335,W2058543238
W2560429335,W2072592751
W2560429335,W2086826913
W2560429335,W2088312083
W2560429335,W2098714234
W2560429335,W2102617558
W2560429335,W2121938245
W2560429335,W2124239333
W2560429335,W2125910719
W2560429335,W2144198023
W2560429335,W2145103322
W2560429335,W2146545384
W2560429335,W2149802018
W2560429335,W2151422895
W2560429335,W2154822061
W2560429335,W2157384224
W2560429335,W2158721732
W2560429335,W2167066169
W2560429335,W2202261414
W2560429335,W2206399141
W2560429335,W2341542457
W2560429335,W2380542068
W2560429335,W2786450869
W2560429335,W3173550326
W2560429335,W4238215782
W2560429335,W4256399001
W2402349478,W40687730
W2402349478,W1494026234
W2402349478,W1506450374
W2402349478,W1575829986
W2402349478,W1586670667
W2402349478,W1981258758
W2402349478,W2000677804
W2402349478,W2002893522
W2402349478,W2015394094
W2402349478,W2035402384
W2402349478,W2044706586
W2402349478,W2059675270
W2402349478,W2071620525
W2402349478,W2100362436
W2402349478,W2106679331
W2402349478,W2115080750
W2402349478,W2115577577
W2402349478,W2150423550
W2402349478,W2156424572
W2402349478,W2171545112
W2402349478,W2184854514
W2402349478,W2312020672
W2402349478,W2493459293
W2402349478,W2799061466
W2402349478,W4256399001
W2004790668,W9119819
W2004790668,W1508609913
W2004790668,W1603655386
W2004790668,W1607348601
W2004790668,W1985370685
W2004790668,W1985869838
W2004790668,W1986104867
W2004790668,W1994199133
W2004790668,W2030269848
W2004790668,W2041121121
W2004790668,W2045094646
W2004790668,W2065587715
W2004790668,W2110297641
W2004790668,W2123024400
W2004790668,W2141645628
W2004790668,W2249595199
W2004790668,W2552342068
W2004790668,W6636292608
W4396938863,W614933755
W4396938863,W1888671979
W4396938863,W1971075688
W4396938863,W1988261988
W4396938863,W2005774352
W4396938863,W2040611779
W4396938863,W2123171587
W4396938863,W2511801167
W4396938863,W2899116860
W4396938863,W2968739964
W4396938863,W2983954563
W4396938863,W6660527291
W4396938863,W6766463233
W1992476469,W2037001540
W1992476469,W2058468883
W1992476469,W2072020524
W1992476469,W2080676980
W1992476469,W2080839230
W1992476469,W2088794926
W1992476469,W2105055172
W1992476469,W2119480063
W1992476469,W2137526265
W1992476469,W2142196392
W1992476469,W2174329074
W1992476469,W2176792076
W1992476469,W2177181945
W1992476469,W2417195499
W1992476469,W3197522016
W2996676559,W563936930
W2996676559,W603866903
W2996676559,W1564089514
W2996676559,W2036800980
W2996676559,W2312542136
W2996676559,W4285051996
W2996676559,W4292931341
W4200289831,W2041121121
W4200289831,W2137526265
W4200289831,W2914163348
W2049321451,W1482297266
W2049321451,W1548228647
W2049321451,W1983218966
W2049321451,W1991849198
W2049321451,W2076691609
W2049321451,W2086420368
W2049321451,W2093534731
W2049321451,W2129279190
W2049321451,W4285719527
W2160628783,W1531273953
W2160628783,W1998426307
W2160628783,W2107303974
W2160628783,W2223427559
W3155255464,W2051766762
W3155255464,W2091863045
W3155255464,W2154393540
W3155255464,W2504837287
W3155255464,W2914687129
W3155255464,W4256122687
W2518542036,W7679584
W2518542036,W1557496348
W2518542036,W1575829986
W2518542036,W1590469064
W2518542036,W1933657216
W2518542036,W1964538581
W2518542036,W1968060331
W2518542036,W2007180964
W2518542036,W2023108246
W2518542036,W2032337854
W2518542036,W2033606892
W2518542036,W2037320486
W2518542036,W2048701323
W2518542036,W2060565253
W2518542036,W2062273234
W2518542036,W2122437005
W2518542036,W2143483079
W2518542036,W2147174722
W2518542036,W2159190202
W2518542036,W2233607055
W2518542036,W2603285822
W169883241,W2093632550
W169883241,W2234007130
W2067171842,W2047404335
W2067171842,W4301381893
W4394807578,W1996318081
W4394807578,W2516440319
W4056024,W1523713660
W4056024,W1964538581
W4056024,W1984994202
W4056024,W1991112797
W4056024,W1997709277
W4056024,W2000556841
W4056024,W2032541756
W4056024,W2071702676
W4056024,W2075774708
W4056024,W2083076286
W4056024,W2618602706
W4406410889,W281781743
W4406410889,W1541647209
W4406410889,W1607743512
W4406410889,W1655784964
W4406410889,W1995875735
W4406410889,W2028880259
W4406410889,W2037001540
W4406410889,W2106814120
W4406410889,W2117023458
W4406410889,W2117489410
W4406410889,W2184854514
W4406410889,W2466861635
W4406410889,W2514254236
W4406410889,W2965150687
W4406410889,W3003668765
W4406410889,W3045568791
W4406410889,W4252497458
W2071472967,W1775749144
W2071472967,W2018377262
W2132794967,W1520666785
W2132794967,W1766888123
W2132794967,W1969105061
W2132794967,W1991139021
W2132794967,W2006144938
W2132794967,W2009896906
W2132794967,W2030818890
W2132794967,W2032541756
W2132794967,W2072813844
W2132794967,W2121284174
W2132794967,W2170410208
W2147748530,W1460401339
W2147748530,W1520666785
W2147748530,W1609724202
W2147748530,W1996721809
W2147748530,W2007894891
W2147748530,W2010263906
W2147748530,W2020672069
W2147748530,W2033253044
W2147748530,W2042035466
W2147748530,W2048145045
W2147748530,W2057193600
W2147748530,W2071230191
W2147748530,W2132087580
W2147748530,W2139190150
W2147748530,W2735122693
W2139060137,W1492906224
W2139060137,W1554541441
W2139060137,W1594612489
W2139060137,W1878249965
W2139060137,W1969090956
W2139060137,W1969561071
W2139060137,W1971040701
W2139060137,W1974577648
W2139060137,W2050597798
W2139060137,W2069087214
W2139060137,W2089640842
W2139060137,W2096147331
W2139060137,W2109226184
W2139060137,W2112420768
W2139060137,W2114987226
W2139060137,W2117427266
W2139060137,W2140473646
W2139060137,W2149554860
W2139060137,W2170751489
W2139060137,W2778205983
W2139060137,W4214813828
W4292544166,W17050285
W4292544166,W1525294673
W4292544166,W1545440530
W4292544166,W1554401635
W4292544166,W1579247973
W4292544166,W1963981927
W4292544166,W1964905272
W4292544166,W1966108188
W4292544166,W1966194799
W4292544166,W1982678721
W4292544166,W1989581113
W4292544166,W1995692367
W4292544166,W2004191665
W4292544166,W2005920771
W4292544166,W2013832123
W4292544166,W2038897574
W4292544166,W2039159203
W4292544166,W2041995604
W4292544166,W2050287087
W4292544166,W2063555015
W4292544166,W2063935091
W4292544166,W2069138632
W4292544166,W2070865249
W4292544166,W2092252414
W4292544166,W2111970780
W4292544166,W2115642559
W4292544166,W2124020907
W4292544166,W2124413118
W4292544166,W2124950475
W4292544166,W2137530867
W4292544166,W2149374875
W4292544166,W2165705696
W4292544166,W2168287995
W4292544166,W2168325312
W4292544166,W2172041006
W4292544166,W2173649109
W4292544166,W2288769222
W4292544166,W2306903235
W4292544166,W2323914239
W4292544166,W2395255409
W4292544166,W2433580316
W4292544166,W2537943563
W4292544166,W2539128088
W4292544166,W2551260609
W4292544166,W2619274139
W4292544166,W2624385030
W4292544166,W2728199486
W4292544166,W2743582522
W4292544166,W2762173626
W4292544166,W2773895304
W4292544166,W2780806617
W4292544166,W2789568771
W4292544166,W2800345417
W4292544166,W2892894833
W4292544166,W2894051121
W4292544166,W2898432368
W4292544166,W2900673899
W4292544166,W2902349003
W4292544166,W2905613506
W4292544166,W2906854687
W4292544166,W2914719245
W4292544166,W2941951588
W4292544166,W2943971553
W4292544166,W2963225286
W4292544166,W2976625582
W4292544166,W2979709441
W4292544166,W3006752585
W4292544166,W3014542064
W4292544166,W3015731989
W4292544166,W3037594810
W4292544166,W3046800324
W4292544166,W3048175213
W4292544166,W3080462905
W4292544166,W3081156124
W4292544166,W3086987251
W4292544166,W3088192037
W4292544166,W3100258121
W4292544166,W3106116214
W4292544166,W3115744292
W4292544166,W3134542457
W4292544166,W3151382349
W4292544166,W3158509501
W4292544166,W3160171555
W4292544166,W3160412483
W4292544166,W3171522463
W4292544166,W3189983937
W4292544166,W3190291797
W4292544166,W3205120937
W4292544166,W3215524778
W4292544166,W4200126092
W4292544166,W4241207648
W4292544166,W4255585211
W4292544166,W4388324150
W4292544166,W6634623048
W4292544166,W6700832056
W4292544166,W6757421781
W4292544166,W7011169138
W4292544166,W7026768716
W1500008800,W1543654099
W1500008800,W1576413680
W1500008800,W1586829993
W1500008800,W1608844340
W1500008800,W1951490636
W1500008800,W2014723599
W1500008800,W2015153621
W1500008800,W2056316061
W1500008800,W2074032036
W1500008800,W2103604870
W1500008800,W2124126801
W1500008800,W2128178009
W1500008800,W2147400666
W1500008800,W2148992350
W1500008800,W2163322071
W1500008800,W2407488597
W1500008800,W4300941668
W2122080988,W2040661759
W2122080988,W2069176141
W2122080988,W2130479394
W2122080988,W2172653878
W2122080988,W4233545748
W2025552030,W4427264
W2025552030,W19891981
W2025552030,W1492323064
W2025552030,W1531639961
W2025552030,W1543654099
W2025552030,W1557496348
W2025552030,W1823786552
W2025552030,W1979898043
W2025552030,W1980514696
W2025552030,W1986061707
W2025552030,W1987591618
W2025552030,W1993685041
W2025552030,W1993906458
W2025552030,W2014723599
W2025552030,W2017613065
W2025552030,W2034153560
W2025552030,W2041768030
W2025552030,W2044793658
W2025552030,W2050375958
W2025552030,W2054146960
W2025552030,W2082185845
W2025552030,W2095929735
W2025552030,W2098343150
W2025552030,W2130624147
W2025552030,W2145674413
W2025552030,W2149658184
W2025552030,W2157188062
W2025552030,W2601358781
W2025552030,W2908282323
W2025552030,W2911240772
W2025552030,W4250008609
W2141870347,W93612393
W2141870347,W1517387173
W2141870347,W1608482299
W2141870347,W2105055172
W2141870347,W2105118209
W2141870347,W2130089340
W2141870347,W2145956370
W2141870347,W2160628783
W2141870347,W2187885537
W2141870347,W2741791549
W3202733979,W49218811
W3202733979,W104553443
W3202733979,W110427202
W3202733979,W252297963
W3202733979,W621814778
W3202733979,W1516293359
W3202733979,W1525231104
W3202733979,W1541749965
W3202733979,W1553904877
W3202733979,W1586624296
W3202733979,W1588957466
W3202733979,W1765238573
W3202733979,W1989016101
W3202733979,W1989833923
W3202733979,W2020422987
W3202733979,W2020776366
W3202733979,W2033190454
W3202733979,W2059075385
W3202733979,W2067083952
W3202733979,W2071969679
W3202733979,W2073800769
W3202733979,W2076629853
W3202733979,W2119480063
W3202733979,W2121752185
W3202733979,W2127751554
W3202733979,W2128523760
W3202733979,W2130228586
W3202733979,W2138199375
W3202733979,W2139486723
W3202733979,W2150294419
W3202733979,W2155417611
W3202733979,W2157145031
W3202733979,W2160927393
W3202733979,W2161133721
W3202733979,W2170644967
W3202733979,W2184854514
W3202733979,W2396069704
W3202733979,W2623453388
W3202733979,W2724736859
W3202733979,W2796356930
W3202733979,W2942169651
W3202733979,W2945556867
W3202733979,W2959442326
W3202733979,W2981593056
W3202733979,W2995882565
W3202733979,W3021263300
W3202733979,W3029632410
W3202733979,W4246406755
W3202733979,W4254949989
W2998802309,W284329785
W2998802309,W324445496
W2998802309,W1520131895
W2998802309,W1963987467
W2998802309,W1964856732
W2998802309,W1976082752
W2998802309,W1976185535
W2998802309,W1977503195
W2998802309,W1977615208
W2998802309,W1990282485
W2998802309,W1997946001
W2998802309,W2001461756
W2998802309,W2005774352
W2998802309,W2006834822
W2998802309,W2006838581
W2998802309,W2013366237
W2998802309,W2013808389
W2998802309,W2021446056
W2998802309,W2030474329
W2998802309,W2037878919
W2998802309,W2043986349
W2998802309,W2050571299
W2998802309,W2058284311
W2998802309,W2058543238
W2998802309,W2062190494
W2998802309,W2081251063
W2998802309,W2086420066
W2998802309,W2103428456
W2998802309,W2110831185
W2998802309,W2114622622
W2998802309,W2114721269
W2998802309,W2126239631
W2998802309,W2129835919
W2998802309,W2137237530
W2998802309,W2140354221
W2998802309,W2142544480
W2998802309,W2157651355
W2998802309,W2171444589
W2998802309,W2171731706
W2998802309,W2201745394
W2998802309,W2239214932
W2998802309,W2306812926
W2998802309,W2345792697
W2998802309,W2346427186
W2998802309,W2466861635
W2998802309,W2490977439
W2998802309,W2583031566
W2998802309,W2598797789
W2998802309,W2767264324
W2998802309,W2780672337
W2998802309,W2781500572
W2998802309,W2795131855
W2998802309,W2804058599
W2998802309,W2804228033
W2998802309,W2912881048
W4409210583,W1161474730
W4409210583,W1594303435
W4409210583,W1689644917
W4409210583,W2009375902
W4409210583,W2013655498
W4409210583,W2073738449
W4409210583,W2097909335
W4409210583,W2472901858
W4392552353,W1822027877
W4392552353,W1858475798
W4392552353,W1950864686
W4392552353,W1964359788
W4392552353,W1970908694
W4392552353,W1979290264
W4392552353,W1988031976
W4392552353,W2002893522
W4392552353,W2027760828
W4392552353,W2028065050
W4392552353,W2058543238
W4392552353,W2064574537
W4392552353,W2071620525
W4392552353,W2074917937
W4392552353,W2119820506
W4392552353,W2129553141
W4392552353,W2130461445
W4392552353,W2131563149
W4392552353,W2144198023
W4392552353,W2162846639
W4392552353,W2167557160
W4392552353,W2283562276
W4392552353,W2471720703
W4392552353,W2490977439
W4392552353,W2514803236
W4392552353,W2711373411
W4392552353,W2735655859
W4392552353,W2739310792
W4392552353,W2803034103
W4392552353,W2905528521
W4392552353,W2912881048
W4392552353,W2941391475
W4392552353,W2951486999
W4392552353,W2993515918
W4392552353,W2994912512
W4392552353,W2995408789
W4392552353,W2998932971
W4392552353,W3007546032
W4392552353,W3008258409
W4392552353,W3014101195
W4392552353,W3162841871
W4392552353,W4213136782
W4392552353,W4299627282
W4392552353,W4309646510
W2159932777,W180011331
W2159932777,W1552815313
W2159932777,W2288146251
W2326114782,W1771606159
W2326114782,W1773016195
W2326114782,W1922152898
W2326114782,W1966216464
W2326114782,W1967713917
W2326114782,W1973594775
W2326114782,W1994227203
W2326114782,W1997039480
W2326114782,W2009522769
W2326114782,W2011029963
W2326114782,W2015518028
W2326114782,W2019921249
W2326114782,W2021082347
W2326114782,W2036060855
W2326114782,W2038601351
W2326114782,W2039066615
W2326114782,W2040463736
W2326114782,W2042805779
W2326114782,W2051914653
W2326114782,W2067736313
W2326114782,W2068147451
W2326114782,W2068574390
W2326114782,W2089765964
W2326114782,W2090285495
W2326114782,W2106810646
W2326114782,W2114894207
W2326114782,W2123215356
W2326114782,W2133256163
W2326114782,W2133797163
W2326114782,W2154733620
W2326114782,W2158326388
W2326114782,W2405152953
W2326114782,W4235182342
W2326114782,W4290457325
W2326114782,W6713707261
W2117546971,W50688157
W2117546971,W85822167
W2117546971,W119330944
W2117546971,W1482101826
W2117546971,W1496929008
W2117546971,W1498719563
W2117546971,W1989016101
W2117546971,W1994199133
W2117546971,W2059075385
W2117546971,W2099252350
W2117546971,W2128940305
W2117546971,W2130565106
W2117546971,W2131657873
W2117546971,W2134632849
W2117546971,W2147679264
W2117546971,W2354687646
W2117546971,W2494448165
W2117546971,W2733396255
W2068951699,W19399978
W2068951699,W116278252
W2068951699,W591743112
W2068951699,W616614584
W2068951699,W1198389994
W2068951699,W1489930039
W2068951699,W1523532444
W2068951699,W1550840327
W2068951699,W1933657216
W2068951699,W1976570622
W2068951699,W1980250221
W2068951699,W2058597075
W2068951699,W2059075385
W2068951699,W2076587077
W2068951699,W2104166306
W2068951699,W2131657873
W2068951699,W2138098672
W2068951699,W2147679264
W2068951699,W2163322071
W2068951699,W2163520596
W2068951699,W2174896420
W2068951699,W4242608241
W4291138601,W1951724000
W4291138601,W1965107874
W4291138601,W1977667232
W4291138601,W1980274578
W4291138601,W2003840516
W4291138601,W2024664008
W4291138601,W2027523423
W4291138601,W2035052544
W4291138601,W2044988964
W4291138601,W2067083952
W4291138601,W2069820904
W4291138601,W2072020524
W4291138601,W2104617690
W4291138601,W2132881639
W4291138601,W2160927393
W4291138601,W2307269239
W4291138601,W2396069704
W4291138601,W2791753912
W4291138601,W2888011329
W4291138601,W2945556867
W4291138601,W2959442326
W4291138601,W2965150687
W4291138601,W3003759491
W4291138601,W3175819408
W4291138601,W4226074878
W4291138601,W4239603325
W1496790334,W2079638262
W81867417,W1549940068
W81867417,W1569410650
W81867417,W1581875138
W81867417,W2023942272
W81867417,W2169637730
W2009011193,W2067083293
W2009011193,W2122191995
W2066083843,W29438942
W2066083843,W178275036
W2066083843,W1550117037
W2066083843,W1576871820
W2066083843,W1608651402
W2066083843,W1967713917
W2066083843,W1986595194
W2066083843,W1987454523
W2066083843,W1990434233
W2066083843,W1990694313
W2066083843,W1994227203
W2066083843,W1994245089
W2066083843,W1994612886
W2066083843,W2006291576
W2066083843,W2006834822
W2066083843,W2020344772
W2066083843,W2021082347
W2066083843,W2021666577
W2066083843,W2035644337
W2066083843,W2040463736
W2066083843,W2041373047
W2066083843,W2047517934
W2066083843,W2050211795
W2066083843,W2059020775
W2066083843,W2062690590
W2066083843,W2067736313
W2066083843,W2075621112
W2066083843,W2085075010
W2066083843,W2085669305
W2066083843,W2093117756
W2066083843,W2096046604
W2066083843,W2101140607
W2066083843,W2106679331
W2066083843,W2107825210
W2066083843,W2109995759
W2066083843,W2110831185
W2066083843,W2111026707
W2066083843,W2115589791
W2066083843,W2117241286
W2066083843,W2132702046
W2066083843,W2133797163
W2066083843,W2153594251
W2066083843,W2165394321
W2066083843,W2316429719
W2066083843,W2407421298
W2066083843,W2561557072
W2066083843,W3036827744
W2066083843,W3096272296
W2066083843,W4235182342
W2066083843,W4245642611
W2066083843,W6670308541
W2999027282,W19178994
W2999027282,W1925830838
W2999027282,W1964832178
W2999027282,W1970989411
W2999027282,W1971016029
W2999027282,W1995140922
W2999027282,W2001607488
W2999027282,W2002475465
W2999027282,W2006144938
W2999027282,W2007897947
W2999027282,W2011742516
W2999027282,W2021489206
W2999027282,W2026477383
W2999027282,W2045356643
W2999027282,W2050043981
W2999027282,W2064609286
W2999027282,W2084598301
W2999027282,W2108668360
W2999027282,W2111889754
W2999027282,W2116114278
W2999027282,W2120294020
W2999027282,W2121356515
W2999027282,W2140538613
W2999027282,W2140889287
W2999027282,W2346172236
W2999027282,W2496323672
W2999027282,W6629682348
W1970028090,W131127468
W1970028090,W1526642635
W1970028090,W1972905061
W1970028090,W2002154295
W1970028090,W2007697407
W1970028090,W2019065296
W1970028090,W2028493660
W1970028090,W2067083952
W1970028090,W2075390823
W1970028090,W2091022973
W1970028090,W2100613188
W1970028090,W2105055172
W1970028090,W2131657873
W1970028090,W2171671453
W1557871352,W1509968902
W2982457175,W1850742715
W2982457175,W2951535099
W2982457175,W2964121744
W2167548808,W2072752513
W2167548808,W2141674016
W2167548808,W2518814759
W2167548808,W4285719527
W2890653163,W130543029
W2890653163,W1974348796
W2242125519,W1964340263
W2242125519,W2009198914
W2242125519,W2095929735
W2242125519,W2104880015
W2242125519,W2122790853
W2242125519,W2756207886
W2242125519,W2797748524
W4362672043,W1514491136
W4362672043,W1990558808
W4362672043,W2011622665
W4362672043,W2014733348
W4362672043,W2018927025
W4362672043,W2022506413
W4362672043,W2040990158
W4362672043,W2051184568
W4362672043,W2054313229
W4362672043,W2059161307
W4362672043,W2068730227
W4362672043,W2069855766
W4362672043,W2091752452
W4362672043,W2094017113
W4362672043,W2103287566
W4362672043,W2109316022
W4362672043,W2110366518
W4362672043,W2114214919
W4362672043,W2118561015
W4362672043,W2139403880
W4362672043,W2139641449
W4362672043,W2157303606
W4362672043,W2158950186
W4362672043,W2165756385
W4362672043,W2171440972
W4362672043,W2217473673
W4362672043,W2338664935
W4362672043,W2553159451
W4362672043,W2725273596
W4362672043,W2800837140
W4362672043,W2804764493
W4362672043,W2887651026
W4362672043,W2909419216
W4362672043,W2912566442
W4362672043,W2955115120
W4362672043,W2962898360
W4362672043,W2974354206
W4362672043,W2978638612
W4362672043,W2981663365
W4362672043,W2985638053
W4362672043,W3027838418
W4362672043,W3087549136
W4362672043,W3184093945
W4362672043,W3203215442
W4362672043,W4211189621
W4362672043,W4224256294
W4362672043,W4240526488
W4362672043,W4251400759
W4362672043,W4283644489
W4362672043,W4286445206
W4362672043,W4327766591
W2588959663,W1537459746
W2588959663,W1917690681
W2588959663,W1967627786
W2588959663,W2004527684
W2588959663,W2007597804
W2588959663,W2010822443
W2588959663,W2032763326
W2588959663,W2036817431
W2588959663,W2037124948
W2588959663,W2068948384
W2588959663,W2069436955
W2588959663,W2161062840
W2546675361,W1827347067
W2546675361,W1838052923
W2546675361,W1974337346
W2546675361,W1985609359
W2546675361,W1996499888
W2546675361,W2003498135
W2546675361,W2004692689
W2546675361,W2032480506
W2546675361,W2050973981
W2546675361,W2063052894
W2546675361,W2077707758
W2546675361,W2086641568
W2546675361,W2087484885
W2546675361,W2096042773
W2546675361,W2116036251
W2546675361,W2119374926
W2546675361,W2121284174
W2546675361,W2122570643
W2546675361,W2123179704
W2546675361,W2124853884
W2546675361,W2127693141
W2546675361,W2146948159
W2546675361,W2170410208
W2546675361,W2559808833
W2546675361,W6604358003
W4210831107,W19855640
W4210831107,W1513934811
W4210831107,W1541753613
W4210831107,W1606775610
W4210831107,W1975680207
W4210831107,W1978122678
W4210831107,W1986104867
W4210831107,W2022973351
W4210831107,W2053154970
W4210831107,W2058543238
W4210831107,W2157651355
W4210831107,W2160505759
W4210831107,W2320899008
W4210831107,W2345792697
W4210831107,W2380542068
W4210831107,W2738948243
W4210831107,W2968739964
W4210831107,W4230313784
W4210831107,W4294214983
W4210831107,W6636295218
W4210831107,W6766463233
W2188049640,W29438942
W2188049640,W43053947
W2188049640,W178275036
W2188049640,W1524577329
W2188049640,W1576871820
W2188049640,W1581848821
W2188049640,W1608651402
W2188049640,W1872512668
W2188049640,W1886197913
W2188049640,W1922152898
W2188049640,W1968761003
W2188049640,W1969023376
W2188049640,W1973148641
W2188049640,W1980408524
W2188049640,W1985387363
W2188049640,W1986595194
W2188049640,W1987454523
W2188049640,W1990434233
W2188049640,W1994612886
W2188049640,W1995151553
W2188049640,W2001422711
W2188049640,W2006834822
W2188049640,W2008202171
W2188049640,W2010927954
W2188049640,W2012596618
W2188049640,W2020344772
W2188049640,W2021666577
W2188049640,W2023772589
W2188049640,W2066083843
W2188049640,W2067736313
W2188049640,W2067981595
W2188049640,W2068337680
W2188049640,W2076629853
W2188049640,W2079080230
W2188049640,W2085669305
W2188049640,W2089765964
W2188049640,W2097490927
W2188049640,W2100390488
W2188049640,W2106679331
W2188049640,W2107825210
W2188049640,W2110473132
W2188049640,W2114894207
W2188049640,W2126636462
W2188049640,W2133797163
W2188049640,W2153594251
W2188049640,W2154733620
W2188049640,W2160047661
W2188049640,W2316429719
W2188049640,W3096272296
W2188049640,W4235182342
W2188049640,W4245642611
W2188049640,W6639848026
W1967559220,W4285719527
W4396619451,W68346849
W4396619451,W884650706
W4396619451,W1521847617
W4396619451,W1901546569
W4396619451,W1976160686
W4396619451,W1979290264
W4396619451,W1992743299
W4396619451,W2020344772
W4396619451,W2023986414
W4396619451,W2041121121
W4396619451,W2041282815
W4396619451,W2111197100
W4396619451,W2144869632
W4396619451,W2148329528
W4396619451,W2155601490
W4396619451,W2184854514
W4396619451,W2221802908
W4396619451,W2563824483
W4396619451,W2742440020
W4396619451,W2795609262
W4396619451,W2885080937
W4396619451,W2893439826
W4396619451,W2894066053
W4396619451,W2961975747
W4396619451,W2963948039
W4396619451,W2971127089
W4396619451,W3016825603
W4396619451,W3045568791
W4396619451,W3206887774
W4396619451,W4235075455
W4396619451,W4246413347
W4396619451,W4252684946
W4396619451,W4283021697
W4396619451,W4298210108
W4396619451,W4386029444
W4396619451,W4387543538
W4396619451,W6945283510
W2114683697,W131127468
W2114683697,W1526642635
W2114683697,W1970028090
W2114683697,W2002154295
W2114683697,W2007697407
W2114683697,W2067083952
W2114683697,W2075390823
W2114683697,W2091022973
W2114683697,W2105055172
W2114683697,W2131657873
W2492944603,W6139098
W2492944603,W51043520
W2492944603,W74490384
W2492944603,W411594954
W2492944603,W1483155202
W2492944603,W1497286318
W2492944603,W1506986435
W2492944603,W1543098188
W2492944603,W1967679659
W2492944603,W1969245477
W2492944603,W1970389094
W2492944603,W1975293845
W2492944603,W1980459899
W2492944603,W1989016101
W2492944603,W1991212035
W2492944603,W2007979092
W2492944603,W2011136722
W2492944603,W2017967298
W2492944603,W2029418069
W2492944603,W2057978450
W2492944603,W2066430820
W2492944603,W2074439470
W2492944603,W2082373127
W2492944603,W2095609373
W2492944603,W2099252350
W2492944603,W2104166306
W2492944603,W2125570765
W2492944603,W2125966816
W2492944603,W2130565106
W2492944603,W2131476766
W2492944603,W2131657873
W2492944603,W2134632849
W2492944603,W2140591843
W2492944603,W2143560158
W2492944603,W2147679264
W2492944603,W2148119561
W2492944603,W2148290521
W2492944603,W2154951491
W2492944603,W2156406342
W2492944603,W2159429349
W2492944603,W2170410208
W2492944603,W2173372376
W2492944603,W2290743373
W2492944603,W2595475176
W2492944603,W2618602706
W2492944603,W4233780434
W2492944603,W4235133917
W2492944603,W4239726313
W2492944603,W4248490552
W2492944603,W4249771488
W2492944603,W4256566930
W2492944603,W6628831405
W2492944603,W7029952437
W2287353653,W389855685
W2287353653,W1502255657
W2287353653,W1524577329
W2287353653,W1886197913
W2287353653,W1922152898
W2287353653,W1967713917
W2287353653,W1970308604
W2287353653,W1970629866
W2287353653,W1973832683
W2287353653,W1976697918
W2287353653,W1981649281
W2287353653,W1994227203
W2287353653,W2001422711
W2287353653,W2012909680
W2287353653,W2025256102
W2287353653,W2046813762
W2287353653,W2049845852
W2287353653,W2066083843
W2287353653,W2068842640
W2287353653,W2076629853
W2287353653,W2079196769
W2287353653,W2098545273
W2287353653,W2109429966
W2287353653,W2109704768
W2287353653,W2115589791
W2287353653,W2127751554
W2287353653,W2133797163
W2287353653,W2147337793
W2287353653,W2147486063
W2287353653,W2160047661
W2287353653,W2165574020
W2287353653,W2170677224
W2287353653,W2325319302
W2287353653,W2503566250
W2287353653,W2623453388
W2287353653,W4249470454
W2287353653,W4285719527
W4281741820,W1499933681
W4281741820,W1596196963
W4281741820,W1967888462
W4281741820,W1973180725
W4281741820,W1979290264
W4281741820,W2007221293
W4281741820,W2010760790
W4281741820,W2012238473
W4281741820,W2037001540
W4281741820,W2041827080
W4281741820,W2046507154
W4281741820,W2051356150
W4281741820,W2055120733
W4281741820,W2061586628
W4281741820,W2105637237
W4281741820,W2111380916
W4281741820,W2118849485
W4281741820,W2121307982
W4281741820,W2127695393
W4281741820,W2160338488
W4281741820,W2194731015
W4281741820,W2278339107
W4281741820,W2427551199
W4281741820,W2498259143
W4281741820,W2529751265
W4281741820,W2563455099
W4281741820,W2598094903
W4281741820,W2779895865
W4281741820,W2897278185
W4281741820,W3005319766
W4281741820,W3106889297
W4281741820,W3165898261
W4281741820,W4256270747
W4281741820,W4294214983
W4281741820,W6630002413
W4281741820,W6727785822
W1499693679,W77669910
W1499693679,W591108810
W1499693679,W1521889271
W1499693679,W1986550610
W1499693679,W2015153621
W1499693679,W2048701323
W1499693679,W2050896993
W1499693679,W2051766762
W61926279,W1612857394
W61926279,W1789658284
W61926279,W1992087275
W61926279,W2090973846
W1534396351,W166442619
W1534396351,W1516322043
W1534396351,W1571596476
W1534396351,W2041248965
W1534396351,W2101628359
W1534396351,W2138442206
W1534396351,W2146589746
W1534396351,W2148119561
W1534396351,W2155700384
W1534396351,W2397082271
W2159410846,W1590946104
W2159410846,W1965468373
W2159410846,W1989016101
W2159410846,W2034580061
W2159410846,W2784413597
W2159410846,W3145613158
W2077288294,W62008916
W2077288294,W178275036
W2077288294,W1488559003
W2077288294,W1518046314
W2077288294,W1578069008
W2077288294,W1608651402
W2077288294,W1628342349
W2077288294,W1966146251
W2077288294,W1969071914
W2077288294,W2054647727
W2077288294,W2069430629
W2077288294,W2089441678
W2077288294,W2096046604
W2077288294,W2107825210
W2077288294,W2108668360
W2077288294,W2109990343
W2077288294,W2114894207
W2077288294,W2117241286
W2077288294,W2128272608
W2077288294,W2129793894
W2077288294,W2132702046
W2077288294,W2133797163
W2077288294,W2160328540
W2077288294,W2171834532
W2077288294,W4285719527
W2077288294,W4321508265
W2945108519,W42578071
W2945108519,W2006355762
W2945108519,W2031808039
W2945108519,W2054638377
W2945108519,W2105410303
W2945108519,W2107788319
W2945108519,W2110444396
W2945108519,W2113437737
W2945108519,W2155006080
W2945108519,W2177328977
W2945108519,W2360403697
W2945108519,W2430549185
W2945108519,W2792242692
W2945108519,W2795162484
W2945108519,W2796391149
W2945108519,W2898753563
W2945108519,W2945608185
W2945108519,W4230313784
W2945108519,W4285719527
W2945108519,W4301254670
W2945108519,W4302430368
W57832547,W128574618
W57832547,W1557160366
W57832547,W1599544081
W57832547,W1991139021
W57832547,W2007894891
W57832547,W2027561586
W57832547,W2036396698
W57832547,W2060364934
W57832547,W2072813844
W57832547,W2141641465
W2954449086,W1984314602
W2954449086,W2135404517
W2954449086,W2148329528
W2954449086,W2157289187
W2954449086,W2511931873
W2954449086,W2579555219
W2954449086,W2580237913
W2954449086,W2612110125
W2954449086,W2765184744
W2954449086,W3082544822
W2954449086,W6782318812
W2059747271,W1556264121
W2059747271,W1677820382
W2059747271,W1952738065
W2059747271,W1964832178
W2059747271,W1971016029
W2059747271,W1974038455
W2059747271,W1974047352
W2059747271,W1976125225
W2059747271,W2006144938
W2059747271,W2007894891
W2059747271,W2023619353
W2059747271,W2037866942
W2059747271,W2040912986
W2059747271,W2068069234
W2059747271,W2072813844
W2059747271,W2082539279
W2059747271,W2101298784
W2059747271,W2108668360
W2059747271,W2126015526
W2059747271,W2152820192
W2059747271,W4250857377
W1978270319,W602985745
W1978270319,W1497286318
W1978270319,W1965624136
W1978270319,W2007180964
W1978270319,W2007798022
W1978270319,W2027523423
W1978270319,W2034675839
W1978270319,W2042400458
W1978270319,W2050973981
W1978270319,W2056919333
W1978270319,W2065143235
W1978270319,W2069736034
W1978270319,W2091784785
W1978270319,W2104166306
W1978270319,W2123668258
W1978270319,W2157130619
W1978270319,W3099839986
W1978270319,W4236923591
W1978270319,W4238387768
W1978270319,W4239603325
W1978270319,W4249771488
W2170082409,W645950980
W2170082409,W1484629987
W2170082409,W2283704081
W1545385656,W180218206
W1545385656,W619543029
W1545385656,W1532653240
W1545385656,W1657213141
W1545385656,W1759394199
W1545385656,W1962726730
W1545385656,W2051782817
W1545385656,W2087137043
W1545385656,W2107626798
W1545385656,W2115592467
W1545385656,W2125866005
W1545385656,W2161406034
W1545385656,W2316743980
W4399369136,W1953090334
W4399369136,W1966641148
W4399369136,W2014683958
W2087845257,W1984569591
W2087845257,W2069087214
W2087845257,W2078118823
W2087845257,W2159497557
W2018759249,W1506986435
W2018759249,W1590946104
W2018759249,W1612857394
W2018759249,W1989016101
W2018759249,W2001987823
W2018759249,W2103604870
W2018759249,W2147679264
W2018759249,W2733269210
W2018759249,W4256399001
W2018759249,W4285719527
W2018759249,W6635304597
W2018759249,W6681260765
W2018759249,W6741173146
W3198656788,W2041121121
W3198656788,W2965150687
W3198656788,W3045568791
W4377014199,W1791587663
W2819222535,W334862092
W2819222535,W1253821352
W2819222535,W1482881554
W2819222535,W1491882993
W2819222535,W1502255657
W2819222535,W1559813256
W2819222535,W1584238570
W2819222535,W1671007513
W2819222535,W1761027016
W2819222535,W1922152898
W2819222535,W1966534954
W2819222535,W1975881268
W2819222535,W1977007664
W2819222535,W1977657001
W2819222535,W1979279461
W2819222535,W1985533383
W2819222535,W1987648924
W2819222535,W1991049577
W2819222535,W2005943303
W2819222535,W2006646315
W2819222535,W2015518028
W2819222535,W2017967298
W2819222535,W2020422987
W2819222535,W2036859078
W2819222535,W2041881071
W2819222535,W2046813762
W2819222535,W2056898157
W2819222535,W2057978450
W2819222535,W2058120272
W2819222535,W2072852299
W2819222535,W2076629853
W2819222535,W2077424377
W2819222535,W2078140195
W2819222535,W2079196769
W2819222535,W2083007992
W2819222535,W2085421181
W2819222535,W2089441678
W2819222535,W2101733545
W2819222535,W2133797163
W2819222535,W2142246364
W2819222535,W2147337793
W2819222535,W2171689406
W2819222535,W2171834532
W2819222535,W2205103754
W2819222535,W2205808161
W2819222535,W2234777211
W2819222535,W2327402526
W2819222535,W2330573464
W2819222535,W2407421298
W2819222535,W2518469796
W2819222535,W2540457687
W2819222535,W2604368639
W2819222535,W2761604622
W2819222535,W2800931606
W2819222535,W2953801042
W2819222535,W2963037989
W2819222535,W7027820433
W1799884102,W2000472550
W1799884102,W2028148279
W1799884102,W2033606892
W1799884102,W2062273234
W1799884102,W2143483079
W1799884102,W2233607055
W1799884102,W2518542036
W1799884102,W2601157883
W1799884102,W2784413597
W42802203,W1581848821
W42802203,W1965065639
W42802203,W1969168500
W42802203,W2007607399
W42802203,W2032928027
W42802203,W2078089693
W42802203,W2092570966
W42802203,W2118041119
W42802203,W2139190150
W186422521,W1983348606
W186422521,W1983974022
W186422521,W2000556841
W186422521,W2007897947
W186422521,W2085596355
W4290342726,W1516960989
W4290342726,W1879300773
W4290342726,W1980694603
W4290342726,W1985737286
W4290342726,W2031347071
W4290342726,W2052114876
W4290342726,W2096457720
W4290342726,W2128178009
W4290342726,W2129488573
W4290342726,W2129504844
W4290342726,W2162191950
W4290342726,W2549214777
W4290342726,W2620916946
W4290342726,W2621231483
W4290342726,W2797400727
W4290342726,W2894384264
W4290342726,W2922315556
W4290342726,W2946591055
W4290342726,W2968068048
W4290342726,W2979830676
W4290342726,W3085049425
W4290342726,W3086348885
W4290342726,W3170779605
W4290342726,W3208118424
W395214517,W2043162293
W395214517,W2053708742
W2016598425,W4285719527
W3094824219,W1587026990
W3094824219,W1971700825
W3094824219,W2012807638
W3094824219,W2041121121
W3094824219,W2064283725
W3094824219,W2115408538
W3094824219,W2184854514
W3094824219,W2262933009
W3094824219,W2467721114
W3094824219,W2555473539
W3094824219,W2582743722
W3094824219,W2801959627
W3094824219,W2804233742
W3094824219,W2899440314
W3094824219,W2946042712
W3094824219,W2954492718
W3094824219,W2982479261
W3094824219,W2999594827
W3094824219,W3027509960
W3094824219,W3088996828
W3094824219,W4242289937
W3094824219,W4285719527
W3094824219,W4399650503
W3094824219,W6795848648
W1065804,W176618896
W1065804,W1253821352
W1065804,W1584238570
W1065804,W2017967298
W1065804,W2049567999
W1065804,W2054647727
W1065804,W2083007992
W1065804,W2089441678
W1065804,W2109990343
W1065804,W2111026707
W1065804,W2123436043
W1065804,W2131294823
W1065804,W2407421298
W1065804,W2582521406
W10282353,W1523224409
W3095320247,W1968311814
W3095320247,W1977738030
W3095320247,W1991139021
W3095320247,W2005219594
W3095320247,W2015335177
W3095320247,W2043581786
W3095320247,W2045856702
W3095320247,W2104779182
W3095320247,W2119036186
W3095320247,W2136691781
W3095320247,W2146817586
W3095320247,W2146949011
W3095320247,W2148558021
W3095320247,W2182153856
W3095320247,W2970095434
W2146820543,W778850012
W2146820543,W1548659396
W2146820543,W2119480063
W1984160206,W1980561265
W1984160206,W1989062072
W1984160206,W2110500972
W1984160206,W2111197100
W1984160206,W2154473778
W1984160206,W2165394321
W2544261385,W1535170256
W2544261385,W1963549852
W2544261385,W2002644089
W2544261385,W2013039323
W2544261385,W2021082347
W2544261385,W2065038452
W2544261385,W2074750468
W2544261385,W2077288294
W2544261385,W2133797163
W2544261385,W2154834451
W2544261385,W2159074298
W2544261385,W2330573464
W2060772055,W1480985346
W2060772055,W1555235816
W2060772055,W1576830784
W2060772055,W1964077143
W2060772055,W1983952825
W2060772055,W1989016101
W2060772055,W2016753916
W2060772055,W2059075385
W2060772055,W2110576487
W2060772055,W2122723787
W2060772055,W2126885600
W2060772055,W2127210296
W2060772055,W2134632849
W2060772055,W2136691781
W2060772055,W2164719598
W2060772055,W2896015129
W2406071914,W1501701257
W2406071914,W1573784727
W2406071914,W1576420969
W2406071914,W2167714411
W4287183677,W1980440818
W4287183677,W2029776687
W4287183677,W2914804970
W2980063141,W1497286318
W2980063141,W1970389094
W2980063141,W1975293845
W2980063141,W2027753150
W2980063141,W2029604321
W2980063141,W2043143027
W2980063141,W2045128528
W2980063141,W2059075385
W2980063141,W2061023211
W2980063141,W2080124005
W2980063141,W2085238083
W2980063141,W2114126971
W2980063141,W2114181294
W2980063141,W2129488573
W2980063141,W2137526265
W2980063141,W2143798991
W2980063141,W2153692424
W2980063141,W2157289187
W2980063141,W2169920658
W2980063141,W2334651604
W2980063141,W2516087951
W2980063141,W2610795342
W2980063141,W2615876895
W2980063141,W2621231483
W2133841386,W131127468
W2133841386,W1561994421
W2133841386,W2002154295
W2133841386,W2075390823
W2133841386,W2168120373
W2133841386,W3193545027
W4379229027,W48355412
W4379229027,W2056383672
W4379229027,W2073168890
W4379229027,W2158262090
W4379229027,W2315329849
W4379229027,W2461948500
W4379229027,W2473344693
W4379229027,W2770941075
W4379229027,W2795989848
W4379229027,W3157546884
W4379229027,W3205220448
W2121567675,W219957973
W2121567675,W1965828509
W2121567675,W1974835908
W2121567675,W2043460413
W2057016245,W2128635872
W2057016245,W4293247451
W63123476,W607127973
W63123476,W1512324647
W63123476,W1556516233
W63123476,W1599804988
W63123476,W1612857394
W63123476,W1773016195
W63123476,W1789658284
W63123476,W1879777331
W63123476,W1968173581
W63123476,W1974140516
W63123476,W1983442353
W63123476,W1987302113
W63123476,W1991139021
W63123476,W2000743030
W63123476,W2018324499
W63123476,W2032085840
W63123476,W2036638758
W63123476,W2037753098
W63123476,W2043143027
W63123476,W2044793658
W63123476,W2051914653
W63123476,W2063874275
W63123476,W2066299678
W63123476,W2070729636
W63123476,W2078621284
W63123476,W2090973846
W63123476,W2092741127
W63123476,W2094136133
W63123476,W2094493170
W63123476,W2096299001
W63123476,W2123179704
W63123476,W2129318928
W63123476,W2135896612
W63123476,W2158058159
W63123476,W2159371774
W63123476,W2165570903
W63123476,W2170082409
W63123476,W2995067936
W63123476,W3035543289
W105494570,W4285719527
W2903080502,W69473232
W2903080502,W360130987
W2903080502,W1522945141
W2903080502,W1839056034
W2903080502,W1979700375
W2903080502,W1980274578
W2903080502,W1993934635
W2903080502,W2001461756
W2903080502,W2021796188
W2903080502,W2027760828
W2903080502,W2041121121
W2903080502,W2047994903
W2903080502,W2058347805
W2903080502,W2058543238
W2903080502,W2125910719
W2903080502,W2137526265
W2903080502,W2144198023
W2903080502,W2145103322
W2903080502,W2158875601
W2903080502,W2167066169
W2903080502,W2184854514
W2903080502,W2490977439
W2903080502,W2500888266
W2903080502,W2560429335
W2903080502,W2786450869
W4396599638,W1514491136
W4396599638,W1950864686
W4396599638,W1978122678
W4396599638,W1990558808
W4396599638,W2005915063
W4396599638,W2011622665
W4396599638,W2014733348
W4396599638,W2018927025
W4396599638,W2022506413
W4396599638,W2040990158
W4396599638,W2048197786
W4396599638,W2051184568
W4396599638,W2054313229
W4396599638,W2056324512
W4396599638,W2059161307
W4396599638,W2061211832
W4396599638,W2068730227
W4396599638,W2069855766
W4396599638,W2076897028
W4396599638,W2091752452
W4396599638,W2094017113
W4396599638,W2103287566
W4396599638,W2109316022
W4396599638,W2110366518
W4396599638,W2114214919
W4396599638,W2117740192
W4396599638,W2118561015
W4396599638,W2119363275
W4396599638,W2125216599
W4396599638,W2126233790
W4396599638,W2139403880
W4396599638,W2139641449
W4396599638,W2146491372
W4396599638,W2148203610
W4396599638,W2157303606
W4396599638,W2158950186
W4396599638,W2163457548
W4396599638,W2165756385
W4396599638,W2171440972
W4396599638,W2217473673
W4396599638,W2338664935
W4396599638,W2524881623
W4396599638,W2553159451
W4396599638,W2612417324
W4396599638,W2748207128
W4396599638,W2751434469
W4396599638,W2799740697
W4396599638,W2800837140
W4396599638,W2800989145
W4396599638,W2801550126
W4396599638,W2804764493
W4396599638,W2887651026
W4396599638,W2909419216
W4396599638,W2912566442
W4396599638,W2962898360
W4396599638,W2969556502
W4396599638,W2978638612
W4396599638,W2981663365
W4396599638,W2985638053
W4396599638,W2994826077
W4396599638,W3027838418
W4396599638,W3087549136
W4396599638,W3101459001
W4396599638,W3203215442
W4396599638,W4211189621
W4396599638,W4221070659
W4396599638,W4224256294
W4396599638,W4283644489
W4396599638,W4286445206
W4396599638,W4288726761
W4396599638,W4310371052
W4396599638,W4313891920
W4396599638,W4327766591
W4396599638,W4388948727
W1998503057,W4285719527
W4298356550,W51883999
W4298356550,W1550310038
W4298356550,W1556069577
W4298356550,W1968054588
W4298356550,W1972159097
W4298356550,W2014126881
W4298356550,W2019589306
W4298356550,W2045391960
W4298356550,W2061115493
W4298356550,W2087273739
W4298356550,W2103838106
W4298356550,W2152284950
W4298356550,W2229344040
W4392405735,W1956538804
W4392405735,W2099473180
W4392405735,W2157289187
W4392405735,W2184854514
W4392405735,W2204026420
W4392405735,W2580237913
W4392405735,W2582521406
W4392405735,W2795989848
W4392405735,W2943761547
W4392405735,W2964458738
W4392405735,W3021263300
W4392405735,W3084702265
W4392405735,W3131320798
W4392405735,W3175748231
W4392405735,W4297349554
W4392405735,W4307977675
W4392405735,W4376113090
W4392405735,W6600540020
W4403461934,W2102848110
W4403461934,W2106814120
W4403461934,W2143880496
W4403461934,W2157900633
W1758579472,W4285719527
W2090107153,W1551833548
W2090107153,W1602727240
W2090107153,W2128018947
W2090107153,W2316944851
W2090107153,W2318351874
W2166736111,W1775749144
W2166736111,W1990942696
W2166736111,W2044659121
W2166736111,W2111301002
W2945563517,W2494250053
W2189127194,W364991292
W2189127194,W412359583
W2189127194,W1575829986
W2189127194,W1596196963
W2189127194,W2138199375
W2189127194,W2139598342
W2189127194,W2159190202
W31915243,W223937513
W31915243,W1514396530
W31915243,W1519334917
W31915243,W1547876901
W31915243,W1554894313
W31915243,W1557160366
W31915243,W1581848821
W31915243,W1816154165
W31915243,W1963527011
W31915243,W2038008722
W31915243,W2063648817
W31915243,W2086912078
W2201745394,W120317759
W2201745394,W1485305988
W2201745394,W1514361649
W2201745394,W1523224409
W2201745394,W1963987467
W2201745394,W1970890515
W2201745394,W1981354982
W2201745394,W1990282485
W2201745394,W2001461756
W2201745394,W2003351666
W2201745394,W2008817973
W2201745394,W2032635843
W2201745394,W2037878919
W2201745394,W2041121121
W2201745394,W2046394129
W2201745394,W2067031273
W2201745394,W2071511860
W2201745394,W2083829327
W2201745394,W2091836804
W2201745394,W2095326216
W2201745394,W2098315017
W2201745394,W2103476886
W2201745394,W2116534743
W2201745394,W2119611357
W2201745394,W2128160875
W2201745394,W2168828075
W2201745394,W2208145366
W2201745394,W2583031566
W2201745394,W6661886821
W2970157931,W1981686634
W2970157931,W1990282485
W2970157931,W1997946001
W2970157931,W2001461756
W2970157931,W2006347837
W2970157931,W2006838581
W2970157931,W2035090004
W2970157931,W2046329526
W2970157931,W2088313145
W2970157931,W2108893166
W2970157931,W2119611357
W2970157931,W2128018947
W2970157931,W2201745394
W2970157931,W2306812926
W2970157931,W2345792697
W2970157931,W2566984559
W2970157931,W4313177291
W2030223906,W1775749144
W2991575813,W73282471
W2991575813,W624465380
W2991575813,W1528027857
W2991575813,W1989016101
W2991575813,W2015153621
W2991575813,W2032337854
W2991575813,W2059075385
W2991575813,W2129488573
W2991575813,W2129758742
W2991575813,W2156256954
W2991575813,W2582521406
W2991575813,W2588247704
W2991575813,W2611369375
W2991575813,W2711373411
W2991575813,W2748622947
W2991575813,W2885439627
W2607152227,W99879125
W2607152227,W1494662055
W2607152227,W1499158096
W2607152227,W1529135573
W2607152227,W1794929904
W2607152227,W1972059236
W2607152227,W1984496813
W2607152227,W1997110426
W2607152227,W2006144938
W2607152227,W2028184103
W2607152227,W2031554514
W2607152227,W2040010579
W2607152227,W2049193094
W2607152227,W2049306644
W2607152227,W2051603309
W2607152227,W2072813844
W2607152227,W2102208671
W2607152227,W2139190150
W2607152227,W2139499278
W2607152227,W2158885821
W2607152227,W2161214472
W2607152227,W2241211221
W2607152227,W2271208462
W2414135360,W1513897103
W2414135360,W2168526937
W49512172,W128363437
W49512172,W2108668360
W49512172,W2136757566
W49512172,W2142596912
W49512172,W2171033441
W2032087125,W16111976
W2032087125,W1532335443
W2032087125,W1964538581
W2032087125,W1972940641
W2032087125,W2065236701
W2032087125,W2114683697
W2032087125,W2114971935
W2032087125,W2144869632
W2032087125,W2160109669
W2032087125,W2184854514
W2032087125,W2315268655
W2032087125,W2515805897
W2032087125,W2624469092
W2032087125,W2733269210
W1512910326,W1528027857
W1512910326,W1933657216
W1512910326,W2086361624
W1512910326,W2098210715
W1512910326,W4301141993
W4242621561,W16111976
W4242621561,W1972940641
W4242621561,W2065236701
W4242621561,W2114683697
W4242621561,W2114971935
W4242621561,W2144869632
W4242621561,W2160109669
W4242621561,W2184854514
W4242621561,W2315268655
W4242621561,W2515805897
W4242621561,W2624469092
W4242621561,W2733269210
W4242621561,W6741173146
W2093183881,W254944493
W2093183881,W1572019598
W2093183881,W1576420969
W2093183881,W1748744376
W2093183881,W1964538581
W2093183881,W2315268655
W2093183881,W2499987988
W2093183881,W2795504376
W2093183881,W4210890610
W2093183881,W4236177342
W2093183881,W6634234239
W2086291072,W2015668054
W2086291072,W4214921596
W2561931717,W2069736034
W3094928323,W2114886667
W3094928323,W2461788480
W2002109824,W2147324912
W2002109824,W4285719527
W2345482437,W2031218630
W2345482437,W2072209684
W2923958083,W1977422919
W2923958083,W2062299969
W2988692461,W2007894891
W2988692461,W2011116941
W2988692461,W2072813844
W2988692461,W2085151448
W2988692461,W2098827290
W2988692461,W2124174101
W2988692461,W2132087580
W2904074285,W1494662055
W2904074285,W1581848821
W2904074285,W1972463186
W2904074285,W1983382828
W2904074285,W1997110426
W2904074285,W2006144938
W2904074285,W2021991270
W2904074285,W2023120510
W2904074285,W2028184103
W2904074285,W2028857061
W2904074285,W2036695518
W2904074285,W2080101027
W2904074285,W2082506300
W2904074285,W2085596355
W2904074285,W2163344649
W2904074285,W2165507463
W2904074285,W2395896820
W2904074285,W2476889190
W2904074285,W2507744892
W2904074285,W6629860146
W3171154431,W1430288311
W3171154431,W1497286318
W3171154431,W1871525550
W3171154431,W1973748529
W3171154431,W1982479115
W3171154431,W1989805652
W3171154431,W2004692689
W3171154431,W2007203651
W3171154431,W2043143027
W3171154431,W2043228310
W3171154431,W2054738187
W3171154431,W2071870239
W3171154431,W2073610575
W3171154431,W2074331253
W3171154431,W2077012593
W3171154431,W2090601654
W3171154431,W2090858180
W3171154431,W2104166306
W3171154431,W2115304010
W3171154431,W2119374926
W3171154431,W2152905082
W3171154431,W2153692424
W3171154431,W2343900332
W3171154431,W2466521580
W3171154431,W2502448385
W3171154431,W2596596865
W3171154431,W2611256891
W3171154431,W2765135656
W3171154431,W2768450324
W3171154431,W2769134927
W3171154431,W2892546337
W3171154431,W2907283208
W3171154431,W2943305677
W3171154431,W2947652593
W3171154431,W3157071352
W3171154431,W4230621957
W3171154431,W4244194064
W3093172834,W2040661759
W3093172834,W2069176141
W3093172834,W2103863014
W3093172834,W2172653878
W3093172834,W2536229134
W3093172834,W3003217347
W3093172834,W3010441732
W3093172834,W4233545748
W2952852719,W1533521166
W2952852719,W1944857566
W2952852719,W1970004043
W2952852719,W1980583674
W2952852719,W1987274474
W2952852719,W1987330468
W2952852719,W2060205462
W2952852719,W2092972599
W2952852719,W2094370489
W2952852719,W2113162751
W2952852719,W2118942835
W2952852719,W2151734996
W2952852719,W2184854514
W2952852719,W2272319117
W2952852719,W2511135941
W2952852719,W2555473539
W2952852719,W2557919609
W2952852719,W2559229523
W2952852719,W3140504487
W2952852719,W7071619704
W1979855257,W1537459746
W1979855257,W1917690681
W1979855257,W1967627786
W1979855257,W2004527684
W1979855257,W2007597804
W1979855257,W2010822443
W1979855257,W2032763326
W1979855257,W2036817431
W1979855257,W2068948384
W1979855257,W2069436955
W1979855257,W2148905283
W1979855257,W2161062840
W2086395629,W1520666785
W2086395629,W1581848821
W2086395629,W2010804586
W2086395629,W2057193600
W2086395629,W2738918696
W2086395629,W4256718691
W2291366,W364587295
W2291366,W1494662055
W2291366,W1499158096
W2291366,W1505944291
W2291366,W1533843421
W2291366,W1544294876
W2291366,W1557554459
W2291366,W1558766760
W2291366,W1596464671
W2291366,W1615920531
W2291366,W1969105061
W2291366,W1980376504
W2291366,W1981254020
W2291366,W1984838248
W2291366,W1990120236
W2291366,W1991112797
W2291366,W1992323100
W2291366,W1997709277
W2291366,W2000556841
W2291366,W2007673756
W2291366,W2030547026
W2291366,W2032151483
W2291366,W2032541756
W2291366,W2054392851
W2291366,W2063191101
W2291366,W2071702676
W2291366,W2074409531
W2291366,W2075229564
W2291366,W2083076286
W2291366,W2099524931
W2291366,W2125988054
W2291366,W2139190150
W2291366,W2271406684
W2291366,W3124666641
W4396792671,W116278252
W4396792671,W1970059018
W4396792671,W1974337346
W4396792671,W1985335593
W4396792671,W1987358053
W4396792671,W2018310331
W4396792671,W2032480506
W4396792671,W2072628264
W4396792671,W2114181294
W4396792671,W2543680447
W1993860894,W162342618
W1993860894,W1503218620
W1993860894,W1980514696
W1993860894,W1993906458
W1993860894,W1998811360
W1993860894,W2004487242
W1993860894,W2025552030
W1993860894,W2043143027
W1993860894,W2064546004
W1993860894,W2113235547
W1993860894,W2145674413
W1993860894,W2259691514
W1993860894,W2756207886
W1993860894,W4250008609
W1993860894,W4285719527
W4324363986,W1965993059
W4324363986,W2052471278
W4324363986,W2075913317
W4324363986,W2076691609
W4324363986,W2121967258
W4324363986,W2144487539
W4324363986,W2797733433
W4324363986,W2809199446
W4324363986,W4301254670
W4324363986,W6613468649
W4324363986,W6629874016
W4324363986,W6632078616
W4324363986,W6680081395
W69794140,W1499158096
W69794140,W2063191101
W69794140,W2595464218
W2763411199,W110835525
W2763411199,W130187652
W2763411199,W1215132044
W2763411199,W1506395192
W2763411199,W1516293359
W2763411199,W1553723287
W2763411199,W1556850597
W2763411199,W1573523614
W2763411199,W1574322542
W2763411199,W1882385262
W2763411199,W1978434525
W2763411199,W1989016101
W2763411199,W1998841934
W2763411199,W2007697407
W2763411199,W2029365580
W2763411199,W2035486824
W2763411199,W2041121121
W2763411199,W2059075385
W2763411199,W2074946636
W2763411199,W2095326216
W2763411199,W2106571503
W2763411199,W2108819475
W2763411199,W2148119561
W2763411199,W2158051598
W2763411199,W2184854514
W2763411199,W2211533131
W2763411199,W2299284748
W2763411199,W2546509545
W2763411199,W2596062918
W2763411199,W3098623617
W2763411199,W4312525752
W2016763723,W21964159
W2016763723,W167522865
W2016763723,W280628476
W2016763723,W591108810
W2016763723,W1499933681
W2016763723,W1560144794
W2016763723,W1575829986
W2016763723,W1590469064
W2016763723,W1950736173
W2016763723,W1973746598
W2016763723,W1998095566
W2016763723,W2013020033
W2016763723,W2014057003
W2016763723,W2031279453
W2016763723,W2032337854
W2016763723,W2066339425
W2016763723,W2067610985
W2016763723,W2078118823
W2016763723,W2134618463
W2016763723,W2142571143
W2016763723,W2148329528
W2016763723,W2296646900
W2016763723,W4319290960
W2016763723,W6630002413
W2016763723,W6634728271
W2748622947,W1971398771
W2748622947,W1985143712
W2748622947,W1985596507
W2748622947,W2006684178
W2748622947,W2016085694
W2748622947,W2026410165
W2748622947,W2029654180
W2748622947,W2048370453
W2748622947,W2075586101
W2748622947,W2082840017
W2748622947,W2091636436
W2748622947,W2109273023
W2748622947,W2463352670
W2748622947,W2795627916
W130663125,W6157337
W130663125,W7738515
W130663125,W74775258
W130663125,W85822167
W130663125,W116148738
W130663125,W151432447
W130663125,W1528027857
W130663125,W1546460500
W130663125,W1549940068
W130663125,W1559384493
W130663125,W1575206345
W130663125,W1576830784
W130663125,W1980451132
W130663125,W1989016101
W130663125,W2011290600
W130663125,W2037001540
W130663125,W2052855523
W130663125,W2058468883
W130663125,W2077420680
W130663125,W2142596912
W130663125,W2150243159
W130663125,W2290003388
W130663125,W2342091124
W130663125,W2600623200
W148198918,W1545385656
W148198918,W2169732913
W1521296817,W1794929904
W1521296817,W1964538581
W1521296817,W2013020033
W1521296817,W2098920026
W1521296817,W2103095385
W2804632400,W1824194814
W2804632400,W1981060864
W2804632400,W2059075385
W2804632400,W2158262090
W2804632400,W2345925440
W2804632400,W2545810869
W257180627,W1667165204
W4380342473,W74490384
W4380342473,W148410407
W4380342473,W572688520
W4380342473,W1506395192
W4380342473,W1973954164
W4380342473,W1982677985
W4380342473,W1985737286
W4380342473,W1989016101
W4380342473,W2014941198
W4380342473,W2037001540
W4380342473,W2052114876
W4380342473,W2059075385
W4380342473,W2061023211
W4380342473,W2068084117
W4380342473,W2076587077
W4380342473,W2096042773
W4380342473,W2106042522
W4380342473,W2109887283
W4380342473,W2129488573
W4380342473,W2143122004
W4380342473,W2147679264
W4380342473,W2149683870
W4380342473,W2168831295
W4380342473,W2184854514
W4380342473,W2395018040
W4380342473,W2582521406
W4380342473,W2751259691
W4380342473,W2885080937
W4380342473,W2943305677
W4380342473,W2946591055
W4380342473,W2968068048
W4380342473,W2981077025
W4380342473,W3085049425
W4380342473,W3170779605
W4380342473,W3204608261
W4380342473,W3208118424
W4380342473,W3215203202
W4380342473,W4235011715
W4380342473,W4242289937
W4380342473,W4250500702
W4380342473,W4312525752
W4380342473,W6630002413
W4380342473,W6734884751
W4380342473,W7043575881
W3109087975,W2184854514
W3109087975,W2736227267
W3109087975,W2904802400
W3109087975,W2964371734
W2883339537,W1537887111
W2883339537,W2014512609
W2883339537,W2026170203
W2883339537,W2042782373
W2883339537,W2064396293
W2883339537,W2077728934
W2883339537,W2096432648
W2883339537,W2123833908
W2883339537,W2184854514
W2883339537,W2742440020
W2883339537,W2753141051
W2883339537,W3147250474
W2883339537,W4285719527
W2083148053,W407105917
W2083148053,W1489143527
W2083148053,W2056046632
W2083148053,W2063874275
W4400134741,W128363437
W4400134741,W1979290264
W4400134741,W2099296256
W4400134741,W2157289187
W4400134741,W2184854514
W4400134741,W2514233551
W4400134741,W2602378791
W4400134741,W2756029264
W4400134741,W2782898451
W4400134741,W2805305763
W4400134741,W2943678288
W4400134741,W2953127026
W4400134741,W2990869822
W4400134741,W3005085113
W4400134741,W3045568791
W4400134741,W3155374563
W4400134741,W3205632492
W4400134741,W4212894378
W4400134741,W4283368874
W4400134741,W4283784219
W4400134741,W4366548861
W4400134741,W6945187943
W4400134741,W7071619704
W1264160096,W1530109122
W1264160096,W2148654144
W1264160096,W2168881883
W159212328,W79418677
W159212328,W599264352
W159212328,W645950980
W159212328,W1543283058
W159212328,W1838052923
W159212328,W1980250221
W159212328,W2097951186
W159212328,W2100090900
W159212328,W2111587852
W159212328,W2116324066
W159212328,W2901303898
W2512652444,W317965616
W2512652444,W1497148900
W2512652444,W1581848821
W2512652444,W1965065639
W2512652444,W1965088807
W2512652444,W1977025735
W2512652444,W1977611487
W2512652444,W1980376504
W2512652444,W1983275964
W2512652444,W1983668095
W2512652444,W1985421759
W2512652444,W1999261091
W2512652444,W2006144938
W2512652444,W2012835248
W2512652444,W2024527431
W2512652444,W2025097278
W2512652444,W2027561586
W2512652444,W2035897331
W2512652444,W2043303163
W2512652444,W2045261700
W2512652444,W2060888810
W2512652444,W2068370932
W2512652444,W2069780699
W2512652444,W2085596355
W2512652444,W2100811130
W2512652444,W2108668360
W2512652444,W2118041119
W2512652444,W2118889375
W2512652444,W2121356515
W2512652444,W2125988054
W2512652444,W2163344649
W2512652444,W2165130450
W2512652444,W2171834532
W2512652444,W2173474324
W2512652444,W2207100718
W2512652444,W6629682348
W2512652444,W6676530657
W2512652444,W6678898151
W2512652444,W6688315975
W2084288798,W106191336
W2084288798,W1485835175
W2084288798,W1508978536
W2084288798,W1523796630
W2084288798,W1825602531
W2084288798,W1862665565
W2084288798,W1973125220
W2084288798,W1987628598
W2084288798,W1992760047
W2084288798,W1999159310
W2084288798,W2016740912
W2084288798,W2032337854
W2084288798,W2042432550
W2084288798,W2043843997
W2084288798,W2046068451
W2084288798,W2057605771
W2084288798,W2071620525
W2084288798,W2101961607
W2084288798,W2115080750
W2084288798,W2120080783
W2084288798,W2150423550
W2084288798,W2161065603
W2084288798,W2396507567
W2084288798,W2610814423
W2084288798,W4319290960
W2084288798,W6712734115
W4240854344,W1522070413
W4240854344,W1560144794
W4240854344,W1590066057
W4240854344,W1593837227
W4240854344,W1912587452
W4240854344,W1997447598
W4240854344,W2023986414
W4240854344,W2127177812
W4240854344,W2129353167
W4240854344,W2130117351
W4240854344,W2144668814
W4240854344,W2167686873
W4240854344,W2288146251
W4240854344,W6635868463
W4240854344,W6680440830
W2045982487,W572688520
W2045982487,W583938501
W2045982487,W1581387623
W2045982487,W1973641371
W2045982487,W2002516241
W2045982487,W2050973981
W2045982487,W2138098672
W2045982487,W2147324912
W2045982487,W2149628368
W2045982487,W2167557160
W2045982487,W2168729844
W2045982487,W2414467074
W2045982487,W2570298312
W2045982487,W2740047476
W4248941597,W1486029409
W4248941597,W1493780681
W4248941597,W1503475974
W4248941597,W1509430737
W4248941597,W1511939753
W4248941597,W1524161747
W4248941597,W1583969828
W4248941597,W1608599857
W4248941597,W1977450000
W4248941597,W1989048733
W4248941597,W1996059637
W4248941597,W2025169146
W4248941597,W2050758723
W4248941597,W2069780699
W4248941597,W2159922251
W4248941597,W2163559956
W4248941597,W2249380417
W4248941597,W2262684847
W4248941597,W2296424085
W4248941597,W2301372722
W4248941597,W2321585919
W4248941597,W2326616289
W4248941597,W2493399652
W3161686633,W591106111
W3161686633,W603866903
W3161686633,W1489032534
W3161686633,W2030841867
W3161686633,W2136738044
W3161686633,W2620079763
W3161686633,W4238014541
W2201384196,W1575207387
W2201384196,W1581848821
W2201384196,W1973221223
W2201384196,W1980508104
W2201384196,W1994612886
W2201384196,W1999218281
W2201384196,W2003313743
W2201384196,W2006684178
W2201384196,W2008202171
W2201384196,W2015388002
W2201384196,W2028065050
W2201384196,W2035450303
W2201384196,W2043843997
W2201384196,W2045030470
W2201384196,W2060364934
W2201384196,W2069786694
W2201384196,W2085596355
W2201384196,W2088648795
W2201384196,W2135080377
W2201384196,W2135735899
W2201384196,W2166345358
W4296625855,W2043558955
W4296625855,W2123442640
W4296625855,W2797067800
W4296625855,W2998275916
W2081489714,W1488910349
W2081489714,W1641915153
W2081489714,W1918015476
W2081489714,W1964832178
W2081489714,W1972059236
W2081489714,W1983382828
W2081489714,W2002271909
W2081489714,W2007894891
W2081489714,W2018541726
W2081489714,W2047784714
W2081489714,W2049306644
W2081489714,W2064442382
W2081489714,W2069786694
W2081489714,W2072813844
W2081489714,W2080101027
W2081489714,W2082506300
W2081489714,W2140889287
W2081489714,W2152820192
W2081489714,W2547418339
W2621231483,W1583788972
W2621231483,W1980514696
W2621231483,W1985737286
W2621231483,W1989274999
W2621231483,W2063662525
W2621231483,W2072500831
W2621231483,W2095929735
W2621231483,W2096457720
W2621231483,W2098920026
W2621231483,W2106042522
W2621231483,W2128178009
W2621231483,W2129488573
W2621231483,W2129504844
W2621231483,W2152905082
W2621231483,W2153692424
W2621231483,W2190577106
W2621231483,W2334651604
W2621231483,W2510136156
W2621231483,W2549214777
W2621231483,W2768026895
W2621231483,W4250008609
W2942446308,W1970224177
W2942446308,W1989852790
W2942446308,W2077166428
W2942446308,W2105055172
W2942446308,W2132922197
W2942446308,W2322255606
W2942446308,W2325764434
W2978058539,W1497286318
W2978058539,W1576567717
W2978058539,W1879300773
W2978058539,W1964538581
W2978058539,W1973746598
W2978058539,W1989274999
W2978058539,W2007010327
W2978058539,W2008905788
W2978058539,W2023108246
W2978058539,W2043143027
W2978058539,W2050973981
W2978058539,W2064989151
W2978058539,W2072589191
W2978058539,W2080529943
W2978058539,W2091354492
W2978058539,W2104166306
W2978058539,W2115966148
W2978058539,W2137526265
W2978058539,W2146948159
W2978058539,W2147851174
W2978058539,W2150324710
W2978058539,W2156189252
W2978058539,W2157289187
W2978058539,W2159429349
W2978058539,W2184854514
W2978058539,W4205285830
W2978058539,W4253047668
W2978058539,W4256399001
W2978058539,W4285719527
W2251996480,W324445496
W2251996480,W1650505698
W2251996480,W1963987467
W2251996480,W1977615208
W2251996480,W1983353683
W2251996480,W2001461756
W2251996480,W2002255915
W2251996480,W2061279330
W2251996480,W2065469890
W2251996480,W2073463889
W2251996480,W2095326216
W2251996480,W2100110002
W2251996480,W2142544480
W2251996480,W2145730574
W2251996480,W2148342940
W2251996480,W2157651355
W2251996480,W2306812926
W2251996480,W4239460843
W2763075545,W1976858987
W2763075545,W2063874275
W2763075545,W2071783141
W2763075545,W2080529943
W2763075545,W2090973846
W2763075545,W2094155817
W2763075545,W2112711343
W2763075545,W2601358781
W2763075545,W2911240772
W2763075545,W4300059504
W2763075545,W4300103725
W2746245381,W4285719527
W2186906491,W41886624
W2186906491,W164236100
W2186906491,W167522865
W2186906491,W1482021371
W2186906491,W1497642243
W2186906491,W1559305623
W2186906491,W1931273666
W2186906491,W1992903142
W2186906491,W2000454443
W2186906491,W2008638238
W2186906491,W2015949973
W2186906491,W2029747681
W2186906491,W2032337854
W2186906491,W2037703416
W2186906491,W2043774331
W2186906491,W2051661051
W2186906491,W2051766762
W2186906491,W2052900576
W2186906491,W2067610985
W2186906491,W2076040368
W2186906491,W2101739789
W2186906491,W2119073998
W2186906491,W2121740835
W2186906491,W2139470221
W2186906491,W2143621823
W2186906491,W2149891956
W2186906491,W2159295271
W2186906491,W2296646900
W2186906491,W2536794285
W2186906491,W2618037547
W2186906491,W3022307797
W2162343603,W1557871352
W2397925409,W20840773
W2397925409,W1483287097
W2397925409,W1557172698
W2397925409,W1565658805
W2397925409,W1581848821
W2397925409,W1615920531
W2397925409,W1765238573
W2397925409,W1812073159
W2397925409,W1964832178
W2397925409,W1987018237
W2397925409,W1987624159
W2397925409,W1997836753
W2397925409,W1999261091
W2397925409,W2002138550
W2397925409,W2002507711
W2397925409,W2026477383
W2397925409,W2031074256
W2397925409,W2032151483
W2397925409,W2037949455
W2397925409,W2043950439
W2397925409,W2060888810
W2397925409,W2068325601
W2397925409,W2082055953
W2397925409,W2108668360
W2397925409,W2129795625
W2397925409,W2207100718
W2397925409,W2306174922
W2397925409,W2512672180
W2397925409,W2611375174
W2397925409,W4285719527
W829214858,W112450954
W829214858,W621814778
W829214858,W1482297266
W829214858,W1485305988
W829214858,W1566459067
W829214858,W1573523614
W829214858,W1576420969
W829214858,W1586624296
W829214858,W1980561265
W829214858,W1999577921
W829214858,W2018377917
W829214858,W2028677178
W829214858,W2059450962
W829214858,W2075006603
W829214858,W2077566900
W829214858,W2122313562
W829214858,W2128026023
W829214858,W2155843307
W829214858,W2161755617
W829214858,W2166409620
W829214858,W2610685016
W2414374598,W1560013842
W2414374598,W2008765103
W2414374598,W2059340443
W2414374598,W2167983404
W2525038081,W128363437
W2525038081,W1544338826
W2525038081,W1987061880
W2525038081,W1987523869
W2525038081,W2010494968
W2525038081,W2051142527
W2525038081,W2070860675
W2525038081,W2076966025
W2525038081,W2097418373
W2525038081,W2108297840
W2525038081,W2109688080
W2525038081,W2149512138
W2525038081,W2595908185
W2525038081,W2618037547
W2525038081,W4200005433
W2525038081,W7043575881
W2074907175,W2112741432
W2074907175,W2125023524
W2132648925,W1856219842
W2065894627,W29529489
W2065894627,W77669910
W2065894627,W167948671
W2065894627,W655283638
W2065894627,W1603655386
W2065894627,W1987730305
W2065894627,W2015153621
W2065894627,W2032337854
W2065894627,W2039170454
W2065894627,W2050896993
W2065894627,W2111919806
W2065894627,W2112292613
W2065894627,W2136085151
W2065894627,W2166140710
W2065894627,W2233813020
W2065894627,W2618037547
W2065894627,W2794957743
W2065894627,W6636292608
W2555554089,W1483155202
W2555554089,W1971556657
W2555554089,W1975293845
W2555554089,W1975604035
W2555554089,W1977386698
W2555554089,W1989274999
W2555554089,W2005342022
W2555554089,W2025668003
W2555554089,W2029418069
W2555554089,W2031347071
W2555554089,W2042978954
W2555554089,W2067016377
W2555554089,W2068084117
W2555554089,W2076587077
W2555554089,W2094065989
W2555554089,W2106042522
W2555554089,W2129111495
W2555554089,W2155486224
W214198191,W2089441678
W3147706553,W2914783728
W3147706553,W3045568791
W3147706553,W3078797493
W2613204039,W43053947
W2613204039,W1966216464
W2613204039,W1968761003
W2613204039,W1970794612
W2613204039,W1973148641
W2613204039,W1980274578
W2613204039,W1980408524
W2613204039,W1984972560
W2613204039,W1994245089
W2613204039,W1995151553
W2613204039,W2010927954
W2613204039,W2017108196
W2613204039,W2020344772
W2613204039,W2021666577
W2613204039,W2023772589
W2613204039,W2044961900
W2613204039,W2066083843
W2613204039,W2067736313
W2613204039,W2067981595
W2613204039,W2068337680
W2613204039,W2069416551
W2613204039,W2077026220
W2613204039,W2090690985
W2613204039,W2097490927
W2613204039,W2101140607
W2613204039,W2106679331
W2613204039,W2110473132
W2613204039,W2127751554
W2613204039,W2188049640
W2613204039,W2337539845
W2613204039,W4235182342
W2613204039,W4236363554
W2613204039,W4294214781
W2613204039,W6667945971
W3184370606,W2008942963
W1989658747,W577481087
W1989658747,W1499933681
W1989658747,W1535370315
W1989658747,W2009022594
W1989658747,W2052270675
W1989658747,W2160301066
W1989658747,W2184854514
W1989658747,W2188608003
W1989658747,W2319794630
W1989658747,W2515805897
W1989658747,W4233110100
W1989658747,W4239355662
W1989658747,W4245341397
W1989658747,W6630002413
W1989658747,W7034277823
W4401703994,W1966002396
W4401703994,W2086613807
W4401703994,W2138236785
W4401703994,W3004426103
W4401703994,W3084109652
W4401703994,W4246986769
W4401703994,W4283722419
W4401703994,W4283725567
W4401703994,W4318045047
W1550534346,W131127468
W1550534346,W1971040701
W1550534346,W1982964137
W1550534346,W1984314602
W1550534346,W1989016101
W1550534346,W1998426307
W1550534346,W1998604895
W1550534346,W2012297616
W1550534346,W2043143027
W1550534346,W2059075385
W1550534346,W2061655543
W1550534346,W2075390823
W1550534346,W2110588113
W1550534346,W2121802159
W1550534346,W2137526265
W1550534346,W2138199375
W1550534346,W2487501095
W1550534346,W2579555219
W1550534346,W2601358781
W1550534346,W2616924292
W1550534346,W4248085210
W1550534346,W4300103725
W2075724410,W3145733612
W2127008876,W244186264
W2127008876,W1856219842
W4281390027,W1486173998
W4281390027,W1971264587
W4281390027,W1974337346
W4281390027,W1976858987
W4281390027,W2008905788
W4281390027,W2009630118
W4281390027,W2023810221
W4281390027,W2043143027
W4281390027,W2073610575
W4281390027,W2077707758
W4281390027,W2084552231
W4281390027,W2085078102
W4281390027,W2096009908
W4281390027,W2102151007
W4281390027,W2114181294
W4281390027,W2115966148
W4281390027,W2127693141
W4281390027,W2139306958
W4281390027,W2143798991
W4281390027,W2145674413
W4281390027,W2156189252
W4281390027,W2311191605
W4281390027,W2418880548
W4281390027,W2596596865
W4281390027,W2606064217
W4281390027,W4240402692
W4281390027,W6645911039
W2741977442,W1963987467
W2741977442,W1969090956
W2741977442,W1977243936
W2741977442,W1989477529
W2741977442,W1990282485
W2741977442,W2000917789
W2741977442,W2001461756
W2741977442,W2008817973
W2741977442,W2013366237
W2741977442,W2021446056
W2741977442,W2050571299
W2741977442,W2082941424
W2741977442,W2088313145
W2741977442,W2089374896
W2741977442,W2114721269
W2741977442,W2119611357
W2741977442,W2137237530
W2741977442,W2137526265
W2741977442,W2140354221
W2741977442,W2163266267
W2741977442,W2168828075
W2741977442,W2174258004
W2741977442,W2345792697
W2741977442,W2491272054
W2741977442,W2566984559
W2741977442,W2583031566
W2741977442,W4232715705
W2741977442,W4240402692
W2741977442,W6680378043
W2741977442,W6685129526
W2741977442,W6731737828
W2741977442,W6733306018
W2149801515,W190966408
W2149801515,W1499933681
W2149801515,W1677705107
W2149801515,W1725850472
W2149801515,W1789658284
W2149801515,W1924105626
W2149801515,W1982964137
W2149801515,W1987302113
W2149801515,W1988968882
W2149801515,W1989016101
W2149801515,W2009022594
W2149801515,W2023107859
W2149801515,W2037001540
W2149801515,W2037390419
W2149801515,W2039066615
W2149801515,W2043143027
W2149801515,W2049059635
W2149801515,W2049485428
W2149801515,W2057233721
W2149801515,W2066430820
W2149801515,W2082373127
W2149801515,W2101728963
W2149801515,W2102757824
W2149801515,W2134954483
W2149801515,W2150030623
W2149801515,W2153901834
W2149801515,W2157130619
W2149801515,W2159410846
W2149801515,W2168190208
W2149801515,W2337365192
W2149801515,W2343900332
W2149801515,W2595745840
W2149801515,W2802089619
W2149801515,W4238387768
W2149801515,W4239355662
W2763657707,W1557496348
W2763657707,W1971264587
W2763657707,W1999945931
W2763657707,W2008905788
W2763657707,W2026161286
W2763657707,W2034826838
W2763657707,W2043143027
W2763657707,W2082477213
W2763657707,W2083007992
W2763657707,W2087460754
W2763657707,W2096009908
W2763657707,W2111357907
W2763657707,W2116036251
W2763657707,W2121957969
W2763657707,W2123436043
W2763657707,W2133797163
W2763657707,W2150324710
W2763657707,W2151442236
W2763657707,W2165701656
W2763657707,W2307588840
W2763657707,W2537974947
W2763657707,W2753626343
W2763657707,W3096272296
W2763657707,W6645911039
W2763657707,W6676494070
W2625736983,W1505221106
W2625736983,W2125864460
W2625736983,W2147912625
W1503147396,W1497063361
W1503147396,W1499588919
W1503147396,W1513534766
W1503147396,W1551510483
W1503147396,W1557386462
W1503147396,W2023874396
W1503147396,W2065331554
W1503147396,W2164719598
W2755199130,W17855792
W2755199130,W167948671
W2755199130,W283958787
W2755199130,W314318557
W2755199130,W317965616
W2755199130,W1504985399
W2755199130,W1551284826
W2755199130,W1603121482
W2755199130,W1603920403
W2755199130,W1765238573
W2755199130,W1794929904
W2755199130,W1823687686
W2755199130,W1967625743
W2755199130,W1971927703
W2755199130,W1980376504
W2755199130,W1983668095
W2755199130,W1990287035
W2755199130,W1991049577
W2755199130,W1996225046
W2755199130,W1999262365
W2755199130,W2025423860
W2755199130,W2028184103
W2755199130,W2041594004
W2755199130,W2041881071
W2755199130,W2057978450
W2755199130,W2061633724
W2755199130,W2062977969
W2755199130,W2082477213
W2755199130,W2105087505
W2755199130,W2112114480
W2755199130,W2116304887
W2755199130,W2118041119
W2755199130,W2126058202
W2755199130,W2134049031
W2755199130,W2139138427
W2755199130,W2139190150
W2755199130,W2152759373
W2755199130,W2168714346
W2755199130,W2171834532
W2755199130,W2204026420
W2755199130,W2207100718
W2755199130,W2211881272
W2755199130,W2237068932
W2755199130,W2254897840
W2755199130,W2262929181
W2755199130,W2268661646
W2755199130,W2283126062
W2755199130,W2418870943
W2755199130,W2535255545
W2755199130,W2546697930
W2755199130,W2908371837
W2755199130,W6606706339
W2755199130,W6630036713
W2755199130,W6641916607
W2755199130,W6650355576
W2755199130,W6665863849
W2755199130,W6676747818
W2755199130,W6677580522
W2755199130,W6688315975
W2158314465,W4285719527
W2112911902,W244186264
W2112911902,W4285719527
W2075940121,W2345595749
W2884332044,W2752309345
W4404574620,W1510182197
W4404574620,W1974878894
W4404574620,W1998944977
W4404574620,W2011301426
W4404574620,W2021315951
W4404574620,W2041121121
W4404574620,W2098619666
W4404574620,W2100495367
W4404574620,W2191779130
W4404574620,W2970480061
W4404574620,W3102349667
W4404574620,W3113479924
W4404574620,W3206435622
W4404574620,W4382371001
W4404574620,W4392222756
W4404574620,W4399491734
W1990411935,W1497286318
W1990411935,W1982822393
W1990411935,W1989314580
W1990411935,W2050973981
W1990411935,W2131657873
W2990898239,W593310604
W2990898239,W635480747
W2990898239,W1505221106
W2990898239,W1546012345
W2990898239,W1971392238
W2990898239,W1983188187
W2990898239,W2030841867
W2990898239,W2032498967
W2990898239,W2061425878
W2990898239,W2122313562
W2990898239,W2123442640
W2990898239,W2145737849
W2990898239,W2172653878
W2990898239,W2332691635
W2990898239,W2626791138
W2990898239,W4240943595
W2990898239,W4243653930
W4313136773,W2955144053
W812793520,W9119819
W812793520,W139777397
W812793520,W167948671
W812793520,W1499933681
W812793520,W1560144794
W812793520,W2019065296
W812793520,W2037001540
W812793520,W2045094646
W812793520,W2053552983
W812793520,W2097327863
W812793520,W2129488573
W812793520,W2133564221
W812793520,W2137526265
W812793520,W2168729844
W812793520,W2396671154
W812793520,W2913521326
W812793520,W4285719527
W2914778548,W2106330396
W2914778548,W2142797001
W2914778548,W2475426101
W2914778548,W4247039117
W3154157249,W153595027
W3154157249,W1595643407
W3154157249,W2006838581
W3154157249,W2043986349
W3154157249,W2046937901
W3154157249,W2064136345
W3154157249,W2130817776
W3154157249,W2352161979
W3154157249,W2471915850
W3154157249,W2609996570
W3154157249,W2903090875
W3154157249,W2964371734
W3154157249,W2972871164
W2113467633,W72590251
W2113467633,W164422101
W2113467633,W2036235871
W2113467633,W2037001540
W2113467633,W2043843997
W2113467633,W2068842407
W2113467633,W2071560553
W2113467633,W2072020524
W2113467633,W2109718970
W2113467633,W2121925785
W1983742752,W2089441678
W1983742752,W2095525210
W1983742752,W6674563149
W54685797,W605263502
W54685797,W1267563279
W54685797,W1538854818
W54685797,W1547579513
W54685797,W1882154482
W54685797,W1994345166
W54685797,W2007798022
W54685797,W2050896993
W54685797,W2155486224
W54685797,W2161238168
W2477022446,W1992468098
W2477022446,W2055120733
W2477022446,W2083660934
W2477022446,W2133797163
W2477022446,W2142796031
W2477022446,W2160038311
W2477022446,W2516028181
W2966489494,W254944493
W2966489494,W1573955430
W2966489494,W2023986414
W2966489494,W2242279449
W2966489494,W2345739896
W2966489494,W2987353323
W760189395,W1983579728
W760189395,W2023859044
W760189395,W2307588840
W1493427807,W1267563279
W1493427807,W1497286318
W1493427807,W2104166306
W1493427807,W2596062918
W1517005634,W1590946104
W1517005634,W2088761144
W1517005634,W2102151007
W1517005634,W2110576487
W1517005634,W2157289187
W2607577152,W185137750
W2607577152,W280529704
W2607577152,W1504935443
W2607577152,W1574629238
W2607577152,W2012385708
W2607577152,W2013366237
W2607577152,W2028629294
W2607577152,W2058543238
W2607577152,W2120080783
W2607577152,W2130582542
W2607577152,W2299284748
W2607577152,W2490977439
W2607577152,W2549120448
W2589230682,W1989016101
W2589230682,W2279844206
W2589230682,W2601321973
W1677705107,W125569172
W1677705107,W1980459899
W1677705107,W2008713487
W1677705107,W2032541756
W1677705107,W2072813844
W66507853,W11807401
W66507853,W1536570095
W66507853,W1560144794
W66507853,W2060069377
W66507853,W2078118823
W66507853,W2114987226
W66507853,W2143621823
W66507853,W2159295271
W66507853,W2169732913
W2974499935,W24894039
W2974499935,W95380988
W2974499935,W1502664367
W2974499935,W1535577589
W2974499935,W1824194814
W2974499935,W1989016101
W2974499935,W2059075385
W2974499935,W2073980376
W2974499935,W2077693798
W2974499935,W2147923073
W2974499935,W2149003305
W2974499935,W2167913425
W2974499935,W2187022131
W2974499935,W2545810869
W2974499935,W2618037547
W2974499935,W2944523811
W2974499935,W6665346695
W2974499935,W7023701770
W196083859,W1460401339
W196083859,W1497371565
W196083859,W1565617960
W196083859,W1569410650
W196083859,W1608196678
W196083859,W2106325442
W162887044,W1566660863
W162887044,W1571144263
W162887044,W1967595366
W162887044,W1974170079
W162887044,W1981231610
W162887044,W1986595194
W162887044,W1999854131
W162887044,W2006291576
W162887044,W2007992085
W162887044,W2012807833
W162887044,W2014921255
W162887044,W2026343926
W162887044,W2026410165
W162887044,W2029403095
W162887044,W2030402194
W162887044,W2033190454
W162887044,W2051390054
W162887044,W2052270675
W162887044,W2067610985
W162887044,W2087802603
W162887044,W2128940305
W162887044,W2148329528
W162887044,W2159190202
W162887044,W2169637730
W162887044,W2334391114
W162887044,W2345739896
W162887044,W2987353323
W162887044,W3036827744
W162887044,W4213129550
W162887044,W4240734935
W162887044,W4245341397
W162887044,W4246406755
W162887044,W4256399001
W162887044,W4319290960
W2465654022,W1543654099
W2465654022,W1576413680
W2465654022,W1586829993
W2465654022,W1608844340
W2465654022,W1951490636
W2465654022,W2014723599
W2465654022,W2015153621
W2465654022,W2056316061
W2465654022,W2074032036
W2465654022,W2103604870
W2465654022,W2124126801
W2465654022,W2128178009
W2465654022,W2147400666
W2465654022,W2148992350
W2465654022,W2163322071
W2465654022,W2407488597
W3001932326,W1968008571
W3001932326,W2059020775
W3001932326,W2076118826
W3001932326,W2142797001
W3193113010,W2062299969
W3193113010,W2130012180
W3193113010,W2136757566
W3193113010,W2756029264
W3193113010,W2758621819
W3193113010,W4285719527
W2132044408,W1520666785
W2132044408,W1609724202
W2132044408,W1996721809
W4397031816,W2013188446
W4397031816,W2043885551
W4397031816,W2069176141
W4397031816,W2103863014
W4397031816,W2126918443
W4397031816,W2172653878
W4397031816,W2886636886
W4397031816,W2927437977
W4397031816,W3177828909
W4397031816,W6680823787
W2551198475,W1827347067
W2551198475,W2034768418
W2551198475,W2043143027
W2551198475,W2064406339
W2551198475,W2067457993
W2551198475,W2115487776
W2551198475,W2127210296
W2551198475,W2587772351
W2551198475,W6638728563
W2551198475,W6679096667
W2945074385,W6854706
W2945074385,W624465380
W2945074385,W642545374
W2945074385,W1482297266
W2945074385,W1557386462
W2945074385,W1867691547
W2945074385,W1953090334
W2945074385,W1988082944
W2945074385,W1991849198
W2945074385,W1994477474
W2945074385,W2039451882
W2945074385,W2047072073
W2945074385,W2075913317
W2945074385,W2076691609
W2945074385,W2098566101
W2945074385,W2103290019
W2945074385,W2113437737
W2945074385,W2132889650
W2945074385,W2138110513
W2945074385,W2148108292
W2945074385,W2149628368
W2945074385,W2314093495
W2945074385,W2316560874
W2945074385,W2503570992
W2945074385,W2528416655
W2945074385,W2535255545
W2945074385,W4285719527
W69692378,W2265745
W69692378,W134665402
W69692378,W143061200
W69692378,W1502009149
W69692378,W1502818505
W69692378,W1510373581
W69692378,W1535099319
W69692378,W1599105370
W69692378,W1980128988
W69692378,W1986921898
W69692378,W1991849198
W69692378,W2037001540
W69692378,W2047922146
W69692378,W2049833070
W69692378,W2052471278
W69692378,W2058004561
W69692378,W2076691609
W69692378,W2086420368
W69692378,W2105372391
W69692378,W2129279190
W69692378,W2137784590
W69692378,W2143448427
W69692378,W2184854514
W69692378,W2314093495
W69692378,W2503566250
W69692378,W2797733433
W69692378,W4285719527
W3108603608,W2039451882
W3108603608,W2134079826
W3108603608,W2141394518
W3108603608,W2168488086
W3108603608,W2227773046
W3108603608,W2326637412
W3108603608,W2499987988
W3108603608,W2549178590
W3108603608,W2555668463
W3108603608,W2726901639
W3108603608,W2804725336
W3108603608,W3112057942
W1548960447,W1987302113
W1548960447,W1991209828
W1548960447,W2027163964
W1548960447,W2058302527
W1548960447,W2071588400
W1548960447,W2266522735
W1548960447,W2500623101
W1548960447,W2995067936
W1974455815,W295772216
W1974455815,W624465380
W1974455815,W1493418801
W1974455815,W1497642243
W1974455815,W1547579513
W1974455815,W1991376523
W1974455815,W2009078006
W1974455815,W2015153621
W1974455815,W2029747681
W1974455815,W2032337854
W1974455815,W2037001540
W1974455815,W2051661051
W1974455815,W2076040368
W1974455815,W2184854514
W1974455815,W2275060590
W1974455815,W2580921585
W1974455815,W2604543658
W1974455815,W2611369375
W1974455815,W2775634648
W1974455815,W3000196130
W1974455815,W3216119896
W1974455815,W4200005433
W1974455815,W4285719527
W2911754830,W60334069
W2911754830,W324445496
W2911754830,W1977615208
W2911754830,W1983353683
W2911754830,W1987330504
W2911754830,W1994813625
W2911754830,W2010258059
W2911754830,W2016096546
W2911754830,W2022651795
W2911754830,W2026504595
W2911754830,W2028732730
W2911754830,W2029603628
W2911754830,W2032139276
W2911754830,W2050571299
W2911754830,W2054405556
W2911754830,W2058543238
W2911754830,W2067951170
W2911754830,W2073246877
W2911754830,W2086563620
W2911754830,W2089612224
W2911754830,W2095326216
W2911754830,W2099634219
W2911754830,W2100110002
W2911754830,W2117916152
W2911754830,W2128975021
W2911754830,W2138196863
W2911754830,W2140780590
W2911754830,W2141024349
W2911754830,W2306812926
W2911754830,W2345792697
W2911754830,W2352161979
W2911754830,W2403300874
W2911754830,W2549358157
W2911754830,W2740502024
W2911754830,W2748965471
W2911754830,W2795777216
W2911754830,W2901849013
W2911754830,W3011077436
W2911754830,W3022532439
W2911754830,W4240402692
W2911754830,W4248912547
W2208215505,W1993664545
W2208215505,W2048682928
W2208215505,W2216877512
W2208215505,W2313582907
W2208215505,W2396024727
W2208215505,W2397048723
W3021218285,W2015795623
W3021218285,W2465692541
W2549214777,W1557496348
W2549214777,W1583788972
W2549214777,W1977847827
W2549214777,W1989016101
W2549214777,W1991237363
W2549214777,W1998841934
W2549214777,W2004150192
W2549214777,W2016687108
W2549214777,W2030061208
W2549214777,W2031347071
W2549214777,W2068084117
W2549214777,W2094065989
W2549214777,W2096457720
W2549214777,W2096707172
W2549214777,W2122790853
W2549214777,W2128178009
W2549214777,W2129504844
W2549214777,W2147679264
W2549214777,W2151794956
W2549214777,W2166667242
W2549214777,W2184854514
W2549214777,W2208213853
W2549214777,W2313793337
W2549214777,W2416677955
W2549214777,W4240553276
W2549214777,W4249127707
W2549214777,W4250008609
W2034711526,W131127468
W2034711526,W1535517383
W2034711526,W1992658095
W2034711526,W2002154295
W2034711526,W2031284780
W2034711526,W2031950323
W2034711526,W2037595667
W2034711526,W2038509977
W2034711526,W2046372086
W2034711526,W2065658887
W2034711526,W2069643428
W2034711526,W2072778443
W2034711526,W2083268394
W2034711526,W2122250105
W2034711526,W2155843307
W2034711526,W2319794630
W2034711526,W2610881169
W2034711526,W2795873946
W2562829537,W1581848821
W2562829537,W1792834816
W2562829537,W1972059236
W2562829537,W1983348606
W2562829537,W1998944977
W2562829537,W2000803514
W2562829537,W2002475465
W2562829537,W2011421703
W2562829537,W2036695518
W2562829537,W2038684692
W2562829537,W2045261700
W2562829537,W2064233625
W2562829537,W2094846694
W2562829537,W2108521506
W2562829537,W4233385860
W3125168083,W1518077539
W3125168083,W1824199217
W3125168083,W1963527011
W3125168083,W1970989411
W3125168083,W1974492534
W3125168083,W2002138550
W3125168083,W2006144938
W3125168083,W2011742516
W3125168083,W2036586521
W3125168083,W2043950439
W3125168083,W2048952579
W3125168083,W2062801267
W3125168083,W2064609286
W3125168083,W2108668360
W3125168083,W2111889754
W3125168083,W2163344649
W3125168083,W2290578471
W3125168083,W2294927243
W3125168083,W2337235234
W3125168083,W2535255545
W3125168083,W2743342482
W3125168083,W6631027644
W3125168083,W6676530657
W2182377365,W588944751
W2182377365,W652889451
W2182377365,W2057945014
W2182377365,W2158262090
W2182377365,W2160109669
W2182377365,W2618037547
W2182377365,W2775634648
W4384641343,W2059020775
W4384641343,W2088432713
W4384641343,W2101353123
W4384641343,W2164764235
W3088170012,W2511801167
W3088170012,W2582743722
W3088170012,W2782013919
W2982665448,W633676858
W2982665448,W2138921652
W2982665448,W2160505759
W2042148440,W2100837269
W4388798252,W230952323
W4388798252,W1978122678
W4388798252,W2005915063
W4388798252,W2018927025
W4388798252,W2022506413
W4388798252,W2048197786
W4388798252,W2054313229
W4388798252,W2056324512
W4388798252,W2061211832
W4388798252,W2068730227
W4388798252,W2076897028
W4388798252,W2091752452
W4388798252,W2103287566
W4388798252,W2114214919
W4388798252,W2117740192
W4388798252,W2125216599
W4388798252,W2139403880
W4388798252,W2139641449
W4388798252,W2146491372
W4388798252,W2147940452
W4388798252,W2158950186
W4388798252,W2163457548
W4388798252,W2217473673
W4388798252,W2524881623
W4388798252,W2612417324
W4388798252,W2725273596
W4388798252,W2748207128
W4388798252,W2751434469
W4388798252,W2799740697
W4388798252,W2800837140
W4388798252,W2800989145
W4388798252,W2801550126
W4388798252,W2912566442
W4388798252,W2955115120
W4388798252,W2969556502
W4388798252,W2974354206
W4388798252,W2978638612
W4388798252,W3027838418
W4388798252,W3087549136
W4388798252,W3101459001
W4388798252,W3184093945
W4388798252,W4221070659
W4388798252,W4240526488
W4388798252,W4251400759
W4388798252,W4286445206
W4388798252,W4288726761
W4388798252,W4310371052
W4388798252,W4313891920
W4388798252,W4327766591
W2555943323,W1530125108
W2555943323,W1578832487
W2555943323,W1970059018
W2555943323,W2097951186
W2555943323,W2111357907
W2555943323,W2128213565
W2555943323,W6676494070
W3131374412,W1138675627
W2142163749,W2094136133
W2142163749,W2494487601
W4285542158,W1535170256
W4285542158,W1555152234
W4285542158,W1782270568
W4285542158,W1951724000
W4285542158,W1958876462
W4285542158,W1964359788
W4285542158,W1971028688
W4285542158,W1973832683
W4285542158,W1985387363
W4285542158,W1997901895
W4285542158,W2007344349
W4285542158,W2010002462
W4285542158,W2025256102
W4285542158,W2035644337
W4285542158,W2041373047
W4285542158,W2050211795
W4285542158,W2066083843
W4285542158,W2076629853
W4285542158,W2078065772
W4285542158,W2085075010
W4285542158,W2103428456
W4285542158,W2106810646
W4285542158,W2116484132
W4285542158,W2127751554
W4285542158,W2129553141
W4285542158,W2130817776
W4285542158,W2131294823
W4285542158,W2133797163
W4285542158,W2138018307
W4285542158,W2147486063
W4285542158,W2159074298
W4285542158,W2179471768
W4285542158,W2188049640
W4285542158,W2326114782
W4285542158,W2510919644
W4285542158,W2609788485
W4285542158,W2887489420
W4285542158,W2953801042
W4285542158,W2978915449
W4285542158,W2990369145
W4285542158,W3040830420
W4285542158,W3045640687
W4285542158,W3048032066
W4285542158,W3127693611
W4285542158,W4254687493
W19509286,W1505888555
W19509286,W2015153621
W19509286,W2032337854
W2549968089,W1481412153
W2549968089,W1586670667
W2549968089,W1986677882
W2549968089,W2035486824
W2549968089,W2094906616
W2549968089,W2115577577
W2549968089,W2126052372
W2549968089,W2126197241
W2549968089,W2163189132
W2549968089,W2342321971
W4210508411,W593310604
W4210508411,W1604089826
W4210508411,W2165066790
W4210508411,W2795504376
W4210508411,W4239726313
W4237288659,W131127468
W4237288659,W1992658095
W4237288659,W2002154295
W4237288659,W2031284780
W4237288659,W2031950323
W4237288659,W2037595667
W4237288659,W2038509977
W4237288659,W2046372086
W4237288659,W2065658887
W4237288659,W2069643428
W4237288659,W2072778443
W4237288659,W2083268394
W4237288659,W2122250105
W4237288659,W2795873946
W4237288659,W4205810926
W4237288659,W4233110100
W4237288659,W4299298909
W2968068048,W1980694603
W2968068048,W1985737286
W2968068048,W1989274999
W2968068048,W1991237363
W2968068048,W2030177205
W2968068048,W2043143027
W2968068048,W2053456338
W2968068048,W2072500831
W2968068048,W2084663691
W2968068048,W2095929735
W2968068048,W2096457720
W2968068048,W2096707172
W2968068048,W2099252350
W2968068048,W2129488573
W2968068048,W2134598164
W2968068048,W2149683870
W2968068048,W2150519206
W2968068048,W2152905082
W2968068048,W2157289187
W2968068048,W2168831295
W2968068048,W2190577106
W2968068048,W2313793337
W2968068048,W2510136156
W2968068048,W2516087951
W2968068048,W2621231483
W2968068048,W2751259691
W2968068048,W2894384264
W2968068048,W2916212790
W2968068048,W2922315556
W2968068048,W4253515609
W2968068048,W6682060950
W4394612787,W116278252
W4394612787,W2075950485
W4394612787,W2102595860
W4394612787,W2611256891
W4394612787,W2764319616
W4394612787,W2902480251
W4394612787,W2903211045
W4394612787,W2905388205
W4394612787,W2919609362
W4394612787,W2947652593
W4394612787,W2981077025
W4394612787,W3047516569
W4394612787,W3096107788
W4394612787,W4225555528
W4394612787,W4230621957
W3096652517,W655283638
W3096652517,W1487826005
W3096652517,W1510737763
W3096652517,W1542808721
W3096652517,W1585005850
W3096652517,W1599790193
W3096652517,W1603210563
W3096652517,W1970224177
W3096652517,W2002041997
W3096652517,W2138132755
W3096652517,W2140826205
W3096652517,W2154393540
W3096652517,W2762684428
W3096652517,W3017220216
W3014245064,W95067517
W3014245064,W115279027
W3014245064,W1502255657
W3014245064,W1525476464
W3014245064,W1581848821
W3014245064,W1781239457
W3014245064,W1997819292
W3014245064,W2071230191
W3014245064,W2114886667
W3014245064,W2123436043
W3014245064,W2183916594
W3014245064,W2207100718
W3014245064,W2507227608
W3014245064,W2510919644
W3014245064,W2546635522
W3014245064,W2568039188
W3014245064,W2736525866
W3014245064,W2741346289
W3014245064,W2746105469
W3014245064,W2750019276
W3014245064,W2753626343
W3014245064,W2761604622
W3014245064,W2789239418
W3014245064,W2790140296
W3014245064,W2790493375
W3014245064,W2800931606
W3014245064,W2899563586
W3014245064,W6603808447
W3014245064,W6688315975
W4205768053,W17050285
W4205768053,W1525294673
W4205768053,W1545440530
W4205768053,W1554401635
W4205768053,W1579247973
W4205768053,W1963981927
W4205768053,W1964905272
W4205768053,W1966108188
W4205768053,W1966194799
W4205768053,W1982678721
W4205768053,W1989581113
W4205768053,W1995692367
W4205768053,W2004191665
W4205768053,W2005920771
W4205768053,W2013832123
W4205768053,W2038897574
W4205768053,W2039159203
W4205768053,W2041995604
W4205768053,W2050287087
W4205768053,W2063555015
W4205768053,W2063935091
W4205768053,W2069138632
W4205768053,W2070865249
W4205768053,W2092252414
W4205768053,W2111970780
W4205768053,W2115642559
W4205768053,W2124413118
W4205768053,W2124950475
W4205768053,W2137530867
W4205768053,W2149374875
W4205768053,W2165705696
W4205768053,W2168287995
W4205768053,W2168325312
W4205768053,W2172041006
W4205768053,W2173649109
W4205768053,W2288769222
W4205768053,W2306903235
W4205768053,W2323914239
W4205768053,W2395255409
W4205768053,W2433580316
W4205768053,W2537943563
W4205768053,W2539128088
W4205768053,W2551260609
W4205768053,W2619274139
W4205768053,W2624385030
W4205768053,W2728199486
W4205768053,W2743582522
W4205768053,W2762173626
W4205768053,W2773895304
W4205768053,W2780806617
W4205768053,W2789568771
W4205768053,W2800345417
W4205768053,W2892894833
W4205768053,W2894051121
W4205768053,W2898432368
W4205768053,W2900673899
W4205768053,W2902349003
W4205768053,W2905613506
W4205768053,W2906854687
W4205768053,W2914719245
W4205768053,W2941951588
W4205768053,W2943971553
W4205768053,W2963225286
W4205768053,W2976625582
W4205768053,W2979709441
W4205768053,W3006752585
W4205768053,W3014542064
W4205768053,W3015731989
W4205768053,W3037594810
W4205768053,W3046800324
W4205768053,W3048175213
W4205768053,W3080462905
W4205768053,W3081156124
W4205768053,W3086987251
W4205768053,W3088192037
W4205768053,W3100258121
W4205768053,W3106116214
W4205768053,W3115744292
W4205768053,W3134542457
W4205768053,W3151382349
W4205768053,W3158509501
W4205768053,W3160171555
W4205768053,W3160412483
W4205768053,W3171522463
W4205768053,W3189983937
W4205768053,W3190291797
W4205768053,W3205120937
W4205768053,W3215524778
W4205768053,W4200126092
W4205768053,W4241207648
W4205768053,W4255585211
W4205768053,W4388324150
W4205768053,W6634623048
W4205768053,W6700832056
W4205768053,W6757421781
W4205768053,W7011169138
W4205768053,W7026768716
W1972952227,W1775749144
W2310146458,W4358712
W2310146458,W1562811233
W2310146458,W1581848821
W2310146458,W1605174559
W2310146458,W1761027016
W2310146458,W1794929904
W2310146458,W1964832178
W2310146458,W1971016029
W2310146458,W1972059236
W2310146458,W1992760047
W2310146458,W1994704633
W2310146458,W1997520834
W2310146458,W2001260728
W2310146458,W2002271909
W2310146458,W2006144938
W2310146458,W2007894891
W2310146458,W2007897947
W2310146458,W2008202171
W2310146458,W2015706719
W2310146458,W2024400593
W2310146458,W2050758723
W2310146458,W2051772370
W2310146458,W2057978450
W2310146458,W2059440439
W2310146458,W2060551698
W2310146458,W2064742152
W2310146458,W2068440436
W2310146458,W2071230191
W2310146458,W2072813844
W2310146458,W2076690848
W2310146458,W2092570966
W2310146458,W2100811130
W2310146458,W2101733545
W2310146458,W2121622602
W2310146458,W2157978543
W2310146458,W2159401492
W2310146458,W2161732497
W2310146458,W2241211221
W2310146458,W2332710119
W2310146458,W2466517928
W2013259192,W192828507
W2013259192,W1538807643
W2013259192,W1991237363
W2013259192,W2043143027
W2013259192,W2095929735
W2013259192,W2162626980
W2013259192,W2164958138
W2013259192,W2165570903
W1519388409,W1546460500
W1519388409,W1553723287
W1519388409,W1590946104
W1519388409,W1919099765
W1519388409,W1983952825
W1519388409,W2127210296
W1519388409,W2129488573
W1519388409,W2184854514
W1519388409,W2570298312
W1519388409,W2901303898
W4315631060,W141282325
W4315631060,W1595643407
W4315631060,W1979935426
W4315631060,W1985231929
W4315631060,W2017967298
W4315631060,W2115763420
W4315631060,W2136085151
W4315631060,W2144865115
W4315631060,W2283562276
W4315631060,W2306174922
W4315631060,W2346164293
W4315631060,W2346618622
W4315631060,W2397925409
W4315631060,W2535459548
W4315631060,W2711373411
W4315631060,W2736227267
W4315631060,W2752309345
W4315631060,W4283784219
W3094268961,W1999949665
W3094268961,W2191779130
W2015847900,W2914331897
W3092414245,W160037603
W3092414245,W591108810
W3092414245,W1595643407
W3092414245,W1604089826
W3092414245,W1964728044
W3092414245,W1970282688
W3092414245,W2029747681
W3092414245,W2100833175
W3092414245,W2184854514
W3092414245,W2326637412
W3092414245,W2394662735
W3092414245,W2404460166
W3092414245,W2471915850
W3092414245,W2625715867
W3092414245,W2726901639
W3092414245,W2762384153
W3092414245,W2903090875
W3092414245,W3112057942
W2185627829,W280363888
W2185627829,W584549724
W2185627829,W649543021
W2185627829,W1483155202
W2185627829,W1497286318
W2185627829,W1499933681
W2185627829,W1530125108
W2185627829,W1532083937
W2185627829,W1543283058
W2185627829,W1557496348
W2185627829,W1985953330
W2185627829,W1990411935
W2185627829,W2002664886
W2185627829,W2007180964
W2185627829,W2025618146
W2185627829,W2029418069
W2185627829,W2036499653
W2185627829,W2048022192
W2185627829,W2059075385
W2185627829,W2064395932
W2185627829,W2084126476
W2185627829,W2131657873
W2185627829,W2137127925
W2185627829,W2276446180
W2185627829,W2504173324
W2185627829,W2734418564
W2185627829,W2738115719
W2185627829,W2912056219
W2325955913,W1983218966
W2325955913,W1991849198
W2325955913,W2093534731
W2325955913,W2101890738
W2325955913,W2110065044
W2325955913,W2133589238
W2325955913,W2155360405
W2325955913,W2285072859
W2325955913,W4285719527
W4403714050,W2106330396
W4403714050,W2123442640
W4403714050,W2346044523
W4403714050,W2767214446
W4403714050,W3113479924
W4403714050,W3183977478
W4403714050,W3206435622
W4403714050,W4214625311
W4403714050,W4220970479
W4403714050,W4238042604
W4403714050,W4283722419
W4403714050,W4289976181
W4403714050,W4295766617
W4403714050,W4382371001
W4403714050,W6945283510
W2043278038,W2002664886
W2043278038,W2133738611
W2043278038,W2149659003
W2043278038,W3144372880
W2043278038,W4285719527
W125810682,W2043506339
W125810682,W2233768585
W125810682,W2289865848
W125810682,W4256718691
W125810682,W4285719527
W2024135873,W2487501095
W1525671428,W49218811
W1525671428,W190966408
W1525671428,W275041745
W1525671428,W598688589
W1525671428,W1486313877
W1525671428,W1499933681
W1525671428,W1500190048
W1525671428,W1504835650
W1525671428,W1553723287
W1525671428,W1573523614
W1525671428,W1586624296
W1525671428,W1801878374
W1525671428,W1964077143
W1525671428,W1964538581
W1525671428,W1975604035
W1525671428,W1989016101
W1525671428,W2002041302
W1525671428,W2003797042
W1525671428,W2005342022
W1525671428,W2013020033
W1525671428,W2020721196
W1525671428,W2037320486
W1525671428,W2053903592
W1525671428,W2059075385
W1525671428,W2059440439
W1525671428,W2067016377
W1525671428,W2067306205
W1525671428,W2077693798
W1525671428,W2082373127
W1525671428,W2085783286
W1525671428,W2090095712
W1525671428,W2103604870
W1525671428,W2104917077
W1525671428,W2105118209
W1525671428,W2110576487
W1525671428,W2111197100
W1525671428,W2119098391
W1525671428,W2122437005
W1525671428,W2128523760
W1525671428,W2128590751
W1525671428,W2131657873
W1525671428,W2138478249
W1525671428,W2141340645
W1525671428,W2155417611
W1525671428,W2155700384
W1525671428,W2157289187
W1525671428,W2159410846
W1525671428,W2171834532
W1525671428,W2172653878
W1525671428,W2202261414
W1525671428,W2321737715
W1525671428,W2326250005
W1525671428,W2504258391
W1525671428,W2505364441
W1525671428,W2603285822
W1525671428,W2752491485
W1525671428,W2758621819
W1525671428,W2784413597
W1525671428,W2794784463
W1525671428,W2913521326
W1525671428,W2980912855
W4389675032,W1570896577
W4389675032,W1993418972
W4389675032,W2227407841
W4389675032,W2594562997
W4389675032,W2774016823
W4389675032,W3164009507
W2073738997,W1609724202
W2073738997,W2010804586
W2073738997,W2023107859
W2073738997,W4236814579
W82922310,W591108810
W82922310,W1489394988
W82922310,W1510561091
W82922310,W1574263620
W82922310,W1605827214
W82922310,W2001918695
W82922310,W2004990376
W82922310,W2015153621
W82922310,W2032337854
W82922310,W2069087214
W82922310,W2078118823
W82922310,W2088432713
W82922310,W2142196392
W82922310,W2159497557
W82922310,W4285719527
W1591473556,W151432447
W1591473556,W1500021736
W1591473556,W1989016101
W1591473556,W2056064558
W1591473556,W2310208368
W68592957,W1970870254
W68592957,W1971134719
W68592957,W2007180964
W68592957,W2067610985
W68592957,W2081693101
W5055321,W138213906
W5055321,W1482297266
W5055321,W2076691609
W2893290864,W1973213502
W2893290864,W2110171129
W2893290864,W2124853884
W2893290864,W2153246402
W1994831901,W2079638262
W2528253595,W2154620409
W2528253595,W2603731390
W2732893848,W1515611531
W2732893848,W1973221223
W2732893848,W2063648817
W2732893848,W2108668360
W2732893848,W2135080377
W2732893848,W2162610948
W2732893848,W2171834532
W2732893848,W2241211221
W2793095322,W570232060
W2793095322,W1556516233
W2793095322,W1949602236
W2793095322,W1983952825
W2793095322,W2018183895
W2793095322,W2018310331
W2793095322,W2157119650
W4399384971,W591743112
W4399384971,W1980274578
W4399384971,W1985400845
W4399384971,W2006720227
W4399384971,W2094938076
W4399384971,W2190369823
W4399384971,W2299284748
W4399384971,W2553353351
W4399384971,W2742440020
W4399384971,W2783539613
W4399384971,W2915335925
W4399384971,W3090394251
W4399384971,W4365145875
W4399384971,W6651754182
W4399384971,W6683268542
W940624271,W1489930039
W940624271,W2029418069
W940624271,W2045506010
W940624271,W2070176305
W940624271,W2106042522
W940624271,W2133337274
W940624271,W2138098672
W940624271,W2140723827
W940624271,W2598208772
W2102397845,W1596792369
W2102397845,W1882385262
W2102397845,W1943670962
W2102397845,W1980169328
W2102397845,W1989016101
W2102397845,W2103604870
W2102397845,W2131657873
W2102397845,W2417195499
W2102397845,W2595464218
W2803063202,W242266841
W2803063202,W2031218630
W2803063202,W2072209684
W2803063202,W2188926750
W2803063202,W4247039117
W2803063202,W6686843343
W2997856531,W1510060937
W2997856531,W1549940068
W2997856531,W1593163947
W2997856531,W1964538581
W2997856531,W1998095566
W2997856531,W2050865954
W2997856531,W2121441211
W2997856531,W2295119716
W2997856531,W4256399001
W2172341938,W12144851
W2172341938,W166442619
W2172341938,W1516322043
W2172341938,W1571596476
W2172341938,W2000472550
W2172341938,W2041248965
W2172341938,W2101628359
W2172341938,W2137352696
W2172341938,W2138442206
W2172341938,W2146589746
W2172341938,W2148119561
W2172341938,W2155700384
W2172341938,W2397082271
W2172341938,W2913521326
W2413667087,W26662613
W2413667087,W118035301
W2413667087,W167948671
W2413667087,W1485835175
W2413667087,W1498365126
W2413667087,W1958876462
W2413667087,W1964538581
W2413667087,W1984697832
W2413667087,W2004126765
W2413667087,W2008066450
W2413667087,W2017046354
W2413667087,W2043774331
W2413667087,W2063636323
W2413667087,W2070389865
W2413667087,W2085238083
W2413667087,W2138826098
W2413667087,W2163834511
W2413667087,W2184854514
W2413667087,W2913521326
W2413667087,W2967626278
W2413667087,W3148106702
W2413667087,W4244757066
W2413667087,W4248476739
W2413667087,W4256399001
W2413667087,W4285719527
W2546697930,W17855792
W2546697930,W1504985399
W2546697930,W1603121482
W2546697930,W1823687686
W2546697930,W1967625743
W2546697930,W1990287035
W2546697930,W1999262365
W2546697930,W2057978450
W2546697930,W2061633724
W2546697930,W2105087505
W2546697930,W2116304887
W2546697930,W2126058202
W2546697930,W2134049031
W2546697930,W2139138427
W2546697930,W2168714346
W2546697930,W2254897840
W2546697930,W2268661646
W2546697930,W2418870943
W2546697930,W2908371837
W2546697930,W6630036713
W2546697930,W6641916607
W2546697930,W6650355576
W2546697930,W6665863849
W2546697930,W6677580522
W3016104015,W281240564
W3016104015,W586893437
W3016104015,W1541647209
W3016104015,W1971793735
W3016104015,W2123442640
W3016104015,W2137526265
W3016104015,W2460040830
W3016104015,W2470671694
W3016104015,W2626791138
W1983039620,W1460401339
W1983039620,W1483244175
W1983039620,W1520666785
W1983039620,W1523713660
W1983039620,W1991212035
W1983039620,W2002659098
W1983039620,W2323243293
W3040849411,W1979494212
W3040849411,W2073142013
W3040849411,W2119570247
W3040849411,W2133589238
W3040849411,W2156331665
W3040849411,W2162273778
W3040849411,W2285072859
W3040849411,W2298185395
W3040849411,W2953127026
W1976483778,W1488910349
W1976483778,W1497148900
W1976483778,W1518077539
W1976483778,W1565581153
W1976483778,W1963527011
W1976483778,W1964832178
W1976483778,W1972059236
W1976483778,W1982455116
W1976483778,W1988425371
W1976483778,W1998944977
W1976483778,W2002138550
W1976483778,W2006144938
W1976483778,W2007897947
W1976483778,W2011742516
W1976483778,W2016735081
W1976483778,W2018050142
W1976483778,W2026477383
W1976483778,W2036586521
W1976483778,W2040912986
W1976483778,W2045261700
W1976483778,W2060206404
W1976483778,W2062801267
W1976483778,W2068069234
W1976483778,W2068440436
W1976483778,W2069885144
W1976483778,W2072813844
W1976483778,W2085151448
W1976483778,W2101298784
W1976483778,W2108668360
W1976483778,W2163344649
W1976483778,W2337235234
W1976483778,W2395896820
W1976483778,W6629190877
W1976483778,W6629682348
W4321443625,W1986840445
W4321443625,W2102848110
W2244817778,W1528045197
W2244817778,W1595897223
W2244817778,W2155843307
W2244817778,W4299298909
W1969058867,W1572365090
W1553395017,W1486029409
W1553395017,W1493780681
W1553395017,W1503475974
W1553395017,W1509430737
W1553395017,W1511939753
W1553395017,W1524161747
W1553395017,W1583969828
W1553395017,W1608599857
W1553395017,W1977450000
W1553395017,W1989048733
W1553395017,W1996059637
W1553395017,W2025127228
W1553395017,W2025169146
W1553395017,W2050758723
W1553395017,W2069780699
W1553395017,W2159922251
W1553395017,W2163559956
W1553395017,W2249380417
W1553395017,W2262684847
W1553395017,W2296424085
W1553395017,W2301372722
W1553395017,W2321585919
W1553395017,W2326616289
W1553395017,W2493399652
W2495151487,W59784840
W2495151487,W1494756088
W2495151487,W1972062587
W2495151487,W2074310426
W2495151487,W2096036274
W2495151487,W2110407265
W2495151487,W2125570765
W2495151487,W2138199375
W2495151487,W2141674016
W2495151487,W2148119561
W2495151487,W4210890610
W2495151487,W4256399001
W2495151487,W6635652360
W2495151487,W6772936788
W4385226142,W767989316
W4385226142,W1215132044
W4385226142,W2125570765
W4385226142,W2171033441
W4385226142,W2204026420
W4385226142,W2275060590
W4385226142,W4312384156
W7250848,W6854706
W7250848,W206864471
W7250848,W1505491859
W7250848,W1595614466
W7250848,W2119480063
W7250848,W2185795379
W7250848,W4285719527
W1782359741,W1775749144
W2017999789,W1516293359
W2017999789,W1535517383
W2017999789,W1576635857
W2017999789,W1989016101
W2017999789,W2059075385
W2017999789,W2060205462
W2017999789,W2097341432
W2017999789,W2168120373
W2017999789,W2223427559
W2017999789,W2622928986
W2017999789,W2752491485
W2324890409,W9119819
W2324890409,W1508609913
W2324890409,W1603655386
W2324890409,W1607348601
W2324890409,W1985370685
W2324890409,W1985869838
W2324890409,W1986104867
W2324890409,W1994199133
W2324890409,W2030269848
W2324890409,W2041121121
W2324890409,W2065587715
W2324890409,W2110297641
W2324890409,W2123024400
W2324890409,W2141645628
W2324890409,W2249595199
W2324890409,W2552342068
W2901749056,W1677409904
W2901749056,W2146881125
W1973448179,W1499933681
W1973448179,W1607781014
W1973448179,W1628342349
W1973448179,W1970629866
W1973448179,W1995875735
W1973448179,W2036060855
W1973448179,W2069757078
W1973448179,W2096046604
W1973448179,W2123436043
W1973448179,W2131294823
W1973448179,W2133797163
W1973448179,W2256981893
W1973448179,W2399020194
W1973448179,W2762684428
W1973448179,W3096272296
W3099780260,W19178994
W3099780260,W1497148900
W3099780260,W1557172698
W3099780260,W1581848821
W3099780260,W1925830838
W3099780260,W1964832178
W3099780260,W1970989411
W3099780260,W1971016029
W3099780260,W1995140922
W3099780260,W2001607488
W3099780260,W2002475465
W3099780260,W2006144938
W3099780260,W2007897947
W3099780260,W2011742516
W3099780260,W2021489206
W3099780260,W2026477383
W3099780260,W2045356643
W3099780260,W2050043981
W3099780260,W2064609286
W3099780260,W2084598301
W3099780260,W2108668360
W3099780260,W2111889754
W3099780260,W2116114278
W3099780260,W2120294020
W3099780260,W2121356515
W3099780260,W2140538613
W3099780260,W2140889287
W3099780260,W2148694408
W3099780260,W2346172236
W3099780260,W2496323672
W1545802590,W9119819
W1545802590,W45011409
W1545802590,W49218811
W1545802590,W64245349
W1545802590,W64995201
W1545802590,W92364449
W1545802590,W122882323
W1545802590,W130187652
W1545802590,W148410407
W1545802590,W190966408
W1545802590,W322246522
W1545802590,W336320637
W1545802590,W1411283540
W1545802590,W1485305988
W1545802590,W1499933681
W1545802590,W1506395192
W1545802590,W1516293359
W1545802590,W1529297413
W1545802590,W1531273953
W1545802590,W1541749965
W1545802590,W1550282313
W1545802590,W1553904877
W1545802590,W1556620691
W1545802590,W1558886546
W1545802590,W1559989381
W1545802590,W1560144794
W1545802590,W1573523614
W1545802590,W1574322542
W1545802590,W1576567717
W1545802590,W1586624296
W1545802590,W1588957466
W1545802590,W1591815827
W1545802590,W1802760973
W1545802590,W1965107874
W1545802590,W1984314602
W1545802590,W1987177365
W1545802590,W1989016101
W1545802590,W1994612886
W1545802590,W1997359031
W1545802590,W2000472550
W1545802590,W2003503096
W1545802590,W2013020033
W1545802590,W2015335177
W1545802590,W2020721196
W1545802590,W2020813568
W1545802590,W2026343926
W1545802590,W2026713788
W1545802590,W2028878459
W1545802590,W2051390054
W1545802590,W2052054613
W1545802590,W2084048244
W1545802590,W2085783286
W1545802590,W2088974767
W1545802590,W2091784785
W1545802590,W2103869314
W1545802590,W2105055172
W1545802590,W2106414111
W1545802590,W2110831359
W1545802590,W2112209753
W1545802590,W2118489710
W1545802590,W2119480063
W1545802590,W2128523760
W1545802590,W2131657873
W1545802590,W2132049932
W1545802590,W2133564221
W1545802590,W2134954483
W1545802590,W2138199375
W1545802590,W2139598342
W1545802590,W2146949011
W1545802590,W2150037785
W1545802590,W2153314286
W1545802590,W2154620409
W1545802590,W2157289187
W1545802590,W2164737198
W1545802590,W2171321644
W1545802590,W2205103754
W1545802590,W2259691514
W1545802590,W2319794630
W1545802590,W2320814021
W1545802590,W2482049660
W1545802590,W2784413597
W27549113,W160037603
W27549113,W1489238586
W27549113,W2029747681
W27549113,W2058518679
W27549113,W2120080783
W27549113,W2160109669
W4391351983,W1963987467
W4391351983,W1979700375
W4391351983,W1983353683
W4391351983,W1987533153
W4391351983,W1989155269
W4391351983,W1991829561
W4391351983,W2001461756
W4391351983,W2013808389
W4391351983,W2017537431
W4391351983,W2031043921
W4391351983,W2038043168
W4391351983,W2041121121
W4391351983,W2058543238
W4391351983,W2061279330
W4391351983,W2072597636
W4391351983,W2073463889
W4391351983,W2088313145
W4391351983,W2100110002
W4391351983,W2111754927
W4391351983,W2142544480
W4391351983,W2157651355
W4391351983,W2215486668
W4391351983,W2306812926
W4391351983,W2346427186
W4391351983,W2468258405
W4391351983,W2497667219
W4391351983,W2551407378
W4391351983,W2555088007
W4391351983,W2740502024
W4391351983,W2763949949
W4391351983,W2782013919
W4391351983,W2791723994
W4391351983,W2801773253
W4391351983,W2912881048
W4391351983,W3020883268
W1969807657,W133031165
W1969807657,W1497286318
W1969807657,W2077486936
W1499014042,W1526642635
W1499014042,W2161837796
W2014189250,W2084126476
W2014189250,W4248085210
W2186176482,W104998059
W2186176482,W124275677
W2186176482,W131114607
W2186176482,W1489394988
W2186176482,W1491063773
W2186176482,W1528045197
W2186176482,W1549940068
W2186176482,W1554894313
W2186176482,W1569827162
W2186176482,W1581848821
W2186176482,W1968375094
W2186176482,W1996440979
W2186176482,W1997110426
W2186176482,W2006144938
W2186176482,W2024400593
W2186176482,W2025127228
W2186176482,W2044116517
W2186176482,W2059929791
W2186176482,W2071230191
W2186176482,W2072813844
W2186176482,W2102208671
W2186176482,W2121441211
W2186176482,W2182616171
W2186176482,W2466208082
W2186176482,W2595464218
W2186176482,W2746757484
W3158724358,W131970863
W3158724358,W1834977650
W3158724358,W1951810765
W3158724358,W1963987467
W3158724358,W1985400845
W3158724358,W2048254319
W3158724358,W2058543238
W3158724358,W2091418075
W3158724358,W2109180466
W3158724358,W2117916152
W3158724358,W2157651355
W3158724358,W2169504707
W3158724358,W2342039739
W3158724358,W2345792697
W3158724358,W2346427186
W3158724358,W2491272054
W3158724358,W2525096926
W3158724358,W2530980632
W3158724358,W2555088007
W3158724358,W2612427922
W3158724358,W2781500572
W3158724358,W2782758532
W3158724358,W2784130759
W3158724358,W2807655577
W3158724358,W2891504732
W3158724358,W2912881048
W3158724358,W2924476848
W3158724358,W2967626278
W3158724358,W2973818182
W3158724358,W3012029195
W2134480764,W1602640018
W2134480764,W1990223083
W2134480764,W2164737198
W4401456453,W1489930039
W4401456453,W1556516233
W4401456453,W1949602236
W4401456453,W1989016101
W4401456453,W1997447598
W4401456453,W2024367063
W4401456453,W2043143027
W4401456453,W2056422604
W4401456453,W2070176305
W4401456453,W2110017066
W4401456453,W2129488573
W4401456453,W2134632849
W4401456453,W2151905266
W4401456453,W2170972032
W4401456453,W2610795342
W4401456453,W2747921057
W4401456453,W2760367275
W4401456453,W2783539613
W4401456453,W2891214356
W4401456453,W2905388205
W2903915379,W2017630903
W4396609000,W2021315951
W4396609000,W2073980376
W4396609000,W2100685825
W4396609000,W2106330396
W4396609000,W2591869197
W4396609000,W2767214446
W4396609000,W3102349667
W4396609000,W4239603325
W4396609000,W4245732064
W4396609000,W4283722419
W4396609000,W4283725567
W4396609000,W4308735523
W4396609000,W4308787230
W4396609000,W4309182995
W2344615509,W1986104867
W2344615509,W2166140710
W2344615509,W2327467462
W2281107810,W1481412153
W2281107810,W1515617868
W2281107810,W1991118510
W2281107810,W2015394094
W2281107810,W2019065296
W2281107810,W2023986414
W2281107810,W2040646018
W2281107810,W2095018050
W2281107810,W2095532467
W2281107810,W2124490600
W2281107810,W2137102534
W2281107810,W2147992783
W2281107810,W2161866293
W2985082472,W1560729591
W2985082472,W1967487948
W2985082472,W1981382292
W2985082472,W1991237363
W2985082472,W2010804586
W2985082472,W2013259192
W2985082472,W2043143027
W2985082472,W2063874275
W2985082472,W2091354492
W2985082472,W2092084522
W2985082472,W2094155817
W2985082472,W2095929735
W2985082472,W2112711343
W2985082472,W2114181294
W2985082472,W2135404517
W2985082472,W2143798991
W2985082472,W2149659003
W2985082472,W2152905082
W2985082472,W2164958138
W2985082472,W2165570903
W2985082472,W2322584079
W2985082472,W2569300168
W2985082472,W6633724138
W3098444695,W1608519465
W3098444695,W1961379460
W3098444695,W1976708668
W3098444695,W2106330396
W3098444695,W2788574479
W3098444695,W2955144053
W3098444695,W2970480061
W4391352207,W1970282688
W4391352207,W1977109026
W4391352207,W2009589468
W4391352207,W2090284173
W4391352207,W2105876219
W4391352207,W2184854514
W4391352207,W4256122687
W4391352207,W6628861248
W4391352207,W6637227637
W2405553465,W92796414
W2099324991,W112407144
W2099324991,W167948671
W2099324991,W1965468373
W2099324991,W2037001540
W2099324991,W2091609334
W2099324991,W2150958177
W2099324991,W2171413395
W2099324991,W2173372376
W2012437462,W1497371565
W2012437462,W1497479016
W2012437462,W1516779020
W2012437462,W1565658805
W2012437462,W1641915153
W2012437462,W1964832178
W2012437462,W1971016029
W2012437462,W1977422919
W2012437462,W1992468098
W2012437462,W1999854131
W2012437462,W2006053431
W2012437462,W2016735081
W2012437462,W2026477383
W2012437462,W2029031350
W2012437462,W2037629933
W2012437462,W2050758723
W2012437462,W2105601277
W2012437462,W2150243159
W2012437462,W2163344649
W2012437462,W6629953547
W2012437462,W6651858270
W2790619349,W137308882
W2790619349,W1965365831
W2790619349,W2043143027
W2790619349,W2046058153
W2790619349,W2075588788
W2790619349,W2154350510
W2790619349,W2157289187
W2790619349,W2205103754
W2790619349,W4237513721
W3033193059,W2041121121
W3033193059,W2065331554
W3033193059,W2100531634
W3033193059,W2123442640
W3033193059,W2126103104
W3033193059,W2127811140
W3033193059,W2147173506
W3033193059,W2194775991
W3033193059,W2513567053
W3033193059,W2883482411
W3033193059,W2889792685
W3033193059,W2939610444
W3033193059,W2955138922
W3033193059,W3011400720
W3033193059,W3015003219
W3033193059,W3101721510
W2581887616,W4358712
W2581887616,W1581848821
W2581887616,W1761027016
W2581887616,W1991139021
W2581887616,W1994704633
W2581887616,W1997520834
W2581887616,W2007894891
W2581887616,W2051772370
W2581887616,W2057978450
W2581887616,W2059440439
W2581887616,W2060551698
W2581887616,W2064742152
W2581887616,W2101733545
W2581887616,W2157978543
W2581887616,W2161732497
W2581887616,W2332710119
W2037673007,W1480492886
W2037673007,W1510737763
W2037673007,W1525990558
W2037673007,W1576420969
W2037673007,W1602727240
W2037673007,W1996440979
W2037673007,W2002339212
W2037673007,W2011204419
W2037673007,W2015394094
W2037673007,W2087586617
W2037673007,W2137526265
W2037673007,W2141394518
W2037673007,W2160109669
W2037673007,W2162334392
W2037673007,W2188608003
W2037673007,W2318351874
W2037673007,W2518814759
W2037673007,W2745662615
W2037673007,W2801681773
W2037673007,W3216119896
W2037673007,W4210890610
W2037673007,W4313177291
W46943982,W67470114
W46943982,W121667401
W46943982,W160509580
W46943982,W642545374
W46943982,W1482297266
W46943982,W1579516283
W46943982,W1591490676
W46943982,W1965993059
W46943982,W1980128988
W46943982,W1988082944
W46943982,W1991139021
W46943982,W1991849198
W46943982,W1992824530
W46943982,W2000339959
W46943982,W2037001540
W46943982,W2047072073
W46943982,W2075913317
W46943982,W2101890738
W46943982,W2106006415
W46943982,W2120939402
W46943982,W2140539724
W46943982,W2146679229
W46943982,W2164011449
W46943982,W2327263037
W46943982,W2598958494
W46943982,W2768907898
W46943982,W2797733433
W46943982,W4285719527
W1513888342,W88727532
W1513888342,W90818485
W1513888342,W1485305988
W1513888342,W1505096505
W1513888342,W1586624296
W1513888342,W1980561265
W1513888342,W2007180964
W1513888342,W2032337854
W1513888342,W2037001540
W1513888342,W2105118209
W1513888342,W2119480063
W1513888342,W2138478249
W1513888342,W2145070337
W1513888342,W2155417611
W4391165733,W598217161
W4391165733,W1497148900
W4391165733,W1581848821
W4391165733,W1677182931
W4391165733,W1968549621
W4391165733,W2009987077
W4391165733,W2027561586
W4391165733,W2108668360
W4391165733,W2165809715
W4391165733,W2290578471
W4391165733,W2939124443
W4391165733,W4250857377
W4391165733,W6629682348
W3002849069,W1972369503
W3002849069,W1973736920
W3002849069,W1977320923
W3002849069,W2039883390
W3002849069,W2050484649
W3002849069,W2107572245
W3002849069,W2110135880
W3002849069,W2141866162
W3002849069,W2167950003
W4292485499,W2067083952
W4292485499,W3045568791
W2324715280,W788128364
W2324715280,W1497286318
W2324715280,W1571144263
W2324715280,W2579555219
W2324715280,W2594750765
W2324715280,W4246406755
W2770457274,W2173697697
W2770457274,W4249519749
W2770457274,W4285719527
W2055059744,W1862665565
W2055059744,W2001461756
W2055059744,W2015153621
W2055059744,W2725640454
W2055059744,W3210438141
W2055059744,W4285719527
W2055059744,W6740891953
W2577481829,W1972369503
W2577481829,W1973736920
W2577481829,W1977320923
W2577481829,W2039883390
W2577481829,W2050484649
W2577481829,W2107572245
W2577481829,W2110135880
W2577481829,W2141866162
W2577481829,W2167950003
W2759162409,W53981600
W2759162409,W591108810
W2759162409,W1581848821
W2759162409,W1985014571
W2759162409,W1989892032
W2759162409,W1994199133
W2759162409,W2078118823
W2759162409,W2164764235
W1512234659,W1950736173
W1512234659,W1984314602
W1512234659,W1989016101
W1512234659,W2026399866
W1512234659,W2045856702
W1512234659,W2052270675
W1512234659,W2053903592
W1512234659,W2080729871
W1512234659,W2081892178
W1512234659,W2112741432
W1512234659,W2603285822
W1512234659,W2799349239
W2360137255,W1497286318
W2360137255,W1971556657
W2360137255,W1973641371
W2360137255,W1977386698
W2360137255,W1978270319
W2360137255,W1985737286
W2360137255,W1986434308
W2360137255,W2007798022
W2360137255,W2042400458
W2360137255,W2050973981
W2360137255,W2054541685
W2360137255,W2056919333
W2360137255,W2068289032
W2360137255,W2070176305
W2360137255,W2104166306
W2360137255,W2106042522
W2360137255,W2108991810
W2360137255,W2123668258
W2360137255,W2138098672
W2360137255,W2152077962
W2360137255,W2598208772
W2360137255,W4285719527
W2360137255,W6734884751
W2330140607,W2108353880
W4211249361,W1492906224
W4211249361,W1974577648
W4211249361,W2064837193
W4211249361,W2109226184
W4211249361,W2140473646
W4211249361,W2149554860
W4211249361,W2170751489
W4211249361,W2187489085
W4211249361,W4214813828
W4224285446,W2252795400
W4224285446,W2609429672
W4224285446,W3163489024
W4224285446,W3199695506
W2056042409,W639323477
W2056042409,W754366988
W2056042409,W1499117269
W2056042409,W1509145630
W2056042409,W1516073598
W2056042409,W1516922469
W2056042409,W1571144263
W2056042409,W1591442885
W2056042409,W1964797398
W2056042409,W1987292658
W2056042409,W2083007992
W2056042409,W2179427518
W2056042409,W2284487033
W2056042409,W4239127880
W2056042409,W4285719527
W2185068083,W62008916
W2185068083,W190966408
W2185068083,W1967590480
W2185068083,W2017967298
W2185068083,W2066167297
W2185068083,W2111026707
W2185068083,W2153314286
W2185068083,W2159190202
W2185068083,W2913521326
W2185068083,W2921844135
W2185068083,W4285719527
W2063395869,W1775749144
W4283015899,W30163844
W4283015899,W139656540
W4283015899,W228739995
W4283015899,W1822920258
W4283015899,W1842427889
W4283015899,W1944219791
W4283015899,W1965859210
W4283015899,W1969442075
W4283015899,W1980907054
W4283015899,W1988261988
W4283015899,W1990282485
W4283015899,W1994441688
W4283015899,W1995151553
W4283015899,W1995664726
W4283015899,W2006347837
W4283015899,W2006838581
W4283015899,W2013808389
W4283015899,W2023731768
W4283015899,W2027523423
W4283015899,W2037878919
W4283015899,W2052257432
W4283015899,W2056478665
W4283015899,W2057195584
W4283015899,W2064574537
W4283015899,W2065469890
W4283015899,W2071620525
W4283015899,W2073463889
W4283015899,W2075295470
W4283015899,W2095326216
W4283015899,W2098714234
W4283015899,W2100110002
W4283015899,W2105869280
W4283015899,W2110189908
W4283015899,W2127666085
W4283015899,W2132052974
W4283015899,W2140354221
W4283015899,W2147682570
W4283015899,W2162846639
W4283015899,W2205103754
W4283015899,W2306812926
W4283015899,W2314270826
W4283015899,W2342039739
W4283015899,W2345792697
W4283015899,W2346427186
W4283015899,W2466861635
W4283015899,W2493459293
W4283015899,W2525096926
W4283015899,W2530638482
W4283015899,W2566984559
W4283015899,W2738948243
W4283015899,W2748965471
W4283015899,W2758994353
W4283015899,W2763949949
W4283015899,W2767264324
W4283015899,W2781500572
W4283015899,W2782013919
W4283015899,W2784382664
W4283015899,W2804058599
W4283015899,W2804228033
W4283015899,W2883880018
W4283015899,W2912881048
W4283015899,W2924476848
W4283015899,W2926968907
W4283015899,W2993515918
W4283015899,W2995408789
W4283015899,W3006727248
W4283015899,W3158724358
W4283015899,W4233385860
W4283015899,W4249771488
W2070061330,W88727532
W2070061330,W1504835650
W2070061330,W1505096505
W2070061330,W1515723312
W2070061330,W1602792288
W2070061330,W1999906123
W2070061330,W2000472550
W2070061330,W2001987823
W2070061330,W2015153621
W2070061330,W2020721196
W2070061330,W2032337854
W2070061330,W2037001540
W2070061330,W2126980690
W2070061330,W2128181169
W2070061330,W2296646900
W2070061330,W2342317837
W2070061330,W2394854684
W2070061330,W2417195499
W2070061330,W2784413597
W2070061330,W4285719527
W2070061330,W6630108217
W2118359256,W1434182508
W2118359256,W2119480063
W2118359256,W2184854514
W2026041664,W74775258
W2026041664,W122451960
W2026041664,W170732776
W2026041664,W1510737763
W2026041664,W1573523614
W2026041664,W1606974432
W2026041664,W1823329909
W2026041664,W1987847152
W2026041664,W1992760047
W2026041664,W2015388002
W2026041664,W2021879338
W2026041664,W2029747681
W2026041664,W2048145045
W2026041664,W2056522351
W2026041664,W2057605771
W2026041664,W2066339425
W2026041664,W2077651288
W2026041664,W2080374276
W2026041664,W2082506300
W2026041664,W2128481292
W2026041664,W2134773428
W2026041664,W2136244153
W2026041664,W2162846639
W2026041664,W2207100718
W2026041664,W2496009392
W2026041664,W2552342068
W2026041664,W2582521406
W2026041664,W2982303213
W3188620338,W2108864454
W3204545170,W161349203
W3204545170,W1971793735
W3204545170,W1974170079
W3204545170,W2010675647
W3204545170,W2041121121
W3204545170,W2073507015
W3204545170,W2082470899
W3204545170,W2088955376
W3204545170,W2123442640
W3204545170,W2124990398
W3204545170,W2156897173
W3204545170,W2175189714
W3204545170,W2178477699
W3204545170,W2184854514
W3204545170,W2283333817
W3204545170,W2403095248
W3204545170,W2536229134
W3204545170,W2591869197
W3204545170,W2600087721
W3204545170,W2609429672
W3204545170,W2610777080
W3204545170,W2622306208
W3204545170,W2754798205
W3204545170,W2781621131
W3204545170,W2788918667
W3204545170,W2913521326
W3204545170,W2922132587
W3204545170,W2936213937
W3204545170,W3015003219
W3204545170,W3166820160
W3204545170,W6631508147
W3204545170,W7023701770
W2592575041,W1497148900
W2510242620,W1486173998
W2510242620,W1981382292
W2510242620,W1995875735
W2510242620,W2013259192
W2510242620,W2019600788
W2510242620,W2094155817
W2510242620,W2157289187
W2510242620,W2569300168
W2336384768,W389855685
W2336384768,W1488559003
W2336384768,W1498254256
W2336384768,W1991049577
W2336384768,W2000183361
W2336384768,W2007894891
W2336384768,W2028310195
W2336384768,W2046254084
W2336384768,W2075621112
W2336384768,W2095513534
W2336384768,W2114894207
W2336384768,W2133797163
W2336384768,W2136244153
W2336384768,W2137674393
W2336384768,W2171834532
W2336384768,W2303741391
W2336384768,W2407421298
W1966453714,W1572365090
W1966453714,W2159190202
W1966453714,W3145613158
W4238287638,W3145613158
W4205368384,W2914163348
W2808295420,W120266317
W2808295420,W1515617868
W2808295420,W2052355397
W2808295420,W2161012827
W2808295420,W2477550758
W2808295420,W2514021589
W2808295420,W2555668463
W2808295420,W2577225486
W2081795272,W154566603
W2081795272,W2010804586
W2081795272,W2068762597
W2081795272,W2077728934
W2081795272,W2084663691
W2081795272,W2151442484
W2081795272,W2342091124
W2081795272,W4239720002
W2081795272,W4285719527
W3007079640,W1738312556
W3007079640,W1922152898
W3007079640,W1965365831
W3007079640,W1967120336
W3007079640,W1967713917
W3007079640,W1973594775
W3007079640,W1981649281
W3007079640,W1994227203
W3007079640,W2006646315
W3007079640,W2036060855
W3007079640,W2073227393
W3007079640,W2075588788
W3007079640,W2085075010
W3007079640,W2096323824
W3007079640,W2098545273
W3007079640,W2103428456
W3007079640,W2106217689
W3007079640,W2106810646
W3007079640,W2123038687
W3007079640,W2127751554
W3007079640,W2131294823
W3007079640,W2133797163
W3007079640,W2136022845
W3007079640,W2168729844
W3007079640,W2179471768
W3007079640,W2229107992
W3007079640,W2326114782
W3007079640,W2407421298
W3007079640,W2510919644
W3007079640,W2741346289
W3007079640,W6639848026
W2040232999,W1557496348
W2040232999,W1571144263
W2040232999,W1995875735
W2040232999,W2019600788
W2040232999,W2043143027
W2040232999,W2103865647
W2040232999,W2128156516
W2040232999,W2128178009
W2040232999,W2163520596
W2040232999,W2601358781
W2944953080,W2021294872
W2944953080,W2084336412
W2944953080,W2117759073
W1991201218,W1964773302
W1991201218,W1993906458
W1991201218,W1998811360
W1991201218,W2003717912
W1991201218,W2004487242
W1991201218,W2034153560
W1991201218,W2054146960
W1991201218,W2064546004
W1991201218,W2077116682
W1991201218,W2095929735
W1991201218,W2097598502
W1991201218,W2113235547
W1991201218,W2152905082
W1991201218,W2164958138
W1991201218,W2165570903
W2951582018,W653216719
W2951582018,W1502255657
W2951582018,W1564841162
W2951582018,W1822494353
W2951582018,W1850742715
W2951582018,W1922152898
W2951582018,W1963549852
W2951582018,W1964198515
W2951582018,W1966216464
W2951582018,W1970629866
W2951582018,W1973594775
W2951582018,W1977007664
W2951582018,W1981649281
W2951582018,W1997039480
W2951582018,W1999854131
W2951582018,W2002644089
W2951582018,W2007802578
W2951582018,W2010002462
W2951582018,W2021090797
W2951582018,W2025256102
W2951582018,W2027290950
W2951582018,W2036060855
W2951582018,W2037629933
W2951582018,W2039066615
W2951582018,W2049567999
W2951582018,W2054139811
W2951582018,W2060206404
W2951582018,W2069430629
W2951582018,W2075243918
W2951582018,W2076629853
W2951582018,W2076854347
W2951582018,W2082627290
W2951582018,W2091475867
W2951582018,W2091794409
W2951582018,W2106746989
W2951582018,W2109357138
W2951582018,W2109704768
W2951582018,W2114894207
W2951582018,W2119322603
W2951582018,W2126636462
W2951582018,W2127751554
W2951582018,W2129409783
W2951582018,W2133797163
W2951582018,W2140249772
W2951582018,W2151489780
W2951582018,W2159074298
W2951582018,W2241211221
W2951582018,W2264747179
W2951582018,W2326114782
W2951582018,W2510919644
W2951582018,W2554991621
W2951582018,W2819222535
W2951582018,W2951535099
W2951582018,W2964121744
W2951582018,W2973818247
W3199322465,W1487212816
W3199322465,W1497148900
W3199322465,W1538967629
W3199322465,W1970989411
W3199322465,W1971016029
W3199322465,W1972059236
W3199322465,W1974492534
W3199322465,W1983275964
W3199322465,W1998944977
W3199322465,W2002475465
W3199322465,W2006144938
W3199322465,W2011742516
W3199322465,W2017967298
W3199322465,W2027765653
W3199322465,W2056072528
W3199322465,W2089048403
W3199322465,W2095926185
W3199322465,W2101298784
W3199322465,W2108668360
W3199322465,W2120294020
W3199322465,W2121356515
W3199322465,W2163344649
W3199322465,W2290578471
W3199322465,W2939124443
W3199322465,W6629150500
W3199322465,W6629682348
W3199322465,W6632202487
W80094222,W1528027857
W80094222,W2771462505
W2054075606,W62999716
W2054075606,W602985745
W2054075606,W1630493849
W2054075606,W1980561265
W2054075606,W2004162386
W2054075606,W2007180964
W2054075606,W2016271194
W2054075606,W2048468590
W2054075606,W2103604870
W2054075606,W2104826204
W2054075606,W2116411927
W2054075606,W2138269563
W2054075606,W2177181945
W2054075606,W2603285822
W2054075606,W4236923591
W2554218146,W1878249965
W2554218146,W1994199133
W2554218146,W2102938845
W4407595080,W1822494353
W4407595080,W1922152898
W4407595080,W2089765964
W4407595080,W2127751554
W4407595080,W2133797163
W4407595080,W2184854514
W4407595080,W2337539845
W4407595080,W2781228439
W4407595080,W2802271675
W4407595080,W2963150697
W4407595080,W3011451419
W4407595080,W3012919787
W4407595080,W3039179567
W4407595080,W3165483460
W4407595080,W4308454489
W4407595080,W4376478934
W4407595080,W7071619704
W2082098534,W1988082944
W2082098534,W1992824530
W2082098534,W2000339959
W2082098534,W2023723978
W2082098534,W2069176141
W2082098534,W2083660934
W2082098534,W2316560874
W2082098534,W2334391114
W2082098534,W2797733433
W2082098534,W4251141129
W166655857,W1520666785
W166655857,W1529135573
W166655857,W1971016029
W166655857,W1996721809
W166655857,W2006144938
W166655857,W2023107859
W166655857,W2030818890
W166655857,W2072813844
W166655857,W2132794967
W166655857,W2170410208
W166655857,W2200220262
W166655857,W2262929181
W166655857,W2323243293
W1493921411,W1520666785
W1493921411,W1557871352
W1493921411,W1609724202
W1493921411,W2010263906
W1493921411,W2020672069
W1493921411,W2042035466
W1493921411,W2157289187
W1493921411,W2735122693
W2800669962,W605263502
W2800669962,W2115577577
W2800669962,W2126197241
W4402599028,W1430288311
W4402599028,W1973641371
W4402599028,W2029654180
W4402599028,W2043143027
W4402599028,W2071870239
W4402599028,W2104166306
W4402599028,W2106866030
W4402599028,W2116036251
W4402599028,W2765520797
W4402599028,W2799397126
W4402599028,W2909587423
W4402599028,W2947652593
W4402599028,W3043202512
W4402599028,W4200358009
W2003136923,W1594612489
W2003136923,W1969561071
W2003136923,W1971040701
W2003136923,W2050597798
W2003136923,W2093117756
W2003136923,W2096147331
W2003136923,W2109226184
W2003136923,W2112420768
W2003136923,W2144865115
W2003136923,W2233768585
W2003136923,W2288146251
W1880787359,W1564961273
W1880787359,W1596196963
W1880787359,W1978434525
W1880787359,W2037001540
W1880787359,W2060335642
W1880787359,W2062299969
W1880787359,W2102340278
W1880787359,W2137352696
W1880787359,W2155805879
W1880787359,W2189134720
W1880787359,W2584214532
W1880787359,W4242971030
W1880787359,W6635652360
W2988500677,W172711948
W2988500677,W1517677814
W2988500677,W1944219791
W2988500677,W2010258059
W2988500677,W2022651795
W2988500677,W2050579567
W2988500677,W2060669358
W2988500677,W2103771133
W2988500677,W2110186936
W2988500677,W2111473917
W2988500677,W2121860971
W2988500677,W2130461445
W2988500677,W2184854514
W2988500677,W2467114634
W2988500677,W6691227101
W4238946907,W1522070413
W4238946907,W1560144794
W4238946907,W1590066057
W4238946907,W1593837227
W4238946907,W1912587452
W4238946907,W1997447598
W4238946907,W2023986414
W4238946907,W2127177812
W4238946907,W2129353167
W4238946907,W2130117351
W4238946907,W2144668814
W4238946907,W2167686873
W4238946907,W2288146251
W4238946907,W6635868463
W4238946907,W6680440830
W3111347667,W1933657216
W3111347667,W1981060864
W3111347667,W2030665613
W3111347667,W2041905826
W3111347667,W2884091473
W2551704751,W116278252
W2551704751,W639323477
W2551704751,W1557496348
W2551704751,W1980859038
W2551704751,W1985609359
W2551704751,W2078914301
W2551704751,W2124269093
W2551704751,W2127693141
W2551704751,W2184854514
W2551704751,W2559808833
W2551704751,W2616924292
W2551704751,W6604358003
W2319255921,W2037240180
W2319255921,W2340808199
W4402401640,W1537887111
W4402401640,W1953090334
W4402401640,W1968316532
W4402401640,W2032635843
W4402401640,W2041121121
W4402401640,W2045450941
W4402401640,W2064678494
W4402401640,W2099329509
W4402401640,W2151905266
W4402401640,W2155601490
W4402401640,W2157289187
W4402401640,W2299284748
W4402401640,W2536794285
W4402401640,W2566164720
W4402401640,W2742440020
W4402401640,W2752101034
W4402401640,W2753141051
W4402401640,W2903262696
W4402401640,W3024134694
W4402401640,W3087718106
W4402401640,W4307977675
W4402401640,W4365145875
W4402401640,W6633563157
W4402401640,W6635868463
W4402401640,W6712769774
W4402401640,W6893576440
W4386818299,W1494662055
W4386818299,W1824199217
W4386818299,W1972059236
W4386818299,W1983382828
W4386818299,W1997110426
W4386818299,W2006144938
W4386818299,W2018541726
W4386818299,W2021991270
W4386818299,W2023120510
W4386818299,W2028184103
W4386818299,W2028857061
W4386818299,W2036695518
W4386818299,W2080101027
W4386818299,W2082506300
W4386818299,W2085596355
W4386818299,W2116049294
W4386818299,W2165507463
W4386818299,W2395896820
W4386818299,W2476889190
W4386818299,W2498871928
W4386818299,W2507744892
W4386818299,W2904074285
W4386818299,W4319161201
W2560210239,W19399978
W2560210239,W591743112
W2560210239,W1991112797
W2560210239,W1991139021
W2560210239,W2018679040
W2560210239,W2032541756
W2560210239,W2056725642
W2560210239,W2104617690
W2560210239,W2134632849
W2560210239,W2290003388
W2560210239,W4250500702
W4402626427,W50489971
W4402626427,W1963987467
W4402626427,W1964715846
W4402626427,W1964856732
W4402626427,W1975022795
W4402626427,W1976082752
W4402626427,W1981315913
W4402626427,W1991149669
W4402626427,W2001461756
W4402626427,W2006347837
W4402626427,W2033708081
W4402626427,W2065343501
W4402626427,W2077366304
W4402626427,W2098534755
W4402626427,W2099533911
W4402626427,W2119611357
W4402626427,W2127708373
W4402626427,W2139598342
W4402626427,W2150164710
W4402626427,W2158504547
W4402626427,W2188331920
W4402626427,W2306812926
W4402626427,W2345792697
W4402626427,W2743109015
W4402626427,W2800448955
W4402626427,W2804058599
W4402626427,W3006727248
W4402626427,W3082959246
W4402626427,W3167579480
W4389986529,W1566187042
W4389986529,W1595581172
W4389986529,W1842427889
W4389986529,W1967161469
W4389986529,W1994446426
W4389986529,W2001461756
W4389986529,W2030474329
W4389986529,W2030742234
W4389986529,W2032421275
W4389986529,W2039271743
W4389986529,W2043143027
W4389986529,W2058543238
W4389986529,W2083133776
W4389986529,W2095467291
W4389986529,W2119611357
W4389986529,W2122570643
W4389986529,W2135101375
W4389986529,W2147992783
W4389986529,W2157289187
W4389986529,W2184854514
W4389986529,W2191886813
W4389986529,W2345792697
W4389986529,W2468258405
W4389986529,W2500888266
W4389986529,W2599773616
W4389986529,W2907283208
W4389986529,W3014904044
W4389986529,W3107964754
W4389986529,W6683268542
W4389986529,W7043575881
W2493542261,W1557496348
W2493542261,W1599804988
W2493542261,W1987302113
W2493542261,W2019921249
W2493542261,W2043143027
W2493542261,W2066299678
W4245790983,W240887194
W4245790983,W1965331164
W4245790983,W1988631354
W4245790983,W2013039323
W4245790983,W2027078638
W4245790983,W2053552983
W4245790983,W2071969679
W4245790983,W2104617690
W4245790983,W2111237519
W4245790983,W2121915239
W4245790983,W2133797163
W4245790983,W2154345087
W4245790983,W2164795151
W4245790983,W2171635740
W4245790983,W2346044523
W4245790983,W2540457687
W4245790983,W2582521406
W4245790983,W2604870362
W4245790983,W2724736859
W838369200,W1805207
W838369200,W2001461756
W838369200,W2029129322
W838369200,W2029476168
W838369200,W2147992783
W838369200,W2292300730
W2014020074,W4285719527
W4407755783,W35921229
W4407755783,W1270658374
W4407755783,W1497286318
W4407755783,W1973153008
W4407755783,W1975249029
W4407755783,W2007010327
W4407755783,W2007798022
W4407755783,W2026669106
W4407755783,W2037557484
W4407755783,W2054827171
W4407755783,W2065557762
W4407755783,W2091943283
W4407755783,W2100661295
W4407755783,W2127875809
W4407755783,W2129111495
W4407755783,W2134907585
W4407755783,W2151497144
W4407755783,W2151905266
W4407755783,W2162130878
W4407755783,W2174644224
W4407755783,W2339991483
W4407755783,W2382688314
W4407755783,W2416272719
W4407755783,W2500057728
W4407755783,W2517551730
W4407755783,W2609187851
W4407755783,W2610316813
W4407755783,W2741806737
W4407755783,W2752088172
W4407755783,W2757160938
W4407755783,W2770233082
W4407755783,W2790452817
W4407755783,W2804124418
W4407755783,W2899973409
W4407755783,W2938095857
W4407755783,W2943761547
W4407755783,W2945359580
W4407755783,W2991403870
W4407755783,W3100997236
W4407755783,W3135072749
W4407755783,W3154978941
W4407755783,W3158397557
W4407755783,W3206653976
W4407755783,W3209983799
W4407755783,W4205177261
W4407755783,W4221045795
W4407755783,W4251103194
W4407755783,W4285102375
W4407755783,W4288826217
W4407755783,W4299627282
W4322772925,W148261105
W4322772925,W1482317340
W4322772925,W1922152898
W4322772925,W1963549852
W4322772925,W1981649281
W4322772925,W2000677804
W4322772925,W2004441379
W4322772925,W2010002462
W4322772925,W2015394094
W4322772925,W2015518028
W4322772925,W2040463736
W4322772925,W2046552246
W4322772925,W2057605771
W4322772925,W2076629853
W4322772925,W2083007992
W4322772925,W2097277361
W4322772925,W2106810646
W4322772925,W2127751554
W4322772925,W2168674307
W4322772925,W2170677224
W4322772925,W2221855230
W4322772925,W2319700677
W4322772925,W2396507567
W4322772925,W2554991621
W4322772925,W2604368639
W4322772925,W3157546884
W4322772925,W3170251876
W4322772925,W6712734115
W2572374618,W48355412
W2572374618,W1986562171
W2572374618,W1997110426
W2572374618,W1998841934
W2572374618,W2028184103
W2572374618,W2095926185
W2572374618,W2158262090
W2572374618,W2165574020
W2572374618,W2315329849
W2906033225,W264468440
W3209586149,W6840257018
W4385557901,W4288400169
W2070105937,W2046552246
W2070105937,W2096905586
W2737029839,W1944857566
W2737029839,W1970004043
W2737029839,W1980583674
W2737029839,W1987330468
W2737029839,W2092972599
W2737029839,W2094370489
W2737029839,W2113162751
W2737029839,W2118942835
W2737029839,W2151734996
W2737029839,W2272319117
W2737029839,W2467721114
W2737029839,W2511135941
W2737029839,W2559229523
W2737029839,W7071619704
W2406280959,W1584263795
W2406280959,W2125570765
W2406280959,W2162800060
W1957332763,W1971016029
W3043647569,W1966714841
W3043647569,W1982123363
W3043647569,W2001461756
W3043647569,W2006293231
W3043647569,W2030474329
W3043647569,W2040216023
W3043647569,W2058543238
W3043647569,W2081131754
W3043647569,W2083133776
W3043647569,W2117820411
W3043647569,W2117916152
W3043647569,W2118489710
W3043647569,W2141024349
W3043647569,W2142544480
W3043647569,W2147321290
W3043647569,W2168383416
W3043647569,W2215486668
W3043647569,W2280232584
W3043647569,W2466861635
W3043647569,W2912881048
W3176364458,W626420149
W3176364458,W1599105370
W3176364458,W2080028306
W3176364458,W2123442640
W3176364458,W2145737849
W3176364458,W2147912625
W3176364458,W2489345576
W3176364458,W2893439826
W3130843591,W590134283
W3130843591,W1584358237
W3130843591,W2095409369
W3130843591,W2162273778
W3130843591,W2162800060
W3130843591,W2164777277
W3130843591,W2298185395
W3130843591,W2600087721
W2885119903,W4240943595
W4396613753,W2041121121
W4396613753,W2159007862
W4396613753,W2955144053
W1978670624,W2110930288
W1978670624,W2329381138
W1978670624,W2543680447
W1978670624,W2582521406
W1978670624,W4207080468
W16156068,W116278252
W16156068,W1489492695
W16156068,W1496232246
W16156068,W2004603793
W16156068,W2029709911
W16156068,W2032085840
W16156068,W2074094522
W16156068,W2101508110
W16156068,W2127693141
W16156068,W2157188062
W16156068,W2162618366
W16156068,W2970594147
W2051448812,W1523267444
W2051448812,W2060364934
W2970524191,W1526915519
W2970524191,W1965859210
W2970524191,W1985825333
W2970524191,W1989477529
W2970524191,W2006838581
W2970524191,W2016740912
W2970524191,W2017611841
W2970524191,W2084336412
W2970524191,W2088313145
W2970524191,W2092384978
W2970524191,W2110189908
W2970524191,W2111754927
W2970524191,W2115492850
W2970524191,W2120019338
W2970524191,W2140354221
W2970524191,W2140656991
W2970524191,W2146670093
W2970524191,W2147910317
W2970524191,W2150423550
W2970524191,W2151422895
W2970524191,W2689106072
W2970524191,W3022532439
W2324486852,W2026343926
W2324486852,W2027192016
W2324486852,W2157289187
W2324486852,W2913521326
W2964889860,W208345331
W2964889860,W417327207
W2964889860,W1503135079
W2964889860,W1514161587
W2964889860,W1585231348
W2964889860,W1606540910
W2964889860,W1933657216
W2964889860,W1964734637
W2964889860,W2001136156
W2964889860,W2003103143
W2964889860,W2039170454
W2964889860,W2078265833
W2964889860,W2085529605
W2964889860,W2088313145
W2964889860,W2093083435
W2964889860,W2100362436
W2964889860,W2114657100
W2964889860,W2119982708
W2964889860,W2128673355
W2964889860,W2324956377
W2964889860,W2345739896
W2964889860,W2497735908
W2964889860,W2587573685
W2964889860,W2799014876
W2964889860,W2993383518
W2964889860,W4231563569
W2964889860,W4236544382
W2964889860,W4236690658
W2964889860,W4285719527
W4402402080,W2149003305
W4402402080,W2169355694
W4402402080,W2995435724
W2982377821,W2346044523
W1625981380,W2003797042
W1625981380,W2395589661
W1623551264,W104998059
W7127570194,W1984903816
W7127570194,W1999188026
W7127570194,W2029667189
W7127570194,W2041121121
W7127570194,W2073086978
W7127570194,W2122570878
W7127570194,W2128940305
W7127570194,W2609429672
W7127570194,W2955138922
W2398616874,W1997110426
W2398616874,W2023859044
W2398616874,W2028184103
W2078009752,W4253263239
W2078009752,W6632338449
W2078009752,W4253263239
W2078009752,W6632338449
W3188875847,W244186264
W3188875847,W1856219842
W3188875847,W1941066581
W3188875847,W1965458625
W3188875847,W1987494441
W3188875847,W2004076012
W3188875847,W2052791253
W3188875847,W2053398085
W3188875847,W2065840357
W3188875847,W2072567258
W3188875847,W2077367079
W3188875847,W2081322789
W3188875847,W2084781528
W3188875847,W2094714203
W3188875847,W2117080621
W3188875847,W2154461656
W3188875847,W2161337416
W3188875847,W2530909360
W3188875847,W2786192813
W3188875847,W2981896383
W3188875847,W4252217157
W3188875847,W4256227156
W3188875847,W4285719527
W4390542070,W1980843241
W4390542070,W2010927954
W4390542070,W2021584242
W4390542070,W2118361060
W4390542070,W2154822061
W4390542070,W2283562276
W4390542070,W2345596440
W4390542070,W2472901858
W4390542070,W2903090875
W4402459167,W1992468098
W4402459167,W2003797042
W4402459167,W2252795400
W4402459167,W2913521326
W4402459167,W4283722419
W4214742289,W1541647209
W4214742289,W1593337933
W4214742289,W1968008571
W4214742289,W2010675647
W4214742289,W2041121121
W4214742289,W2052698845
W4214742289,W2064678494
W4214742289,W2066179714
W4214742289,W2117489410
W4214742289,W2130228586
W4214742289,W2137526265
W4214742289,W2528416655
W4214742289,W2614658285
W4214742289,W2966307037
W4214742289,W4298366219
W4214742289,W4387645034
W4392204020,W1138675627
W4392204020,W4293247451
W2889292407,W1553904877
W2889292407,W2579555219
W2158627380,W1620414136
W2158627380,W1984633726
W2158627380,W2043843997
W2158627380,W2053552983
W2158627380,W2169334254
W2158627380,W2331995259
W3208765379,W1941066581
W3208765379,W1965458625
W3208765379,W1987494441
W3208765379,W2004076012
W3208765379,W2052791253
W3208765379,W2053398085
W3208765379,W2065840357
W3208765379,W2072567258
W3208765379,W2077367079
W3208765379,W2081322789
W3208765379,W2084781528
W3208765379,W2094714203
W3208765379,W2117080621
W3208765379,W2154461656
W3208765379,W2161337416
W3208765379,W2530909360
W3208765379,W2786192813
W3208765379,W2981896383
W3208765379,W4252217157
W3208765379,W4256227156
W3208765379,W4285719527
W1941998250,W1499158096
W1941998250,W1519334917
W1941998250,W1520666785
W1941998250,W1523713660
W1941998250,W1581848821
W1941998250,W1641915153
W1941998250,W1969105061
W1941998250,W1991139021
W1941998250,W1997110426
W1941998250,W1998944977
W1941998250,W2028184103
W1941998250,W2030547026
W1941998250,W2034586919
W1941998250,W2054121892
W1941998250,W2072813844
W1941998250,W2086912078
W1941998250,W2100811130
W1941998250,W2170410208
W1941998250,W2262929181
W1941998250,W2482670602
W1941998250,W3005133000
W4321435877,W4206254914
W4401828026,W172711948
W4401828026,W1411283540
W4401828026,W1481273337
W4401828026,W1520877301
W4401828026,W2012909680
W4401828026,W2016280197
W4401828026,W2069820904
W4401828026,W2071969679
W4401828026,W2104779182
W4401828026,W2139486723
W4401828026,W2157289187
W4401828026,W2160215060
W4401828026,W2182153856
W4401828026,W2204026420
W4401828026,W2271509354
W4401828026,W2533798587
W4401828026,W2546635522
W4401828026,W2594255081
W4401828026,W2783539613
W4401828026,W2896786957
W4401828026,W2963309261
W4401828026,W3084702265
W4401828026,W3094535122
W4401828026,W3123420076
W4401828026,W3127693611
W4401828026,W3131320798
W4401828026,W4242554725
W4401828026,W4376113090
W4401828026,W6691227101
W2981656215,W1984697832
W2981656215,W2031317277
W2981656215,W2038601351
W2981656215,W2122989064
W2981656215,W2129504844
W2981656215,W2340383253
W2981656215,W2905528521
W2981656215,W2957880271
W2051476498,W178275036
W2051476498,W2026161286
W2051476498,W2028104493
W2051476498,W2052270675
W2051476498,W2103428456
W2051476498,W2114894207
W2051476498,W2127762938
W2051476498,W2131294823
W2051476498,W2133797163
W2051476498,W2521024927
W4309297177,W2913520771
W4230893181,W92657957
W4230893181,W627786801
W4230893181,W2059957416
W4230893181,W2626276769
W4230893181,W6603753047
W4388101749,W35921229
W4388101749,W1270658374
W4388101749,W1497286318
W4388101749,W1973153008
W4388101749,W1975249029
W4388101749,W2007798022
W4388101749,W2026669106
W4388101749,W2054827171
W4388101749,W2065557762
W4388101749,W2091943283
W4388101749,W2100661295
W4388101749,W2129111495
W4388101749,W2151497144
W4388101749,W2162130878
W4388101749,W2174644224
W4388101749,W2339991483
W4388101749,W2382688314
W4388101749,W2416272719
W4388101749,W2500057728
W4388101749,W2517551730
W4388101749,W2609187851
W4388101749,W2610316813
W4388101749,W2741806737
W4388101749,W2752088172
W4388101749,W2757160938
W4388101749,W2770233082
W4388101749,W2790452817
W4388101749,W2804124418
W4388101749,W2899973409
W4388101749,W2938095857
W4388101749,W2943761547
W4388101749,W2945359580
W4388101749,W2991403870
W4388101749,W3100997236
W4388101749,W3135072749
W4388101749,W3154978941
W4388101749,W3158397557
W4388101749,W3206653976
W4388101749,W3209983799
W4388101749,W4205177261
W4388101749,W4221045795
W4388101749,W4244194064
W4388101749,W4245990317
W4388101749,W4251103194
W4388101749,W4285102375
W4388101749,W4288826217
W2163367063,W228739995
W2163367063,W563527040
W2163367063,W655283638
W2163367063,W1485268022
W2163367063,W1487826005
W2163367063,W1542808721
W2163367063,W1585005850
W2163367063,W1599790193
W2163367063,W1602727240
W2163367063,W1603210563
W2163367063,W1990309597
W2163367063,W2002041997
W2163367063,W2012596618
W2163367063,W2081996934
W2163367063,W2122544517
W2163367063,W2138132755
W2163367063,W2140826205
W2163367063,W2162334392
W2163367063,W2400206196
W2163367063,W3138083623
W2167950485,W11807401
W2167950485,W1522070413
W2167950485,W1536570095
W2167950485,W1545385656
W2167950485,W1560144794
W2167950485,W1596196963
W2167950485,W2018654500
W2167950485,W2060069377
W2167950485,W2078118823
W2167950485,W2083225880
W2167950485,W2114987226
W2167950485,W2122920626
W2167950485,W2143621823
W2167950485,W2159295271
W2167950485,W2169732913
W2167950485,W6635652360
W2981801385,W2983958770
W2981801385,W3146083582
W2981801385,W4243735707
W4283766374,W281240564
W4283766374,W1607743512
W4283766374,W2167325145
W4283766374,W2600087721
W4283766374,W2760094771
W2769283696,W1862665565
W2769283696,W1962448511
W2769283696,W2032087125
W2769283696,W2059075385
W2769283696,W2100531634
W2769283696,W2122313562
W2769283696,W2144869632
W2769283696,W2311144422
W2769283696,W2586400180
W2769283696,W4232370433
W2769283696,W4242621561
W2769283696,W4245341397
W4362670294,W2191779130
W4362670294,W2195908176
W7754938,W128363437
W7754938,W141282325
W7754938,W2043581786
W7754938,W2114971935
W7754938,W2128026023
W7754938,W2149891956
W7754938,W3022307797
W4403050436,W2252795400
W4403050436,W2914163348
W4403050436,W4214625311
W4403050436,W4283722419
W4403050436,W4289976181
W2318560697,W2037146600
W1414935629,W1560144794
W4313408435,W29438942
W4313408435,W178275036
W4313408435,W1518046314
W4313408435,W1922152898
W4313408435,W1966146251
W4313408435,W1990694313
W4313408435,W2007802578
W4313408435,W2028104493
W4313408435,W2054459286
W4313408435,W2074750468
W4313408435,W2076629853
W4313408435,W2096046604
W4313408435,W2104617690
W4313408435,W2126636462
W4313408435,W2188049640
W4313408435,W2314223843
W4313408435,W2736227267
W4313408435,W2771596738
W4313408435,W2887489420
W4313408435,W2888763178
W4313408435,W2899563586
W4313408435,W2899919357
W4313408435,W2963309261
W4313408435,W2967626278
W4313408435,W2978013841
W4313408435,W3011451419
W4313408435,W3016418421
W4313408435,W3033600316
W4313408435,W3213597375
W149988133,W1606974432
W149988133,W1964538581
W149988133,W2026343926
W149988133,W2043843997
W149988133,W2059075385
W149988133,W2095929735
W149988133,W2128178009
W149988133,W2171834532
W2263966166,W153952556
W2263966166,W1491882993
W2263966166,W1497850559
W2263966166,W1671007513
W2263966166,W1974047352
W2263966166,W1986562171
W2263966166,W1987733394
W2263966166,W1998841934
W2263966166,W2018050142
W2263966166,W2034554526
W2263966166,W2037629933
W2263966166,W2080676980
W2263966166,W2083262661
W2263966166,W2130012180
W2263966166,W2145764920
W2263966166,W2588528150
W2548993246,W2045652842
W2056885446,W1919435019
W2056885446,W2008713487
W2056885446,W2095332800
W2056885446,W2139757178
W2056885446,W2148329528
W2056885446,W2167631164
W2056885446,W2622928986
W2056885446,W3023305142
W2056885446,W4249776044
W3129567332,W1969442075
W3129567332,W1979290264
W3129567332,W1984633726
W3129567332,W2111380916
W3129567332,W2123442640
W3129567332,W2498259143
W3129567332,W2897278185
W3129567332,W3005319766
W2065537706,W23451984
W2065537706,W280877622
W2065537706,W364891699
W2065537706,W1485268022
W2065537706,W1486595902
W2065537706,W1508960934
W2065537706,W1794221836
W2065537706,W1979846720
W2065537706,W1984281348
W2065537706,W2023942272
W2065537706,W2050405342
W2065537706,W2109990343
W2065537706,W2114894207
W2065537706,W2133797163
W2065537706,W2145023731
W2065537706,W2169510838
W2065537706,W2461788480
W2736550969,W1497286318
W2736550969,W1571144263
W2736550969,W2579555219
W2183991150,W1738312556
W2183991150,W2013020033
W2183991150,W2043843997
W2183991150,W2092387354
W4390442807,W2970831834
W3017442223,W4285719527
W3123805594,W4288400169
W3006876323,W1570321471
W3006876323,W1971810863
W3006876323,W1980274578
W3006876323,W1990568845
W3006876323,W2003371979
W3006876323,W2039425997
W3006876323,W2055120733
W3006876323,W2061104278
W3006876323,W2076690848
W3006876323,W2087745349
W3006876323,W2223081797
W3006876323,W4285719527
W2068583635,W1489347216
W2068583635,W1606467431
W2068583635,W1973746598
W2068583635,W1974047352
W2068583635,W1980376504
W2068583635,W1997110426
W2068583635,W2006144938
W2068583635,W2018050142
W2068583635,W2020917372
W2068583635,W2025423860
W2068583635,W2028857061
W2068583635,W2044229137
W2068583635,W2084691966
W2068583635,W2145464420
W2068583635,W2184854514
W2068583635,W2412722461
W2068583635,W2738918696
W2068583635,W4213129550
W2570298312,W79418677
W2570298312,W167331078
W2570298312,W584549724
W2570298312,W649543021
W2570298312,W1530125108
W2570298312,W1543283058
W2570298312,W1557496348
W2570298312,W1600895443
W2570298312,W1943670962
W2570298312,W1962316117
W2570298312,W1986434308
W2570298312,W1990411935
W2570298312,W2025618146
W2570298312,W2029418069
W2570298312,W2048022192
W2570298312,W2059075385
W2570298312,W2064395932
W2570298312,W2084126476
W2570298312,W2089085880
W2570298312,W2090260539
W2570298312,W2103604870
W2570298312,W2104166306
W2570298312,W2137127925
W2570298312,W2168190208
W2570298312,W2171834532
W2570298312,W2504173324
W2570298312,W2912056219
W1237592489,W125569172
W1237592489,W638605339
W1237592489,W1491063773
W1237592489,W1500551892
W1237592489,W1519304377
W1237592489,W1548245440
W1237592489,W1553202049
W1237592489,W1559450712
W1237592489,W1598517079
W1237592489,W1608196678
W1237592489,W1766888123
W1237592489,W1784695092
W1237592489,W1872512668
W1237592489,W1876557575
W1237592489,W1896922585
W1237592489,W1932509224
W1237592489,W1971016029
W1237592489,W1972059236
W1237592489,W1992825986
W1237592489,W1997110426
W1237592489,W2006144938
W1237592489,W2007894891
W1237592489,W2015706719
W1237592489,W2018541726
W1237592489,W2023859044
W1237592489,W2024400593
W1237592489,W2030159502
W1237592489,W2031865865
W1237592489,W2032928027
W1237592489,W2034586919
W1237592489,W2038008722
W1237592489,W2043303163
W1237592489,W2047784714
W1237592489,W2049306644
W1237592489,W2051603309
W1237592489,W2052729196
W1237592489,W2062977969
W1237592489,W2064233625
W1237592489,W2064865249
W1237592489,W2072813844
W1237592489,W2078089693
W1237592489,W2079057332
W1237592489,W2092570966
W1237592489,W2093849153
W1237592489,W2111307957
W1237592489,W2129354862
W1237592489,W2140538613
W1237592489,W2146811980
W1237592489,W2148785954
W1237592489,W2165507463
W1237592489,W2169504607
W1237592489,W2171834532
W1237592489,W2241211221
W1237592489,W3145733612
W4405337232,W1965993059
W4405337232,W1999949665
W4405337232,W2058464321
W4405337232,W2075913317
W4405337232,W2133824856
W4405337232,W2809837731
W4405337232,W3096648358
W240827797,W1989314580
W240827797,W1990538809
W240827797,W2008713487
W240827797,W2043887163
W240827797,W2065548948
W240827797,W4285719527
W4404850772,W1493918286
W4404850772,W1576998361
W4404850772,W1985400845
W4404850772,W2001137967
W4404850772,W2001461756
W4404850772,W2013188446
W4404850772,W2041121121
W4404850772,W2108793872
W4404850772,W2126239631
W4404850772,W2126819724
W4404850772,W2130873978
W4404850772,W2134957872
W4404850772,W2184854514
W4404850772,W2217585833
W4404850772,W2334207703
W4404850772,W2486957802
W4404850772,W2490977439
W4404850772,W2748965471
W4404850772,W2768689142
W4404850772,W2781500572
W4404850772,W2782013919
W4404850772,W2791723994
W4404850772,W2914250555
W4404850772,W2921494479
W4404850772,W2998932971
W4404850772,W3129830913
W4404850772,W3148566210
W4404850772,W4388635185
W4404850772,W7071619704
W4404580431,W1534234863
W4404580431,W1792834816
W4404580431,W1974492534
W4404580431,W2006144938
W4404580431,W2023120510
W4404580431,W2028184103
W4404580431,W2028857061
W4404580431,W2029031350
W4404580431,W2035897331
W4404580431,W2037629933
W4404580431,W2038684692
W4404580431,W2049193094
W4404580431,W2077939707
W4404580431,W2080101027
W4404580431,W2127168030
W4404580431,W2163344649
W4404580431,W2165507463
W4404580431,W2271208462
W4404580431,W2743342482
W4404580431,W2904074285
W4404580431,W4319161201
W4404580431,W6693972728
W4400109610,W1970908694
W4400109610,W1979700375
W4400109610,W1980226795
W4400109610,W1983498367
W4400109610,W2001461756
W4400109610,W2006946554
W4400109610,W2010055427
W4400109610,W2010927954
W4400109610,W2026724654
W4400109610,W2038147797
W4400109610,W2040704490
W4400109610,W2063440895
W4400109610,W2064136345
W4400109610,W2067975977
W4400109610,W2069416551
W4400109610,W2081681829
W4400109610,W2089527894
W4400109610,W2096255693
W4400109610,W2099561134
W4400109610,W2103626310
W4400109610,W2120195728
W4400109610,W2125910719
W4400109610,W2136022845
W4400109610,W2139190150
W4400109610,W2146928477
W4400109610,W2149139333
W4400109610,W2162900910
W4400109610,W2173575191
W4400109610,W2299284748
W4400109610,W2345792697
W4400109610,W2490977439
W4400109610,W2560429335
W4400109610,W2804228033
W4400109610,W2805592092
W4400109610,W2900438384
W4400109610,W2903080502
W4400109610,W2945177483
W4400109610,W2971174310
W4400109610,W3036207587
W4400109610,W3132238954
W4400109610,W3155374563
W4400109610,W4254369546
W4400109610,W4301141993
W4400109610,W4313177291
W4400109610,W6667945971
W3200625921,W2970831834
W1581575288,W12490552
W1581575288,W17855792
W1581575288,W153952556
W1581575288,W317965616
W1581575288,W1480195359
W1581575288,W1488910349
W1581575288,W1494662055
W1581575288,W1497148900
W1581575288,W1497371565
W1581575288,W1510060937
W1581575288,W1516779020
W1581575288,W1519304377
W1581575288,W1519334917
W1581575288,W1534915284
W1581575288,W1549940068
W1581575288,W1553202049
W1581575288,W1557554459
W1581575288,W1558444862
W1581575288,W1565871512
W1581575288,W1581848821
W1581575288,W1593640816
W1581575288,W1677820382
W1581575288,W1766888123
W1581575288,W1872512668
W1581575288,W1896922585
W1581575288,W1932509224
W1581575288,W1953978355
W1581575288,W1964832178
W1581575288,W1971016029
W1581575288,W1972059236
W1581575288,W1974038455
W1581575288,W1976125225
W1581575288,W1997110426
W1581575288,W2006144938
W1581575288,W2007894891
W1581575288,W2007897947
W1581575288,W2016735081
W1581575288,W2018541726
W1581575288,W2023859044
W1581575288,W2025127228
W1581575288,W2027561586
W1581575288,W2027765653
W1581575288,W2028184103
W1581575288,W2030159502
W1581575288,W2031554514
W1581575288,W2036396698
W1581575288,W2038008722
W1581575288,W2043984641
W1581575288,W2063648817
W1581575288,W2064233625
W1581575288,W2064865249
W1581575288,W2068440436
W1581575288,W2070215586
W1581575288,W2072813844
W1581575288,W2085596355
W1581575288,W2100811130
W1581575288,W2101298784
W1581575288,W2102208671
W1581575288,W2105601277
W1581575288,W2106325442
W1581575288,W2108668360
W1581575288,W2118889375
W1581575288,W2123763906
W1581575288,W2126015526
W1581575288,W2139448165
W1581575288,W2140889287
W1581575288,W2141641465
W1581575288,W2148329528
W1581575288,W2148694408
W1581575288,W2165507463
W1581575288,W2171834532
W1581575288,W2340839366
W1581575288,W2970850616
W4413932784,W1980694603
W4413932784,W2157289187
W4413932784,W2162191950
W4413932784,W2620916946
W4413932784,W3215203202
W3168616161,W1971713402
W2735273283,W1500693574
W2735273283,W3146083582
W2169038467,W128363437
W2169038467,W2029709911
W2169038467,W2032337854
W2169038467,W2078905215
W2169038467,W2137526265
W2169038467,W2160109669
W2169038467,W2964368400
W2169038467,W6840257018
W2169038467,W6869289545
W4200163971,W1986430509
W4200163971,W2037001540
W4200163971,W2974668698
W1494076545,W1572460559
W1494076545,W2126209209
W1494076545,W2132922197
W1494076545,W2137526265
W1494076545,W2172653878
W1494076545,W2242279449
W1494076545,W2986198775
W2341931962,W1516960989
W2341931962,W1551925143
W2341931962,W1815579919
W2341931962,W1984697832
W2341931962,W1987274474
W2341931962,W1987408817
W2341931962,W2041768030
W2341931962,W2053456338
W2341931962,W2100500994
W2341931962,W2122790853
W2341931962,W2160179628
W2341931962,W2160433250
W2341931962,W2340383253
W2341931962,W2416112991
W2046593260,W2127230663
W2057723954,W2152311269
W2057723954,W2300552860
W1966610845,W2128635872
W1966610845,W4293247451
W4393028023,W128363437
W2149269883,W2100837269
W2056641718,W2144634347
W2067411581,W2128635872
W2067411581,W2144634347
W2067411581,W4293247451
W2965949915,W2766966300
W2965949915,W2883482411
W2965949915,W2955138922
W2132948186,W2047404335
W2132948186,W4301381893
W2148376857,W2144634347
W2148376857,W2168526937
W1968039715,W2127230663
W2152517387,W2128635872
W2152517387,W4293247451
W1493913484,W1546012345
W1493913484,W1987930784
W2019700215,W1566830427
W2019700215,W1775749144
W2019700215,W2152311269
W2019700215,W2300552860
W2076413815,W2132491970
