openalex_id,title,year,source,type,primary_topic,subfield,field,domain,doi,cited_by_count,num_referenced_works
W2037001540,"Auditory Display: Sonification, Audification, and Auditory Interfaces",1995,Computer Music Journal,article,Music Technology and Sound Studies,Computer Vision and Pattern Recognition,Computer Science,Physical Sciences,https://doi.org/10.2307/3680606,538,0
W2184854514,The Sonification Handbook,2011,,book,Hearing Loss and Rehabilitation,Cognitive Neuroscience,Neuroscience,Life Sciences,,578,33
W2056615497,The Information of Elementary Auditory Displays,1952,The Journal of the Acoustical Society of America,article,Noise Effects and Management,Speech and Hearing,Health Professions,Health Sciences,https://doi.org/10.1121/1.1906969,329,0
W2139598342,SONIFICATION SANDBOX: A GRAPHICAL TOOLKIT FOR AUDITORY GRAPHS,2003,,article,Tactile and Sensory Interactions,Cognitive Neuroscience,Neuroscience,Life Sciences,,96,6
W1963987467,Observation of sonified movements engages a basal ganglia frontocortical network,2013,BMC Neuroscience,article,Tactile and Sensory Interactions,Cognitive Neuroscience,Neuroscience,Life Sciences,https://doi.org/10.1186/1471-2202-14-32,85,73
W1499933681,An introduction to auditory display,1994,Medical Entomology and Zoology,article,Tactile and Sensory Interactions,Cognitive Neuroscience,Neuroscience,Life Sciences,,232,0
W2017967298,Navigation System for the Blind: Auditory Display Modes and Guidance,1998,PRESENCE Virtual and Augmented Reality,article,Tactile and Sensory Interactions,Cognitive Neuroscience,Neuroscience,Life Sciences,https://doi.org/10.1162/105474698565677,366,27
W2105118209,Testing the effectiveness of sonified graphs for education: A programmatic research project,2001,,article,Tactile and Sensory Interactions,Cognitive Neuroscience,Neuroscience,Life Sciences,,70,16
W2041121121,A Systematic Review of Mapping Strategies for the Sonification of Physical Quantities,2013,PLoS ONE,review,Tactile and Sensory Interactions,Cognitive Neuroscience,Neuroscience,Life Sciences,https://doi.org/10.1371/journal.pone.0082491,270,223
W2912596165,Auditory displays,2001,,book,Tactile and Sensory Interactions,Cognitive Neuroscience,Neuroscience,Life Sciences,,122,0
W2119480063,Mappings and metaphors in auditory displays,2005,ACM Transactions on Applied Perception,article,Multisensory perception and integration,Experimental and Cognitive Psychology,Psychology,Social Sciences,https://doi.org/10.1145/1101530.1101534,145,17
W1996318081,Sonified Infrared Spectra and Their Interpretation by Blind and Visually Impaired Students,2013,Journal of Chemical Education,article,Water Quality Monitoring Technologies,Water Science and Technology,Environmental Science,Physical Sciences,https://doi.org/10.1021/ed4000124,35,12
W2096042773,Auditory Displays for In-Vehicle Technologies,2011,Reviews of Human Factors and Ergonomics,article,Human-Automation Interaction and Safety,Social Psychology,Psychology,Social Sciences,https://doi.org/10.1177/1557234x11410396,101,203
W2104617690,Universal Design of Auditory Graphs,2010,ACM Transactions on Accessible Computing,article,Tactile and Sensory Interactions,Cognitive Neuroscience,Neuroscience,Life Sciences,https://doi.org/10.1145/1714458.1714459,86,29
W4241642870,The Information of Elementary Auditory Displays. II,1953,The Journal of the Acoustical Society of America,article,Tactile and Sensory Interactions,Cognitive Neuroscience,Neuroscience,Life Sciences,https://doi.org/10.1121/1.1907173,108,0
W2913521326,Using sonification,1999,Multimedia Systems,article,Tactile and Sensory Interactions,Cognitive Neuroscience,Neuroscience,Life Sciences,https://doi.org/10.1007/s005300050108,128,12
W1532335443,Sonification Abstraite/Sonification Concrète: An 'Aesthetic Perspective Space' for Classifying Auditory Displays in the Ars Musica Domain,2013,arXiv (Cornell University),preprint,Tactile and Sensory Interactions,Cognitive Neuroscience,Neuroscience,Life Sciences,https://doi.org/10.48550/arxiv.1311.5426,45,18
W49218811,Browsing Modes For Exploring Sonified Line Graphs,2002,,article,Hermeneutics and Narrative Identity,Philosophy,Arts and Humanities,Social Sciences,,22,6
W4246406755,Information of Elementary Multidimensional Auditory Displays,1954,The Journal of the Acoustical Society of America,article,Tactile and Sensory Interactions,Cognitive Neuroscience,Neuroscience,Life Sciences,https://doi.org/10.1121/1.1907300,104,0
W314318557,Virtual Auditory Displays,2014,,book-chapter,Hearing Loss and Rehabilitation,Cognitive Neuroscience,Neuroscience,Life Sciences,https://doi.org/10.1201/b17360-11,77,1
W2001461756,Movement Sonification: Effects on Perception and Action,2005,IEEE Multimedia,article,Multisensory perception and integration,Experimental and Cognitive Psychology,Psychology,Social Sciences,https://doi.org/10.1109/mmul.2005.31,171,26
W2134314161,SONIFIED EPILEPTIC RHYTHMS,2006,,article,EEG and Brain-Computer Interfaces,Cognitive Neuroscience,Neuroscience,Life Sciences,,12,3
W2205103754,International Conference on Auditory Display 2002,2003,Computer Music Journal,article,Music Technology and Sound Studies,Computer Vision and Pattern Recognition,Computer Science,Physical Sciences,https://doi.org/10.1162/comj.2003.27.1.84,93,0
W2057978450,"Navigation Performance With a Virtual Auditory Display: Effects of Beacon Sound, Capture Radius, and Practice",2006,Human Factors The Journal of the Human Factors and Ergonomics Society,article,Tactile and Sensory Interactions,Cognitive Neuroscience,Neuroscience,Life Sciences,https://doi.org/10.1518/001872006777724507,167,36
W2170410208,Application of a Three-Dimensional Auditory Display in a Flight Task,1996,Human Factors The Journal of the Human Factors and Ergonomics Society,article,Noise Effects and Management,Speech and Hearing,Health Professions,Health Sciences,https://doi.org/10.1518/001872096778940859,101,18
W2546635522,Sonification: Review of Auditory Display Solutions in Electronic Travel Aids for the Blind,2016,Archives of Acoustics,article,Tactile and Sensory Interactions,Cognitive Neuroscience,Neuroscience,Life Sciences,https://doi.org/10.1515/aoa-2016-0040,34,33
W3165483460,"SoundSight: a mobile sensory substitution device that sonifies colour, distance, and temperature",2021,Journal on Multimodal User Interfaces,article,Tactile and Sensory Interactions,Cognitive Neuroscience,Neuroscience,Life Sciences,https://doi.org/10.1007/s12193-021-00376-w,24,58
W2108893166,Sonification Sandbox Reconstruction: Software Standard for Auditory Graphs,2007,,article,Tactile and Sensory Interactions,Cognitive Neuroscience,Neuroscience,Life Sciences,,24,7
W1543098188,BABBLE ONLINE: APPLYING STATISTICS AND DESIGN TO SONIFY THE INTERNET,2001,,article,Data Visualization and Analytics,Computer Vision and Pattern Recognition,Computer Science,Physical Sciences,,17,5
W2313795952,Augmenting Cyber Defender Performance and Workload through Sonified Displays,2015,Procedia Manufacturing,article,Human-Automation Interaction and Safety,Social Psychology,Psychology,Social Sciences,https://doi.org/10.1016/j.promfg.2015.07.589,19,23
W2118489710,"THIRTEEN YEARS OF REFLECTION ON AUDITORY GRAPHING: PROMISES, PITFALLS, AND POTENTIAL NEW DIRECTIONS",2005,Lincoln (University of Nebraska),article,Data Visualization and Analytics,Computer Vision and Pattern Recognition,Computer Science,Physical Sciences,,87,8
W131116608,Bactericidal Effect of Chlorine on Attached Salmonellae With and Without Sonification,1993,Journal of Food Protection,article,Advanced Chemical Sensor Technologies,Biomedical Engineering,Engineering,Physical Sciences,https://doi.org/10.4315/0362-028x-56.8.716,94,0
W2045114640,Perception of Sonified Daily Weather Records,2002,Proceedings of the Human Factors and Ergonomics Society Annual Meeting,article,Neuroscience and Music Perception,Cognitive Neuroscience,Neuroscience,Life Sciences,https://doi.org/10.1177/154193120204601711,16,2
W2121967258,Rapidly Learned Identification of Epileptic Seizures from Sonified EEG,2014,Frontiers in Human Neuroscience,article,EEG and Brain-Computer Interfaces,Cognitive Neuroscience,Neuroscience,Life Sciences,https://doi.org/10.3389/fnhum.2014.00820,20,17
W1596196963,Sonification for Exploratory Data Analysis,2002,PUB – Publications at Bielefeld University (Bielefeld University),dissertation,Music and Audio Processing,Signal Processing,Computer Science,Physical Sciences,,113,0
W2067083952,Data Sonification for Users with Visual Impairment,2008,ACM Transactions on Computer-Human Interaction,article,Tactile and Sensory Interactions,Cognitive Neuroscience,Neuroscience,Life Sciences,https://doi.org/10.1145/1352782.1352786,118,46
W2091784785,Magnitude estimation of conceptual data dimensions for use in sonification.,2002,Journal of Experimental Psychology Applied,article,Tactile and Sensory Interactions,Cognitive Neuroscience,Neuroscience,Life Sciences,https://doi.org/10.1037//1076-898x.8.4.211,116,90
W2888763178,Listen to the models: Sonified learning models for people who are blind,2018,Computers & Education,article,Tactile and Sensory Interactions,Cognitive Neuroscience,Neuroscience,Life Sciences,https://doi.org/10.1016/j.compedu.2018.08.020,20,57
W2045094646,Guest Editors' Introduction: An Introduction to Interactive Sonification,2005,IEEE Multimedia,editorial,Tactile and Sensory Interactions,Cognitive Neuroscience,Neuroscience,Life Sciences,https://doi.org/10.1109/mmul.2005.26,100,12
W2061023211,Mapping Candidate Within-Vehicle Auditory Displays to Their Referents,2007,Human Factors The Journal of the Human Factors and Ergonomics Society,article,Human-Automation Interaction and Safety,Social Psychology,Psychology,Social Sciences,https://doi.org/10.1518/001872007x200067,78,23
W1520666785,Head-Up Auditory Displays for Traffic Collision Avoidance System Advisories: A Preliminary Investigation,1993,Human Factors The Journal of the Human Factors and Ergonomics Society,article,Human-Automation Interaction and Safety,Social Psychology,Psychology,Social Sciences,https://doi.org/10.1177/001872089303500409,113,14
W2147923073,Auditory display design for exploration in mobile audio-augmented reality,2011,Personal and Ubiquitous Computing,article,Tactile and Sensory Interactions,Cognitive Neuroscience,Neuroscience,Life Sciences,https://doi.org/10.1007/s00779-011-0459-0,83,29
W2048443216,Audification and sonification of texture in images,2001,Journal of Electronic Imaging,article,Tactile and Sensory Interactions,Cognitive Neuroscience,Neuroscience,Life Sciences,https://doi.org/10.1117/1.1382811,14,45
W1989274999,Auditory displays in anesthesiology,2009,Current Opinion in Anaesthesiology,article,Healthcare Technology and Patient Monitoring,Surgery,Medicine,Health Sciences,https://doi.org/10.1097/aco.0b013e3283326a2f,44,67
W2283562276,"<i>Go-with-the-Flow</i>: Tracking, Analysis and Sonification of Movement and Breathing to Build Confidence in Activity Despite Chronic Pain",2015,Human-Computer Interaction,article,Music Therapy and Health,Social Psychology,Psychology,Social Sciences,https://doi.org/10.1080/07370024.2015.1085310,144,94
W2154620409,USING AUDIFICATION IN PLANETARY SEISMOLOGY,2001,,article,"Media, Communication, and Education",Communication,Social Sciences,Social Sciences,,50,4
W2150875929,Auditory scene analysis and sonified visual images. Does consonance negatively impact on object formation when using complex sonified stimuli?,2015,Frontiers in Psychology,article,Multisensory perception and integration,Experimental and Cognitive Psychology,Psychology,Social Sciences,https://doi.org/10.3389/fpsyg.2015.01522,15,62
W2345792697,Movement Sonification: Effects on Motor Learning beyond Rhythmic Adjustments,2016,Frontiers in Neuroscience,article,Multisensory perception and integration,Experimental and Cognitive Psychology,Psychology,Social Sciences,https://doi.org/10.3389/fnins.2016.00219,133,68
W69091869,WHITHER AND WHEREFORE THE AUDITORY GRAPH? ABSTRACTIONS & ÆSTHETICS IN AUDITORY AND SONIFIED GRAPHS,2005,,article,Tactile and Sensory Interactions,Cognitive Neuroscience,Neuroscience,Life Sciences,,5,16
W2031554514,Fidelity of three-dimensional-sound reproduction using a virtual auditory display,2000,The Journal of the Acoustical Society of America,article,Hearing Loss and Rehabilitation,Cognitive Neuroscience,Neuroscience,Life Sciences,https://doi.org/10.1121/1.428321,81,21
W2885080937,"Auditory Graphs Are Not the “Killer App” of Sonification, But They Work",2018,Ergonomics in Design The Quarterly of Human Factors Applications,article,Tactile and Sensory Interactions,Cognitive Neuroscience,Neuroscience,Life Sciences,https://doi.org/10.1177/1064804618773563,13,16
W1581350311,SONIPY: THE DESIGN OF AN EXTENDABLE SOFTWARE FRAMEWORK FOR SONIFICATION RESEARCH AND AUDITORY DISPLAY,2007,,article,Music Technology and Sound Studies,Computer Vision and Pattern Recognition,Computer Science,Physical Sciences,,20,16
W2027523423,Pitch and loudness interact in auditory displays: Can the data get lost in the map?,2002,Journal of Experimental Psychology Applied,article,Hearing Loss and Rehabilitation,Cognitive Neuroscience,Neuroscience,Life Sciences,https://doi.org/10.1037//1076-898x.8.1.17,69,43
W2130461445,Sonification and haptic feedback in addition to visual feedback enhances complex motor task learning,2014,Experimental Brain Research,article,Tactile and Sensory Interactions,Cognitive Neuroscience,Neuroscience,Life Sciences,https://doi.org/10.1007/s00221-014-4167-7,159,106
W2601835878,"Listener, Task, and Auditory Graph: Toward a Conceptual Model of Auditory Graph Comprehension",2007,,article,"Language, Metaphor, and Cognition",Experimental and Cognitive Psychology,Psychology,Social Sciences,,34,0
W2095929735,Sonification Supports Eyes-Free Respiratory Monitoring and Task Time-Sharing,2004,Human Factors The Journal of the Human Factors and Ergonomics Society,article,Healthcare Technology and Patient Monitoring,Surgery,Medicine,Health Sciences,https://doi.org/10.1518/hfes.46.3.497.50401,102,38
W1498365126,Sonification for Process Monitoring,2011,Northumbria Research Link (Northumbria University),book-chapter,Data Visualization and Analytics,Computer Vision and Pattern Recognition,Computer Science,Physical Sciences,,40,0
W2035486824,Embodied Aesthetics in Auditory Display,2014,Organised Sound,article,Multisensory perception and integration,Experimental and Cognitive Psychology,Psychology,Social Sciences,https://doi.org/10.1017/s1355771813000423,39,85
W268431760,Development and Evaluation of Sonified Weather Maps for Blind Users,2012,,book-chapter,Tactile and Sensory Interactions,Cognitive Neuroscience,Neuroscience,Life Sciences,https://doi.org/10.1007/978-1-4471-2867-0_8,11,12
W108443521,Nonvisual Route following with Guidance from a Simple Haptic or Auditory Display,2007,Journal of Visual Impairment & Blindness,article,Tactile and Sensory Interactions,Cognitive Neuroscience,Neuroscience,Life Sciences,https://doi.org/10.1177/0145482x0710100403,68,14
W4233780434,Auditory display of knee-joint vibration signals,2001,The Journal of the Acoustical Society of America,article,Phonocardiography and Auscultation Techniques,Pulmonary and Respiratory Medicine,Medicine,Health Sciences,https://doi.org/10.1121/1.1413995,30,22
W2122790853,Advanced Auditory Displays and Head-Mounted Displays: Advantages and Disadvantages for Monitoring by the Distracted Anesthesiologist,2008,Anesthesia & Analgesia,article,Healthcare Technology and Patient Monitoring,Surgery,Medicine,Health Sciences,https://doi.org/10.1213/ane.0b013e31817325cb,82,36
W2609429672,An auditory display tool for DNA sequence analysis,2017,BMC Bioinformatics,article,Music Technology and Sound Studies,Computer Vision and Pattern Recognition,Computer Science,Physical Sciences,https://doi.org/10.1186/s12859-017-1632-x,38,24
W2003797042,Data sonification and sound visualization,1999,Computing in Science & Engineering,article,Music Technology and Sound Studies,Computer Vision and Pattern Recognition,Computer Science,Physical Sciences,https://doi.org/10.1109/5992.774840,65,23
W1510730631,The quest for auditory direct manipulation : the sonified Towers of Hanoi,2000,,article,Tactile and Sensory Interactions,Cognitive Neuroscience,Neuroscience,Life Sciences,,12,9
W2158233643,Creative Aspects of Sonification,2004,Leonardo,article,Neuroscience and Music Perception,Cognitive Neuroscience,Neuroscience,Life Sciences,https://doi.org/10.1162/0024094041139427,34,10
W2552249845,Sonification and textification: Proposing methods for classifying unspoken words from EEG signals,2016,Biomedical Signal Processing and Control,article,EEG and Brain-Computer Interfaces,Cognitive Neuroscience,Neuroscience,Life Sciences,https://doi.org/10.1016/j.bspc.2016.10.012,77,68
W2129504844,A Novel Sonification Strategy for Auditory Display of Heart Rate and Oxygen Saturation Changes in Clinical Settings,2012,Human Factors The Journal of the Human Factors and Ergonomics Society,article,Healthcare Technology and Patient Monitoring,Surgery,Medicine,Health Sciences,https://doi.org/10.1177/0018720812455433,22,43
W2125444231,Auditory Displays in Human–Machine Interfaces,2004,Proceedings of the IEEE,article,Human-Automation Interaction and Safety,Social Psychology,Psychology,Social Sciences,https://doi.org/10.1109/jproc.2004.825905,39,56
W9119819,An introduction to interactive sonification,2005,Journal of Biomechanics,article,Music Technology and Sound Studies,Computer Vision and Pattern Recognition,Computer Science,Physical Sciences,https://doi.org/10.1016/s0021-9290(96)00147-9,53,4
W2146050353,Psycho-physiological assessment of a prosthetic hand sensory feedback system based on an auditory display: a preliminary study,2012,Journal of NeuroEngineering and Rehabilitation,article,EEG and Brain-Computer Interfaces,Cognitive Neuroscience,Neuroscience,Life Sciences,https://doi.org/10.1186/1743-0003-9-33,88,60
W2007697407,Auditory display design—An investigation of a design pattern approach,2009,International Journal of Human-Computer Studies,article,Tactile and Sensory Interactions,Cognitive Neuroscience,Neuroscience,Life Sciences,https://doi.org/10.1016/j.ijhcs.2009.05.008,47,177
W2019065296,Interactive sonification of complex data,2009,International Journal of Human-Computer Studies,article,Tactile and Sensory Interactions,Cognitive Neuroscience,Neuroscience,Life Sciences,https://doi.org/10.1016/j.ijhcs.2009.05.006,38,36
W2172653878,<i>Life Music:</i> The Sonification of Proteins,1999,Leonardo,article,Plant and Biological Electrophysiology Studies,Plant Science,Agricultural and Biological Sciences,Life Sciences,https://doi.org/10.1162/002409499552966,72,2
W2088955376,An overview of auditory display to assist comprehension of molecular information,2006,Interacting with Computers,article,Visual and Cognitive Learning Processes,Experimental and Cognitive Psychology,Psychology,Social Sciences,https://doi.org/10.1016/j.intcom.2005.12.001,45,68
W4246986769,Sonification Design,2019,Human-computer interaction series,book,Design Education and Practice,Mechanical Engineering,Engineering,Physical Sciences,https://doi.org/10.1007/978-3-030-01497-1,42,0
W2108848067,Peircing Fritz and Snow: An aesthetic field for sonified data,2014,Organised Sound,article,Music Technology and Sound Studies,Computer Vision and Pattern Recognition,Computer Science,Physical Sciences,https://doi.org/10.1017/s1355771813000447,8,15
W2593649045,A Survey of auditory display in image-guided interventions,2017,International Journal of Computer Assisted Radiology and Surgery,article,Augmented Reality Applications,Computer Vision and Pattern Recognition,Computer Science,Physical Sciences,https://doi.org/10.1007/s11548-017-1547-z,39,37
W2069561830,Stone Banging by Wild Capuchin Monkeys: An Unusual Auditory Display,2006,Folia Primatologica,article,Primate Behavior and Ecology,Social Psychology,Psychology,Social Sciences,https://doi.org/10.1159/000095684,49,41
W1981060864,Aesthetic strategies in sonification,2011,AI & Society,article,Multisensory perception and integration,Experimental and Cognitive Psychology,Psychology,Social Sciences,https://doi.org/10.1007/s00146-011-0341-7,35,25
W1981686634,Evaluation of four models for the sonification of elite rowing,2012,Journal on Multimodal User Interfaces,article,Tactile and Sensory Interactions,Cognitive Neuroscience,Neuroscience,Life Sciences,https://doi.org/10.1007/s12193-011-0085-1,41,26
W2105055172,Data sonification from the desktop,2005,ACM Transactions on Applied Perception,article,Data Visualization and Analytics,Computer Vision and Pattern Recognition,Computer Science,Physical Sciences,https://doi.org/10.1145/1101530.1101544,44,16
W1980514696,A Laboratory Evaluation of an Auditory Display Designed to Enhance Intraoperative Monitoring,2002,Anesthesia & Analgesia,article,Healthcare Technology and Patient Monitoring,Surgery,Medicine,Health Sciences,https://doi.org/10.1097/00000539-200202000-00025,46,15
W2204026420,Sonification of guidance data during road crossing for people with visual impairments or blindness,2015,International Journal of Human-Computer Studies,article,Tactile and Sensory Interactions,Cognitive Neuroscience,Neuroscience,Life Sciences,https://doi.org/10.1016/j.ijhcs.2015.08.003,58,22
W2262929181,"3-dimensional auditory displays: development, applications, and performance.",1994,PubMed,article,Human-Automation Interaction and Safety,Social Psychology,Psychology,Social Sciences,,40,0
W1547548712,Enhancing the reading experience: Using Adaptive and Sonified RSVP for reading on small displays,2001,,article,Tactile and Sensory Interactions,Cognitive Neuroscience,Neuroscience,Life Sciences,,11,11
W1855894567,Sonify - A Platform for the Sonification of Text Messages,2013,Oldenbourg Wissenschaftsverlag eBooks,book-chapter,Tactile and Sensory Interactions,Cognitive Neuroscience,Neuroscience,Life Sciences,https://doi.org/10.1524/9783486781229.149,2,14
W2901715600,Psychoacoustic auditory display for navigation: an auditory assistance system for spatial orientation tasks,2018,Journal on Multimodal User Interfaces,article,Tactile and Sensory Interactions,Cognitive Neuroscience,Neuroscience,Life Sciences,https://doi.org/10.1007/s12193-018-0282-2,30,41
W2299284748,Comparison and Evaluation of Sonification Strategies for Guidance Tasks,2016,IEEE Transactions on Multimedia,article,Tactile and Sensory Interactions,Cognitive Neuroscience,Neuroscience,Life Sciences,https://doi.org/10.1109/tmm.2016.2531978,60,56
W2072020524,A perceptual framework for the auditory display of scientific data,2005,ACM Transactions on Applied Perception,article,Hearing Loss and Rehabilitation,Cognitive Neuroscience,Neuroscience,Life Sciences,https://doi.org/10.1145/1101530.1101532,33,15
W4249771488,Pitch and loudness interact in auditory displays: Can the data get lost in the map?,2002,Journal of Experimental Psychology Applied,article,Hearing Loss and Rehabilitation,Cognitive Neuroscience,Neuroscience,Life Sciences,https://doi.org/10.1037/1076-898x.8.1.17,52,35
W4239603325,Magnitude estimation of conceptual data dimensions for use in sonification.,2002,Journal of Experimental Psychology Applied,article,Tactile and Sensory Interactions,Cognitive Neuroscience,Neuroscience,Life Sciences,https://doi.org/10.1037/1076-898x.8.4.211,70,0
W2061425878,<i>Heat and the Heartbeat of the City:</i> Sonifying Data Describing Climate Change,2006,Leonardo Music Journal,article,"Environmental, Ecological, and Cultural Studies",Sociology and Political Science,Social Sciences,Social Sciences,https://doi.org/10.1162/lmj.2006.16.44,57,2
W2106330396,Sonification of Astronomical Data,2011,Proceedings of the International Astronomical Union,article,Solar and Space Plasma Dynamics,Astronomy and Astrophysics,Physics and Astronomy,Physical Sciences,https://doi.org/10.1017/s1743921312000440,40,1
W3045568791,"Using Data Sonification to Overcome Science Literacy, Numeracy, and Visualization Barriers in Science Communication",2020,Frontiers in Communication,article,Advanced Text Analysis Techniques,Artificial Intelligence,Computer Science,Physical Sciences,https://doi.org/10.3389/fcomm.2020.00046,62,55
W4250008609,A Laboratory Evaluation of an Auditory Display Designed to Enhance Intraoperative Monitoring,2002,Anesthesia & Analgesia,article,Healthcare Technology and Patient Monitoring,Surgery,Medicine,Health Sciences,https://doi.org/10.1213/00000539-200202000-00025,41,13
W2761132292,Effectiveness of enhanced pulse oximetry sonifications for conveying oxygen saturation ranges: a laboratory comparison of five auditory displays,2017,British Journal of Anaesthesia,article,Healthcare Technology and Patient Monitoring,Surgery,Medicine,Health Sciences,https://doi.org/10.1093/bja/aex343,19,19
W2076691609,Event-based sonification of EEG rhythms in real time,2007,Clinical Neurophysiology,article,Tactile and Sensory Interactions,Cognitive Neuroscience,Neuroscience,Life Sciences,https://doi.org/10.1016/j.clinph.2007.01.025,71,22
W1991849198,Parametric Orchestral Sonification of EEG in Real Time,2005,IEEE Multimedia,article,EEG and Brain-Computer Interfaces,Cognitive Neuroscience,Neuroscience,Life Sciences,https://doi.org/10.1109/mmul.2005.36,58,13
W1527457427,Sonification Design and Aesthetics,2011,Northumbria Research Link (Northumbria University),book-chapter,Innovative Human-Technology Interaction,Human-Computer Interaction,Computer Science,Physical Sciences,,41,0
W2401394291,Interactive Spatial Sonification of Multidimensional Data for Composition and Auditory Display,2016,Computer Music Journal,article,Music Technology and Sound Studies,Computer Vision and Pattern Recognition,Computer Science,Physical Sciences,https://doi.org/10.1162/comj_a_00358,8,43
W2963847539,Music of brain and music on brain: a novel EEG sonification approach,2018,Cognitive Neurodynamics,article,Complex Systems and Time Series Analysis,Economics and Econometrics,"Economics, Econometrics and Finance",Social Sciences,https://doi.org/10.1007/s11571-018-9502-4,44,75
W1985231929,Issues in Auditory Display,2006,Artificial Life,article,Data Visualization and Analytics,Computer Vision and Pattern Recognition,Computer Science,Physical Sciences,https://doi.org/10.1162/106454606776073369,21,57
W4386897880,Beyond sense-specific processing: decoding texture in the brain from touch and sonified movement,2023,iScience,article,Multisensory perception and integration,Experimental and Cognitive Psychology,Psychology,Social Sciences,https://doi.org/10.1016/j.isci.2023.107965,12,75
W2490977439,Sensori-Motor Learning with Movement Sonification: Perspectives from Recent Interdisciplinary Studies,2016,Frontiers in Neuroscience,article,Tactile and Sensory Interactions,Cognitive Neuroscience,Neuroscience,Life Sciences,https://doi.org/10.3389/fnins.2016.00385,91,58
W2395018040,Auditory Interfaces and Sonification,2009,Human factors and ergonomics,book-chapter,Tactile and Sensory Interactions,Cognitive Neuroscience,Neuroscience,Life Sciences,https://doi.org/10.1201/9781420064995-c32,38,108
W2961981322,Structural modification of quinoa seed protein isolates (QPIs) by variable time sonification for improving its physicochemical and functional characteristics,2019,Ultrasonics Sonochemistry,article,Proteins in Food Systems,Food Science,Agricultural and Biological Sciences,Life Sciences,https://doi.org/10.1016/j.ultsonch.2019.104700,131,40
W2126239631,Sonification as a possible stroke rehabilitation strategy,2014,Frontiers in Neuroscience,article,Tactile and Sensory Interactions,Cognitive Neuroscience,Neuroscience,Life Sciences,https://doi.org/10.3389/fnins.2014.00332,37,34
W2466861635,Sonification of Arm Movements in Stroke Rehabilitation – A Novel Approach in Neurologic Music Therapy,2016,Frontiers in Neurology,article,Stroke Rehabilitation and Recovery,Rehabilitation,Medicine,Health Sciences,https://doi.org/10.3389/fneur.2016.00106,81,82
W2555917297,Exploring Auditory Graphing Software in the Classroom,2016,ACM Transactions on Accessible Computing,article,Tactile and Sensory Interactions,Cognitive Neuroscience,Neuroscience,Life Sciences,https://doi.org/10.1145/2994606,23,38
W2123442640,Sublime frequencies:  The construction of sublime listening experiences in the sonification of scientific data,2013,Social Studies of Science,article,Music Technology and Sound Studies,Computer Vision and Pattern Recognition,Computer Science,Physical Sciences,https://doi.org/10.1177/0306312713496875,77,78
W4212945971,Head-Related Transfer Functions and Virtual Auditory Display,2014,InTech eBooks,book-chapter,Hearing Loss and Rehabilitation,Cognitive Neuroscience,Neuroscience,Life Sciences,https://doi.org/10.5772/56907,32,69
W4401242086,Marketing sonified fragrance: Designing soundscapes for scent,2024,i-Perception,article,Multisensory perception and integration,Experimental and Cognitive Psychology,Psychology,Social Sciences,https://doi.org/10.1177/20416695241259714,6,125
W2122313562,<i>Atmospherics/Weather Works:</i> A Spatialized Meteorological Data Sonification Project,2005,Leonardo,article,Tactile and Sensory Interactions,Cognitive Neuroscience,Neuroscience,Life Sciences,https://doi.org/10.1162/leon.2005.38.1.31,80,15
W2054745332,Data sonification: do you see what I hear?,1995,IEEE Software,article,Tactile and Sensory Interactions,Cognitive Neuroscience,Neuroscience,Life Sciences,https://doi.org/10.1109/52.368264,61,11
W2955138922,A Self-Consistent Sonification Method to Translate Amino Acid Sequences into Musical Compositions and Application in Protein Design Using Artificial Intelligence,2019,ACS Nano,article,Plant and Biological Electrophysiology Studies,Plant Science,Agricultural and Biological Sciences,Life Sciences,https://doi.org/10.1021/acsnano.9b02180,128,52
W2125570765,Heart Rate Sonification: A New Approach to Medical Diagnosis,2004,Leonardo,article,Phonocardiography and Auscultation Techniques,Pulmonary and Respiratory Medicine,Medicine,Health Sciences,https://doi.org/10.1162/002409404772828094,56,26
W2054459286,Color Sonification for the Visually Impaired,2013,Procedia Technology,article,Tactile and Sensory Interactions,Cognitive Neuroscience,Neuroscience,Life Sciences,https://doi.org/10.1016/j.protcy.2013.12.117,38,7
W1975594003,"Soundscape, sonification, and sound activism",2011,AI & Society,article,Noise Effects and Management,Speech and Hearing,Health Professions,Health Sciences,https://doi.org/10.1007/s00146-011-0345-3,29,3
W2075390823,Multimodal geographic information systems: Adding haptic and auditory display,2003,Journal of the American Society for Information Science and Technology,article,Spatial Cognition and Navigation,Automotive Engineering,Engineering,Physical Sciences,https://doi.org/10.1002/asi.10202,33,80
W2332934440,"Sonification, Science and Popular Music: In search of the ‘wow’",2014,Organised Sound,article,Noise Effects and Management,Speech and Hearing,Health Professions,Health Sciences,https://doi.org/10.1017/s1355771813000381,32,21
W2069096535,Multichannel spatial auditory display for speech communications.,1994,PubMed,article,Tactile and Sensory Interactions,Cognitive Neuroscience,Neuroscience,Life Sciences,,26,0
W2058904305,Evaluation of auditory displays,2005,ACM Transactions on Applied Perception,article,Tactile and Sensory Interactions,Cognitive Neuroscience,Neuroscience,Life Sciences,https://doi.org/10.1145/1101530.1101551,17,71
W281240564,The Recording That Never Wanted to Be Heard and Other Stories of Sonification,2011,Oxford University Press eBooks,book,Music Technology and Sound Studies,Computer Vision and Pattern Recognition,Computer Science,Physical Sciences,https://doi.org/10.1093/oxfordhb/9780195388947.013.0115,54,0
W2804058599,Movement Sonification in Stroke Rehabilitation,2018,Frontiers in Neurology,article,Action Observation and Synchronization,Social Psychology,Psychology,Social Sciences,https://doi.org/10.3389/fneur.2018.00389,36,55
W1944219791,Moving with music for stroke rehabilitation: a sonification feasibility study,2015,Annals of the New York Academy of Sciences,article,Music Therapy and Health,Social Psychology,Psychology,Social Sciences,https://doi.org/10.1111/nyas.12691,54,28
W2781621131,Exploring maps by sounds: using parameter mapping sonification to make digital elevation models audible,2018,International Journal of Geographical Information Systems,article,Noise Effects and Management,Speech and Hearing,Health Professions,Health Sciences,https://doi.org/10.1080/13658816.2017.1420192,34,44
W2326886016,"Review: <i>Auditory Display: Sonification, Audification, and Auditory Interfaces</i>, by Gregory Kramer",1996,Music Perception An Interdisciplinary Journal,article,Tactile and Sensory Interactions,Cognitive Neuroscience,Neuroscience,Life Sciences,https://doi.org/10.2307/40285703,3,0
W2221802908,Sonification of reference markers for auditory graphs: effects on non-visual point estimation tasks,2016,PeerJ Computer Science,article,Tactile and Sensory Interactions,Cognitive Neuroscience,Neuroscience,Life Sciences,https://doi.org/10.7717/peerj-cs.51,11,46
W2978013841,Perception of sonified representations of complex systems by people who are blind,2019,Assistive Technology,article,Tactile and Sensory Interactions,Cognitive Neuroscience,Neuroscience,Life Sciences,https://doi.org/10.1080/10400435.2019.1666930,6,27
W4233087053,Issues in Auditory Display,2006,Artificial Life,article,Multisensory perception and integration,Experimental and Cognitive Psychology,Psychology,Social Sciences,https://doi.org/10.1162/artl.2006.12.2.259,16,23
W4283722419,"Sonification and sound design for astronomy research, education and public engagement",2022,Nature Astronomy,article,Paranormal Experiences and Beliefs,Social Psychology,Psychology,Social Sciences,https://doi.org/10.1038/s41550-022-01721-z,58,45
W2003840516,Consistency of magnitude estimations with conceptual data dimensions used for sonification,2006,Applied Cognitive Psychology,article,Neuroscience and Music Perception,Cognitive Neuroscience,Neuroscience,Life Sciences,https://doi.org/10.1002/acp.1291,55,53
W4399727930,Meta-SonifiedDroid: Metaheuristics for Optimizing Sonified Android Malware Detection,2024,IEEE Access,article,Advanced Malware Detection Techniques,Signal Processing,Computer Science,Physical Sciences,https://doi.org/10.1109/access.2024.3415355,7,101
W1790936560,Categorization of seismic sources by auditory display: A blind test,2015,International Journal of Human-Computer Studies,article,Seismic Waves and Analysis,Geophysics,Earth and Planetary Sciences,Physical Sciences,https://doi.org/10.1016/j.ijhcs.2015.08.002,15,51
W2117489410,Relationships of sonification to music and sound art,2011,AI & Society,article,Music Technology and Sound Studies,Computer Vision and Pattern Recognition,Computer Science,Physical Sciences,https://doi.org/10.1007/s00146-011-0337-3,38,14
W4233862358,"Sonification and Music, Music and Sonification",2016,,book-chapter,Music Technology and Sound Studies,Computer Vision and Pattern Recognition,Computer Science,Physical Sciences,https://doi.org/10.4324/9781315770567-21,19,1
W2100882917,Non-visual exploration of geographic maps: Does sonification help?,2010,Disability and Rehabilitation Assistive Technology,article,Tactile and Sensory Interactions,Cognitive Neuroscience,Neuroscience,Life Sciences,https://doi.org/10.3109/17483100903100277,36,33
W2886032821,Sonifying data uncertainty with sound dimensions,2018,Cartography and Geographic Information Science,article,Music and Audio Processing,Signal Processing,Computer Science,Physical Sciences,https://doi.org/10.1080/15230406.2018.1495103,18,29
W282439305,Expressive sonification of footstep sounds,2010,,article,Music Technology and Sound Studies,Computer Vision and Pattern Recognition,Computer Science,Physical Sciences,,32,9
W3177788910,Auditory display of spatial information,1970,University of Canterbury Research Repository (University of Canterbury),dissertation,Spatial Cognition and Navigation,Automotive Engineering,Engineering,Physical Sciences,https://doi.org/10.26021/11019,17,0
W2135868439,Auditory Displays as Occasion Setters,2010,Human Factors The Journal of the Human Factors and Ergonomics Society,article,Human-Automation Interaction and Safety,Social Psychology,Psychology,Social Sciences,https://doi.org/10.1177/0018720810366861,17,26
W1967886642,Confusion matrix analysis of single and multidimensional auditory displays.,1962,Journal of Experimental Psychology,article,Human-Automation Interaction and Safety,Social Psychology,Psychology,Social Sciences,https://doi.org/10.1037/h0042219,25,5
W1968008571,The aesthetic turn in sonification towards a social and cultural medium,2011,AI & Society,article,Tactile and Sensory Interactions,Cognitive Neuroscience,Neuroscience,Life Sciences,https://doi.org/10.1007/s00146-011-0335-5,47,10
W3212670917,"Novel Auditory Displays in Highly Automated Vehicles: Sonification Improves Driver Situation Awareness, Perceived Workload, and Overall Experience",2021,Proceedings of the Human Factors and Ergonomics Society Annual Meeting,article,Human-Automation Interaction and Safety,Social Psychology,Psychology,Social Sciences,https://doi.org/10.1177/1071181321651071,14,22
W2100685825,XSONIFY SONIFICATION TOOL FOR SPACE PHYSICS,2006,,article,Tactile and Sensory Interactions,Cognitive Neuroscience,Neuroscience,Life Sciences,,26,5
W1966906039,Sonification/Listening Up,2006,Leonardo Music Journal,article,Music Technology and Sound Studies,Computer Vision and Pattern Recognition,Computer Science,Physical Sciences,https://doi.org/10.1162/lmj.2006.16.51,28,0
W1215132044,The sonification space: A reference system for sonification tasks,2015,International Journal of Human-Computer Studies,article,Neuroscience and Music Perception,Cognitive Neuroscience,Neuroscience,Life Sciences,https://doi.org/10.1016/j.ijhcs.2015.08.008,21,32
W2157130619,Pitch and pitch change interact in auditory displays.,2000,Journal of Experimental Psychology Applied,article,Noise Effects and Management,Speech and Hearing,Health Professions,Health Sciences,https://doi.org/10.1037//1076-898x.6.1.15,21,53
W2482049660,Ecolological Psychoacoustics and Auditory Displays,2004,Elsevier eBooks,book-chapter,Multisensory perception and integration,Experimental and Cognitive Psychology,Psychology,Social Sciences,https://doi.org/10.1016/b978-012515851-0/50007-2,16,98
W2137352696,An illustrated analysis of sonification for scientific visualisation,1995,IEEE Visualization,article,Tactile and Sensory Interactions,Cognitive Neuroscience,Neuroscience,Life Sciences,https://doi.org/10.5555/832271.833860,34,33
W4283784219,A Mapping Review of Real-Time Movement Sonification Systems for Movement Rehabilitation,2022,IEEE Reviews in Biomedical Engineering,article,Tactile and Sensory Interactions,Cognitive Neuroscience,Neuroscience,Life Sciences,https://doi.org/10.1109/rbme.2022.3187840,36,151
W2167103973,Audification and Non-Standard Synthesis in<i>Construction in Self</i>,2014,Organised Sound,article,Music Technology and Sound Studies,Computer Vision and Pattern Recognition,Computer Science,Physical Sciences,https://doi.org/10.1017/s1355771813000435,19,34
W4238387768,Pitch and pitch change interact in auditory displays.,2000,Journal of Experimental Psychology Applied,article,Hearing Loss and Rehabilitation,Cognitive Neuroscience,Neuroscience,Life Sciences,https://doi.org/10.1037/1076-898x.6.1.15,20,0
W2284557188,Multisensory teamwork: using a tactile or an auditory display to exchange gaze information improves performance in joint visual search,2015,Ergonomics,article,Human-Automation Interaction and Safety,Social Psychology,Psychology,Social Sciences,https://doi.org/10.1080/00140139.2015.1099742,46,69
W1595643407,Wearable Sensor-Based Real-Time Sonification of Motion and Foot Pressure in Dance Teaching and Training,2012,PUB – Publications at Bielefeld University (Bielefeld University),article,Diversity and Impact of Dance,Experimental and Cognitive Psychology,Psychology,Social Sciences,,52,0
W4242775597,"Auditory Graphs Are Not the “Killer App” of Sonification, But They Work",2018,,preprint,Tactile and Sensory Interactions,Cognitive Neuroscience,Neuroscience,Life Sciences,https://doi.org/10.31234/osf.io/b5akd,4,15
W1765238573,Interactive spatial sonification for non-visual exploration of virtual maps,2015,International Journal of Human-Computer Studies,article,Tactile and Sensory Interactions,Cognitive Neuroscience,Neuroscience,Life Sciences,https://doi.org/10.1016/j.ijhcs.2015.08.004,46,57
W4237829435,"SoundSight: A Mobile Sensory Substitution Device that Sonifies Colour, Distance, and Temperature",2019,,preprint,Tactile and Sensory Interactions,Cognitive Neuroscience,Neuroscience,Life Sciences,https://doi.org/10.31234/osf.io/xsjwr,5,0
W2098395732,THE SOUND OF ONE ARM SWINGING: A MODEL FOR MULTIDIMENSIONAL AUDITORY DISPLAY OF PHYSICAL MOTION,2006,,article,Music Technology and Sound Studies,Computer Vision and Pattern Recognition,Computer Science,Physical Sciences,,30,5
W2060592085,Development of a three-dimensional auditory display system,1988,ACM SIGCHI Bulletin,article,Augmented Reality Applications,Computer Vision and Pattern Recognition,Computer Science,Physical Sciences,https://doi.org/10.1145/54386.54405,19,20
W2088235473,An Auditory Display in a Dual-Axis Tracking Task,1972,IEEE Transactions on Systems Man and Cybernetics,article,Human-Automation Interaction and Safety,Social Psychology,Psychology,Social Sciences,https://doi.org/10.1109/tsmc.1972.4309132,19,13
W2183898009,Laboratory Methods for Experimental Sonification,2011,,article,Music Technology and Sound Studies,Computer Vision and Pattern Recognition,Computer Science,Physical Sciences,,27,22
W2089809362,Estimation of detection threshold of system latency of virtual auditory display,2007,Applied Acoustics,article,Hearing Loss and Rehabilitation,Cognitive Neuroscience,Neuroscience,Life Sciences,https://doi.org/10.1016/j.apacoust.2006.12.005,24,18
W1542425463,Personal Webmelody: Customized sonification of web servers,2001,,article,Tactile and Sensory Interactions,Cognitive Neuroscience,Neuroscience,Life Sciences,,27,17
W2600087721,Polyphonic sonification of electrocardiography signals for diagnosis of cardiac pathologies,2017,Scientific Reports,article,ECG Monitoring and Analysis,Cardiology and Cardiovascular Medicine,Medicine,Health Sciences,https://doi.org/10.1038/srep44549,31,18
W2903262696,Psychoacoustical Interactive Sonification for Short Range Navigation,2018,Acta acustica united with Acustica,article,Music Technology and Sound Studies,Computer Vision and Pattern Recognition,Computer Science,Physical Sciences,https://doi.org/10.3813/aaa.919273,26,0
W1623415717,Masking in Three-Dimensional Auditory Displays,1992,Human Factors The Journal of the Human Factors and Ergonomics Society,article,Hearing Loss and Rehabilitation,Cognitive Neuroscience,Neuroscience,Life Sciences,https://doi.org/10.1177/001872089203400301,16,21
W12144851,The sonification of EMG data,2006,International Conference on Auditory Display,article,EEG and Brain-Computer Interfaces,Cognitive Neuroscience,Neuroscience,Life Sciences,https://doi.org/10.1016/s0006-8993(02)02904-9,23,5
W1997744527,Interactive Sonification in Rowing: Acoustic Feedback for On-Water Training,2015,IEEE Multimedia,article,Tactile and Sensory Interactions,Cognitive Neuroscience,Neuroscience,Life Sciences,https://doi.org/10.1109/mmul.2015.9,37,16
W2748965471,Mapping Sonification for Perception and Action in Motor Skill Learning,2017,Frontiers in Neuroscience,article,Tactile and Sensory Interactions,Cognitive Neuroscience,Neuroscience,Life Sciences,https://doi.org/10.3389/fnins.2017.00463,37,47
W2995408789,Musical Sonification of Arm Movements in Stroke Rehabilitation Yields Limited Benefits,2019,Frontiers in Neuroscience,article,Stroke Rehabilitation and Recovery,Rehabilitation,Medicine,Health Sciences,https://doi.org/10.3389/fnins.2019.01378,50,46
W2161377823,Data density and trend reversals in auditory graphs,2008,ACM Transactions on Applied Perception,article,Neuroscience and Music Perception,Cognitive Neuroscience,Neuroscience,Life Sciences,https://doi.org/10.1145/1402236.1402237,16,80
W2151802019,Ways of Listening and Modes of Being: Electroacoustic Auditory Display,2018,Journal of sonic studies,article,Music Technology and Sound Studies,Computer Vision and Pattern Recognition,Computer Science,Physical Sciences,https://doi.org/10.22501/jss.263480,20,33
W2991070205,Three Orthogonal Dimensions for Psychoacoustic Sonification,2019,arXiv (Cornell University),preprint,Music and Audio Processing,Signal Processing,Computer Science,Physical Sciences,https://doi.org/10.13140/rg.2.2.36037.19683,15,48
W2141674016,LEVELS OF TEMPORAL RESOLUTION IN SONIFICATION OF NETWORK PERFORMANCE,2001,,article,Music Technology and Sound Studies,Computer Vision and Pattern Recognition,Computer Science,Physical Sciences,,25,10
W2153314286,PSYCHOPHYSICAL SCALING OF SONIFICATION MAPPINGS: A COMPARISION OF VISUALLY IMPAIRED AND SIGHTED LISTENERS,2001,,article,Tactile and Sensory Interactions,Cognitive Neuroscience,Neuroscience,Life Sciences,,46,10
W2052698845,Interactive sonification of synchronisation of motoric behaviour in social active listening to music with mobile devices,2011,Journal on Multimodal User Interfaces,article,Neuroscience and Music Perception,Cognitive Neuroscience,Neuroscience,Life Sciences,https://doi.org/10.1007/s12193-011-0079-z,31,41
W2782013919,Action Observation Plus Sonification. A Novel Therapeutic Protocol for Parkinson’s Patient with Freezing of Gait,2018,Frontiers in Neurology,article,Tactile and Sensory Interactions,Cognitive Neuroscience,Neuroscience,Life Sciences,https://doi.org/10.3389/fneur.2017.00723,58,61
W4407971403,A review of concurrent sonified biofeedback in balance and gait training,2025,Journal of NeuroEngineering and Rehabilitation,article,Musicians’ Health and Performance,Rehabilitation,Medicine,Health Sciences,https://doi.org/10.1186/s12984-025-01565-4,4,178
W2015833509,Interactive Sonification of Choropleth Maps,2005,IEEE Multimedia,article,Tactile and Sensory Interactions,Cognitive Neuroscience,Neuroscience,Life Sciences,https://doi.org/10.1109/mmul.2005.28,25,21
W2098619666,Effects of auditory context cues and training on performance of a point estimation sonification task,2005,Applied Cognitive Psychology,article,Tactile and Sensory Interactions,Cognitive Neuroscience,Neuroscience,Life Sciences,https://doi.org/10.1002/acp.1146,36,83
W2899563586,Interactive sonification of U-depth images in a navigation aid for the visually impaired,2018,Journal on Multimodal User Interfaces,article,Tactile and Sensory Interactions,Cognitive Neuroscience,Neuroscience,Life Sciences,https://doi.org/10.1007/s12193-018-0281-3,44,23
W1584358237,Auditory display of biomedical signals through a sonic representation: ECG and EEG sonification,2012,"International Convention on Information and Communication Technology, Electronics and Microelectronics",article,EEG and Brain-Computer Interfaces,Cognitive Neuroscience,Neuroscience,Life Sciences,,6,5
W2326637412,Alvin Lucier's<i>Music for Solo Performer</i>: Experimental music beyond sonification,2014,Organised Sound,article,Music Technology and Sound Studies,Computer Vision and Pattern Recognition,Computer Science,Physical Sciences,https://doi.org/10.1017/s135577181300037x,52,35
W3148566210,Hand rehabilitation with sonification techniques in the subacute stage of stroke,2021,Scientific Reports,article,Stroke Rehabilitation and Recovery,Rehabilitation,Medicine,Health Sciences,https://doi.org/10.1038/s41598-021-86627-y,36,65
W2530548113,Short-Term Effects of Real-Time Auditory Display (Sonification) on Gait Parameters in People with Parkinsons’ Disease—A Pilot Study,2016,Biosystems & biorobotics,book-chapter,"Balance, Gait, and Falls Prevention","Physical Therapy, Sports Therapy and Rehabilitation",Health Professions,Health Sciences,https://doi.org/10.1007/978-3-319-46669-9_139,10,9
W2080676980,Perceptual plasticity in spatial auditory displays,2005,ACM Transactions on Applied Perception,article,Hearing Loss and Rehabilitation,Cognitive Neuroscience,Neuroscience,Life Sciences,https://doi.org/10.1145/1101530.1101536,14,8
W2163189132,A FRAMEWORK FOR SONIFICATION OF VICON MOTION CAPTURE DATA,2005,,article,Music Technology and Sound Studies,Computer Vision and Pattern Recognition,Computer Science,Physical Sciences,,23,20
W2112209753,A path based model for sonification,2004,,article,Tactile and Sensory Interactions,Cognitive Neuroscience,Neuroscience,Life Sciences,https://doi.org/10.1109/iv.2004.9,12,13
W1966002396,Sounds sequential: sonification in the social sciences,2006,Interdisciplinary Science Reviews,article,"Media, Communication, and Education",Communication,Social Sciences,Social Sciences,https://doi.org/10.1179/030801806x143286,25,10
W144891795,SONIFICATION AS AN INTERDISCIPLINARY WORKING PROCESS,2006,,article,Music Technology and Sound Studies,Computer Vision and Pattern Recognition,Computer Science,Physical Sciences,,17,15
W2586400180,The Search for the “Killer Application”: Drawing the Boundaries around the Sonification of Scientific Data,2011,Oxford University Press eBooks,book,Music Technology and Sound Studies,Computer Vision and Pattern Recognition,Computer Science,Physical Sciences,https://doi.org/10.1093/oxfordhb/9780195388947.013.0064,41,0
W2150037785,AUDITORY GRAPHS: A SUMMARY OF CURRENT EXPERIENCE AND TOWARD S A RESEARCH AGENDA,2005,,article,Context-Aware Activity Recognition Systems,Computer Vision and Pattern Recognition,Computer Science,Physical Sciences,,19,12
W13770256,Auditory display of directions and states for mobile systems,2002,,article,Vehicle Noise and Vibration Control,Automotive Engineering,Engineering,Physical Sciences,,15,4
W2006720227,Sonification design for complex work domains: Dimensions and distractors.,2009,Journal of Experimental Psychology Applied,article,Tactile and Sensory Interactions,Cognitive Neuroscience,Neuroscience,Life Sciences,https://doi.org/10.1037/a0016329,30,51
W1996335162,The effects of sonification and TiO2 deposition on the micro-characteristics of the thermally treated SiO2/TiO2 spherical core–shell particles for photo-catalysis of methyl orange,2008,Microporous and Mesoporous Materials,article,TiO2 Photocatalysis and Solar Cells,"Renewable Energy, Sustainability and the Environment",Energy,Physical Sciences,https://doi.org/10.1016/j.micromeso.2008.05.017,88,27
W2899458474,Strategies for Auditory Display of Social Media,2018,Ergonomics in Design The Quarterly of Human Factors Applications,article,Tactile and Sensory Interactions,Cognitive Neuroscience,Neuroscience,Life Sciences,https://doi.org/10.1177/1064804618788098,11,17
W1978434525,Curve shape and curvature perception through interactive sonification,2012,ACM Transactions on Applied Perception,article,Tactile and Sensory Interactions,Cognitive Neuroscience,Neuroscience,Life Sciences,https://doi.org/10.1145/2355598.2355600,19,57
W2099847492,AUDITORY DISPLAY OF HYPERSPECTRAL COLON TISSUE IMAGES USING VOCAL SYNTHESIS MODELS,2004,,article,Music and Audio Processing,Signal Processing,Computer Science,Physical Sciences,,18,12
W2910035750,Dermoscopy diagnosis of cancerous lesions utilizing dual deep learning algorithms via visual and audio (sonification) outputs: Laboratory and prospective observational studies,2019,EBioMedicine,article,Cutaneous Melanoma Detection and Management,Oncology,Medicine,Health Sciences,https://doi.org/10.1016/j.ebiom.2019.01.028,58,40
W2900701007,Sonification of numerical data for education,2019,Open Learning The Journal of Open Distance and e-Learning,article,Tactile and Sensory Interactions,Cognitive Neuroscience,Neuroscience,Life Sciences,https://doi.org/10.1080/02680513.2018.1553707,21,20
W2018340980,A comprehensive framework for auditory display,2005,ACM Transactions on Applied Perception,article,Tactile and Sensory Interactions,Cognitive Neuroscience,Neuroscience,Life Sciences,https://doi.org/10.1145/1101530.1101533,9,20
W2000472550,HCI Design and Interactive Sonification for Fingers and Ears,2005,IEEE Multimedia,article,Music Technology and Sound Studies,Computer Vision and Pattern Recognition,Computer Science,Physical Sciences,https://doi.org/10.1109/mmul.2005.27,21,26
W1988031976,"Sonification of Surface Tapping Changes Behavior, Surface Perception, and Emotion",2015,IEEE Multimedia,article,Tactile and Sensory Interactions,Cognitive Neuroscience,Neuroscience,Life Sciences,https://doi.org/10.1109/mmul.2015.14,35,23
W4251060490,Interactive sonification,2012,Journal on Multimodal User Interfaces,article,Tactile and Sensory Interactions,Cognitive Neuroscience,Neuroscience,Life Sciences,https://doi.org/10.1007/s12193-012-0095-7,16,0
W1589962547,Parameter-mapping sonification for manual control task: Timbre and intensity manupluration to sonify dynamic system state,2013,Society of Instrument and Control Engineers of Japan,article,Tactile and Sensory Interactions,Cognitive Neuroscience,Neuroscience,Life Sciences,,2,14
W2955817276,<i>Visualize music and ‘Sonify’ pictures</i>: studying children’s and adults’ pitch-height invented notations,2019,Music Education Research,article,Neuroscience and Music Perception,Cognitive Neuroscience,Neuroscience,Life Sciences,https://doi.org/10.1080/14613808.2019.1626361,6,57
W1561849633,Using a Sonified Topographic Approach to Communicate Spatial Information to People with Visual Impairments,2010,Journal of Special Education Technology,article,Tactile and Sensory Interactions,Cognitive Neuroscience,Neuroscience,Life Sciences,https://doi.org/10.1177/016264341002500103,4,31
W4365145875,Sonification as a reliable alternative to conventional visual surgical navigation,2023,Scientific Reports,article,Tactile and Sensory Interactions,Cognitive Neuroscience,Neuroscience,Life Sciences,https://doi.org/10.1038/s41598-023-32778-z,31,85
W2173372376,Pulse of an Ocean: Sonification of Ocean Buoy Data,2005,Leonardo,article,Time Series Analysis and Forecasting,Signal Processing,Computer Science,Physical Sciences,https://doi.org/10.1162/0024094053722453,19,20
W1997199355,In-Vehicle Auditory Display of Symbolic Information,2000,Proceedings of the Human Factors and Ergonomics Society Annual Meeting,article,Safety Warnings and Signage,Social Psychology,Psychology,Social Sciences,https://doi.org/10.1177/154193120004402001,12,12
W2946089718,Combining VR Visualization and Sonification for Immersive Exploration of Urban Noise Standards,2019,Multimodal Technologies and Interaction,article,Noise Effects and Management,Speech and Hearing,Health Professions,Health Sciences,https://doi.org/10.3390/mti3020034,37,27
W2145956370,RELATIVE INTENSITY OF AUDITORY CONTEXT FOR AUDITORY GRAPH DESIGN,2006,,article,Multisensory perception and integration,Experimental and Cognitive Psychology,Psychology,Social Sciences,,11,20
W69473232,Improving Running Mechanics by Use of Interactive Sonification,2010,,article,Music Technology and Sound Studies,Computer Vision and Pattern Recognition,Computer Science,Physical Sciences,,26,10
W2104568166,Learning Musical Instrument Skills Through Interactive Sonification,2006,,article,Music Technology and Sound Studies,Computer Vision and Pattern Recognition,Computer Science,Physical Sciences,https://doi.org/10.5281/zenodo.1176899,29,22
W2080524434,Free-Field Localization Performance With a Head-Tracked Virtual Auditory Display,2015,IEEE Journal of Selected Topics in Signal Processing,article,Hearing Loss and Rehabilitation,Cognitive Neuroscience,Neuroscience,Life Sciences,https://doi.org/10.1109/jstsp.2015.2421874,19,41
W2138478249,"SONIFICATION OF DAILY WEATHER RECORDS: ISSUES OF PERCEPTION, ATTENTION AND MEMORY IN DESIGN CHOICES",2001,Lincoln (University of Nebraska),article,Music and Audio Processing,Signal Processing,Computer Science,Physical Sciences,,40,3
W2118847155,Sonification of range information for 3-D space perception,2003,IEEE Transactions on Neural Systems and Rehabilitation Engineering,article,Tactile and Sensory Interactions,Cognitive Neuroscience,Neuroscience,Life Sciences,https://doi.org/10.1109/tnsre.2003.819645,28,10
W2210072501,Designing Interactions with Multilevel Auditory Displays in Mobile Audio-Augmented Reality,2015,ACM Transactions on Computer-Human Interaction,article,Tactile and Sensory Interactions,Cognitive Neuroscience,Neuroscience,Life Sciences,https://doi.org/10.1145/2829944,16,44
W2171545112,Sonifying the Shape of Human Body Motion using Motiongrams,2013,Empirical Musicology Review,article,Tactile and Sensory Interactions,Cognitive Neuroscience,Neuroscience,Life Sciences,https://doi.org/10.18061/emr.v8i2.3926,9,54
W2972871164,Interactive sonification strategies for the motion and emotion of dance performances,2020,Journal on Multimodal User Interfaces,article,Music Technology and Sound Studies,Computer Vision and Pattern Recognition,Computer Science,Physical Sciences,https://doi.org/10.1007/s12193-020-00321-3,19,132
W2087230385,Listening to complexity: blind people’s learning about gas particles through a sonified model,2011,International Journal on Disability and Human Development,article,Tactile and Sensory Interactions,Cognitive Neuroscience,Neuroscience,Life Sciences,https://doi.org/10.1515/ijdhd.2011.013,4,41
W2597549188,Auditory display of seismic data: On the use of experts' categorizations and verbal descriptions as heuristics for geoscience,2017,The Journal of the Acoustical Society of America,article,Seismic Waves and Analysis,Geophysics,Earth and Planetary Sciences,Physical Sciences,https://doi.org/10.1121/1.4978441,17,48
W2466158603,Continuous sonification enhances adequacy of interactions in peripheral process monitoring,2016,International Journal of Human-Computer Studies,article,Tactile and Sensory Interactions,Cognitive Neuroscience,Neuroscience,Life Sciences,https://doi.org/10.1016/j.ijhcs.2016.06.002,32,31
W3003963609,The use of sonification for physiotherapy in human movement tasks: A scoping review,2020,Science & Sports,article,Stroke Rehabilitation and Recovery,Rehabilitation,Medicine,Health Sciences,https://doi.org/10.1016/j.scispo.2019.12.004,32,72
W2777439240,Web Sonification Sandbox - an Easy-to-Use Web Application for Sonifying Data and Equations,2017,Queen Mary Research Online (Queen Mary University of London),article,Multimedia Communication and Technology,Sociology and Political Science,Social Sciences,Social Sciences,,4,0
W2342039739,SONIGait: a wireless instrumented insole device for real-time sonification of gait,2016,Journal on Multimodal User Interfaces,article,Muscle activation and electromyography studies,Biomedical Engineering,Engineering,Physical Sciences,https://doi.org/10.1007/s12193-016-0216-9,34,40
W2111380916,The bird's ear view of space physics: Audification as a tool for the spectral analysis of time series data,2014,Journal of Geophysical Research Space Physics,article,Complex Systems and Time Series Analysis,Economics and Econometrics,"Economics, Econometrics and Finance",Social Sciences,https://doi.org/10.1002/2014ja020025,28,42
W4390107141,Sonification for Personalised Gait Intervention,2023,Sensors,article,Tactile and Sensory Interactions,Cognitive Neuroscience,Neuroscience,Life Sciences,https://doi.org/10.3390/s24010065,19,61
W173439418,Moodmixer : {Eeg}-Based Collaborative Sonification,2011,,article,EEG and Brain-Computer Interfaces,Cognitive Neuroscience,Neuroscience,Life Sciences,https://doi.org/10.5281/zenodo.1178089,21,10
W1533843421,PERCEPTUAL CONSENQUECES OF INCLUDING REVERBERATION IN SPATIAL AUDITORY DISPLAYS,2003,,article,Hearing Loss and Rehabilitation,Cognitive Neuroscience,Neuroscience,Life Sciences,,14,19
W3014101195,Movement sonification expectancy model: leveraging musical expectancy theory to create movement-altering sonifications,2020,Journal on Multimodal User Interfaces,article,Tactile and Sensory Interactions,Cognitive Neuroscience,Neuroscience,Life Sciences,https://doi.org/10.1007/s12193-020-00322-2,19,45
W2138236785,Sound Information: Sonification in the Age of Complex Data and Digital Audio,2015,Information & Culture,article,Tactile and Sensory Interactions,Cognitive Neuroscience,Neuroscience,Life Sciences,https://doi.org/10.1353/lac.2015.0021,14,58
W2756207886,Scalable earcons: Bridging the gap between intermittent and continuous auditory displays,2006,,article,Healthcare Technology and Patient Monitoring,Surgery,Medicine,Health Sciences,,17,12
W2924476848,Dual Mode Gait Sonification for Rehabilitation After Unilateral Hip Arthroplasty,2019,Brain Sciences,article,"Balance, Gait, and Falls Prevention","Physical Therapy, Sports Therapy and Rehabilitation",Health Professions,Health Sciences,https://doi.org/10.3390/brainsci9030066,33,70
W2780310278,Sonification of network traffic flow for monitoring and situational awareness,2018,PLoS ONE,article,Data Visualization and Analytics,Computer Vision and Pattern Recognition,Computer Science,Physical Sciences,https://doi.org/10.1371/journal.pone.0195948,26,54
W2340383253,The Sounds of Desaturation: A Survey of Commercial Pulse Oximeter Sonifications,2016,Anesthesia & Analgesia,article,Healthcare Technology and Patient Monitoring,Surgery,Medicine,Health Sciences,https://doi.org/10.1213/ane.0000000000001240,26,8
W3087760518,A Perspective on Implementing Movement Sonification to Influence Movement (and Eventually Cognitive) Creativity,2020,Frontiers in Psychology,article,Action Observation and Synchronization,Social Psychology,Psychology,Social Sciences,https://doi.org/10.3389/fpsyg.2020.02233,30,74
W3033600316,A Comparative Study in Real-Time Scene Sonification for Visually Impaired People,2020,Sensors,article,Tactile and Sensory Interactions,Cognitive Neuroscience,Neuroscience,Life Sciences,https://doi.org/10.3390/s20113222,32,34
W2317386813,<i>Aftershock</i>: A science–art collaboration through sonification,2014,Organised Sound,article,Seismic Waves and Analysis,Geophysics,Earth and Planetary Sciences,Physical Sciences,https://doi.org/10.1017/s1355771813000368,29,17
W3078797493,Intentionality and design in the data sonification of social issues,2020,Big Data & Society,article,Plant and Biological Electrophysiology Studies,Plant Science,Agricultural and Biological Sciences,Life Sciences,https://doi.org/10.1177/2053951720944603,22,16
W2151304636,Sonification Of Facial Actions For Musical Expression,2005,TU/e Research Portal,book,Tactile and Sensory Interactions,Cognitive Neuroscience,Neuroscience,Life Sciences,https://doi.org/10.5281/zenodo.1176750,19,20
W3107648448,Interactive sonification to assist children with autism during motor therapeutic interventions,2020,Personal and Ubiquitous Computing,article,Tactile and Sensory Interactions,Cognitive Neuroscience,Neuroscience,Life Sciences,https://doi.org/10.1007/s00779-020-01479-z,17,69
W2220788890,Sonification as Concurrent Augmented Feedback for Motor Skill Learning and the Importance of Mapping Design,2015,The Open Psychology Journal,article,Action Observation and Synchronization,Social Psychology,Psychology,Social Sciences,https://doi.org/10.2174/1874350101508010192,35,101
W364587295,"SPEECH INTELLIGIBILITY, SPATIAL UNMASKING, AND REALISM IN REVERBERANT SPATIAL AUDITORY DISPLAYS",2002,,article,Hearing Loss and Rehabilitation,Cognitive Neuroscience,Neuroscience,Life Sciences,,16,41
W2138826098,Interacting with sonification systems: closing the loop,2004,,article,Music Technology and Sound Studies,Computer Vision and Pattern Recognition,Computer Science,Physical Sciences,https://doi.org/10.1109/iv.2004.82,18,8
W2408908460,Transfer Technique for Minimizing Waste of Sonified Adjuvant Emulsions,1996,BioTechniques,article,Microfluidic and Bio-sensing Technologies,Biomedical Engineering,Engineering,Physical Sciences,https://doi.org/10.2144/96201bm04,2,0
W2029604321,Sonification of in-vehicle interface reduces gaze movements under dual-task condition,2015,Applied Ergonomics,article,Human-Automation Interaction and Safety,Social Psychology,Psychology,Social Sciences,https://doi.org/10.1016/j.apergo.2015.02.004,16,53
W2322255606,Sonification of Emotion: Strategies and results from the intersection with music,2014,Organised Sound,article,Neuroscience and Music Perception,Cognitive Neuroscience,Neuroscience,Life Sciences,https://doi.org/10.1017/s1355771813000411,20,38
W2064678494,Sonification of optical coherence tomography data and images,2010,Optics Express,article,Optical Coherence Tomography Applications,Biomedical Engineering,Engineering,Physical Sciences,https://doi.org/10.1364/oe.18.009934,21,27
W1422997726,A Prototype Audio-Tactile Map System with an Advanced Auditory Display,2015,International Journal of Mobile Human Computer Interaction,article,Tactile and Sensory Interactions,Cognitive Neuroscience,Neuroscience,Life Sciences,https://doi.org/10.4018/ijmhci.2015100104,14,27
W4249323970,Ecological Psychoacoustics and Auditory Displays,2004,,book-chapter,Noise Effects and Management,Speech and Hearing,Health Professions,Health Sciences,https://doi.org/10.1163/9780080477442_009,8,0
W2553353351,Sonifying the location of an object: A comparison of three methods,2016,IFAC-PapersOnLine,article,Tactile and Sensory Interactions,Cognitive Neuroscience,Neuroscience,Life Sciences,https://doi.org/10.1016/j.ifacol.2016.10.614,7,28
W2171678418,ENCODING AND REPRESENTATION OF INFORMATION IN AUDITORY GRAPHS: DESCRIPTIVE REPORTS OF LISTENER STRATEGIES FOR UNDERSTANDING DATA,2008,,article,Tactile and Sensory Interactions,Cognitive Neuroscience,Neuroscience,Life Sciences,,15,30
W1502148365,Lobbying for the ear : the public fascination with and academic legitimacy of the sonification of scientific data,2012,,dissertation,Climate Change Communication and Perception,Sociology and Political Science,Social Sciences,Social Sciences,https://doi.org/10.26481/dis.20120606as,28,213
W1556850597,Sonification of a network’s self-organized criticality for real-time situational awareness,2016,Displays,article,Tactile and Sensory Interactions,Cognitive Neuroscience,Neuroscience,Life Sciences,https://doi.org/10.1016/j.displa.2016.05.002,16,20
W1494268321,Evaluation of the cocktail-party effect for multiple speech stimuli within a spatial auditory display,1995,Journal of the Audio Engineering Society,article,Tactile and Sensory Interactions,Cognitive Neuroscience,Neuroscience,Life Sciences,,19,0
W2510121892,Sonification of musicians' ancillary gestures,2006,,article,Tactile and Sensory Interactions,Cognitive Neuroscience,Neuroscience,Life Sciences,,12,10
W2165482355,Procedure for determination of free and total cholesterol in micro- or nanogram amounts suitable for studies with cultured cells.,1978,Journal of Lipid Research,article,Steroid Chemistry and Biochemistry,Molecular Biology,"Biochemistry, Genetics and Molecular Biology",Life Sciences,https://doi.org/10.1016/s0022-2275(20)40693-5,558,9
W1570896577,Auditory Displays in Human–Machine Interfaces of Mobile Robots for Non-Speech Communication with Humans,2001,Journal of Intelligent & Robotic Systems,article,Human-Automation Interaction and Safety,Social Psychology,Psychology,Social Sciences,https://doi.org/10.1023/a:1013953213049,19,4
W2904802400,Aesthetics of sonification,2017,,book-chapter,Visual Culture and Art Theory,Visual Arts and Performing Arts,Arts and Humanities,Social Sciences,https://doi.org/10.4324/9781315569628-6,11,1
W2952582255,Ways of Listening and Modes of Being: Electroacoustic Auditory Display,2013,arXiv (Cornell University),preprint,Music Technology and Sound Studies,Computer Vision and Pattern Recognition,Computer Science,Physical Sciences,https://doi.org/10.48550/arxiv.1311.5880,12,0
W4392863775,Application of Convolutional Neural Network for Decoding of 12-Lead Electrocardiogram from a Frequency-Modulated Audio Stream (Sonified ECG),2024,Sensors,article,ECG Monitoring and Analysis,Cardiology and Cardiovascular Medicine,Medicine,Health Sciences,https://doi.org/10.3390/s24061883,4,100
W1977621004,Interactive hierarchy-based auditory displays for accessing and manipulating relational diagrams,2011,Journal on Multimodal User Interfaces,article,Data Visualization and Analytics,Computer Vision and Pattern Recognition,Computer Science,Physical Sciences,https://doi.org/10.1007/s12193-011-0067-3,15,45
W2083225880,Sonification of Probabilistic Feedback through Granular Synthesis,2005,IEEE Multimedia,article,Music Technology and Sound Studies,Computer Vision and Pattern Recognition,Computer Science,Physical Sciences,https://doi.org/10.1109/mmul.2005.37,20,19
W3154541901,Sonifying Data from the Human Microbiota: Biota Beats,2020,Computer Music Journal,article,Music Technology and Sound Studies,Computer Vision and Pattern Recognition,Computer Science,Physical Sciences,https://doi.org/10.1162/comj_a_00552,8,22
W1505944291,Creating three dimensions in virtual auditory displays,2002,,article,Hearing Loss and Rehabilitation,Cognitive Neuroscience,Neuroscience,Life Sciences,,10,24
W1999906123,After direct manipulation---direct sonification,2005,ACM Transactions on Applied Perception,article,Tactile and Sensory Interactions,Cognitive Neuroscience,Neuroscience,Life Sciences,https://doi.org/10.1145/1101530.1101548,17,32
W4386029444,Towards a unified terminology for sonification and visualization,2023,Personal and Ubiquitous Computing,article,Data Visualization and Analytics,Computer Vision and Pattern Recognition,Computer Science,Physical Sciences,https://doi.org/10.1007/s00779-023-01720-5,17,62
W2148523834,A Portable Sonified Neurofeedback Therapy for Autism Spectrum Disorder Patients-An Initial Evaluation,2013,Journal of Neurological Disorders,article,EEG and Brain-Computer Interfaces,Cognitive Neuroscience,Neuroscience,Life Sciences,https://doi.org/10.4172/2329-6895.1000133,3,21
W2073445176,Acoustic User Interface (AUI) for the auditory displays,2002,Displays,article,Tactile and Sensory Interactions,Cognitive Neuroscience,Neuroscience,Life Sciences,https://doi.org/10.1016/s0141-9382(02)00011-2,10,4
W2742440020,SonifEye: Sonification of Visual Information Using Physical Modeling Sound Synthesis,2017,IEEE Transactions on Visualization and Computer Graphics,article,Tactile and Sensory Interactions,Cognitive Neuroscience,Neuroscience,Life Sciences,https://doi.org/10.1109/tvcg.2017.2734327,29,14
W283958787,Human Factors Military Lexicon: Auditory Displays,2001,,report,Human-Automation Interaction and Safety,Social Psychology,Psychology,Social Sciences,https://doi.org/10.21236/ada395942,10,5
W2939610444,"Analysis of the vibrational and sound spectrum of over 100,000 protein structures and application in sonification",2019,Extreme Mechanics Letters,article,Plant and Biological Electrophysiology Studies,Plant Science,Agricultural and Biological Sciences,Life Sciences,https://doi.org/10.1016/j.eml.2019.100460,31,35
W2036508697,Identification and Discrimination of Components of Elementary Auditory Displays,1956,The Journal of the Acoustical Society of America,article,Hearing Loss and Rehabilitation,Cognitive Neuroscience,Neuroscience,Life Sciences,https://doi.org/10.1121/1.1908512,10,0
W1504935443,“Let Me Hear Your Handwriting!” Evaluating the Movement Fluency from Its Sonification,2015,PLoS ONE,article,Hearing Impairment and Communication,Developmental and Educational Psychology,Psychology,Social Sciences,https://doi.org/10.1371/journal.pone.0128388,17,54
W79733972,Wave Scattering from Surface-Breaking Cracks Sonified by a Linear Phased Array,1999,Review of Progress in Quantitative Nondestructive Evaluation,book-chapter,Geotechnical Engineering and Underground Structures,Civil and Structural Engineering,Engineering,Physical Sciences,https://doi.org/10.1007/978-1-4615-4791-4_8,2,7
W2970480061,"Exploring Data Sonification to Enable, Enhance, and Accelerate the Analysis of Big, Noisy, and Multi-Dimensional Data",2017,Proceedings of the International Astronomical Union,article,Multisensory perception and integration,Experimental and Cognitive Psychology,Psychology,Social Sciences,https://doi.org/10.1017/s1743921318002703,23,23
W2841520486,Entraining chaotic dynamics: A novel movement sonification paradigm could promote generalization,2018,Human Movement Science,article,Action Observation and Synchronization,Social Psychology,Psychology,Social Sciences,https://doi.org/10.1016/j.humov.2018.06.016,18,106
W1997618744,A Detection Theory Method for the Analysis of Visual and Auditory Displays,1987,Proceedings of the Human Factors and Ergonomics Society Annual Meeting,article,Industrial Vision Systems and Defect Detection,Industrial and Manufacturing Engineering,Engineering,Physical Sciences,https://doi.org/10.1177/154193128703101101,11,8
W2401907668,SonNet: A Code Interface for Sonifying Computer Network Data,2013,,article,Music Technology and Sound Studies,Computer Vision and Pattern Recognition,Computer Science,Physical Sciences,https://doi.org/10.5072/zenodo.207337,12,14
W2115247616,BRIEF TRAINING FOR PERFORMANCE OF A POINT ESTIMATION SONIFICATION TASK,2005,,article,Forecasting Techniques and Applications,Management Science and Operations Research,Decision Sciences,Social Sciences,,11,22
W2529751265,Who's sonifying data and how are they doing it? A comparison of ICAD and other venues since 2009,2012,,article,Music and Audio Processing,Signal Processing,Computer Science,Physical Sciences,,13,6
W2529719565,A Modular Computer Vision Sonification Model For The Visually Impaired,2012,SMARTech Repository (Georgia Institute of Technology),article,Tactile and Sensory Interactions,Cognitive Neuroscience,Neuroscience,Life Sciences,,15,14
W2077123625,Spatial and Spectral Release from Masking in Three-Dimensional Auditory Displays,1995,Human Factors The Journal of the Human Factors and Ergonomics Society,article,Hearing Loss and Rehabilitation,Cognitive Neuroscience,Neuroscience,Life Sciences,https://doi.org/10.1518/001872095779064573,14,24
W2060722090,Identification of Elementary Auditory Displays and the Method of Recognition Memory,1959,The Journal of the Acoustical Society of America,article,Infrared Target Detection Methodologies,Aerospace Engineering,Engineering,Physical Sciences,https://doi.org/10.1121/1.1907838,11,0
W2785249477,Visualization and Sonification of Long-Term Epilepsy Electroencephalogram Monitoring,2018,Journal of Medical and Biological Engineering,article,EEG and Brain-Computer Interfaces,Cognitive Neuroscience,Neuroscience,Life Sciences,https://doi.org/10.1007/s40846-017-0358-6,15,25
W1538536596,PSYCHOPHYSICAL CALIBRATION FOR CONTROLLING THE RANGE OF A VIRTUAL SOUND SOURCE: MULTIDIMENSIONAL COMPLEXITY IN SPATIAL AUDITORY DISPLAY,2001,,article,Hearing Loss and Rehabilitation,Cognitive Neuroscience,Neuroscience,Life Sciences,,19,37
W2208213853,Novel Pulse Oximetry Sonifications for Neonatal Oxygen Saturation Monitoring,2015,Human Factors The Journal of the Human Factors and Ergonomics Society,article,Healthcare Technology and Patient Monitoring,Surgery,Medicine,Health Sciences,https://doi.org/10.1177/0018720815617406,24,39
W4308787230,Sound experts’ perspectives on astronomy sonification projects,2022,Nature Astronomy,article,Multisensory perception and integration,Experimental and Cognitive Psychology,Psychology,Social Sciences,https://doi.org/10.1038/s41550-022-01821-w,19,64
W2804228033,Acceleration and deceleration at constant speed: systematic modulation of motion perception by kinematic sonification,2018,Annals of the New York Academy of Sciences,article,Multisensory perception and integration,Experimental and Cognitive Psychology,Psychology,Social Sciences,https://doi.org/10.1111/nyas.13693,29,54
W4242350573,Sonification ≠ Music,2018,Oxford University Press eBooks,book,Music Technology and Sound Studies,Computer Vision and Pattern Recognition,Computer Science,Physical Sciences,https://doi.org/10.1093/oxfordhb/9780190226992.013.9,10,0
W2171635740,Evaluating auditory graphs with blind students in a classroom,2012,ACM SIGACCESS Accessibility and Computing,article,Tactile and Sensory Interactions,Cognitive Neuroscience,Neuroscience,Life Sciences,https://doi.org/10.1145/2140446.2140447,10,9
W2089973559,The fidelity of virtual auditory displays.,1996,The Journal of the Acoustical Society of America,article,Speech and Audio Processing,Signal Processing,Computer Science,Physical Sciences,https://doi.org/10.1121/1.415284,7,0
W66465441,SURF MUSIC: SONIFICATION OF OCEAN BUOY SPECTRAL DATA,2002,,article,Underwater Acoustics Research,Oceanography,Earth and Planetary Sciences,Physical Sciences,,15,5
W2010407571,Communicating directional information with an auditory display.,1971,Journal of Applied Psychology,article,Tactile and Sensory Interactions,Cognitive Neuroscience,Neuroscience,Life Sciences,https://doi.org/10.1037/h0031028,8,7
W2738948243,Advantages of melodic over rhythmic movement sonification in bimanual motor skill learning,2017,Experimental Brain Research,article,Tactile and Sensory Interactions,Cognitive Neuroscience,Neuroscience,Life Sciences,https://doi.org/10.1007/s00221-017-5047-8,30,45
W2317259854,Auditory Display as a Prosthetic Hand Biofeedback,2011,Journal of Medical Imaging and Health Informatics,article,Muscle activation and electromyography studies,Biomedical Engineering,Engineering,Physical Sciences,https://doi.org/10.1166/jmihi.2011.1051,8,0
W2121802159,Sonification design and metaphors,2005,ACM Transactions on Applied Perception,article,Tactile and Sensory Interactions,Cognitive Neuroscience,Neuroscience,Life Sciences,https://doi.org/10.1145/1101530.1101535,9,27
W2991477142,Sounds interesting: can sonification help us design new proteins?,2019,Expert Review of Proteomics,article,Music Technology and Sound Studies,Computer Vision and Pattern Recognition,Computer Science,Physical Sciences,https://doi.org/10.1080/14789450.2019.1697236,25,14
W4248420834,Sound Information: Sonification in the Age of Complex Data and Digital Audio,2015,Information & Culture,article,Tactile and Sensory Interactions,Cognitive Neuroscience,Neuroscience,Life Sciences,https://doi.org/10.7560/ic50401,11,0
W3163489024,DNA sonification for public engagement in bioinformatics,2021,BMC Research Notes,article,Music Technology and Sound Studies,Computer Vision and Pattern Recognition,Computer Science,Physical Sciences,https://doi.org/10.1186/s13104-021-05685-7,15,17
W2989822445,Using the Sonification for Hardly Detectable Details in Medical Images,2019,Scientific Reports,article,Underwater Acoustics Research,Oceanography,Earth and Planetary Sciences,Physical Sciences,https://doi.org/10.1038/s41598-019-54080-7,11,32
W3011400720,"Sonification based <i>de novo</i> protein design using artificial intelligence, structure prediction, and analysis using molecular modeling",2020,APL Bioengineering,article,Protein Structure and Dynamics,Molecular Biology,"Biochemistry, Genetics and Molecular Biology",Life Sciences,https://doi.org/10.1063/1.5133026,51,45
W2074447560,Preparation and Characterization of Fucoidan-Chitosan Nanospheres by the Sonification Method,2014,Journal of Nanoscience and Nanotechnology,article,Seaweed-derived Bioactive Compounds,Aquatic Science,Agricultural and Biological Sciences,Life Sciences,https://doi.org/10.1166/jnn.2014.8026,20,0
W2943896963,Sonifying the quantified self: Rhythmanalysis and performance research in and against the reduction of life-time to labour-time,2019,Capital & Class,article,Philosophical and Theoretical Analysis,Philosophy,Arts and Humanities,Social Sciences,https://doi.org/10.1177/0309816819873370,12,50
W1487133803,Information Fusion for Perceptual Feedback: A Brain Activity Sonification Approach,2008,,book-chapter,EEG and Brain-Computer Interfaces,Cognitive Neuroscience,Neuroscience,Life Sciences,https://doi.org/10.1007/978-0-387-74367-7_14,14,14
W2066179714,Perceptualization of biomedical data. An experimental environment for visualization and sonification of brain electrical activity,1999,IEEE Engineering in Medicine and Biology Magazine,article,Tactile and Sensory Interactions,Cognitive Neuroscience,Neuroscience,Life Sciences,https://doi.org/10.1109/51.740964,26,17
W2243995479,Concurrent Auditory Stream Discrimination in Auditory Graphing,2007,OPUS - Open Publications of UTS Scholars (University of Technology Sydney),article,Speech and Audio Processing,Signal Processing,Computer Science,Physical Sciences,,7,29
W3036207587,Sonification of the self vs. sonification of the other: Differences in the sonification of performed vs. observed simple hand movements,2020,International Journal of Human-Computer Studies,article,Tactile and Sensory Interactions,Cognitive Neuroscience,Neuroscience,Life Sciences,https://doi.org/10.1016/j.ijhcs.2020.102500,7,23
W2737028158,"Auditory Displays: If They are so Useful, Why are they Turned Off?",1993,Proceedings of the Human Factors and Ergonomics Society Annual Meeting,article,Human-Automation Interaction and Safety,Social Psychology,Psychology,Social Sciences,https://doi.org/10.1177/154193129303700907,10,6
W3210438141,"Aiding Movement with Sonification in “Exercise, Play and Sport”",2011,PUB – Publications at Bielefeld University (Bielefeld University),book-chapter,Tactile and Sensory Interactions,Cognitive Neuroscience,Neuroscience,Life Sciences,,18,0
W2571311760,Handwriting Movement Sonification: Why and How?,2017,IEEE Transactions on Human-Machine Systems,article,Tactile and Sensory Interactions,Cognitive Neuroscience,Neuroscience,Life Sciences,https://doi.org/10.1109/thms.2016.2641397,12,42
W2570406886,Development of Virtual Auditory Display Software Responsive to Head Movement,2006,Medical Entomology and Zoology,article,Simulation and Modeling Applications,Control and Systems Engineering,Engineering,Physical Sciences,,11,0
W2976744845,Musical Borrowing in Sonification,2019,Organised Sound,article,Music Technology and Sound Studies,Computer Vision and Pattern Recognition,Computer Science,Physical Sciences,https://doi.org/10.1017/s1355771819000220,7,24
W178254092,ADVANTAGES AND ISSUES WITH CONCURRENT AUDIO PRESENTATION AS PART OF AN AUDITORY DISPLAY,2006,,article,Tactile and Sensory Interactions,Cognitive Neuroscience,Neuroscience,Life Sciences,,11,28
W2598797789,On the Auditory-Proprioception Substitution Hypothesis: Movement Sonification in Two Deafferented Subjects Learning to Write New Characters,2017,Frontiers in Neuroscience,article,Tactile and Sensory Interactions,Cognitive Neuroscience,Neuroscience,Life Sciences,https://doi.org/10.3389/fnins.2017.00137,34,52
W2553043867,A FRAMEWORK FOR DESIGNING IMAGE SONIFICATION METHODS,2005,,article,Tactile and Sensory Interactions,Cognitive Neuroscience,Neuroscience,Life Sciences,,14,2
W4376113090,Sonification of navigation instructions for people with visual impairment,2023,International Journal of Human-Computer Studies,article,Tactile and Sensory Interactions,Cognitive Neuroscience,Neuroscience,Life Sciences,https://doi.org/10.1016/j.ijhcs.2023.103057,16,101
W2403300874,Transposing musical skill: sonification of movement as concurrent augmented feedback enhances learning in a bimanual task,2016,Psychological Research,article,Action Observation and Synchronization,Social Psychology,Psychology,Social Sciences,https://doi.org/10.1007/s00426-016-0775-0,31,69
W3098623617,Sonification of a Network's Self-Organized Criticality for Real-time Situational Awareness,2017,Northumbria Research Link (Northumbria University),article,Data Visualization and Analytics,Computer Vision and Pattern Recognition,Computer Science,Physical Sciences,,12,36
W1489238586,Elementary Gestalts for Gesture Sonification,2008,,article,Music Technology and Sound Studies,Computer Vision and Pattern Recognition,Computer Science,Physical Sciences,https://doi.org/10.5072/zenodo.206001,12,6
W2595475176,"Using an auditory display to manage attention in a dual task, multiscreen environment",2002,,article,Noise Effects and Management,Speech and Hearing,Health Professions,Health Sciences,,12,7
W3167579480,Sonification of combined action observation and motor imagery: Effects on corticospinal excitability,2021,Brain and Cognition,article,Action Observation and Synchronization,Social Psychology,Psychology,Social Sciences,https://doi.org/10.1016/j.bandc.2021.105768,22,124
W2048406836,Impact of speech presentation level on cognitive task performance: implications for auditory display design,2002,Ergonomics,article,Human-Automation Interaction and Safety,Social Psychology,Psychology,Social Sciences,https://doi.org/10.1080/00140130110115336,15,29
W186630050,Broad-beam spectral Doppler sonification of the vena contracta using matrix-array technology,2005,Journal of the American College of Cardiology,article,Cardiac Valve Diseases and Treatments,Cardiology and Cardiovascular Medicine,Medicine,Health Sciences,https://doi.org/10.1016/j.jacc.2004.11.036,28,44
W2235031008,Diagnosing blood pressure with Acoustic Sonification singing bowls,2015,International Journal of Human-Computer Studies,article,Tactile and Sensory Interactions,Cognitive Neuroscience,Neuroscience,Life Sciences,https://doi.org/10.1016/j.ijhcs.2015.08.007,17,13
W4213362395,Sonification-Enhanced Lattice Model Animations for Teaching the Protein Folding Reaction,2022,Journal of Chemical Education,article,Plant and Biological Electrophysiology Studies,Plant Science,Agricultural and Biological Sciences,Life Sciences,https://doi.org/10.1021/acs.jchemed.1c00857,23,41
W2113077808,<i>Sonified Freaks and Sounding Prostheses</i>: Sonic Representation of Bodies in Performance Art,2015,Leonardo,article,Artistic and Creative Research,Visual Arts and Performing Arts,Arts and Humanities,Social Sciences,https://doi.org/10.1162/leon_a_01113,2,0
W2133789919,"Interactive Sonification: Aesthetics, Functionality and Performance",2006,Leonardo Music Journal,article,Neuroscience and Music Perception,Cognitive Neuroscience,Neuroscience,Life Sciences,https://doi.org/10.1162/lmj.2006.16.9,10,16
W2885975734,A blended quantitative-ethnographic method for describing vocal sonification in dance coaching,2018,Psychology of Language and Communication,article,Action Observation and Synchronization,Social Psychology,Psychology,Social Sciences,https://doi.org/10.2478/plc-2018-0009,23,126
W1981350662,Data-To-Sound Mapping To Sonify Ongoing System Status In Continuous Manual Control Task,2011,Proceedings of the Human Factors and Ergonomics Society Annual Meeting,article,Tactile and Sensory Interactions,Cognitive Neuroscience,Neuroscience,Life Sciences,https://doi.org/10.1177/1071181311551257,2,19
W3129830913,Does sonification of action simulation training impact corticospinal excitability and audiomotor plasticity?,2021,Experimental Brain Research,article,Action Observation and Synchronization,Social Psychology,Psychology,Social Sciences,https://doi.org/10.1007/s00221-021-06069-w,13,127
W1796377598,Auditory Display as a Tool for Teaching Network Intrusion Detection,2008,DOAJ (DOAJ: Directory of Open Access Journals),article,Music Technology and Sound Studies,Computer Vision and Pattern Recognition,Computer Science,Physical Sciences,,7,13
W4410112348,Paving the way for social touch at a distance: Sonifying tactile interactions and their underlying emotions,2025,Proceedings of the National Academy of Sciences,article,Tactile and Sensory Interactions,Cognitive Neuroscience,Neuroscience,Life Sciences,https://doi.org/10.1073/pnas.2407614122,7,42
W2979295318,Musical sonification improves motor control in Parkinson's disease: a proof of concept with handwriting,2019,Annals of the New York Academy of Sciences,article,Neuroscience and Music Perception,Cognitive Neuroscience,Neuroscience,Life Sciences,https://doi.org/10.1111/nyas.14252,24,92
W2056581058,Spatial auditory display,2005,ACM Transactions on Applied Perception,article,Tactile and Sensory Interactions,Cognitive Neuroscience,Neuroscience,Life Sciences,https://doi.org/10.1145/1101530.1101537,4,18
W1987786700,Effects of 3D Auditory Display on Dual Task Performance in a Simulated Multiscreen Watchstation Environment,2002,Proceedings of the Human Factors and Ergonomics Society Annual Meeting,article,Human-Automation Interaction and Safety,Social Psychology,Psychology,Social Sciences,https://doi.org/10.1177/154193120204601709,14,4
W2332691635,Making Climate Data Sing: Using Music-like Sonifications to Convey a Key Climate Record,2016,Bulletin of the American Meteorological Society,article,"Environmental, Ecological, and Cultural Studies",Sociology and Political Science,Social Sciences,Social Sciences,https://doi.org/10.1175/bams-d-15-00223.1,28,10
W1602183433,Morphocons: A New Sonification Concept Based on Morphological Earcons,2012,HAL (Le Centre pour la Communication Scientifique Directe),article,Music Technology and Sound Studies,Computer Vision and Pattern Recognition,Computer Science,Physical Sciences,,18,0
W1579461036,Visual vs Auditory Displays for Different Tasks of a Car Driver,1979,Proceedings of the Human Factors and Ergonomics Society Annual Meeting,article,Human-Automation Interaction and Safety,Social Psychology,Psychology,Social Sciences,https://doi.org/10.1177/107118137902300109,10,0
W1601119534,OmniEye: A Spherical Omnidirectional Vision System to Sonify Robotic Trajectories in the AURAL Environment,2008,Studies in computational intelligence,book-chapter,Advanced Vision and Imaging,Computer Vision and Pattern Recognition,Computer Science,Physical Sciences,https://doi.org/10.1007/978-3-540-85128-8_10,2,25
W3015003219,Nanomechanical sonification of the 2019-nCoV coronavirus spike protein through a materiomusical approach,2020,arXiv (Cornell University),preprint,Microfluidic and Bio-sensing Technologies,Biomedical Engineering,Engineering,Physical Sciences,https://doi.org/10.48550/arxiv.2003.14258,16,32
W4220849832,Sonification and interaction design in computer games for visually impaired individuals,2022,Multimedia Tools and Applications,article,Innovative Human-Technology Interaction,Human-Computer Interaction,Computer Science,Physical Sciences,https://doi.org/10.1007/s11042-022-11984-3,20,43
W2608909763,Gaze-Contingent Auditory Displays for Improved Spatial Attention in Virtual Reality,2017,ACM Transactions on Computer-Human Interaction,article,Tactile and Sensory Interactions,Cognitive Neuroscience,Neuroscience,Life Sciences,https://doi.org/10.1145/3067822,11,72
W2094039158,Auditory Artifacts due to Switching Head-Related Transfer Functions of a Dynamic Virtual Auditory Display,2008,IEICE Transactions on Fundamentals of Electronics Communications and Computer Sciences,article,Hearing Loss and Rehabilitation,Cognitive Neuroscience,Neuroscience,Life Sciences,https://doi.org/10.1093/ietfec/e91-a.6.1320,15,16
W2550159954,Interactive Sonification of Spontaneous Movement of Children—Cross-Modal Mapping and the Perception of Body Movement Qualities through Sound,2016,Frontiers in Neuroscience,article,Neuroscience and Music Perception,Cognitive Neuroscience,Neuroscience,Life Sciences,https://doi.org/10.3389/fnins.2016.00521,18,56
W2748503807,Congruent auditory display and confusion in sound localization: Case of elderly drivers,2017,Transportation Research Part F Traffic Psychology and Behaviour,article,Noise Effects and Management,Speech and Hearing,Health Professions,Health Sciences,https://doi.org/10.1016/j.trf.2017.06.020,11,28
W2094906616,An embodied music cognition approach to multilevel interactive sonification,2012,Journal on Multimodal User Interfaces,article,Tactile and Sensory Interactions,Cognitive Neuroscience,Neuroscience,Life Sciences,https://doi.org/10.1007/s12193-011-0084-2,16,35
W2163514131,Intelligibility of Sonifications for Respiratory Monitoring in Anesthesia,2001,Proceedings of the Human Factors and Ergonomics Society Annual Meeting,article,Healthcare Technology and Patient Monitoring,Surgery,Medicine,Health Sciences,https://doi.org/10.1177/154193120104501708,10,11
W3182879190,Designing and fabricating materials from fire using sonification and deep learning,2021,iScience,article,Tactile and Sensory Interactions,Cognitive Neuroscience,Neuroscience,Life Sciences,https://doi.org/10.1016/j.isci.2021.102873,13,45
W2290003388,SPATIAL AUDITORY DISPLAYS A STUDY ON THE USE OF VIRTUAL AUDIO ENVIRONMENTS AS INTERFACES FOR USERS WITH VISUAL DISABILITIES,2004,,article,Tactile and Sensory Interactions,Cognitive Neuroscience,Neuroscience,Life Sciences,,15,10
W2900110466,Personalised interactive sonification of musical performance data,2019,Journal on Multimodal User Interfaces,article,Music Technology and Sound Studies,Computer Vision and Pattern Recognition,Computer Science,Physical Sciences,https://doi.org/10.1007/s12193-019-00294-y,10,24
W2063192713,Real-time sonified neurofeedback stimulation for the management and relaxation of patients on the autism spectrum,2015,Brain stimulation,article,EEG and Brain-Computer Interfaces,Cognitive Neuroscience,Neuroscience,Life Sciences,https://doi.org/10.1016/j.brs.2015.01.142,2,0
W2765608652,Auditory display as feedback for a novel eye-tracking system for sterile operating room interaction,2017,International Journal of Computer Assisted Radiology and Surgery,article,Healthcare Technology and Patient Monitoring,Surgery,Medicine,Health Sciences,https://doi.org/10.1007/s11548-017-1677-3,11,29
W319337638,HUMAN FACTORS DESIGN OF DYNAMIC VISUAL AND AUDITORY DISPLAYS FOR METROPOLITAN TRAFFIC MANAGEMENT. VOL. 2--DYNAMIC VISUAL DISPLAYS,1981,,article,Human-Automation Interaction and Safety,Social Psychology,Psychology,Social Sciences,,19,0
W4324117850,Molecular sonification for molecule to music information transfer,2023,Digital Discovery,article,Various Chemistry Research Topics,Physical and Theoretical Chemistry,Chemistry,Physical Sciences,https://doi.org/10.1039/d3dd00008g,14,31
W2893968879,A Novel Auditory Display for Neonatal Resuscitation: Laboratory Studies Simulating Pulse Oximetry in the First 10 Minutes After Birth,2018,Human Factors The Journal of the Human Factors and Ergonomics Society,article,Healthcare Technology and Patient Monitoring,Surgery,Medicine,Health Sciences,https://doi.org/10.1177/0018720818793769,13,40
W1988786915,"On Breathing and Geography: Explorations of Data Sonifications of Timespace Processes with Illustrating Examples from a Tidally Dynamic Landscape (Severn Estuary, UK)",2013,Environment and Planning A Economy and Space,article,Diverse Musicological Studies,Music,Arts and Humanities,Social Sciences,https://doi.org/10.1068/a45264,37,52
W2039894621,Sonification: what where how why artistic practice relating sonification to environments,2011,AI & Society,article,Tactile and Sensory Interactions,Cognitive Neuroscience,Neuroscience,Life Sciences,https://doi.org/10.1007/s00146-011-0346-2,10,0
W1994989272,Reproduction and Identification of Elements of Auditory Displays,1959,The Journal of the Acoustical Society of America,article,Hearing Loss and Rehabilitation,Cognitive Neuroscience,Neuroscience,Life Sciences,https://doi.org/10.1121/1.1907617,6,0
W4311176522,Exploring the influence of driver affective state and auditory display urgency on takeover performance in semi-automated vehicles: Experiment and modelling,2022,International Journal of Human-Computer Studies,article,Human-Automation Interaction and Safety,Social Psychology,Psychology,Social Sciences,https://doi.org/10.1016/j.ijhcs.2022.102979,19,77
W3042358928,Evaluation of an enhanced pulse oximeter auditory display: a simulation study,2020,British Journal of Anaesthesia,article,Healthcare Technology and Patient Monitoring,Surgery,Medicine,Health Sciences,https://doi.org/10.1016/j.bja.2020.05.038,9,30
W1995939361,The Helical Keyboard: Perspectives for Spatial Auditory Displays and Visual Music,2002,Journal of New Music Research,article,Music Technology and Sound Studies,Computer Vision and Pattern Recognition,Computer Science,Physical Sciences,https://doi.org/10.1076/jnmr.31.3.269.14180,9,22
W1912587452,Tangible auditory interfaces : combining auditory displays and tangible interfaces,2009,PUB – Publications at Bielefeld University (Bielefeld University),dissertation,Tactile and Sensory Interactions,Cognitive Neuroscience,Neuroscience,Life Sciences,,9,0
W2806231938,Effects of Real-Time (Sonification) and Rhythmic Auditory Stimuli on Recovering Arm Function Post Stroke: A Systematic Review and Meta-Analysis,2018,Frontiers in Neurology,review,Stroke Rehabilitation and Recovery,Rehabilitation,Medicine,Health Sciences,https://doi.org/10.3389/fneur.2018.00488,40,187
W1040355296,Design Patterns for Auditory Displays,2007,,book-chapter,Tactile and Sensory Interactions,Cognitive Neuroscience,Neuroscience,Life Sciences,https://doi.org/10.1007/1-84628-249-7_30,5,28
W2939696799,Cognitive load associations when utilizing auditory display within image-guided neurosurgery,2019,International Journal of Computer Assisted Radiology and Surgery,article,Augmented Reality Applications,Computer Vision and Pattern Recognition,Computer Science,Physical Sciences,https://doi.org/10.1007/s11548-019-01970-w,11,28
W2059957416,"Listening to the Mind Listening: An Analysis of Sonification Reviews, Designs and Correspondences",2006,Leonardo Music Journal,article,Tactile and Sensory Interactions,Cognitive Neuroscience,Neuroscience,Life Sciences,https://doi.org/10.1162/lmj.2006.16.13,18,12
W2604870362,On the Evaluation of Novel Sonification Techniques for Non-Visual Shape Exploration,2017,ACM Transactions on Accessible Computing,article,Tactile and Sensory Interactions,Cognitive Neuroscience,Neuroscience,Life Sciences,https://doi.org/10.1145/3046789,17,31
W2514254236,"Lobbying for the ear, listening with the whole body: the (anti-)visual culture of sonification",2016,Sound Studies,article,Visual Culture and Art Theory,Visual Arts and Performing Arts,Arts and Humanities,Social Sciences,https://doi.org/10.1080/20551940.2016.1214446,20,32
W2128303427,"APPLICATION OF RASTER SCANNING METHOD TO IMAGE SONIFICATION, SOUND VISUALIZATION, SOUND ANALYSIS AND SYNTHESIS",2006,,article,Music Technology and Sound Studies,Computer Vision and Pattern Recognition,Computer Science,Physical Sciences,,17,7
W4385979334,Sounding Robots: Design and Evaluation of Auditory Displays for Unintentional Human-robot Interaction,2023,ACM Transactions on Human-Robot Interaction,article,Social Robot Interaction and HRI,Social Psychology,Psychology,Social Sciences,https://doi.org/10.1145/3611655,11,56
W1805207,Physiosonic - movement sonification as auditory feedback,2009,Parasitology Research,article,Music Technology and Sound Studies,Computer Vision and Pattern Recognition,Computer Science,Physical Sciences,https://doi.org/10.1007/bf00928678,12,16
W2963223223,Automatic detection and sonification of nonmotor generalized onset epileptic seizures: Preliminary results,2019,Brain Research,article,EEG and Brain-Computer Interfaces,Cognitive Neuroscience,Neuroscience,Life Sciences,https://doi.org/10.1016/j.brainres.2019.146341,21,38
W3008668671,ECG sonification to support the diagnosis and monitoring of myocardial infarction,2020,Journal on Multimodal User Interfaces,article,ECG Monitoring and Analysis,Cardiology and Cardiovascular Medicine,Medicine,Health Sciences,https://doi.org/10.1007/s12193-020-00319-x,15,26
W2036091596,Exploration and evaluation of a system for interactive sonification of elite rowing,2014,Sports Engineering,article,Tactile and Sensory Interactions,Cognitive Neuroscience,Neuroscience,Life Sciences,https://doi.org/10.1007/s12283-014-0164-0,13,28
W1982904413,A Design for Auditory Display,2000,Proceedings of the Human Factors and Ergonomics Society Annual Meeting,article,Tactile and Sensory Interactions,Cognitive Neuroscience,Neuroscience,Life Sciences,https://doi.org/10.1177/154193120004400159,4,15
W1538453846,Auditory Display of Audio,2006,Journal of the Audio Engineering Society,article,Hearing Loss and Rehabilitation,Cognitive Neuroscience,Neuroscience,Life Sciences,,4,0
W3205220448,Iterative Design of Sonification Techniques to Support People with Visual Impairments in Obstacle Avoidance,2021,ACM Transactions on Accessible Computing,article,Tactile and Sensory Interactions,Cognitive Neuroscience,Neuroscience,Life Sciences,https://doi.org/10.1145/3470649,21,88
W2491272054,Sonification — ein akustisches Informationskonzept zur menschlichen Bewegung,1998,German Journal of Exercise and Sport Research,article,Noise Effects and Management,Speech and Hearing,Health Professions,Health Sciences,https://doi.org/10.1007/bf03176522,15,0
W2048211076,Effects of Interactive Sonification on Emotionally Expressive Walking Styles,2015,IEEE Transactions on Affective Computing,article,Neuroscience and Music Perception,Cognitive Neuroscience,Neuroscience,Life Sciences,https://doi.org/10.1109/taffc.2015.2416724,15,43
W2738343302,The process of sonification design for guidance tasks,2015,Wi Journal of Mobile Media,article,Tactile and Sensory Interactions,Cognitive Neuroscience,Neuroscience,Life Sciences,https://doi.org/10.65968/ecfy4936,11,21
W3005085113,Mapping for meaning: the embodied sonification listening model and its implications for the mapping problem in sonic information design,2020,Journal on Multimodal User Interfaces,article,"Language, Metaphor, and Cognition",Experimental and Cognitive Psychology,Psychology,Social Sciences,https://doi.org/10.1007/s12193-020-00318-y,28,65
W2320814021,DESIGNING AUDITORY GRAPH OVERVIEWS: AN EXAMINATION OF DISCRETE VS. CONTINUOUS SOUND AND THE INFLUENCE OF PRESENTATION SPEED,2007,,article,Data Visualization and Analytics,Computer Vision and Pattern Recognition,Computer Science,Physical Sciences,,14,20
W3199531051,Non-melanoma skin cancer diagnosis: a comparison between dermoscopic and smartphone images by unified visual and sonification deep learning algorithms,2021,Journal of Cancer Research and Clinical Oncology,article,Cutaneous Melanoma Detection and Management,Oncology,Medicine,Health Sciences,https://doi.org/10.1007/s00432-021-03809-x,33,32
W2066584470,Interactive Sonification for Data Exploration: How listening modes and display purposes define design guidelines,2014,Organised Sound,article,Tactile and Sensory Interactions,Cognitive Neuroscience,Neuroscience,Life Sciences,https://doi.org/10.1017/s1355771813000393,18,38
W79826021,SONIFICATIONS AS MATHEMATICS TEACHING TOOLS,2001,,article,Educational Games and Gamification,Developmental and Educational Psychology,Psychology,Social Sciences,,10,13
W2962242387,Sonification of Three-Dimensional Vector Fields,2004,eScholarship (California Digital Library),article,Music Technology and Sound Studies,Computer Vision and Pattern Recognition,Computer Science,Physical Sciences,,11,14
W2900438384,The SoundBike: musical sonification strategies to enhance cyclists’ spontaneous synchronization to external music,2018,Journal on Multimodal User Interfaces,article,Music Technology and Sound Studies,Computer Vision and Pattern Recognition,Computer Science,Physical Sciences,https://doi.org/10.1007/s12193-018-0279-x,20,32
W2799914914,Sonifying social-ecological change: A wetland laments agricultural transformation,2018,Ecology and Society,article,Land Use and Ecosystem Services,Global and Planetary Change,Environmental Science,Physical Sciences,https://doi.org/10.5751/es-10055-230220,11,30
W3016418421,A Hierarchical Visual Feature-Based Approach For Image Sonification,2020,IEEE Transactions on Multimedia,article,Tactile and Sensory Interactions,Cognitive Neuroscience,Neuroscience,Life Sciences,https://doi.org/10.1109/tmm.2020.2987710,7,38
W412097998,INVESTIGATION OF SYSTEM LATENCY DETECTION THRESHOLD OF VIRTUAL AUDITORY DISPLAY,2006,,article,Hearing Loss and Rehabilitation,Cognitive Neuroscience,Neuroscience,Life Sciences,,8,14
W1585958620,Signal Processing and Sonification of Seismic Electromagnetic Radiation in the ELF Band,2001,Institutional Repositories DataBase (IRDB),article,Earthquake Detection and Analysis,Geophysics,Earth and Planetary Sciences,Physical Sciences,,12,0
W2068054279,Desktop data sonification,2005,ACM Transactions on Applied Perception,article,Tactile and Sensory Interactions,Cognitive Neuroscience,Neuroscience,Life Sciences,https://doi.org/10.1145/1101530.1101545,6,14
W2626276769,An Introduction to Data Sonification,2011,Oxford University Press eBooks,book,Music Technology and Sound Studies,Computer Vision and Pattern Recognition,Computer Science,Physical Sciences,https://doi.org/10.1093/oxfordhb/9780199792030.013.0016,8,0
W1888262238,An Auditory Display for Exploratory Visualization of Multidimensional Data,1991,,book-chapter,Noise Effects and Management,Speech and Hearing,Health Professions,Health Sciences,https://doi.org/10.1007/978-3-642-75903-1_10,6,18
W4212894378,An Embodied Sonification Model for Sit-to-Stand Transfers,2022,Frontiers in Psychology,article,Tactile and Sensory Interactions,Cognitive Neuroscience,Neuroscience,Life Sciences,https://doi.org/10.3389/fpsyg.2022.806861,7,83
W2963309261,Interactive sonification of images in serious games as an education aid for visually impaired children,2019,British Journal of Educational Technology,article,Tactile and Sensory Interactions,Cognitive Neuroscience,Neuroscience,Life Sciences,https://doi.org/10.1111/bjet.12852,19,33
W4246652068,Information Transmission with Elementary Auditory Displays,1958,The Journal of the Acoustical Society of America,article,Tactile and Sensory Interactions,Cognitive Neuroscience,Neuroscience,Life Sciences,https://doi.org/10.1121/1.1909634,5,0
W187194956,Model-based Target Sonification on Mobile Devices,2004,,article,Tactile and Sensory Interactions,Cognitive Neuroscience,Neuroscience,Life Sciences,,8,8
W3107964754,Online sonification improves cycling performance through kinematic and muscular reorganisations,2020,Scientific Reports,article,Tactile and Sensory Interactions,Cognitive Neuroscience,Neuroscience,Life Sciences,https://doi.org/10.1038/s41598-020-76498-0,14,47
W2773024834,A Novel Sonification Approach to Support the Diagnosis of Alzheimer’s Dementia,2017,Frontiers in Neurology,article,Multisensory perception and integration,Experimental and Cognitive Psychology,Psychology,Social Sciences,https://doi.org/10.3389/fneur.2017.00647,13,35
W1996793401,Monitoring Performance on Visual and Auditory Displays,1970,Perceptual and Motor Skills,article,Color perception and design,Social Psychology,Psychology,Social Sciences,https://doi.org/10.2466/pms.1970.30.1.235,5,7
W2140258513,Designing Sonification for Effective Attentional Control in Complex Work Domains,2004,Proceedings of the Human Factors and Ergonomics Society Annual Meeting,article,Human-Automation Interaction and Safety,Social Psychology,Psychology,Social Sciences,https://doi.org/10.1177/154193120404801606,16,25
W4309791143,End-to-End Protein Normal Mode Frequency Predictions Using Language and Graph Models and Application to Sonification,2022,ACS Nano,article,Biochemical and Structural Characterization,Molecular Biology,"Biochemistry, Genetics and Molecular Biology",Life Sciences,https://doi.org/10.1021/acsnano.2c07681,27,61
W2159330012,Conceptual versus Perceptual Training for Auditory Graphs,2005,Proceedings of the Human Factors and Ergonomics Society Annual Meeting,article,Data Visualization and Analytics,Computer Vision and Pattern Recognition,Computer Science,Physical Sciences,https://doi.org/10.1177/154193120504901721,4,10
W3157071352,Effects of Auditory Display Types and Acoustic Variables on Subjective Driver Assessment in a Rail Crossing Context,2021,Transportation Research Record Journal of the Transportation Research Board,article,Safety Warnings and Signage,Social Psychology,Psychology,Social Sciences,https://doi.org/10.1177/03611981211007838,12,28
W2744181172,Distance sonification in image‐guided neurosurgery,2017,Healthcare Technology Letters,article,Tactile and Sensory Interactions,Cognitive Neuroscience,Neuroscience,Life Sciences,https://doi.org/10.1049/htl.2017.0074,6,10
W2117820411,Improving the Aesthetic Quality of Realtime Motion Data Sonification,2007,,article,Human Motion and Animation,Control and Systems Engineering,Engineering,Physical Sciences,,14,11
W1528003425,Sonification of 3D Scenes in an Electronic Travel Aid for the Blind,2011,InTech eBooks,book-chapter,Tactile and Sensory Interactions,Cognitive Neuroscience,Neuroscience,Life Sciences,https://doi.org/10.5772/15311,11,23
W2807741105,Sonification of Network Traffic for Detecting and Learning About Botnet Behavior,2018,IEEE Access,article,Network Security and Intrusion Detection,Computer Networks and Communications,Computer Science,Physical Sciences,https://doi.org/10.1109/access.2018.2847349,15,36
W1604602644,Exploratory Sound Analysis: Sonifying data about sound,2008,,article,Music and Audio Processing,Signal Processing,Computer Science,Physical Sciences,,6,15
W2211533131,Data sonification and sound design in interactive systems,2015,International Journal of Human-Computer Studies,editorial,Tactile and Sensory Interactions,Cognitive Neuroscience,Neuroscience,Life Sciences,https://doi.org/10.1016/j.ijhcs.2015.08.005,12,23
W2472482282,Advances in auditory display research,2016,Journal on Multimodal User Interfaces,article,Tactile and Sensory Interactions,Cognitive Neuroscience,Neuroscience,Life Sciences,https://doi.org/10.1007/s12193-016-0226-7,4,17
W2032754165,An Auditory Display in Playlist Generation,2011,IEEE Signal Processing Magazine,article,Music and Audio Processing,Signal Processing,Computer Science,Physical Sciences,https://doi.org/10.1109/msp.2011.940883,4,50
W1491899529,Guidelines for NextGen Auditory Displays,2012,Journal of the Audio Engineering Society,article,Human-Automation Interaction and Safety,Social Psychology,Psychology,Social Sciences,,4,23
W2903090875,Does embodied training improve the recognition of mid-level expressive movement qualities sonification?,2018,Journal on Multimodal User Interfaces,article,Multisensory perception and integration,Experimental and Cognitive Psychology,Psychology,Social Sciences,https://doi.org/10.1007/s12193-018-0284-0,21,32
W2512672180,SOUND EFFECT METAPHORS FOR NEAR FIELD DISTANCE SONIFICATION,2012,,article,Tactile and Sensory Interactions,Cognitive Neuroscience,Neuroscience,Life Sciences,,9,18
W2267158555,SONIFICATION OF QUANTUM SPECTRA,2005,,article,Music Technology and Sound Studies,Computer Vision and Pattern Recognition,Computer Science,Physical Sciences,,6,9
W3012133597,Modulation of ellipses drawing by sonification,2020,Experimental Brain Research,article,Motor Control and Adaptation,Cognitive Neuroscience,Neuroscience,Life Sciences,https://doi.org/10.1007/s00221-020-05770-6,8,58
W2317125429,SUBJECTIVE EXPERIENCE METHODS FOR EARLY CONCEPTUAL DESIGN OF AUDITORY DISPLAYS,2009,,article,Innovative Human-Technology Interaction,Human-Computer Interaction,Computer Science,Physical Sciences,,7,44
W107411382,Sonification Aesthetics and Listening for Network Situational Awareness,2014,arXiv (Cornell University),preprint,Human-Automation Interaction and Safety,Social Psychology,Psychology,Social Sciences,https://doi.org/10.13140/2.1.4225.6648,11,15
W2754910808,Auditory display for fluorescence-guided open brain tumor surgery,2017,International Journal of Computer Assisted Radiology and Surgery,article,Optical Imaging and Spectroscopy Techniques,"Radiology, Nuclear Medicine and Imaging",Medicine,Health Sciences,https://doi.org/10.1007/s11548-017-1667-5,7,36
W2034253805,The influence of phytoplankton composition on the relative effectiveness of grinding and sonification for chlorophyll extraction,1982,Hydrobiologia,article,Marine and coastal ecosystems,Oceanography,Earth and Planetary Sciences,Physical Sciences,https://doi.org/10.1007/bf00008504,7,11
W3144610597,Creating an Empirical Framework for Sonification Design,2005,,article,Tactile and Sensory Interactions,Cognitive Neuroscience,Neuroscience,Life Sciences,,9,20
W2894384264,Spearcon Sequences for Monitoring Multiple Patients: Laboratory Investigation Comparing Two Auditory Display Designs,2018,Human Factors The Journal of the Human Factors and Ergonomics Society,article,Healthcare Technology and Patient Monitoring,Surgery,Medicine,Health Sciences,https://doi.org/10.1177/0018720818797502,11,34
W4318045047,"Climate data sonification and visualization: An analysis of topics, aesthetics, and characteristics in 32 recent projects",2023,Frontiers in Psychology,article,Tactile and Sensory Interactions,Cognitive Neuroscience,Neuroscience,Life Sciences,https://doi.org/10.3389/fpsyg.2022.1020102,19,43
W4398143851,Hydrogen bonding heterogeneity correlates with protein folding transition state passage time as revealed by data sonification,2024,Proceedings of the National Academy of Sciences,article,Protein Structure and Dynamics,Molecular Biology,"Biochemistry, Genetics and Molecular Biology",Life Sciences,https://doi.org/10.1073/pnas.2319094121,22,48
W2087517605,Sonifications for concert and live performance,2011,AI & Society,article,Music Technology and Sound Studies,Computer Vision and Pattern Recognition,Computer Science,Physical Sciences,https://doi.org/10.1007/s00146-011-0348-0,8,2
W2810655659,"Sound, Ecological Affordances and Embodied Mappings in Auditory Display",2018,Human-computer interaction series,book-chapter,Music Technology and Sound Studies,Computer Vision and Pattern Recognition,Computer Science,Physical Sciences,https://doi.org/10.1007/978-3-319-73374-6_12,6,158
W2899919357,Musical Vision: an interactive bio-inspired sonification tool to convert images into music,2018,Journal on Multimodal User Interfaces,article,Tactile and Sensory Interactions,Cognitive Neuroscience,Neuroscience,Life Sciences,https://doi.org/10.1007/s12193-018-0280-4,17,28
W324869975,Influence of sonification on the oxidative stability of beef.,2009,Roczniki Instytutu Przemysłu Mięsnego i Tłuszczowego,article,Meat and Animal Product Quality,Animal Science and Zoology,Agricultural and Biological Sciences,Life Sciences,,9,0
W2724612790,A Formalised Approach to Designing Sonification Systems for Network−Security Monitoring,2017,Oxford University Research Archive (ORA) (University of Oxford),article,Music Technology and Sound Studies,Computer Vision and Pattern Recognition,Computer Science,Physical Sciences,,14,0
W4385720390,Data-to-music sonification and user engagement,2023,Frontiers in Big Data,article,Tactile and Sensory Interactions,Cognitive Neuroscience,Neuroscience,Life Sciences,https://doi.org/10.3389/fdata.2023.1206081,7,31
W768993479,Spatial auditory display for acoustics and music collections,2010,OpenGrey (Institut de l'Information Scientifique et Technique),dissertation,Tactile and Sensory Interactions,Cognitive Neuroscience,Neuroscience,Life Sciences,,5,109
W4287992485,Psychoacoustic Sonification as User Interface for Human-Machine\n Interaction,2019,arXiv (Cornell University),preprint,Music Technology and Sound Studies,Computer Vision and Pattern Recognition,Computer Science,Physical Sciences,https://doi.org/10.48550/arxiv.1912.08609,14,0
W2971127089,Musical sonification supports visual discrimination of color intensity,2019,Behaviour and Information Technology,article,Color perception and design,Social Psychology,Psychology,Social Sciences,https://doi.org/10.1080/0144929x.2019.1657952,12,50
W1594450222,Sonification of Physical Quantities Throughout History: A Meta-Study of Previous Mapping Strategies,2011,,article,Multisensory perception and integration,Experimental and Cognitive Psychology,Psychology,Social Sciences,,11,57
W3020522103,"Auditory displays and auditory user interfaces: art, design, science, and research",2020,Journal on Multimodal User Interfaces,article,Tactile and Sensory Interactions,Cognitive Neuroscience,Neuroscience,Life Sciences,https://doi.org/10.1007/s12193-020-00324-0,6,12
W2971101646,SAVIOR ICU: sonification and vibrotactile interface for the operating room and intensive care unit,2019,Journal of Clinical Monitoring and Computing,article,Healthcare Technology and Patient Monitoring,Surgery,Medicine,Health Sciences,https://doi.org/10.1007/s10877-019-00381-1,16,47
W2514685340,Brainwaves in concert: the 20th century sonification of the electroencephalogram,2016,Brain,article,EEG and Brain-Computer Interfaces,Cognitive Neuroscience,Neuroscience,Life Sciences,https://doi.org/10.1093/brain/aww207,10,12
W2301092961,The effectiveness of pulse oximetry sonification enhanced with tremolo and brightness for distinguishing clinically important oxygen saturation ranges: a laboratory study,2016,Anaesthesia,article,Healthcare Technology and Patient Monitoring,Surgery,Medicine,Health Sciences,https://doi.org/10.1111/anae.13424,26,34
W2122920626,Crystallization sonification of high-dimensional datasets,2005,ACM Transactions on Applied Perception,article,Plant and Biological Electrophysiology Studies,Plant Science,Agricultural and Biological Sciences,Life Sciences,https://doi.org/10.1145/1101530.1101556,9,10
W2957576792,Sonifying the world,2019,Edward Elgar Publishing eBooks,book-chapter,Diverse Musicological Studies,Music,Arts and Humanities,Social Sciences,https://doi.org/10.4337/9781788118934.00020,2,0
W1558774899,Spectral Analysis and Sonification of Simulation Data Generated in a Frequency Domain Experiment,2002,Calhoun: The Naval Postgraduate School Institutional Archive (Naval Postgraduate School),dissertation,Simulation Techniques and Applications,Management Science and Operations Research,Decision Sciences,Social Sciences,,6,0
W2055997450,An elevation coding method for auditory displays,2006,Applied Acoustics,article,Hearing Loss and Rehabilitation,Cognitive Neuroscience,Neuroscience,Life Sciences,https://doi.org/10.1016/j.apacoust.2006.10.008,4,30
W2168510788,From Information Content to Auditory Display with Ecological Interface Design: Prospects and Challenges,2005,Proceedings of the Human Factors and Ergonomics Society Annual Meeting,article,Human-Automation Interaction and Safety,Social Psychology,Psychology,Social Sciences,https://doi.org/10.1177/154193120504900310,8,23
W4224255674,Measurement and sonification of construction site noise and particle pollution data,2022,Smart and Sustainable Built Environment,article,Noise Effects and Management,Speech and Hearing,Health Professions,Health Sciences,https://doi.org/10.1108/sasbe-11-2021-0189,12,72
W3173912767,Data analysis through auditory display : applications in heart rate variability,2000,eScholarship@McGill (McGill),dissertation,Time Series Analysis and Forecasting,Signal Processing,Computer Science,Physical Sciences,https://doi.org/10.82308/14442,5,70
W2973818182,Gait Training in Orthopedic Rehabilitation after Joint Replacement - Back to Normal Gait with Sonification?,2019,Int. J. Comput. Sci. Sport,article,Total Knee Arthroplasty Outcomes,Surgery,Medicine,Health Sciences,https://doi.org/10.2478/ijcss-2019-0012,17,17
W2021796188,Interactive Sonification [Guest editors' introduction],2015,IEEE Multimedia,article,Tactile and Sensory Interactions,Cognitive Neuroscience,Neuroscience,Life Sciences,https://doi.org/10.1109/mmul.2015.8,8,7
W1561285418,SONIFICATION AND RELIABILITY - IMPLICATIONS FOR SIGNAL DESIGN,2007,,article,Human-Automation Interaction and Safety,Social Psychology,Psychology,Social Sciences,,8,23
W3096648358,A Novel Method for Sleep-Stage Classification Based on Sonification of Sleep Electroencephalogram Signals Using Wavelet Transform and Recurrent Neural Network,2020,European Neurology,article,EEG and Brain-Computer Interfaces,Cognitive Neuroscience,Neuroscience,Life Sciences,https://doi.org/10.1159/000511306,26,40
W4320884152,WeatherChimes: An Open IoT Weather Station and Data Sonification System,2023,HardwareX,article,Urban Heat Island Mitigation,Environmental Engineering,Environmental Science,Physical Sciences,https://doi.org/10.1016/j.ohx.2023.e00402,12,15
W143061200,Real-Time Wireless Sonification of Brain Signals,2013,,book-chapter,EEG and Brain-Computer Interfaces,Cognitive Neuroscience,Neuroscience,Life Sciences,https://doi.org/10.1007/978-94-007-4792-0_24,10,10
W2326169873,Sonification and the Mysticism of Negation,2014,Organised Sound,article,Neuroscience and Music Perception,Cognitive Neuroscience,Neuroscience,Life Sciences,https://doi.org/10.1017/s1355771814000296,4,30
W120868933,"Sonification design for complex work domains : streams, mappings and attention",2004,The University of Queensland,dissertation,Healthcare Technology and Patient Monitoring,Surgery,Medicine,Health Sciences,https://doi.org/10.14264/106818,10,0
W2117773238,Dataffect: Numerical Epistemology and the Art of Data Sonification,2014,Leonardo Music Journal,article,Posthumanist Ethics and Activism,Cultural Studies,Social Sciences,Social Sciences,https://doi.org/10.1162/lmj_a_00192,5,12
W2295995918,"Sonification and Music, Music and Sonification",2016,Northumbria Research Link (Northumbria University),book-chapter,Music Technology and Sound Studies,Computer Vision and Pattern Recognition,Computer Science,Physical Sciences,,3,23
W3199695506,Using sound to understand protein sequence data: new sonification algorithms for protein sequences and multiple sequence alignments,2021,BMC Bioinformatics,article,Tactile and Sensory Interactions,Cognitive Neuroscience,Neuroscience,Life Sciences,https://doi.org/10.1186/s12859-021-04362-7,22,59
W2758994353,Towards an application of interactive sonification for the forces applied on the pedals during cycling on the Wattbike ergometer,2017,Displays,article,Tactile and Sensory Interactions,Cognitive Neuroscience,Neuroscience,Life Sciences,https://doi.org/10.1016/j.displa.2017.09.004,18,48
W2533459965,Stability of soil aggregates in Latosols and Cambisols via standard method and sonification,2016,African Journal of Agricultural Research,article,Soil Management and Crop Yield,Soil Science,Agricultural and Biological Sciences,Life Sciences,https://doi.org/10.5897/ajar2016.11192,13,37
W2503608423,Prototype auditory displays for a fuel efficiency driver interface,2014,Digital Commons - Michigan Tech (Michigan Technological University),article,Vehicle emissions and performance,Automotive Engineering,Engineering,Physical Sciences,,5,7
W1558643881,Scenes and Images into Sounds: A Taxonomy of Image Sonification Methods for Mobility Applications,2014,Journal of the Audio Engineering Society,article,Tactile and Sensory Interactions,Cognitive Neuroscience,Neuroscience,Life Sciences,https://doi.org/10.17743/jaes.2014.0009,13,0
W2591637337,Regulating Drivers’ Aggressiveness by Sonifying Emotional Data,2015,Digital Commons - Michigan Tech (Michigan Technological University),article,Hate Speech and Cyberbullying Detection,Artificial Intelligence,Computer Science,Physical Sciences,,4,0
W2897278185,First Results From Sonification and Exploratory Citizen Science of Magnetospheric ULF Waves: Long‐Lasting Decreasing‐Frequency Poloidal Field Line Resonances Following Geomagnetic Storms,2018,Space Weather,article,Ionosphere and magnetosphere dynamics,Astronomy and Astrophysics,Physics and Astronomy,Physical Sciences,https://doi.org/10.1029/2018sw001988,21,82
W4283757948,From Visual Art to Music: Sonification Can Adapt to Painting Styles and Augment User Experience,2022,International Journal of Human-Computer Interaction,article,Tactile and Sensory Interactions,Cognitive Neuroscience,Neuroscience,Life Sciences,https://doi.org/10.1080/10447318.2022.2091210,10,46
W2599773616,Can an aircraft be piloted via sonification with an acceptable attentional cost? A comparison of blind and sighted pilots,2017,Applied Ergonomics,article,Tactile and Sensory Interactions,Cognitive Neuroscience,Neuroscience,Life Sciences,https://doi.org/10.1016/j.apergo.2017.03.001,14,70
W2090601654,A Comparative Study of Sonification Methods to Represent Distance and Forward-Direction in Pedestrian Navigation,2014,International Journal of Human-Computer Interaction,article,Tactile and Sensory Interactions,Cognitive Neuroscience,Neuroscience,Life Sciences,https://doi.org/10.1080/10447318.2014.925381,14,48
W2598958494,New Sonification Tools for EEG Data Screening and Monitoring,2007,,article,EEG and Brain-Computer Interfaces,Cognitive Neuroscience,Neuroscience,Life Sciences,,10,6
W110427202,"Interactive sonification of abstract data: framework, design space, evaluation, and user tool",2006,,dissertation,Tactile and Sensory Interactions,Cognitive Neuroscience,Neuroscience,Life Sciences,,13,0
W2101954425,"Sound Art as Sonification, and the Artistic Treatment of Features in our Surroundings",2009,Organised Sound,article,Noise Effects and Management,Speech and Hearing,Health Professions,Health Sciences,https://doi.org/10.1017/s1355771809000089,11,2
W2118649186,"Sonification of sculler movements, development of preliminary methods",2010,,article,Tactile and Sensory Interactions,Cognitive Neuroscience,Neuroscience,Life Sciences,,6,7
W2166789517,Development and evaluation of two prototypes for providing weather map data to blind users through sonification,2013,Journal of Usability Studies archive,article,Tactile and Sensory Interactions,Cognitive Neuroscience,Neuroscience,Life Sciences,,10,16
W4392222756,Open Your Ears and Take a Look: A State‐of‐the‐Art Report on the Integration of Sonification and Visualization,2024,Computer Graphics Forum,article,Tactile and Sensory Interactions,Cognitive Neuroscience,Neuroscience,Life Sciences,https://doi.org/10.1111/cgf.15114,17,122
W2957880271,Comparison of Standard and Enhanced Pulse Oximeter Auditory Displays of Oxygen Saturation: A Laboratory Study With Clinician and Nonclinician Participants,2019,Anesthesia & Analgesia,article,Healthcare Technology and Patient Monitoring,Surgery,Medicine,Health Sciences,https://doi.org/10.1213/ane.0000000000004267,11,24
W2560752920,BIRD-WATTCHING: EXPLORING SONIFICATION OF HOME ELECTRICITY USE WITH BIRDSONG,2014,,article,Innovative Human-Technology Interaction,Human-Computer Interaction,Computer Science,Physical Sciences,https://doi.org/10.13140/2.1.3706.0489,11,27
W1827347067,Exploring novel auditory displays for supporting accelerated skills acquisition and enhanced performance in motorsport,2015,Aston Publications Explorer (Aston University),article,Human-Automation Interaction and Safety,Social Psychology,Psychology,Social Sciences,,8,19
W4296923461,Direct Segmented Sonification of Characteristic Features of the Data\n Domain,2017,arXiv (Cornell University),preprint,Music Technology and Sound Studies,Computer Vision and Pattern Recognition,Computer Science,Physical Sciences,https://doi.org/10.48550/arxiv.1711.11368,6,0
W2045195091,The effect of sonification display pulse rate and reliability on operator trust and perceived workload during a simulated patient monitoring task,2008,Ergonomics,article,Human-Automation Interaction and Safety,Social Psychology,Psychology,Social Sciences,https://doi.org/10.1080/00140130802120234,23,59
W3033672056,"Editorial: Sonification, Perceptualizing Biological Information",2020,Frontiers in Neuroscience,editorial,Multisensory perception and integration,Experimental and Cognitive Psychology,Psychology,Social Sciences,https://doi.org/10.3389/fnins.2020.00550,8,5
W3163970199,Study of UV-sensitive Ag doped WO3 prepared using ultra-sonification,2021,Optik,article,Transition Metal Oxide Nanomaterials,Polymers and Plastics,Materials Science,Physical Sciences,https://doi.org/10.1016/j.ijleo.2021.167266,14,58
W2001478204,Can Micro-Gestural Inflections Be Used to Improve the Soniculatory Effectiveness of Parameter Mapping Sonifications?,2014,Organised Sound,article,Neuroscience and Music Perception,Cognitive Neuroscience,Neuroscience,Life Sciences,https://doi.org/10.1017/s135577181300040x,15,46
W2339867409,Improving the detectability of oxygen saturation level targets for preterm neonates: A laboratory test of tremolo and beacon sonifications,2016,Applied Ergonomics,article,Healthcare Technology and Patient Monitoring,Surgery,Medicine,Health Sciences,https://doi.org/10.1016/j.apergo.2016.03.013,19,40
W2918600873,Effectiveness of enhanced pulse oximetry sonifications for conveying oxygen saturation ranges: a laboratory comparison of five auditory displays,2017,British Journal of Anaesthesia,article,Healthcare Technology and Patient Monitoring,Surgery,Medicine,Health Sciences,https://doi.org/10.1093/bja/aex429,2,0
W2133264908,Attention Demand of IVIS Auditory Displays: An On-Road Study Under Freeway Environments,2000,Proceedings of the Human Factors and Ergonomics Society Annual Meeting,article,Traffic and Road Safety,"Safety, Risk, Reliability and Quality",Engineering,Physical Sciences,https://doi.org/10.1177/154193120004402003,7,0
W2104391745,Neural gas sonification - growing adaptive interfaces for interacting with data,2004,,article,Neural Networks and Applications,Artificial Intelligence,Computer Science,Physical Sciences,https://doi.org/10.1109/iv.2004.103,11,9
W2600882327,3D Auditory Displays for Parking Assistance Systems,2017,SAE International journal of passenger cars. Electronic and electrical systems,article,Human-Automation Interaction and Safety,Social Psychology,Psychology,Social Sciences,https://doi.org/10.4271/2017-01-9627,4,11
W1781071671,"Clique: perceptually based, task oriented auditory display for gui applications",2008,,dissertation,Tactile and Sensory Interactions,Cognitive Neuroscience,Neuroscience,Life Sciences,,6,143
W4309026886,Sofigait—A Wireless Inertial Sensor-Based Gait Sonification System,2022,Sensors,article,Tactile and Sensory Interactions,Cognitive Neuroscience,Neuroscience,Life Sciences,https://doi.org/10.3390/s22228782,11,52
W1479730015,Digital Fabrication of Acoustic Sonifications,2012,University of Canberra Research Portal,article,Music Technology and Sound Studies,Computer Vision and Pattern Recognition,Computer Science,Physical Sciences,,6,3
W2033253044,Head-Up Auditory Display Research at NASA Ames Research Center,1995,Proceedings of the Human Factors and Ergonomics Society Annual Meeting,article,Hearing Loss and Rehabilitation,Cognitive Neuroscience,Neuroscience,Life Sciences,https://doi.org/10.1177/154193129503900127,6,11
W3020184375,Point Estimation with Markers for Effective Mobile Auditory Graphs,2020,International Journal of Emerging Technologies in Learning (iJET),article,Tactile and Sensory Interactions,Cognitive Neuroscience,Neuroscience,Life Sciences,https://doi.org/10.3991/ijet.v15i08.12347,4,22
W2176792076,Crystallization Sonification of High-dimensional Datasets,2002,,article,Plant and Biological Electrophysiology Studies,Plant Science,Agricultural and Biological Sciences,Life Sciences,,7,0
W3117968529,Visualizing and sonifying how an artificial ear hears music.,2019,,article,Music Technology and Sound Studies,Computer Vision and Pattern Recognition,Computer Science,Physical Sciences,,5,0
W3118749245,Data Sonification Archive,2021,,article,Data Visualization and Analytics,Computer Vision and Pattern Recognition,Computer Science,Physical Sciences,,5,0
W2810665669,Human Movement Sonification for Motor Skill Learning,2017,Research Portal (Queen's University Belfast),dissertation,Tactile and Sensory Interactions,Cognitive Neuroscience,Neuroscience,Life Sciences,https://doi.org/10.13140/rg.2.2.27723.08485,8,135
W2754798205,Sonification of scalp-recorded frequency-following responses (FFRs) offers improved response detection over conventional statistical metrics,2017,Journal of Neuroscience Methods,article,Neuroscience and Music Perception,Cognitive Neuroscience,Neuroscience,Life Sciences,https://doi.org/10.1016/j.jneumeth.2017.09.005,22,74
W2460040830,Sonification of geophysical data through time–frequency analysis: theory and applications,2016,Geophysical Prospecting,article,Seismic Waves and Analysis,Geophysics,Earth and Planetary Sciences,Physical Sciences,https://doi.org/10.1111/1365-2478.12402,12,38
W159545904,Interacting with Sonifications: An Evaluation,2007,,article,Data Visualization and Analytics,Computer Vision and Pattern Recognition,Computer Science,Physical Sciences,,5,10
W1641861117,Sonification for the Analysis of Plasma Bubbles at 21 MHz,2009,,article,Neuroscience and Music Perception,Cognitive Neuroscience,Neuroscience,Life Sciences,,5,11
W2559959858,Understanding Divergent Thermal Conductivity in Single Polythiophene Chains Using Green–Kubo Modal Analysis and Sonification,2017,The Journal of Physical Chemistry A,article,Thermal properties of materials,Materials Chemistry,Materials Science,Physical Sciences,https://doi.org/10.1021/acs.jpca.7b05099,18,71
W2940443647,Artificial synesthesia via sonification: A wearable augmented sensory system,1999,Mobile Networks and Applications,article,Tactile and Sensory Interactions,Cognitive Neuroscience,Neuroscience,Life Sciences,https://doi.org/10.1023/a:1019178210975,10,14
W4281635534,Exploring Sonification Mapping Strategies for Spatial Auditory Guidance in Immersive Virtual Environments,2022,ACM Transactions on Applied Perception,article,Tactile and Sensory Interactions,Cognitive Neuroscience,Neuroscience,Life Sciences,https://doi.org/10.1145/3528171,13,53
W13843506,Sonification of Sound: Tools for Teaching Acoustics and Audio,2007,Archives of Biochemistry and Biophysics,article,Vehicle Noise and Vibration Control,Automotive Engineering,Engineering,Physical Sciences,https://doi.org/10.1016/0003-9861(59)90574-0,6,8
W2616946631,"Soundwalking, Sonification, and Activism",2016,,book-chapter,Music History and Culture,Music,Arts and Humanities,Social Sciences,https://doi.org/10.4324/9781315770567-15,5,0
W2827988337,Heart-rate sonification biofeedback for poker,2018,International Journal of Human-Computer Studies,article,Heart Rate Variability and Autonomic Control,Cardiology and Cardiovascular Medicine,Medicine,Health Sciences,https://doi.org/10.1016/j.ijhcs.2018.07.001,7,54
W3014904044,Improving the Pedal Force Effectiveness Using Real-Time Sonification,2020,IEEE Access,article,Tactile and Sensory Interactions,Cognitive Neuroscience,Neuroscience,Life Sciences,https://doi.org/10.1109/access.2020.2984211,10,33
W4214625311,Sonification as a Tool for Data Analysis,2022,International Journal of Sociotechnology and Knowledge Development,article,Tactile and Sensory Interactions,Cognitive Neuroscience,Neuroscience,Life Sciences,https://doi.org/10.4018/ijskd.299048,6,26
W2332288444,Chromas from chromatin: sonification of the epigenome,2016,F1000Research,article,Animal Vocal Communication and Behavior,Developmental Biology,"Biochemistry, Genetics and Molecular Biology",Life Sciences,https://doi.org/10.12688/f1000research.8001.1,7,33
W3135338647,The impact of movement sonification on haptic perception changes with aging,2021,Scientific Reports,article,Multisensory perception and integration,Experimental and Cognitive Psychology,Psychology,Social Sciences,https://doi.org/10.1038/s41598-021-84581-3,9,60
W4388635185,Movement Sonification Techniques to Improve Balance in Parkinson’s Disease: A Pilot Randomized Controlled Trial,2023,Brain Sciences,article,Musicians’ Health and Performance,Rehabilitation,Medicine,Health Sciences,https://doi.org/10.3390/brainsci13111586,14,61
W2304903802,"Probing Preferences between Six Designs of Interactive Sonifications for Recreational Sports, Health and Fitness",2010,,article,Tactile and Sensory Interactions,Cognitive Neuroscience,Neuroscience,Life Sciences,,15,7
W2169005460,Sound sample detection and numerosity estimation using auditory display,2013,ACM Transactions on Applied Perception,article,Tactile and Sensory Interactions,Cognitive Neuroscience,Neuroscience,Life Sciences,https://doi.org/10.1145/2422105.2422109,5,49
W4392710323,A review of sonification solutions in assistive systems for visually impaired people,2024,Disability and Rehabilitation Assistive Technology,article,Tactile and Sensory Interactions,Cognitive Neuroscience,Neuroscience,Life Sciences,https://doi.org/10.1080/17483107.2024.2326590,11,82
W2785618184,Harnessing Audio in Auto Control: The Challenge of Sonifying Virtual Objects for Gesture Control of Cars,2018,IEEE Consumer Electronics Magazine,article,Tactile and Sensory Interactions,Cognitive Neuroscience,Neuroscience,Life Sciences,https://doi.org/10.1109/mce.2017.2721678,7,32
W4205780200,Motor Variability in Complex Gesture Learning: Effects of Movement Sonification and Musical Background,2022,ACM Transactions on Applied Perception,article,Hearing Impairment and Communication,Developmental and Educational Psychology,Psychology,Social Sciences,https://doi.org/10.1145/3482967,13,75
W2809837731,Brain's Night Symphony (BraiNSy): A Methodology for EEG Sonification,2018,IEEE Transactions on Affective Computing,article,EEG and Brain-Computer Interfaces,Cognitive Neuroscience,Neuroscience,Life Sciences,https://doi.org/10.1109/taffc.2018.2850008,9,49
W2924334804,Auditory Display for Telerobotic Transnasal Surgery Using a Continuum Robot,2019,Journal of Medical Robotics Research,article,Soft Robotics and Applications,Biomedical Engineering,Engineering,Physical Sciences,https://doi.org/10.1142/s2424905x19500041,5,27
W2326722974,Interactive Sonification in Rowing: An Application of Acoustic Feedback for On-Water Training,2015,IEEE Multimedia,article,Music Technology and Sound Studies,Computer Vision and Pattern Recognition,Computer Science,Physical Sciences,https://doi.org/10.1109/mmul.2015.25,10,0
W3213654856,Examining Narrative Sonification: Using First-Person Retrospection Methods to Translate Radio Production to Interaction Design,2021,ACM Transactions on Computer-Human Interaction,article,Music Technology and Sound Studies,Computer Vision and Pattern Recognition,Computer Science,Physical Sciences,https://doi.org/10.1145/3461762,14,72
W2803034103,Haptic feedback combined with movement sonification using a friction sound improves task performance in a virtual throwing task,2018,Journal on Multimodal User Interfaces,article,Tactile and Sensory Interactions,Cognitive Neuroscience,Neuroscience,Life Sciences,https://doi.org/10.1007/s12193-018-0264-4,19,53
W2995178028,Psychoacoustic Sonification as User Interface for Human-Machine Interaction,2019,arXiv (Cornell University),preprint,Tactile and Sensory Interactions,Cognitive Neuroscience,Neuroscience,Life Sciences,https://doi.org/10.13140/rg.2.2.14342.11848,9,28
W3155374563,A Breathing Sonification System to Reduce Stress During the COVID-19 Pandemic,2021,Frontiers in Psychology,article,Neuroscience and Music Perception,Cognitive Neuroscience,Neuroscience,Life Sciences,https://doi.org/10.3389/fpsyg.2021.623110,11,61
W4205563941,Sonification of a 3-D Spider Web and Reconstitution for Musical Composition Using Granular Synthesis,2020,Computer Music Journal,article,Plant and Biological Electrophysiology Studies,Plant Science,Agricultural and Biological Sciences,Life Sciences,https://doi.org/10.1162/comj_a_00580,9,33
W4292833736,The impact of data sonification in virtual reality robot teleoperation,2022,Frontiers in Virtual Reality,article,Tactile and Sensory Interactions,Cognitive Neuroscience,Neuroscience,Life Sciences,https://doi.org/10.3389/frvir.2022.904720,9,68
W4317743422,Sonification of Motor Imagery in the Basketball Jump Shot: Effect on Muscle Activity Amplitude,2023,Applied Sciences,article,Sport Psychology and Performance,Developmental and Educational Psychology,Psychology,Social Sciences,https://doi.org/10.3390/app13031495,7,71
W2010567361,Music as an Auditory Display,2013,Proceedings of the Human Factors and Ergonomics Society Annual Meeting,article,Human-Automation Interaction and Safety,Social Psychology,Psychology,Social Sciences,https://doi.org/10.1177/1541931213571256,2,19
W4241773141,Auditory Display Design,2016,,book-chapter,Design Education and Practice,Mechanical Engineering,Engineering,Physical Sciences,https://doi.org/10.1201/b11578-15,2,0
W4239480989,Auditory display for the blind,1973,Applied Ergonomics,article,Tactile and Sensory Interactions,Cognitive Neuroscience,Neuroscience,Life Sciences,https://doi.org/10.1016/0003-6870(73)90233-0,2,0
W3004426103,A Sonification of Cross-Cultural Differences in Happiness-Related Tweets,2020,Journal of the Audio Engineering Society,article,"Language, Metaphor, and Cognition",Experimental and Cognitive Psychology,Psychology,Social Sciences,https://doi.org/10.17743/jaes.2019.0056,9,0
W2312306955,"Sonification of virtual and real surface tapping: evaluation of behavior changes, surface perception and emotional indices",2015,IEEE Multimedia,article,Tactile and Sensory Interactions,Cognitive Neuroscience,Neuroscience,Life Sciences,https://doi.org/10.1109/mmul.2015.30,15,0
W2788918667,The sound of migration: exploring data sonification as a means of interpreting multivariate salmon movement datasets,2018,Heliyon,article,Fish Ecology and Management Studies,Nature and Landscape Conservation,Environmental Science,Physical Sciences,https://doi.org/10.1016/j.heliyon.2018.e00532,14,71
W2216877512,Motion-sound Interaction Using Sonification based on Motiongrams,2012,Duo Research Archive (University of Oslo),book-chapter,Music Technology and Sound Studies,Computer Vision and Pattern Recognition,Computer Science,Physical Sciences,,9,18
W2251554335,Topological Analysis Using Morse Theory and Auditory Display,1998,,article,Topological and Geometric Data Analysis,Computational Theory and Mathematics,Computer Science,Physical Sciences,,4,0
W2302993077,The Sound of Data (a gentle introduction to sonification for historians),2016,The Programming Historian,article,Diverse Musicological Studies,Music,Arts and Humanities,Social Sciences,https://doi.org/10.46430/phen0057,8,8
W2236545051,Visualisation and Sonification of Marine Survey Data,1997,UEA Digital Repository (University of East Anglia),book-chapter,Underwater Acoustics Research,Oceanography,Earth and Planetary Sciences,Physical Sciences,,6,0
W4387798788,"In-Depth Quantification of Cell Division and Elongation Dynamics at the Tip of Growing Arabidopsis Roots Using 4D Microscopy, AI-Assisted Image Processing and Data Sonification",2023,Plant and Cell Physiology,article,Plant Molecular Biology Research,Plant Science,Agricultural and Biological Sciences,Life Sciences,https://doi.org/10.1093/pcp/pcad105,27,54
W4392560958,Data sonification of film capacitors,2024,IET Nanodielectrics,article,Tactile and Sensory Interactions,Cognitive Neuroscience,Neuroscience,Life Sciences,https://doi.org/10.1049/nde2.12078,4,35
W3006727248,Sonification of Golf Putting Gesture Reduces Swing Movement Variability in Novices,2020,Research Quarterly for Exercise and Sport,article,Tactile and Sensory Interactions,Cognitive Neuroscience,Neuroscience,Life Sciences,https://doi.org/10.1080/02701367.2020.1726859,11,36
W2555111281,Use of a sonification system for science learning by people who are blind,2016,Journal of Assistive Technologies,article,Tactile and Sensory Interactions,Cognitive Neuroscience,Neuroscience,Life Sciences,https://doi.org/10.1108/jat-11-2015-0032,9,28
W1566501298,Sonifying Urban Rhythms - Towards the spatio-temporal composition of the urban environment,2013,UCL Discovery (University College London),dissertation,Urban Design and Spatial Analysis,Building and Construction,Engineering,Physical Sciences,,3,0
W4309183070,PAINTING GRAPHS WITH SOUNDS: COSMONIC SONIFICATION PROJECT,2022,Revista Mexicana de Astronomía y Astrofísica Serie de Conferencias,article,Tactile and Sensory Interactions,Cognitive Neuroscience,Neuroscience,Life Sciences,https://doi.org/10.22201/ia.14052059p.2022.54.06,7,7
W2110129516,Sonification of Large Datasets in a 3D Immersive Environment: A Neuroscience Case Study,2014,Advances in Computer-Human Interaction,article,Neural dynamics and brain function,Cognitive Neuroscience,Neuroscience,Life Sciences,,8,26
W2181644342,Using Sonification to Enhance Perception and Reproduction Accuracy of Human Movement Patterns,2004,,article,Tactile and Sensory Interactions,Cognitive Neuroscience,Neuroscience,Life Sciences,,11,33
W2964634704,Sonification to Support the Monitoring Tasks of Security Operations Centres,2019,IEEE Transactions on Dependable and Secure Computing,article,Music Technology and Sound Studies,Computer Vision and Pattern Recognition,Computer Science,Physical Sciences,https://doi.org/10.1109/tdsc.2019.2931557,8,23
W4387687859,Three-dimensional sonification as a surgical guidance tool,2023,Journal on Multimodal User Interfaces,article,Tactile and Sensory Interactions,Cognitive Neuroscience,Neuroscience,Life Sciences,https://doi.org/10.1007/s12193-023-00422-9,7,31
W1972662466,Preparation and Characterization of Nanocomposite Films from Chitin Whisker and Waterborne Poly(ester-urethane) With or Without Ultra-Sonification Treatment,2010,Journal of Macromolecular Science Part A,article,Nanocomposite Films for Food Packaging,Biomaterials,Materials Science,Physical Sciences,https://doi.org/10.1080/10601325.2010.492277,19,32
W90818485,UNDERSTANDING AURAL FLUENCY IN AUDITORY DISPLAY DESIGN FOR AMBIENT INTELLIGENT ENVIRONMENTS,2008,Summit (Simon Fraser University),article,Tactile and Sensory Interactions,Cognitive Neuroscience,Neuroscience,Life Sciences,,5,23
W4205259079,SonoUno: a user-centred approach to sonification,2019,Proceedings of the International Astronomical Union,article,Tactile and Sensory Interactions,Cognitive Neuroscience,Neuroscience,Life Sciences,https://doi.org/10.1017/s174392132100079x,6,4
W2961975747,Sonification supports perception of brightness contrast,2019,Journal on Multimodal User Interfaces,article,Multisensory perception and integration,Experimental and Cognitive Psychology,Psychology,Social Sciences,https://doi.org/10.1007/s12193-019-00311-0,6,36
W4309182995,A SONIFICATION OF THE ZCOSMOS GALAXY DATASET,2022,Revista Mexicana de Astronomía y Astrofísica Serie de Conferencias,article,Advanced Vision and Imaging,Computer Vision and Pattern Recognition,Computer Science,Physical Sciences,https://doi.org/10.22201/ia.14052059p.2022.54.10,5,36
W1571752596,Signal Processing And Sonification Of Seismic Electromagnetic Radiation In Elf Band,2000,INFM-OAR (INFN Catania),article,Earthquake Detection and Analysis,Geophysics,Earth and Planetary Sciences,Physical Sciences,https://doi.org/10.5281/zenodo.37596,9,0
W2803085345,An exploration of semiotics of new auditory displays: A comparative analysis with visual displays,2015,Digital Commons - Michigan Tech (Michigan Technological University),article,Innovative Human-Technology Interaction,Human-Computer Interaction,Computer Science,Physical Sciences,,5,14
W55433143,Sonification Of Gestures Using Specknets,2007,,article,Tactile and Sensory Interactions,Cognitive Neuroscience,Neuroscience,Life Sciences,https://doi.org/10.5281/zenodo.849496,5,6
W2983874173,An Audification and Visualization System (AVS) of an Autonomous Vehicle for Blind and Deaf People Based on Deep Learning,2019,Sensors,article,Autonomous Vehicle Technology and Safety,Automotive Engineering,Engineering,Physical Sciences,https://doi.org/10.3390/s19225035,7,20
W2046225591,Algorithmic approach to sonification of classical Chinese poetry,2011,Multimedia Tools and Applications,article,Music and Audio Processing,Signal Processing,Computer Science,Physical Sciences,https://doi.org/10.1007/s11042-011-0856-4,7,43
W4405951072,Journalism in the age of audification: Features of narrative non-fiction podcasting in Spain,2024,Radio Journal International Studies in Broadcast & Audio Media,article,"Radio, Podcasts, and Digital Media",Communication,Social Sciences,Social Sciences,https://doi.org/10.1386/rjao_00098_1,6,10
W4390984833,A Wearable Sonification System to Improve Movement Awareness: A Feasibility Study,2024,Applied Sciences,article,Tactile and Sensory Interactions,Cognitive Neuroscience,Neuroscience,Life Sciences,https://doi.org/10.3390/app14020816,9,50
W3201923386,Creating and Evaluating Aesthetics in Sonification,2021,Focal Press eBooks,book-chapter,Design Education and Practice,Mechanical Engineering,Engineering,Physical Sciences,https://doi.org/10.4324/9780429356360-16,4,0
W1720845883,Design space exploration of hardware platforms for interactive low latency movement sonification,2015,Journal on Multimodal User Interfaces,article,Tactile and Sensory Interactions,Cognitive Neuroscience,Neuroscience,Life Sciences,https://doi.org/10.1007/s12193-015-0199-y,12,16
W3206536277,A Comparative Analysis of Modeling and Predicting Perceived and Induced Emotions in Sonification,2021,Electronics,article,Music and Audio Processing,Signal Processing,Computer Science,Physical Sciences,https://doi.org/10.3390/electronics10202519,9,66
W1978865112,High-level control of sound synthesis for sonification processes,2011,AI & Society,article,Music Technology and Sound Studies,Computer Vision and Pattern Recognition,Computer Science,Physical Sciences,https://doi.org/10.1007/s00146-011-0340-8,8,35
W7160849279,"Argira Sonification Pipeline – Extended version v16 (N=47, r=0.9289) – not peer-reviewed",2026,Zenodo (CERN European Organization for Nuclear Research),preprint,Tactile and Sensory Interactions,Cognitive Neuroscience,Neuroscience,Life Sciences,https://doi.org/10.5281/zenodo.20123821,11,0
W2100966560,The Niche Hypothesis: Implications for Auditory Display Design,2000,Proceedings of the Human Factors and Ergonomics Society Annual Meeting,article,Music Technology and Sound Studies,Computer Vision and Pattern Recognition,Computer Science,Physical Sciences,https://doi.org/10.1177/154193120004402258,3,2
W4235730902,A SPATIAL AUDITORY DISPLAY FOR TELEMATIC MUSIC PERFORMANCES,2010,WORLD SCIENTIFIC eBooks,book-chapter,Speech and Audio Processing,Signal Processing,Computer Science,Physical Sciences,https://doi.org/10.1142/9789814299312_0034,3,0
W2174990966,Enhanced Auditory Displays for Discriminating Landmines from Clutter Using Electromagnetic Induction Sensors,2003,Subsurface Sensing Technologies and Applications,article,Geophysical Methods and Applications,Ocean Engineering,Engineering,Physical Sciences,https://doi.org/10.1023/a:1026002601028,6,26
W2015101847,"Model-based sonification revisited---authors' comments on Hermann and Ritter, ICAD 2002",2005,ACM Transactions on Applied Perception,article,Music Technology and Sound Studies,Computer Vision and Pattern Recognition,Computer Science,Physical Sciences,https://doi.org/10.1145/1101530.1101557,11,12
W2528793050,Sonifying science: listening to cancer,2016,Nursing Philosophy,article,Empathy and Medical Education,Psychiatry and Mental health,Medicine,Health Sciences,https://doi.org/10.1111/nup.12152,2,5
W2546812941,New Directions for Sonification of Expressive Movement in Music,2012,,article,Tactile and Sensory Interactions,Cognitive Neuroscience,Neuroscience,Life Sciences,,3,10
W1989930777,“Walk on the Sun”: an interactive image sonification exhibit,2011,AI & Society,article,Planetary Science and Exploration,Astronomy and Astrophysics,Physics and Astronomy,Physical Sciences,https://doi.org/10.1007/s00146-011-0355-1,5,3
W4402320481,Sonification and sustainability,2024,Focal Press eBooks,book-chapter,Noise Effects and Management,Speech and Hearing,Health Professions,Health Sciences,https://doi.org/10.4324/9781003325567-21,2,0
W2965104667,Sonification: An Overview,2019,Human-computer interaction series,book-chapter,Tactile and Sensory Interactions,Cognitive Neuroscience,Neuroscience,Life Sciences,https://doi.org/10.1007/978-3-030-01497-1_2,3,64
W3164009507,Perceptual Evaluation of Blended Sonification of Mechanical Robot Sounds Produced by Emotionally Expressive Gestures: Augmenting Consequential Sounds to Improve Non-verbal Robot Communication,2021,International Journal of Social Robotics,article,Multisensory perception and integration,Experimental and Cognitive Psychology,Psychology,Social Sciences,https://doi.org/10.1007/s12369-021-00788-4,25,56
W2564408579,Audification of Ultrasound for Human Echolocation,2008,Library and Archives Canada (Government of Canada),dissertation,Tactile and Sensory Interactions,Cognitive Neuroscience,Neuroscience,Life Sciences,,2,111
W2129659870,Rhetorical strategies for sound design and auditory display : A case study,2013,HAL (Le Centre pour la Communication Scientifique Directe),article,Tactile and Sensory Interactions,Cognitive Neuroscience,Neuroscience,Life Sciences,,4,55
W1992711417,The role of unbalanced probabilities of occurrence in the identification of elementary auditory displays,1971,Psychonomic Science,article,Hearing Loss and Rehabilitation,Cognitive Neuroscience,Neuroscience,Life Sciences,https://doi.org/10.3758/bf03332512,4,6
W4283368874,Sonification enables continuous surveillance of the ST segment in the electrocardiogram,2022,The American Journal of Emergency Medicine,article,Healthcare Technology and Patient Monitoring,Surgery,Medicine,Health Sciences,https://doi.org/10.1016/j.ajem.2022.05.016,8,28
W2187500017,Auditory Display Modes and Guidance,1998,,article,Tactile and Sensory Interactions,Cognitive Neuroscience,Neuroscience,Life Sciences,,2,24
W2022569824,Influence of Large System Latency of Virtual Auditory Display on Behavior of Head Movement in Sound Localization Task,2008,Acta acustica united with Acustica,article,Human auditory perception and evaluation,Aerospace Engineering,Engineering,Physical Sciences,https://doi.org/10.3813/aaa.918117,7,0
W4399134813,Evaluating the effectiveness of sonification in science education using Edukoi,2024,Personal and Ubiquitous Computing,article,Tactile and Sensory Interactions,Cognitive Neuroscience,Neuroscience,Life Sciences,https://doi.org/10.1007/s00779-024-01809-5,7,39
W4205229063,Recurrence analysis of sensorimotor trajectories in a minimalist perceptual task using sonification,2022,Cognitive Processing,article,Tactile and Sensory Interactions,Cognitive Neuroscience,Neuroscience,Life Sciences,https://doi.org/10.1007/s10339-021-01068-9,9,46
W2525799065,MULTI-DIMENSIONAL SYNCHRONIZATION FOR RHYTHMIC SONIFICATION,2012,,article,Plant and Biological Electrophysiology Studies,Plant Science,Agricultural and Biological Sciences,Life Sciences,,4,18
W4393165238,A Universe of Sound: processing NASA data into sonifications to explore participant response,2024,Frontiers in Communication,article,Multisensory perception and integration,Experimental and Cognitive Psychology,Psychology,Social Sciences,https://doi.org/10.3389/fcomm.2024.1288896,5,32
W2407591150,Towards a systematic approach to real-time sonification design for surface electromyography,2016,Displays,article,Tactile and Sensory Interactions,Cognitive Neuroscience,Neuroscience,Life Sciences,https://doi.org/10.1016/j.displa.2016.05.006,9,44
W2344419641,Design and evaluation of the effectiveness of a sonification technique for real time heart-rate data,2016,Journal on Multimodal User Interfaces,article,Heart Rate Variability and Autonomic Control,Cardiology and Cardiovascular Medicine,Medicine,Health Sciences,https://doi.org/10.1007/s12193-016-0218-7,10,15
W4379740208,Zens: Designing and evaluating a movement sonification interface to alter body and flexibility perception in Yoga,2023,International Journal of Human-Computer Studies,article,Music Therapy and Health,Social Psychology,Psychology,Social Sciences,https://doi.org/10.1016/j.ijhcs.2023.103084,6,63
W3166620049,The CURAT Sonification Game: Gamification for Remote Sonification Evaluation,2021,Preprints.org,preprint,Tactile and Sensory Interactions,Cognitive Neuroscience,Neuroscience,Life Sciences,https://doi.org/10.20944/preprints202106.0292.v1,3,28
W4225408468,Dataset and semantic based-approach for image sonification,2022,Multimedia Tools and Applications,article,Tactile and Sensory Interactions,Cognitive Neuroscience,Neuroscience,Life Sciences,https://doi.org/10.1007/s11042-022-12914-z,4,36
W1484644318,A Comparison of Sound Dimensions for Auditory Graphs: Pitch Is Not So Perfect,2012,Journal of the Audio Engineering Society,article,Music Technology and Sound Studies,Computer Vision and Pattern Recognition,Computer Science,Physical Sciences,,4,0
W2037010000,Interactive sonification of expressive hand gestures on a handheld device,2011,Journal on Multimodal User Interfaces,article,Hand Gesture Recognition Systems,Human-Computer Interaction,Computer Science,Physical Sciences,https://doi.org/10.1007/s12193-011-0076-2,7,32
W4390618154,Improving Earth science communication and accessibility with data sonification,2024,Nature Reviews Earth & Environment,article,Cognitive Science and Education Research,Cognitive Neuroscience,Neuroscience,Life Sciences,https://doi.org/10.1038/s43017-023-00512-y,7,9
W1984544737,Electron microscopic study on reassembly of plasma high density apoprotein with various lipids,1971,Biochimica et Biophysica Acta (BBA) - Lipids and Lipid Metabolism,article,"Diabetes, Cardiovascular Risks, and Lipoproteins","Endocrinology, Diabetes and Metabolism",Medicine,Health Sciences,https://doi.org/10.1016/0005-2760(71)90026-9,129,17
W2320856359,AN INTERACTIVE FRAMEWORK FOR MULTILEVEL SONIFICATION,2010,,article,Tactile and Sensory Interactions,Cognitive Neuroscience,Neuroscience,Life Sciences,,4,10
W4387844867,An interdisciplinary journey towards an aesthetics of sonification experience,2023,Journal on Multimodal User Interfaces,article,Multisensory perception and integration,Experimental and Cognitive Psychology,Psychology,Social Sciences,https://doi.org/10.1007/s12193-023-00416-7,6,44
W6139098,Monitoring real-time data: a sonification approach,2006,Archives of internal medicine,article,Tactile and Sensory Interactions,Cognitive Neuroscience,Neuroscience,Life Sciences,,6,20
W2964920197,Introduction to the special issue on interactive sonification,2019,Journal on Multimodal User Interfaces,editorial,Tactile and Sensory Interactions,Cognitive Neuroscience,Neuroscience,Life Sciences,https://doi.org/10.1007/s12193-019-00312-z,5,8
W2610405631,Sonifying drawings: characterization of perceptual attributes of sounds produced by human gestures,2012,HAL (Le Centre pour la Communication Scientifique Directe),preprint,Tactile and Sensory Interactions,Cognitive Neuroscience,Neuroscience,Life Sciences,,4,0
W4327728388,Probing Aesthetics Strategies for Robot Sound: Complexity and Materiality in Movement Sonification,2023,ACM Transactions on Human-Robot Interaction,article,Multisensory perception and integration,Experimental and Cognitive Psychology,Psychology,Social Sciences,https://doi.org/10.1145/3585277,9,47
W1986038104,Speech-Based Distance Cueing in Virtual Auditory Displays,2000,Proceedings of the Human Factors and Ergonomics Society Annual Meeting,article,Hearing Loss and Rehabilitation,Cognitive Neuroscience,Neuroscience,Life Sciences,https://doi.org/10.1177/154193120004402257,3,5
W4395961984,Listening to life: Sonification for enhancing discovery in biological research,2024,Biotechnology and Bioengineering,article,Plant and Biological Electrophysiology Studies,Plant Science,Agricultural and Biological Sciences,Life Sciences,https://doi.org/10.1002/bit.28729,7,130
W4376478934,Evaluation of Short-Range Depth Sonifications for Visual-to-Auditory Sensory Substitution,2023,IEEE Transactions on Human-Machine Systems,article,Tactile and Sensory Interactions,Cognitive Neuroscience,Neuroscience,Life Sciences,https://doi.org/10.1109/thms.2023.3265972,9,51
W1979025748,Experimental evaluation of binary pure-tone auditory displays.,1965,Journal of Applied Psychology,article,Advanced Optical Imaging Technologies,Media Technology,Engineering,Physical Sciences,https://doi.org/10.1037/h0021962,3,3
W2059179635,Reaction time as a function of the cue properties of an auditory display.,1968,Journal of Applied Psychology,article,Human-Automation Interaction and Safety,Social Psychology,Psychology,Social Sciences,https://doi.org/10.1037/h0020588,3,0
W1954343111,Role of sonification in shell weight measurements,2003,Geochemistry Geophysics Geosystems,article,Geology and Paleoclimatology Research,Atmospheric Science,Earth and Planetary Sciences,Physical Sciences,https://doi.org/10.1029/2003gc000569,5,9
W2039891456,Discrimination of restrictions in sequentially blocked auditory displays: Shifting block designs,1971,Perception & Psychophysics,article,Music and Audio Processing,Signal Processing,Computer Science,Physical Sciences,https://doi.org/10.3758/bf03212660,4,5
W2215437196,"Interactive Sonification of Weather Data for <i>The Locust Wrath</i>, a Multimedia Dance Performance",2016,Leonardo,article,Multisensory perception and integration,Experimental and Cognitive Psychology,Psychology,Social Sciences,https://doi.org/10.1162/leon_a_01339,10,15
W2414401159,"Sonification as a Means of Enhancing the Detection of Gene Expression Levels from Formalin-Fixed, Paraffin-Embedded Biopsies",1996,BioTechniques,article,Molecular Biology Techniques and Applications,Molecular Biology,"Biochemistry, Genetics and Molecular Biology",Life Sciences,https://doi.org/10.2144/96216st05,13,1
W1976717666,On Sonification of Place: Psychosonography and <i>Urban Portrait</i>,2009,Organised Sound,article,Sound Studies and Aurality,Experimental and Cognitive Psychology,Psychology,Social Sciences,https://doi.org/10.1017/s1355771809000077,6,36
W1544998350,Interactive Spatial Auditory Display of Graphical Data,2013,"White Rose eTheses Online (University of Leeds, The University of Sheffield, University of York)",dissertation,Tactile and Sensory Interactions,Cognitive Neuroscience,Neuroscience,Life Sciences,,2,5
W4366769061,Paving the way for social touch at a distance: sonifying tactile interactions and their underlying emotions,2023,,preprint,Tactile and Sensory Interactions,Cognitive Neuroscience,Neuroscience,Life Sciences,https://doi.org/10.31234/osf.io/mchzy,3,52
W1950883005,Experiments of the sonification of the sleep electroencephalogram,2015,DOAJ (DOAJ: Directory of Open Access Journals),article,EEG and Brain-Computer Interfaces,Cognitive Neuroscience,Neuroscience,Life Sciences,,4,0
W230952323,Interactive sonification of emotionally expressive gestures by means of music performance,2010,,article,Tactile and Sensory Interactions,Cognitive Neuroscience,Neuroscience,Life Sciences,,7,9
W3002629079,Data presentation in security operations centres: exploring the potential for sonification to enhance existing practice,2020,Journal of Cybersecurity,article,Data Visualization and Analytics,Computer Vision and Pattern Recognition,Computer Science,Physical Sciences,https://doi.org/10.1093/cybsec/tyaa004,11,33
W2109313692,Sonic drapery as a folding metaphor for a wearable visualization and sonification display,2008,Visual Communication,article,Innovative Human-Technology Interaction,Human-Computer Interaction,Computer Science,Physical Sciences,https://doi.org/10.1177/1470357208092320,5,6
W2795316219,Facts: Denotators and Their Visualization and Sonification,2017,Computational music science,book-chapter,Music Technology and Sound Studies,Computer Vision and Pattern Recognition,Computer Science,Physical Sciences,https://doi.org/10.1007/978-3-319-64481-3_16,4,0
W2339367298,EDUCATIONAL TESTING OF AN AUDITORY DISPLAY REGARDING SEASONAL VARIATION OF MARTIAN POLAR ICE CAPS,2003,,article,Planetary Science and Exploration,Astronomy and Astrophysics,Physics and Astronomy,Physical Sciences,,5,5
W2605113665,"Individual Differences and the Field of Auditory Display: Past Research, A Present Study, and an Agenda for the Future",2007,,article,Urban Green Space and Health,"Health, Toxicology and Mutagenesis",Environmental Science,Physical Sciences,,5,9
W2612995046,Concurrency in auditory displays for connected television,2016,"White Rose eTheses Online (University of Leeds, The University of Sheffield, University of York)",dissertation,Multimedia Communication and Technology,Sociology and Political Science,Social Sciences,Social Sciences,,2,0
W3011077436,Online sonification for golf putting gesture: reduced variability of motor behaviour and perceptual judgement,2020,Experimental Brain Research,article,Sport Psychology and Performance,Developmental and Educational Psychology,Psychology,Social Sciences,https://doi.org/10.1007/s00221-020-05757-3,10,58
W4303184270,PAMPAS: A PsychoAcoustical Method for the Perceptual Analysis of multidimensional Sonification,2022,Frontiers in Neuroscience,article,Tactile and Sensory Interactions,Cognitive Neuroscience,Neuroscience,Life Sciences,https://doi.org/10.3389/fnins.2022.930944,6,94
W71727169,WebMelody: Sonification of Web servers,2000,,article,Mobile and Web Applications,Information Systems,Computer Science,Physical Sciences,,4,0
W4295766617,"Evaluating the efficacy of sonification for signal detection in univariate, evenly sampled light curves using <scp>astronify</scp>",2022,Monthly Notices of the Royal Astronomical Society,article,Tactile and Sensory Interactions,Cognitive Neuroscience,Neuroscience,Life Sciences,https://doi.org/10.1093/mnras/stac2590,8,24
W2745507180,Pythagorean Longings and Cosmic Symphonies: The Musical Rhetoric of String Theory and the Sonification of Particle Physics,2014,Journal of sonic studies,article,Classical Philosophy and Thought,Philosophy,Arts and Humanities,Social Sciences,https://doi.org/10.22501/jss.109371,10,0
W3162917476,Seeing through Events: Real-Time Moving Object Sonification for Visually Impaired People Using Event-Based Camera,2021,Sensors,article,Tactile and Sensory Interactions,Cognitive Neuroscience,Neuroscience,Life Sciences,https://doi.org/10.3390/s21103558,15,44
W2901556669,Interactive sonification of a fluid dance movement: an exploratory study,2018,Journal on Multimodal User Interfaces,article,Music Technology and Sound Studies,Computer Vision and Pattern Recognition,Computer Science,Physical Sciences,https://doi.org/10.1007/s12193-018-0278-y,6,19
W4392741404,Evaluation of the Effectiveness of Sonification for Time-series Data Exploration,2024,The Astronomical Journal,article,Time Series Analysis and Forecasting,Signal Processing,Computer Science,Physical Sciences,https://doi.org/10.3847/1538-3881/ad2943,6,16
W2408145820,Vosis: A Multi-Touch Image Sonification Interface,2013,Zenodo (CERN European Organization for Nuclear Research),article,Music Technology and Sound Studies,Computer Vision and Pattern Recognition,Computer Science,Physical Sciences,https://doi.org/10.5281/zenodo.1178603,5,4
W4235110286,The sound of trust: sonification of car intentions and perception in a context of autonomous drive,2020,International Journal of Human Factors and Ergonomics,article,Human-Automation Interaction and Safety,Social Psychology,Psychology,Social Sciences,https://doi.org/10.1504/ijhfe.2020.112506,5,0
W1980291542,The mirage of real-time algorithmic synaesthesia: Some compositional mechanisms and research agendas in computer music and sonification,2006,Contemporary Music Review,article,Tactile and Sensory Interactions,Cognitive Neuroscience,Neuroscience,Life Sciences,https://doi.org/10.1080/07494460600760981,9,34
W4391031019,"The past, present, and promise of sonification",2023,Arbor,article,Noise Effects and Management,Speech and Hearing,Health Professions,Health Sciences,https://doi.org/10.3989/arbor.2023.810008,3,1
W2007010327,Sonification Discriminability and Perceived Urgency,2012,Proceedings of the Human Factors and Ergonomics Society Annual Meeting,article,Tactile and Sensory Interactions,Cognitive Neuroscience,Neuroscience,Life Sciences,https://doi.org/10.1177/1071181312561377,3,9
W2756783367,Modeling and Continuous Sonification of Affordances for Gesture-Based Interfaces,2007,,article,Tactile and Sensory Interactions,Cognitive Neuroscience,Neuroscience,Life Sciences,,5,16
W2177728812,An Annotated Portfolio of Research through Design in Acoustic Sonification,2015,Leonardo,article,Music Technology and Sound Studies,Computer Vision and Pattern Recognition,Computer Science,Physical Sciences,https://doi.org/10.1162/leon_a_01116,6,10
W4396608929,Sound Terminology in Sonification,2024,Journal of the Audio Engineering Society,article,Tactile and Sensory Interactions,Cognitive Neuroscience,Neuroscience,Life Sciences,https://doi.org/10.17743/jaes.2022.0133,3,60
W3115639608,A Prototype Audio-Tactile Map System with an Advanced Auditory Display,2015,International Journal of Mobile Human Computer Interaction,article,Tactile and Sensory Interactions,Cognitive Neuroscience,Neuroscience,Life Sciences,https://doi.org/10.5555/2807087.2807091,3,0
W1491644039,Effect of Spatial Location and Presentation Rate on the Reaction to Auditory Displays,2012,Journal of the Audio Engineering Society,article,Color perception and design,Social Psychology,Psychology,Social Sciences,,3,0
W2020872856,Sonolytic Hydrolysis of p-Nitrophenyl Acetate: The Role of Supercritical Water,1995,The Journal of Physical Chemistry,article,Innovative Microfluidic and Catalytic Techniques Innovation,Biomedical Engineering,Engineering,Physical Sciences,https://doi.org/10.1021/j100008a015,139,0
W2068627759,Generative Musical Tension Modeling and Its Application to Dynamic Sonification,2012,Computer Music Journal,article,Neuroscience and Music Perception,Cognitive Neuroscience,Neuroscience,Life Sciences,https://doi.org/10.1162/comj_a_00105,7,22
W2995817536,Focused Audification and the optimization of its parameters,2019,Journal on Multimodal User Interfaces,article,Tactile and Sensory Interactions,Cognitive Neuroscience,Neuroscience,Life Sciences,https://doi.org/10.1007/s12193-019-00317-8,2,21
W2966474027,Parameter-Mapping Sonification of Tick-Data,2019,Human-computer interaction series,book-chapter,Plant and Biological Electrophysiology Studies,Plant Science,Agricultural and Biological Sciences,Life Sciences,https://doi.org/10.1007/978-3-030-01497-1_8,3,3
W4220768673,Links between sonification and generative music,2022,Interdisciplinary Science Reviews,article,Music Technology and Sound Studies,Computer Vision and Pattern Recognition,Computer Science,Physical Sciences,https://doi.org/10.1080/03080188.2022.2035106,3,11
W2800904595,Sonification in Scientific Visualization and Virtual Reality Applications,1992,Fraunhofer-Publica (Fraunhofer-Gesellschaft),book-chapter,Virtual Reality Applications and Impacts,Human-Computer Interaction,Computer Science,Physical Sciences,,5,0
W3036493540,Musical Smart City: Perspectives on Ubiquitous Sonification,2020,arXiv (Cornell University),preprint,Tactile and Sensory Interactions,Cognitive Neuroscience,Neuroscience,Life Sciences,https://doi.org/10.48550/arxiv.2006.12305,5,38
W2787821446,Can Monaural Auditory Displays Convey Directional Information to Users,2016,eScholarship (California Digital Library),article,Tactile and Sensory Interactions,Cognitive Neuroscience,Neuroscience,Life Sciences,,3,15
W4310588935,Vigilance to Spatialized Auditory Displays: Initial Assessment of Performance and Workload,2022,Human Factors The Journal of the Human Factors and Ergonomics Society,article,Human-Automation Interaction and Safety,Social Psychology,Psychology,Social Sciences,https://doi.org/10.1177/00187208221139744,3,70
W2025019232,Identification of Elementary Auditory Displays: Effect of Unbalanced Probabilities of Occurrence,1963,The Journal of the Acoustical Society of America,article,Hearing Loss and Rehabilitation,Cognitive Neuroscience,Neuroscience,Life Sciences,https://doi.org/10.1121/1.1918832,3,0
W2981763992,Sonification – an Alternative Presentation of the Electrocardiogram: A Systematic Literature Review,2019,,review,Phonocardiography and Auscultation Techniques,Pulmonary and Respiratory Medicine,Medicine,Health Sciences,https://doi.org/10.1109/et.2019.8878650,6,32
W4285138208,Applying Sonification to Sketching in the Air With Mobile AR Devices,2022,IEEE Transactions on Human-Machine Systems,article,Tactile and Sensory Interactions,Cognitive Neuroscience,Neuroscience,Life Sciences,https://doi.org/10.1109/thms.2022.3186592,6,35
W2188171783,Using sonification for teaching acoustics and audio,2006,,article,Hearing Loss and Rehabilitation,Cognitive Neuroscience,Neuroscience,Life Sciences,,3,11
W2781332463,Music of Brain and Music on Brain: A Novel EEG Sonification approach,2017,arXiv (Cornell University),preprint,Complex Systems and Time Series Analysis,Economics and Econometrics,"Economics, Econometrics and Finance",Social Sciences,https://doi.org/10.48550/arxiv.1712.08336,3,15
W4280500028,"Novel sonification designs: Compressed, iconic, and pitch-dynamic auditory icons boost driving behavior",2022,Applied Ergonomics,article,Safety Warnings and Signage,Social Psychology,Psychology,Social Sciences,https://doi.org/10.1016/j.apergo.2022.103797,10,93
W3008963471,Using Conceptual Metaphors to Represent Temporal Context in Time Series Data Sonification,2019,Interacting with Computers,article,Multisensory perception and integration,Experimental and Cognitive Psychology,Psychology,Social Sciences,https://doi.org/10.1093/iwc/iwz036,6,52
W142943847,Listening-Mode-Centered Sonification Design for Data Exploration,2013,PUB – Publications at Bielefeld University (Bielefeld University),dissertation,Music Technology and Sound Studies,Computer Vision and Pattern Recognition,Computer Science,Physical Sciences,,4,0
W2160762353,Dynamic Sonification as a Free Music Improvisation Tool for Physically Disabled Adults,2011,Music and Medicine,article,Tactile and Sensory Interactions,Cognitive Neuroscience,Neuroscience,Life Sciences,https://doi.org/10.1177/1943862111401032,7,0
W3044197643,"Sensing data: Encountering data sonifications, materializations, and interactives as <i>knowledge objects</i>",2020,Convergence The International Journal of Research into New Media Technologies,article,Music Technology and Sound Studies,Computer Vision and Pattern Recognition,Computer Science,Physical Sciences,https://doi.org/10.1177/1354856520938601,9,21
W190073057,Sonification of the Human EEG,2013,The MIT Press eBooks,book-chapter,Tactile and Sensory Interactions,Cognitive Neuroscience,Neuroscience,Life Sciences,https://doi.org/10.7551/mitpress/8555.003.0018,2,0
W3125610818,Designing the user experience of musical sonification in public and semi-public spaces,2021,SoundEffects - An Interdisciplinary Journal of Sound and Sound Experience,article,Music Technology and Sound Studies,Computer Vision and Pattern Recognition,Computer Science,Physical Sciences,https://doi.org/10.7146/se.v10i1.124202,7,47
W4289976181,A New Approach to Sonification of Astrophysical Data: The User Centred Design of SonoUno,2021,American Journal of Astronomy and Astrophysics,article,Tactile and Sensory Interactions,Cognitive Neuroscience,Neuroscience,Life Sciences,https://doi.org/10.11648/j.ajaa.20210904.11,7,23
W2894066053,Interactive Mode Explorer Sonification Enhances Exploratory Cluster Analysis,2018,Journal of the Audio Engineering Society,article,Music Technology and Sound Studies,Computer Vision and Pattern Recognition,Computer Science,Physical Sciences,https://doi.org/10.17743/jaes.2018.0042,6,0
W1993577777,Auditory Display Applied to Research in Music and Acoustics,2015,Archives of Acoustics,article,Music and Audio Processing,Signal Processing,Computer Science,Physical Sciences,https://doi.org/10.2478/aoa-2014-0025,2,49
W2758796325,Auditory display for maximizing engagement and attentive capacity,2016,DSpace@MIT (Massachusetts Institute of Technology),dissertation,Human-Automation Interaction and Safety,Social Psychology,Psychology,Social Sciences,,2,0
W4402556688,Re(de)fining Sonification: Project Classification Strategies in the Data Sonification Archive,2024,Journal of the Audio Engineering Society,article,BIM and Construction Integration,Building and Construction,Engineering,Physical Sciences,https://doi.org/10.17743/jaes.2022.0167,3,0
W4319439333,On the sonification technique,2019,Journal of Engineering Sciences and Innovation,article,Underwater Acoustics Research,Oceanography,Earth and Planetary Sciences,Physical Sciences,https://doi.org/10.56958/jesi.2019.4.2.155,2,24
W940555473,Enhancing Medical Needle Placement with Auditory Display,2013,Oldenbourg Wissenschaftsverlag eBooks,book-chapter,Teleoperation and Haptic Systems,Mechanical Engineering,Engineering,Physical Sciences,https://doi.org/10.1524/9783486781229.289,2,5
W2950560034,Data sonification and sound visualization,2000,arXiv (Cornell University),preprint,Music Technology and Sound Studies,Computer Vision and Pattern Recognition,Computer Science,Physical Sciences,https://doi.org/10.48550/arxiv.cs/0007007,3,11
W2468143500,Enabling the effective application of spatial auditory displays in modern flight decks,2016,The University of Queensland,dissertation,Noise Effects and Management,Speech and Hearing,Health Professions,Health Sciences,https://doi.org/10.14264/uql.2016.171,2,69
W4213104722,A machine learning tutorial for spatial auditory display using head-related transfer functions,2022,The Journal of the Acoustical Society of America,article,Tactile and Sensory Interactions,Cognitive Neuroscience,Neuroscience,Life Sciences,https://doi.org/10.1121/10.0007486,4,66
W2946796433,Skin cancer detection by deep learning and sound analysis algorithms: A prospective clinical study of an elementary dermoscope,2019,EBioMedicine,article,Cutaneous Melanoma Detection and Management,Oncology,Medicine,Health Sciences,https://doi.org/10.1016/j.ebiom.2019.04.055,127,26
W2264164388,"Multimodal displays for anaesthesia sonification: timesharing, workload, and expertise",2002,,article,Healthcare Technology and Patient Monitoring,Surgery,Medicine,Health Sciences,,5,8
W2148000616,Lung myeloperoxidase as a measure of pulmonary leukostasis in rabbits,1985,Journal of Applied Physiology,article,"Neutrophil, Myeloperoxidase and Oxidative Mechanisms",Immunology,Immunology and Microbiology,Life Sciences,https://doi.org/10.1152/jappl.1985.59.6.1978,366,0
W2793652066,Real-Time Sonification of Physiological Data in an Artistic Performance Context,2008,,article,Music Technology and Sound Studies,Computer Vision and Pattern Recognition,Computer Science,Physical Sciences,,4,6
W2597606893,Sonophenology: A Tangible Interface for Sonification of Geo-Spatial Phenological Data at Multiple Time-scales,2010,,article,Music Technology and Sound Studies,Computer Vision and Pattern Recognition,Computer Science,Physical Sciences,,4,15
W1562427516,Study of Sound Source Shape and Wideness in Virtual and Real Auditory Displays,2003,Journal of the Audio Engineering Society,article,Hearing Loss and Rehabilitation,Cognitive Neuroscience,Neuroscience,Life Sciences,,3,0
W2187885537,TWO TOOLS FOR INTEGRATING SONIFICATION INTO CALCULUS INSTRUCTION 1,2006,,article,Cognitive Science and Education Research,Cognitive Neuroscience,Neuroscience,Life Sciences,,5,6
W4387370567,Effect of sonification types in upper-limb movement: a quantitative and qualitative study in hemiparetic and healthy participants,2023,Journal of NeuroEngineering and Rehabilitation,article,Music Therapy and Health,Social Psychology,Psychology,Social Sciences,https://doi.org/10.1186/s12984-023-01248-y,9,70
W2898019185,"A Tribe Called Red’s Halluci Nation: Sonifying Embodied Global Allegiances, Decolonization, And Indigenous Activism",2018,Intersections Canadian Journal of Music,article,Diverse Musicological Studies,Music,Arts and Humanities,Social Sciences,https://doi.org/10.7202/1051602ar,3,14
W2280690857,The auditory display in interactive courseware: Moving human factors into computer education,1998,NSUWorks (Nova Southeastern University),dissertation,Education and Technology Integration,Education,Social Sciences,Social Sciences,,3,0
W4211014397,Intelligible Sonifications,2019,Human-computer interaction series,book-chapter,Neuroscience and Music Perception,Cognitive Neuroscience,Neuroscience,Life Sciences,https://doi.org/10.1007/978-3-030-01497-1_4,2,55
W4243133805,Molecular biology’s symphony orchestra from DNA to ribosome: a sonification from gene to protein,2020,Biointerface Research in Applied Chemistry,article,Diverse Musicological Studies,Music,Arts and Humanities,Social Sciences,https://doi.org/10.33263/briac104.679688,8,90
W958707041,Image data sonification in medicine,2008,Journal of Medical Informatics & Technologies,article,Teleoperation and Haptic Systems,Mechanical Engineering,Engineering,Physical Sciences,,3,6
W3216256900,"Sonification, Perceptualizing Biological Information",2020,Frontiers research topics,book,Music Technology and Sound Studies,Computer Vision and Pattern Recognition,Computer Science,Physical Sciences,https://doi.org/10.3389/978-2-88963-868-0,3,0
W2335323384,A Sonification Tool For The Analysis of Large Databases of Expressive Gesture,2012,The International journal of Multimedia & Its Applications,article,Music Technology and Sound Studies,Computer Vision and Pattern Recognition,Computer Science,Physical Sciences,https://doi.org/10.5121/ijma.2012.4602,5,44
W1991510159,"Antigenic properties of bovine, porcine, and ovine erythrocyte stroma after solubilization by sodium dodecyl sulfate and sonification",1969,Immunochemistry,article,Protein Interaction Studies and Fluorescence Analysis,Molecular Biology,"Biochemistry, Genetics and Molecular Biology",Life Sciences,https://doi.org/10.1016/0019-2791(69)90201-8,10,9
W2801641699,Sonification of Animal Tracks as an Alternative Representation of Multi-Dimensional Data: A Northern Elephant Seal Example,2018,Frontiers in Marine Science,article,Marine animal studies overview,Ecology,Environmental Science,Physical Sciences,https://doi.org/10.3389/fmars.2018.00128,9,30
W2965269633,Data Sonification: A Prehistory,2019,Human-computer interaction series,book-chapter,Music Technology and Sound Studies,Computer Vision and Pattern Recognition,Computer Science,Physical Sciences,https://doi.org/10.1007/978-3-030-01497-1_1,2,28
W1563214018,Human-Computer Interaction Design based on Interactive Sonification – Hearing Actions or Instruments/Agents,2004,,article,Hermeneutics and Narrative Identity,Philosophy,Arts and Humanities,Social Sciences,,8,16
W2898765082,Visualizing and Sonifying Mathematical Music Theory with Software Applications: Implications of Computer-Based Models for Practice and Education,2018,WORLD SCIENTIFIC eBooks,book-chapter,Music Technology and Sound Studies,Computer Vision and Pattern Recognition,Computer Science,Physical Sciences,https://doi.org/10.1142/9789813228351_0009,5,0
W3139947764,Tiltification — An Accessible App to Popularize Sonification,2021,Preprints.org,preprint,Tactile and Sensory Interactions,Cognitive Neuroscience,Neuroscience,Life Sciences,https://doi.org/10.20944/preprints202104.0234.v1,3,39
W3200989843,Application of sonification to GPR data for various pipe fillings,2021,NDT & E International,article,Geophysical Methods and Applications,Ocean Engineering,Engineering,Physical Sciences,https://doi.org/10.1016/j.ndteint.2021.102540,5,29
W360130987,A Mobile Application for Improving Running Performance Using Interactive Sonification,2014,,article,Music Technology and Sound Studies,Computer Vision and Pattern Recognition,Computer Science,Physical Sciences,,5,0
W2277492334,The functional role and bio-kinetics of basic and expressive gestures in activation and sonification,2009,Ghent University Academic Bibliography (Ghent University),book-chapter,Hearing Impairment and Communication,Developmental and Educational Psychology,Psychology,Social Sciences,,6,0
W2035736211,The Effect of Sonification Pulse Rate on Perceived Urgency and Response Behaviors,2007,Proceedings of the Human Factors and Ergonomics Society Annual Meeting,article,Safety Warnings and Signage,Social Psychology,Psychology,Social Sciences,https://doi.org/10.1177/154193120705101915,4,16
W2772293201,Developing the Practice and Theory of Stream-based Sonifications,2009,University of Canberra Research Portal,article,Music Technology and Sound Studies,Computer Vision and Pattern Recognition,Computer Science,Physical Sciences,,4,0
W1823687686,Prototype Spatial Auditory Display for Remote Planetary Exploration,2012,Journal of the Audio Engineering Society,article,Spacecraft Design and Technology,Aerospace Engineering,Engineering,Physical Sciences,,2,0
W1568203534,Spatial Auditory Display in Music Search and Browsing Applications,2012,Journal of the Audio Engineering Society,article,Music and Audio Processing,Signal Processing,Computer Science,Physical Sciences,,2,0
W2768026895,Pitch-Based Earcons: An Auditory Display for Patient Monitoring,2016,Queensland's institutional digital repository (The University of Queensland),dissertation,Healthcare Technology and Patient Monitoring,Surgery,Medicine,Health Sciences,,2,0
W2784911068,Guest editors' note special issue on auditory displays,2012,,editorial,Interactive and Immersive Displays,Human-Computer Interaction,Computer Science,Physical Sciences,,2,0
W1573178728,"Evaluation of the ""Cocktail Party Effect"" for Multiple Speech Stimuli for Multiple Speech Stimuli within a Spatial Auditory Display",1994,Journal of the Audio Engineering Society,article,Tactile and Sensory Interactions,Cognitive Neuroscience,Neuroscience,Life Sciences,,5,0
W3006247649,Multi-channel spatial auditory display for speech communications,1993,STIA,article,Tactile and Sensory Interactions,Cognitive Neuroscience,Neuroscience,Life Sciences,,2,0
W33295287,The Effects of Workload Presented via Visual and Auditory Displays on Soldier Shooting and Secondary Task Performance,2007,Indian Journal of Medical Ethics,article,Human-Automation Interaction and Safety,Social Psychology,Psychology,Social Sciences,https://doi.org/10.20529/ijme.2020.071,4,14
W2018837876,Conduction Equivalency Ratios: A Means for Comparing the Frequency Response of Bone and Air Conduction Auditory Displays,2012,Proceedings of the Human Factors and Ergonomics Society Annual Meeting,article,Gait Recognition and Analysis,Biomedical Engineering,Engineering,Physical Sciences,https://doi.org/10.1177/1071181312561389,4,8
W2579900634,“It will discourse most eloquent music”: Sonifying Variants of Hamlet,2016,Journal of the Text Encoding Initiative,article,Music and Audio Processing,Signal Processing,Computer Science,Physical Sciences,https://doi.org/10.4000/jtei.1535,2,9
W2468796432,Sonification to investigate gait transition,2016,Radiotherapy and Oncology,article,Music Technology and Sound Studies,Computer Vision and Pattern Recognition,Computer Science,Physical Sciences,https://doi.org/10.1016/s0167-8140(16)30234-1,3,0
W2476814756,Sonifying ECoG seizure data with overtone mapping: a strategy for creating auditory gestalt from correlated multichannel data,2012,,article,Neuroscience and Music Perception,Cognitive Neuroscience,Neuroscience,Life Sciences,,4,8
W2950068676,Smooth or Stepped? Laboratory Comparison of Enhanced Sonifications for Monitoring Patient Oxygen Saturation,2019,Human Factors The Journal of the Human Factors and Ergonomics Society,article,Healthcare Technology and Patient Monitoring,Surgery,Medicine,Health Sciences,https://doi.org/10.1177/0018720819845742,7,37
W4400941613,A Wearable Personalised Sonification and Biofeedback Device to Enhance Movement Awareness,2024,Sensors,article,"Balance, Gait, and Falls Prevention","Physical Therapy, Sports Therapy and Rehabilitation",Health Professions,Health Sciences,https://doi.org/10.3390/s24154814,5,31
W4386283064,Perceptually congruent sonification of auditory line charts,2023,Journal on Multimodal User Interfaces,article,Tactile and Sensory Interactions,Cognitive Neuroscience,Neuroscience,Life Sciences,https://doi.org/10.1007/s12193-023-00413-w,2,46
W2039772475,How far is that wall? Judging distance with audification,2009,Proceedings of the Human Factors and Ergonomics Society Annual Meeting,article,Hearing Loss and Rehabilitation,Cognitive Neuroscience,Neuroscience,Life Sciences,https://doi.org/10.1177/154193120905301710,2,13
W2621497183,Assessing the use of auditory graphs for middle school mathematics,2014,SMARTech Repository (Georgia Institute of Technology),dissertation,Education and Technology Integration,Education,Social Sciences,Social Sciences,,2,0
W2796406545,Sonification in an Artistic Context,2018,Gaming media and social effects,book-chapter,Music Technology and Sound Studies,Computer Vision and Pattern Recognition,Computer Science,Physical Sciences,https://doi.org/10.1007/978-981-10-1891-6_10,2,17
W2396953862,{3D}inMotion A Mocap Based Interface for Real Time Visualisation and Sonification of Multi-User Interactions,2014,New Interfaces for Musical Expression,article,Music Technology and Sound Studies,Computer Vision and Pattern Recognition,Computer Science,Physical Sciences,https://doi.org/10.5072/zenodo.207561,4,8
W3213597375,"Colorophone 2.0: A Wearable Color Sonification Device Generating Live Stereo-Soundscapes—Design, Implementation, and Usability Audit",2021,Sensors,article,Tactile and Sensory Interactions,Cognitive Neuroscience,Neuroscience,Life Sciences,https://doi.org/10.3390/s21217351,10,77
W3092460645,Sonification Of Facial Actions For Musical Expression,2005,arXiv (Cornell University),preprint,Tactile and Sensory Interactions,Cognitive Neuroscience,Neuroscience,Life Sciences,https://doi.org/10.48550/arxiv.2010.03223,3,17
W2137526265,Sonific ation Report: Status of the Field and Research Agenda,2010,Lincoln (University of Nebraska),article,Tactile and Sensory Interactions,Cognitive Neuroscience,Neuroscience,Life Sciences,,318,61
W4391276856,The sound of silence: Quantification of typical absence seizures by sonifying <scp>EEG</scp> signals from a custom‐built wearable device,2024,Epileptic Disorders,article,EEG and Brain-Computer Interfaces,Cognitive Neuroscience,Neuroscience,Life Sciences,https://doi.org/10.1002/epd2.20194,3,53
W2529743897,"Multisource Sonification for Visual Substitution in an Auditory Memory Game: One, or Two Fingers?",2011,ArODES (HES-SO (https://www.hes-so.ch/)),article,Tactile and Sensory Interactions,Cognitive Neuroscience,Neuroscience,Life Sciences,,4,0
W2027730894,The Pulse of the Earth and sonification,2011,AI & Society,article,Digital Games and Media,Sociology and Political Science,Social Sciences,Social Sciences,https://doi.org/10.1007/s00146-011-0358-y,2,4
W2800903401,Interactive Sonification Exploring Emergent Behavior Applying Models for Biological Information and Listening,2018,Frontiers in Neuroscience,article,Plant and Biological Electrophysiology Studies,Plant Science,Agricultural and Biological Sciences,Life Sciences,https://doi.org/10.3389/fnins.2018.00197,6,82
W2005880295,Sonification and Acoustic Environments,2012,Leonardo Music Journal,article,Noise Effects and Management,Speech and Hearing,Health Professions,Health Sciences,https://doi.org/10.1162/lmj_a_00101,2,22
W35576504,Sonification of Facial Expressions,2015,,article,Hermeneutics and Narrative Identity,Philosophy,Arts and Humanities,Social Sciences,,2,6
W4226165666,Sonification of Emotion in Social Media: Affect and Accessibility in Facebook Reactions,2022,Proceedings of the ACM on Human-Computer Interaction,article,Tactile and Sensory Interactions,Cognitive Neuroscience,Neuroscience,Life Sciences,https://doi.org/10.1145/3512966,5,52
W2055297610,"Issues Relating to Automatic Speech Recognition and Spatial Auditory Displays in High Noise, Stressful Tank Environments",2000,Proceedings of the Human Factors and Ergonomics Society Annual Meeting,article,Human-Automation Interaction and Safety,Social Psychology,Psychology,Social Sciences,https://doi.org/10.1177/154193120004402267,4,4
W4249127707,Sonification Supports Eyes-Free Respiratory Monitoring and Task Time-Sharing,2004,Human Factors The Journal of the Human Factors and Ergonomics Society,article,Healthcare Technology and Patient Monitoring,Surgery,Medicine,Health Sciences,https://doi.org/10.1518/hfes.46.3.497.1636,4,0
W2785470176,A novel speech-based auditory display for monitoring vital signs,2016,,article,Healthcare Technology and Patient Monitoring,Surgery,Medicine,Health Sciences,,2,0
W81775368,Operating Theatre Patient Monitoring: The Effects of Self Paced Distracter Tasks and Experimental Control on Sonification Evaluations,2003,,article,Healthcare Technology and Patient Monitoring,Surgery,Medicine,Health Sciences,,6,5
W2022250057,Multidimensional encoding within the temporal microstructure of auditory displays. II,1973,The Journal of the Acoustical Society of America,article,Visual perception and processing mechanisms,Cognitive Neuroscience,Neuroscience,Life Sciences,https://doi.org/10.1121/1.1913569,2,7
W2412090784,Theoretical analysis of auditory display based on the virtual sphere model,1998,Medical Entomology and Zoology,article,Advanced Optical Imaging Technologies,Media Technology,Engineering,Physical Sciences,,2,0
W2405128847,On Applying Sonification Methods to Convey Business Process Data.,2012,CAiSE Forum,article,Data Visualization and Analytics,Computer Vision and Pattern Recognition,Computer Science,Physical Sciences,,4,12
W3211380182,Sonification and Music: Science meets Art,2021,English Studies in Africa,article,Multisensory perception and integration,Experimental and Cognitive Psychology,Psychology,Social Sciences,https://doi.org/10.1080/00138398.2021.1969120,2,18
W260047999,Multimodal Geographic Information Systems: Adding Haptic and Auditory Displays.,2001,Proceedings of the American Society for Information Science and Technology,article,Speech and dialogue systems,Artificial Intelligence,Computer Science,Physical Sciences,,2,0
W2074156432,Sonification Design for Real-Time Processes: Issues and a Demonstration,2002,Proceedings of the Human Factors and Ergonomics Society Annual Meeting,article,Hearing Loss and Rehabilitation,Cognitive Neuroscience,Neuroscience,Life Sciences,https://doi.org/10.1177/154193120204601710,4,13
W2610873633,Listen to Yourself and Others - Multiuser Mobile Biosignal Sonification Platform EMOListen,2010,,article,Quality and Safety in Healthcare,Medical Laboratory Technology,Health Professions,Health Sciences,,5,0
W4390100111,Introduction to the special issue on 3D sound reconstruction for virtual auditory displays: Applications in buildings,2023,The Journal of the Acoustical Society of America,editorial,Hearing Loss and Rehabilitation,Cognitive Neuroscience,Neuroscience,Life Sciences,https://doi.org/10.1121/10.0024159,3,6
W4229004999,Listening to the silent struggles of bipolar disorder through sonification of iMoodJournal data,2022,Bipolar Disorders,article,Neuroscience and Music Perception,Cognitive Neuroscience,Neuroscience,Life Sciences,https://doi.org/10.1111/bdi.13210,4,5
W2346164293,Sonification and music as support to the communication of alcohol-related health risks to young people,2016,Journal on Multimodal User Interfaces,article,Multisensory perception and integration,Experimental and Cognitive Psychology,Psychology,Social Sciences,https://doi.org/10.1007/s12193-016-0220-0,6,67
W1558791593,Report on Research Projects on Head-Related Transfer Functions and Virtual Auditory Displays in China,2013,Journal of the Audio Engineering Society,article,Ergonomics and Musculoskeletal Disorders,Social Psychology,Psychology,Social Sciences,,3,0
W4386580226,PepperOSC: enabling interactive sonification of a robot’s expressive movement,2023,Journal on Multimodal User Interfaces,article,Social Robot Interaction and HRI,Social Psychology,Psychology,Social Sciences,https://doi.org/10.1007/s12193-023-00414-9,4,18
W4256579231,INTERACTIVE SONIFICATION STRATEGIES FOR THE MOTION AND EMOTION OF DANCE PERFORMANCES,2019,,dissertation,Tactile and Sensory Interactions,Cognitive Neuroscience,Neuroscience,Life Sciences,https://doi.org/10.37099/mtu.dc.etdr/896,2,192
W4285792890,A Strata-Based Approach to Discussing Artistic Data Sonification,2022,Leonardo,article,Data Visualization and Analytics,Computer Vision and Pattern Recognition,Computer Science,Physical Sciences,https://doi.org/10.1162/leon_a_02257,4,15
W1546992045,Model-Based Target Sonification in Small Screen Devices,2008,IGI Global eBooks,book-chapter,Tactile and Sensory Interactions,Cognitive Neuroscience,Neuroscience,Life Sciences,https://doi.org/10.4018/978-1-59904-871-0.ch029,2,0
W3011155392,Sonification in cycling – a feasibility study,2014,,article,Tactile and Sensory Interactions,Cognitive Neuroscience,Neuroscience,Life Sciences,,2,0
W4406128306,The sound of science: a sonification learning experience in an Italian secondary school,2025,Frontiers in Education,article,Educational Philosophies and Pedagogies,Education,Social Sciences,Social Sciences,https://doi.org/10.3389/feduc.2024.1502396,3,110
W3184458317,Spatial sonification of letters on tablets to stimulate literacy skills and handwriting in 5 y-o children: A pilot study,2021,Human Movement Science,article,Tactile and Sensory Interactions,Cognitive Neuroscience,Neuroscience,Life Sciences,https://doi.org/10.1016/j.humov.2021.102844,9,48
W4391294942,Body-mind Sonification to Improve Players Actions in Sports,2016,NTT technical review,article,Action Observation and Synchronization,Social Psychology,Psychology,Social Sciences,https://doi.org/10.53829/ntr201601ra1,2,5
W2592647215,Heart Alert: ECG Sonification for supporting the detection and diagnosis of ST segment deviations,2016,,article,Healthcare Technology and Patient Monitoring,Surgery,Medicine,Health Sciences,,5,11
W2001443051,"Muscle Action Potential and Hand Switch Disjunctive Reaction Times to Visual, Auditory, and Combined Visual-Auditory Displays",1967,IEEE Transactions on Human Factors in Electronics,article,Tactile and Sensory Interactions,Cognitive Neuroscience,Neuroscience,Life Sciences,https://doi.org/10.1109/thfe.1967.234302,4,4
W4230049293,Three-dimensional auditory display apparatus and method utilizing enhanced bionic emulation of human binaural sound localization,1992,The Journal of the Acoustical Society of America,article,Tactile and Sensory Interactions,Cognitive Neuroscience,Neuroscience,Life Sciences,https://doi.org/10.1121/1.403729,4,0
W4319660011,Adding visual contextual information to continuous sonification feedback about low-reliability situations in conditionally automated driving: A driving simulator study,2023,Transportation Research Part F Traffic Psychology and Behaviour,article,Human-Automation Interaction and Safety,Social Psychology,Psychology,Social Sciences,https://doi.org/10.1016/j.trf.2023.01.017,12,33
W2907761082,"Sonification Mappings: Estimating Effectiveness, Polarities and Scaling in an Online Experiment",2018,Journal of the Audio Engineering Society,article,Design Education and Practice,Mechanical Engineering,Engineering,Physical Sciences,https://doi.org/10.17743/jaes.2018.00057,4,0
W3212229313,"Ultrasonic helical coil electrochemical reactor for simultaneous electrolysis–sonification–electrochemical polymerization, and applications for pollen cleaning",2021,Designed Monomers & Polymers,article,Advanced Chemical Sensor Technologies,Biomedical Engineering,Engineering,Physical Sciences,https://doi.org/10.1080/15685551.2021.2003557,7,17
W2406192348,A Symbolic Sonification of L-Systems,2009,CUNY Academic Works (City University of New York),article,Plant and Biological Electrophysiology Studies,Plant Science,Agricultural and Biological Sciences,Life Sciences,,2,5
W999888355,Creating a Coral Symphony: Sound Art and Sonification,2016,eTropic electronic journal of studies in the tropics,article,Multisensory perception and integration,Experimental and Cognitive Psychology,Psychology,Social Sciences,https://doi.org/10.25120/etropic.12.2.2013.3342,3,15
W2139853867,Feature-Based Synthesis for Sonification and Psychoacoustic Research,2006,,article,Music and Audio Processing,Signal Processing,Computer Science,Physical Sciences,,2,20
W2027634492,Sound/tracks: artistic real-time sonification of train journeys,2012,Journal on Multimodal User Interfaces,article,Tactile and Sensory Interactions,Cognitive Neuroscience,Neuroscience,Life Sciences,https://doi.org/10.1007/s12193-011-0089-x,3,15
W4367623970,Parameter Mapping Sonification of Human Olfactory Thresholds,2023,Biology,article,Olfactory and Sensory Function Studies,Sensory Systems,Neuroscience,Life Sciences,https://doi.org/10.3390/biology12050670,3,47
W17778624,Sonification: listen to brain activity,2009,,book-chapter,EEG and Brain-Computer Interfaces,Cognitive Neuroscience,Neuroscience,Life Sciences,https://doi.org/10.1007/978-3-211-75121-3_2,2,11
W1508068332,Caution and Warning Alarm Design and Evaluation for NASA CEV Auditory Displays,2008,Journal of the Audio Engineering Society,article,Noise Effects and Management,Speech and Hearing,Health Professions,Health Sciences,,2,0
W2896920121,Layered Motion and Gesture Sonification in an Interactive Installation,2018,Journal of the Audio Engineering Society,article,Tactile and Sensory Interactions,Cognitive Neuroscience,Neuroscience,Life Sciences,https://doi.org/10.17743/jaes.2018.0047,3,29
W3178751304,Isomorphic spatial visual-auditory displays for operations in DVE for obstacle avoidance,2018,,article,Human-Automation Interaction and Safety,Social Psychology,Psychology,Social Sciences,,2,0
W4396609104,A Natural Sonification Mapping for Handwriting,2024,Journal of the Audio Engineering Society,article,Tactile and Sensory Interactions,Cognitive Neuroscience,Neuroscience,Life Sciences,https://doi.org/10.17743/jaes.2022.0148,2,28
W4313175365,SONOUNO WEB INTERFACE FOR SONIFICATION AND ANALYSIS OF ASTROPHYSICAL DATA,2022,Revista Mexicana de Astronomía y Astrofísica Serie de Conferencias,article,Tactile and Sensory Interactions,Cognitive Neuroscience,Neuroscience,Life Sciences,https://doi.org/10.22201/ia.14052059p.2022.54.28,2,2
W4313128794,Sonification of Navigation Instructions for People with Visual Impairment,2022,SSRN Electronic Journal,preprint,Tactile and Sensory Interactions,Cognitive Neuroscience,Neuroscience,Life Sciences,https://doi.org/10.2139/ssrn.4255392,3,0
W2736259092,Information-theoretic Performance Analysis of Azimuthal Localization for Spatial-Auditory Display of Beamformed Sonar Data,2010,,article,Underwater Acoustics Research,Oceanography,Earth and Planetary Sciences,Physical Sciences,,3,19
W4400269829,Online reach adjustments induced by real-time movement sonification,2024,Human Movement Science,article,Tactile and Sensory Interactions,Cognitive Neuroscience,Neuroscience,Life Sciences,https://doi.org/10.1016/j.humov.2024.103250,4,78
W2398104833,A Portable system for data sonification,1992,,article,Tactile and Sensory Interactions,Cognitive Neuroscience,Neuroscience,Life Sciences,,2,0
W71569423,"""Informative auditory warning signals"": a review of published material within the HCI and Auditory Display communities",2007,,review,Tactile and Sensory Interactions,Cognitive Neuroscience,Neuroscience,Life Sciences,,3,20
W177417147,Paleontological Sonification: Letting Music Bring Fossils to Your Ears,2005,Journal of Geoscience Education,article,Cognitive Science and Education Research,Cognitive Neuroscience,Neuroscience,Life Sciences,https://doi.org/10.5408/1089-9995-53.3.271,4,0
W2886628190,Web sonification with synesthesia tools,2018,Música Hodie,article,Music Technology and Sound Studies,Computer Vision and Pattern Recognition,Computer Science,Physical Sciences,https://doi.org/10.5216/mh.v18i1.53572,2,32
W4295699277,"Evaluating the efficacy of sonification for signal detection in univariate, evenly sampled light curves using astronify",2022,arXiv (Cornell University),preprint,Tactile and Sensory Interactions,Cognitive Neuroscience,Neuroscience,Life Sciences,https://doi.org/10.48550/arxiv.2209.04465,4,0
W2396878506,Digiti Sonus: Advanced Interactive Fingerprint Sonification Using Visual Feature Analysis,2013,,article,Tactile and Sensory Interactions,Cognitive Neuroscience,Neuroscience,Life Sciences,https://doi.org/10.5281/zenodo.1178548,5,11
W4387623868,"It Sounds Cool: Exploring Sonification of Mid-Air Haptic Textures Exploration on Texture Judgments, Body Perception, and Motor Behaviour",2023,IEEE Transactions on Haptics,article,Multisensory perception and integration,Experimental and Cognitive Psychology,Psychology,Social Sciences,https://doi.org/10.1109/toh.2023.3320492,9,57
W3177324217,Sonification System of Maps for Blind,2008,InTech eBooks,book-chapter,Tactile and Sensory Interactions,Cognitive Neuroscience,Neuroscience,Life Sciences,https://doi.org/10.5772/5926,2,25
W1971713402,Cosmic ray sonification: the COSMOPHONE,2011,AI & Society,article,Experimental and Theoretical Physics Studies,Statistical and Nonlinear Physics,Physics and Astronomy,Physical Sciences,https://doi.org/10.1007/s00146-011-0353-3,2,4
W4304775435,Participatory Design of Sonification Development for Learning about Molecular Structures in Virtual Reality,2022,Multimodal Technologies and Interaction,article,Tactile and Sensory Interactions,Cognitive Neuroscience,Neuroscience,Life Sciences,https://doi.org/10.3390/mti6100089,5,59
W2954679837,Sonification for network-security monitoring,2018,Oxford University Research Archive (ORA) (University of Oxford),dissertation,Music Technology and Sound Studies,Computer Vision and Pattern Recognition,Computer Science,Physical Sciences,https://doi.org/10.5287/ora-xqwpjya4r,2,0
W2953470290,Data sonification in creative practice,2019,,dissertation,Tactile and Sensory Interactions,Cognitive Neuroscience,Neuroscience,Life Sciences,,2,24
W3201669672,Sonification Research and Emerging Topics,2021,Focal Press eBooks,book-chapter,Tactile and Sensory Interactions,Cognitive Neuroscience,Neuroscience,Life Sciences,https://doi.org/10.4324/9780429356360-14,2,0
W4220663269,The Use of Sonification for the Analysis and Teaching of Interpretive Auditory Nuances,2022,Frontiers in Neuroscience,article,Music Technology and Sound Studies,Computer Vision and Pattern Recognition,Computer Science,Physical Sciences,https://doi.org/10.3389/fnins.2022.808038,2,36
W2022651795,The effect of real-time auditory feedback on learning new characters,2014,Human Movement Science,article,Hearing Impairment and Communication,Developmental and Educational Psychology,Psychology,Social Sciences,https://doi.org/10.1016/j.humov.2014.12.002,56,65
W3184002544,Listening to Dura Europos: An Experiment in Archaeological Image Sonification,2021,Internet Archaeology,article,3D Surveying and Cultural Heritage,Geology,Earth and Planetary Sciences,Physical Sciences,https://doi.org/10.11141/ia.56.8,2,33
W4400798271,Audio augmented reality using sonification to enhance visual art experiences: Lessons learned,2024,International Journal of Human-Computer Studies,article,Virtual Reality Applications and Impacts,Human-Computer Interaction,Computer Science,Physical Sciences,https://doi.org/10.1016/j.ijhcs.2024.103329,4,94
W2125672489,Effects of Training and Auditory Context on Performance of a Point Estimation Sonification Task,2004,Proceedings of the Human Factors and Ergonomics Society Annual Meeting,article,Tactile and Sensory Interactions,Cognitive Neuroscience,Neuroscience,Life Sciences,https://doi.org/10.1177/154193120404801608,3,14
W4365460690,Evaluation of short range depth sonifications for visual-to-auditory sensory substitution,2023,arXiv (Cornell University),preprint,Tactile and Sensory Interactions,Cognitive Neuroscience,Neuroscience,Life Sciences,https://doi.org/10.48550/arxiv.2304.05462,4,0
W2802384224,SoniFight: Software to Provide Additional Sonification Cues to Video Games for Visually Impaired Players,2018,The Computer Games Journal,article,Tactile and Sensory Interactions,Cognitive Neuroscience,Neuroscience,Life Sciences,https://doi.org/10.1007/s40869-018-0059-6,5,9
W2157400060,DoppelLab : spatialized data sonification in a 3D virtual environment,2013,DSpace@MIT (Massachusetts Institute of Technology),dissertation,Music Technology and Sound Studies,Computer Vision and Pattern Recognition,Computer Science,Physical Sciences,,3,25
W4312668095,THE POWER OF LISTENING TO YOUR DATA: OPENING DOORS AND ENHANCING DISCOVERY USING SONIFICATION,2022,Revista Mexicana de Astronomía y Astrofísica Serie de Conferencias,article,Neuroscience and Music Perception,Cognitive Neuroscience,Neuroscience,Life Sciences,https://doi.org/10.22201/ia.14052059p.2022.54.01,5,11
W4280516949,PAMPAS: A PsychoAcoustical Method for the Perceptual Analysis of Multidimensional Sonification,2022,Preprints.org,preprint,Tactile and Sensory Interactions,Cognitive Neuroscience,Neuroscience,Life Sciences,https://doi.org/10.20944/preprints202205.0167.v1,3,83
W2121752185,A system for the complementary visualization of 3D volume images using 2D and 3D binaurally processed sonification representations,1996,IEEE Visualization,article,Tactile and Sensory Interactions,Cognitive Neuroscience,Neuroscience,Life Sciences,https://doi.org/10.5555/244979.245632,7,7
W2553308749,OVERCOMING SOFTWARE INERTIA IN DATA SONIFICATION RESEARCH USING THE SoniPy FRAMEWORK,2007,,article,Music Technology and Sound Studies,Computer Vision and Pattern Recognition,Computer Science,Physical Sciences,,4,9
W2369929118,"Comparative study on the effect of Parameter Mapping Sonification on perceived instabilities, efficiency, and accuracy in real-time interactive exploration of noisy data streams",2016,Displays,article,Music Technology and Sound Studies,Computer Vision and Pattern Recognition,Computer Science,Physical Sciences,https://doi.org/10.1016/j.displa.2016.05.001,7,60
W2553308749,OVERCOMING SOFTWARE INERTIA IN DATA SONIFICATION RESEARCH USING THE SoniPy FRAMEWORK,2007,,article,Music Technology and Sound Studies,Computer Vision and Pattern Recognition,Computer Science,Physical Sciences,,4,9
W2949600973,Sonification in security operations centres: what do security practitioners think?,2018,arXiv (Cornell University),preprint,User Authentication and Security Systems,Information Systems,Computer Science,Physical Sciences,https://doi.org/10.48550/arxiv.1807.06706,4,33
W4280516949,PAMPAS: A PsychoAcoustical Method for the Perceptual Analysis of Multidimensional Sonification,2022,Preprints.org,preprint,Tactile and Sensory Interactions,Cognitive Neuroscience,Neuroscience,Life Sciences,https://doi.org/10.20944/preprints202205.0167.v1,3,83
W2028819925,Apropos sonification: a broad view of data as music and sound,2011,AI & Society,article,Music Technology and Sound Studies,Computer Vision and Pattern Recognition,Computer Science,Physical Sciences,https://doi.org/10.1007/s00146-011-0339-1,3,5
W2072927538,Masked Thresholds and Predicting the Audibility of Auditory Displays: An Example for Long-Haul Trucks,2002,Proceedings of the Human Factors and Ergonomics Society Annual Meeting,article,Vehicle Noise and Vibration Control,Automotive Engineering,Engineering,Physical Sciences,https://doi.org/10.1177/154193120204601901,2,2
W2734960309,"Climate and Music, Beyond Sonification: Balance-Unbalance 2016",2017,Leonardo,article,Neuroscience and Music Perception,Cognitive Neuroscience,Neuroscience,Life Sciences,https://doi.org/10.1162/leon_a_01527,3,10
W2303741391,Virtual reality simulator for sonification studies,2009,Computational intelligence,article,Tactile and Sensory Interactions,Cognitive Neuroscience,Neuroscience,Life Sciences,,2,2
W4322503920,Sonification Use Cases in Highly Automated Vehicles: Designing and Evaluating Use Cases in Level 4 Automation,2023,International Journal of Human-Computer Interaction,article,Human-Automation Interaction and Safety,Social Psychology,Psychology,Social Sciences,https://doi.org/10.1080/10447318.2023.2180236,5,44
W2107071826,Sonimime: Movement Sonification For Real-Time Timbre Shaping,2005,,article,Tactile and Sensory Interactions,Cognitive Neuroscience,Neuroscience,Life Sciences,https://doi.org/10.5281/zenodo.1176740,3,2
W2189059323,Effects of training and context on human performance in a point estimation sonification task,2003,SMARTech Repository (Georgia Institute of Technology),dissertation,Tactile and Sensory Interactions,Cognitive Neuroscience,Neuroscience,Life Sciences,,4,31
W2047042583,Concurrent 3-D Sonifications Enable the Head-Up Monitoring of Two Interrelated Aircraft Navigation Instruments,2014,Human Factors The Journal of the Human Factors and Ergonomics Society,article,Human-Automation Interaction and Safety,Social Psychology,Psychology,Social Sciences,https://doi.org/10.1177/0018720814536443,4,29
W2024339013,Sonification as Sensemaking in Control Room Applications,2013,Proceedings of the Human Factors and Ergonomics Society Annual Meeting,article,Tactile and Sensory Interactions,Cognitive Neuroscience,Neuroscience,Life Sciences,https://doi.org/10.1177/1541931213571318,2,11
W4404075198,Sonification of Deproteinized Bovine Bone Functionalized with Genistein Enhances Bone Repair in Peri-Implant Bone Defects in Ovariectomized Rats,2024,Journal of Functional Biomaterials,article,Phytoestrogen effects and research,Pathology and Forensic Medicine,Medicine,Health Sciences,https://doi.org/10.3390/jfb15110328,8,61
W4249776178,Artificial intelligence &amp; self-consistent sonification method for converting DNA sequence to music,2019,Biointerface Research in Applied Chemistry,article,Plant and Biological Electrophysiology Studies,Plant Science,Agricultural and Biological Sciences,Life Sciences,https://doi.org/10.33263/briac96.494501,5,53
W2186293173,Sonification of multiple Fibonacci-related sequences,2013,"Acta Biologica Plantarum Agriensis (Eszterházy Károly University, Hungary)",article,Music Technology and Sound Studies,Computer Vision and Pattern Recognition,Computer Science,Physical Sciences,,2,2
W2186404723,Auditory Graphs Need Error Bars: Validating Error-to-Sound Mappings and Scalings,2013,,article,Multisensory perception and integration,Experimental and Cognitive Psychology,Psychology,Social Sciences,,2,11
W2025645323,Navigation of interactive sonifications and visualisations of time-series data using multi-touch computing,2011,Journal on Multimodal User Interfaces,article,Data Visualization and Analytics,Computer Vision and Pattern Recognition,Computer Science,Physical Sciences,https://doi.org/10.1007/s12193-011-0075-3,5,45
W255636121,Using Sounds and Sonifications for Astronomy Outreach,2006,IAUSS,article,"Radio, Podcasts, and Digital Media",Communication,Social Sciences,Social Sciences,,2,0
W4221149307,For LISA. A piano-based sonification project of gravitational waves,2022,arXiv (Cornell University),preprint,Music Technology and Sound Studies,Computer Vision and Pattern Recognition,Computer Science,Physical Sciences,https://doi.org/10.48550/arxiv.2202.04621,3,0
W4402238461,Sonification of Genomic Data to Represent Genetic Load in Zoo Populations,2024,Zoo Biology,article,Genetic and phenotypic traits in livestock,Genetics,"Biochemistry, Genetics and Molecular Biology",Life Sciences,https://doi.org/10.1002/zoo.21859,3,29
W2630119004,Menu Sonification in an Automotive Media Center : Design and Evaluation,2011,HAL (Le Centre pour la Communication Scientifique Directe),book-chapter,Tactile and Sensory Interactions,Cognitive Neuroscience,Neuroscience,Life Sciences,,3,21
W3001013749,Using sounds and sonifications for astronomy outreach,2008,LA Referencia (Red Federada de Repositorios Institucionales de Publicaciones Científicas),book-chapter,"Radio, Podcasts, and Digital Media",Communication,Social Sciences,Social Sciences,,2,0
W1968742399,Morphic features variation of solid particles after size reduction: sonification compared to jet mill grinding,1988,International Journal of Pharmaceutics,article,Calcium Carbonate Crystallization and Inhibition,Biomaterials,Materials Science,Physical Sciences,https://doi.org/10.1016/0378-5173(88)90228-1,6,17
W2031655769,Mental scanning of sonifications reveals flexible encoding of nonspeech sounds and a universal per-item scanning cost,2011,Acta Psychologica,article,Tactile and Sensory Interactions,Cognitive Neuroscience,Neuroscience,Life Sciences,https://doi.org/10.1016/j.actpsy.2011.03.012,6,72
W3113479924,Quasar Spectroscopy Sound: Analyzing Intergalactic and Circumgalactic Media via Data Sonification,2020,Journal of the Audio Engineering Society,article,Computational Physics and Python Applications,Artificial Intelligence,Computer Science,Physical Sciences,https://doi.org/10.17743/jaes.2020.0011,4,0
W1582179555,Some Recent Works on Head-Related Transfer Functions and Virtual Auditory Display in China,2010,,article,Hearing Loss and Rehabilitation,Cognitive Neuroscience,Neuroscience,Life Sciences,,2,0
W3119553192,A model for spectroscopic food sample analysis using data sonification,2021,International Journal of Speech Technology,article,Advanced Chemical Sensor Technologies,Biomedical Engineering,Engineering,Physical Sciences,https://doi.org/10.1007/s10772-020-09794-9,3,44
W2048548910,Visual and auditory attention in patient monitoring: a formative analysis,2004,Cognition Technology & Work,article,Healthcare Technology and Patient Monitoring,Surgery,Medicine,Health Sciences,https://doi.org/10.1007/s10111-004-0159-x,27,25
W3118618320,“Remediatizing Visual Media as Sonic Data. Sonification and Cultural History.”,2020,Revue d histoire culturelle,article,Diverse Musicological Studies,Music,Arts and Humanities,Social Sciences,https://doi.org/10.4000/rhc.348,3,40
W2062266239,"Removal of As, Cadmium and Lead in Sandy Soil with Sonification-Electrokinetic Remediation",2013,Journal of Soil and Groundwater Environment,article,Electrokinetic Soil Remediation Techniques,Electrical and Electronic Engineering,Engineering,Physical Sciences,https://doi.org/10.7857/jsge.2013.18.7.001,3,7
W3017155694,A design-driven sonification process for supporting expert users in real-time anomaly detection: Towards applied guidelines,2020,EAI Endorsed Transactions on Creative Technologies,article,Music Technology and Sound Studies,Computer Vision and Pattern Recognition,Computer Science,Physical Sciences,https://doi.org/10.4108/eai.13-7-2018.163994,6,48
W2765379808,Sonification and visualization of predecisional information search: Identifying toolboxes in children.,2017,Developmental Psychology,article,Child and Animal Learning Development,Developmental and Educational Psychology,Psychology,Social Sciences,https://doi.org/10.1037/dev0000447,3,19
W2997415826,Sonification for geoscience: Listening to faults from the inside,2014,EGUGA,article,3D Surveying and Cultural Heritage,Geology,Earth and Planetary Sciences,Physical Sciences,,2,0
W4307174479,Interactive Sonification for Health and Energy using ChucK and Unity,2022,arXiv (Cornell University),preprint,Tactile and Sensory Interactions,Cognitive Neuroscience,Neuroscience,Life Sciences,https://doi.org/10.5281/zenodo.7243950,2,0
W2563160245,Blyth – Eastbourne – Wembury: Sonification as a compositional tool in electroacoustic music,2016,,article,Music Technology and Sound Studies,Computer Vision and Pattern Recognition,Computer Science,Physical Sciences,,3,2
W3154347787,Sonification and Animation of Multivariate Data to Illuminate Dynamics of Geyser Eruptions,2020,Computer Music Journal,article,Music and Audio Processing,Signal Processing,Computer Science,Physical Sciences,https://doi.org/10.1162/comj_a_00551,3,45
W2164135594,"Developing Telematic Electroacoustic Music: Complex networks, machine intelligence and affective data stream sonification",2015,Organised Sound,article,Music Technology and Sound Studies,Computer Vision and Pattern Recognition,Computer Science,Physical Sciences,https://doi.org/10.1017/s1355771814000478,5,30
W1978640855,Experiments involving sonification of liquid helium at 4.2 K in the cathode–anode interspace of a photodiode tube,1976,The Journal of the Acoustical Society of America,article,"Quantum, superfluid, helium dynamics","Atomic and Molecular Physics, and Optics",Physics and Astronomy,Physical Sciences,https://doi.org/10.1121/1.381093,5,0
W3118386952,Interactive sonification in two domains: helicopter flight analysis and physiotherapy movement analysis,2004,,article,Tactile and Sensory Interactions,Cognitive Neuroscience,Neuroscience,Life Sciences,,4,0
W2188832265,Kinetic surface friction rendering for interactive sonification: an initial exploration,2021,arXiv (Cornell University),preprint,Tactile and Sensory Interactions,Cognitive Neuroscience,Neuroscience,Life Sciences,https://doi.org/10.48550/arxiv.2107.13825,3,6
W2810058650,AirQ sonification as a context for mutual contribution between science and music,2018,Música Hodie,article,Music Technology and Sound Studies,Computer Vision and Pattern Recognition,Computer Science,Physical Sciences,https://doi.org/10.5216/mh.v18i1.53573,2,12
W3117280921,Telemetry of patients with pacemaker applying ECG sonification,2017,,article,ECG Monitoring and Analysis,Cardiology and Cardiovascular Medicine,Medicine,Health Sciences,,2,0
W4308946688,Evaluating enhanced pulse oximetry auditory displays for neonatal oxygen targeting: A randomized laboratory trial with clinicians and non-clinicians,2022,Applied Ergonomics,article,Healthcare Technology and Patient Monitoring,Surgery,Medicine,Health Sciences,https://doi.org/10.1016/j.apergo.2022.103918,3,25
W2884433450,Experiencing a Slice of the Sky: Immersive Rendering and Sonification of Antarctic Astronomy Data,2018,Electronic Imaging,article,Music Technology and Sound Studies,Computer Vision and Pattern Recognition,Computer Science,Physical Sciences,https://doi.org/10.2352/issn.2470-1173.2018.03.ervr-449,3,0
W2790875384,Detecting silent seizures by their sound,2018,Epilepsia,article,EEG and Brain-Computer Interfaces,Cognitive Neuroscience,Neuroscience,Life Sciences,https://doi.org/10.1111/epi.14043,45,15
W2036853357,Where did that sound come from? Comparing the ability to localise using audification and audition,2011,Disability and Rehabilitation Assistive Technology,article,Human auditory perception and evaluation,Aerospace Engineering,Engineering,Physical Sciences,https://doi.org/10.3109/17483107.2011.602172,2,46
W2396724862,The effect of pitch shifts on the identification of environmental sounds: Design considerations for the modification of sounds in auditory displays,2005,,article,Noise Effects and Management,Speech and Hearing,Health Professions,Health Sciences,,2,4
W2506943126,DEVELOPMENT OF VIRTUAL AUDITORY DISPLAY SOFTWARE RESPONSIVE TO HEAD MOVEMENT AND A CONSIDERATION ON DERATION OF SPATIALIZED AMBIENT SOUND TO IMPROVE REALISM OF PERCEIVED SOUND SPACE,2010,WORLD SCIENTIFIC eBooks,book-chapter,Hearing Loss and Rehabilitation,Cognitive Neuroscience,Neuroscience,Life Sciences,https://doi.org/10.1142/9789814299312_0010,4,9
W2614065301,"The 21st International Conference on Auditory Display (ICAD2015), July 8-10, 2015, Graz, Austria",2015,,article,3D Surveying and Cultural Heritage,Geology,Earth and Planetary Sciences,Physical Sciences,,2,0
W2913974043,Role of Sonification and Rhythmic Auditory Cueing for Enhancing Gait Associated Deficits Induced by Neurotoxic Cancer Therapies: A Perspective on Auditory Neuroprosthetics,2019,Frontiers in Neurology,article,Cancer-related cognitive impairment studies,Pulmonary and Respiratory Medicine,Medicine,Health Sciences,https://doi.org/10.3389/fneur.2019.00021,7,133
W3207239826,The effect of eye movement sonification on visual search patterns and anticipation in novices,2021,Journal on Multimodal User Interfaces,article,Sport Psychology and Performance,Developmental and Educational Psychology,Psychology,Social Sciences,https://doi.org/10.1007/s12193-021-00381-z,3,31
W2789921535,"La sonification, une remédiation de l’empreinte / La ressemblance par contact. Archéologie, anachronisme et modernité de l’empreinte, de Georges Didi-Huberman, Éditions de Minuit, 379 p.",2011,Érudit (Université de Montréal),article,Cultural Insights and Digital Impacts,Computer Networks and Communications,Computer Science,Physical Sciences,,13,0
W3039496228,PLAY ME: interactive sonification of sexual arousal in long-distance relationships,2020,Paladyn Journal of Behavioral Robotics,article,Music Therapy and Health,Social Psychology,Psychology,Social Sciences,https://doi.org/10.1515/pjbr-2020-0014,3,10
W650811982,Excitation of Plasmons and Interband Transitions by Electrons,1980,,book,Multimedia Communication and Technology,Sociology and Political Science,Social Sciences,Social Sciences,https://doi.org/10.1007/bfb0045951,802,1
W4281286786,Designing Interactive Sonifications for the Exploration Of Dance Phrase Edges,2022,Duo Research Archive (University of Oslo),book-chapter,Music Technology and Sound Studies,Computer Vision and Pattern Recognition,Computer Science,Physical Sciences,https://doi.org/10.5281/zenodo.6572982,2,0
W4407853877,Creating trust in fully autonomous vehicles through spatialized predictive sonification,2025,International Journal of Human-Computer Studies,article,Human-Automation Interaction and Safety,Social Psychology,Psychology,Social Sciences,https://doi.org/10.1016/j.ijhcs.2025.103481,3,48
W2294118904,An Open Platform for Full Body Interactive Sonification Exergames,2015,,article,Tactile and Sensory Interactions,Cognitive Neuroscience,Neuroscience,Life Sciences,,2,0
W4388314562,The Representation of Spatio-Temporal Variation in GIS and Cartographic Displays: The Case for Sonification and Auditory Data Representation,1998,,book-chapter,Noise Effects and Management,Speech and Hearing,Health Professions,Health Sciences,https://doi.org/10.1093/oso/9780195103427.003.0005,4,0
W4391901154,Evaluation of the effectiveness of sonification for time series data exploration,2024,arXiv (Cornell University),preprint,Time Series Analysis and Forecasting,Signal Processing,Computer Science,Physical Sciences,https://doi.org/10.48550/arxiv.2402.09953,2,0
W2623341036,Handwriting Movement Sonification for the Diagnosis and the Rehabilitation of Graphomotor Disorders,2014,HAL (Le Centre pour la Communication Scientifique Directe),book-chapter,Writing and Handwriting Education,Education,Social Sciences,Social Sciences,,2,0
W2516735759,Sonnotile: Audio Annotation and Sonification for Large Tiled Audio/Visual Display Environments,2011,,article,Tactile and Sensory Interactions,Cognitive Neuroscience,Neuroscience,Life Sciences,,2,10
W2062261629,Listen and learn: An investigation of sonification as an instructional variable to improve understanding of complex environments,2007,Computers in Human Behavior,article,Tactile and Sensory Interactions,Cognitive Neuroscience,Neuroscience,Life Sciences,https://doi.org/10.1016/j.chb.2007.02.006,3,12
W2965956734,Using the Sonification for Hardly Detectable Details in Medical Images,2019,International Journal of Scientific and Research Publications,article,Tactile and Sensory Interactions,Cognitive Neuroscience,Neuroscience,Life Sciences,https://doi.org/10.29322/ijsrp.9.07.2019.p9146,2,0
W2314122159,Sonification-based Electronic Aid System for the Visually Impaired,2011,Journal of Convergence Information Technology,article,Tactile and Sensory Interactions,Cognitive Neuroscience,Neuroscience,Life Sciences,https://doi.org/10.4156/jcit.vol6.issue5.23,2,0
W3128200780,WatchOut Obstacle Sonification for People with Visual Impairment or Blindness,2019,ACM Proceedings,article,Tactile and Sensory Interactions,Cognitive Neuroscience,Neuroscience,Life Sciences,,2,0
W2350656158,An Image Sonification Method Based on Lifting Wavelet Transform,2011,Journal of Northeastern University,article,Image and Signal Denoising Methods,Computer Vision and Pattern Recognition,Computer Science,Physical Sciences,,2,0
W1550973490,Heart Rate Sonification – using Sound to Monitor Heart Beat When Running.,2012,,article,Non-Invasive Vital Sign Monitoring,Biomedical Engineering,Engineering,Physical Sciences,,3,0
W2158929635,Listening to Maps: User Evaluation of Interactive Sonifications of Geo-Referenced Data (2004),2005,University Libraries (University of Maryland),report,Tactile and Sensory Interactions,Cognitive Neuroscience,Neuroscience,Life Sciences,,3,12
W4394954050,Orchestrating Motion: Real-Time Sonification Tools and Methods to Support Movement Rehabilitation,2024,,dissertation,Tactile and Sensory Interactions,Cognitive Neuroscience,Neuroscience,Life Sciences,https://doi.org/10.54337/aau696001045,3,260
W4392915303,Sonification of molecular electronic energy density and its dynamics,2024,RSC Advances,article,Advanced Chemical Sensor Technologies,Biomedical Engineering,Engineering,Physical Sciences,https://doi.org/10.1039/d4ra00999a,2,28
W4396609080,Connecting Sound to Data: Sonification Workshop Methods With Expert and Non-Expert Participants,2024,Journal of the Audio Engineering Society,article,Tactile and Sensory Interactions,Cognitive Neuroscience,Neuroscience,Life Sciences,https://doi.org/10.17743/jaes.2022.0143,3,24
W2064478630,<i>sLowlife</i>: Sonification of Plant Study Data,2006,Leonardo Music Journal,article,"Environmental, Ecological, and Cultural Studies",Sociology and Political Science,Social Sciences,Social Sciences,https://doi.org/10.1162/lmj.2006.16.42b,2,3
W4230045347,Sonification Supports Eyes-Free Respiratory Monitoring and Task Time-Sharing,2004,Human Factors The Journal of the Human Factors and Ergonomics Society,article,Healthcare Technology and Patient Monitoring,Surgery,Medicine,Health Sciences,https://doi.org/10.1518/hfes.46.3.497.3805,2,0
W2007272132,Clinical significance of antibodies against neutrophils in patients with inflammatory bowel disease and primary sclerosing cholangitis.,1992,Gut,article,Inflammatory Bowel Disease,Genetics,"Biochemistry, Genetics and Molecular Biology",Life Sciences,https://doi.org/10.1136/gut.33.5.657,187,34
W2028361101,Measurement of non-specific binding by parallel or consecutive incubation procedures in receptor homogenates follwong tissue disintegrations by sonification,1990,Journal of Biochemical and Biophysical Methods,article,Estrogen and related hormone effects,Genetics,"Biochemistry, Genetics and Molecular Biology",Life Sciences,https://doi.org/10.1016/0165-022x(90)90047-g,5,2
W1829197771,Wa-UM-eii : How a Choreographer Can Use Sonification to Communicate With Dancers During Rehearsals,2012,KTH Publication Database DiVA (KTH Royal Institute of Technology),dissertation,Hearing Impairment and Communication,Developmental and Educational Psychology,Psychology,Social Sciences,,4,0
W2127298667,SONIFICATION USING DIGITAL WAVEGUIDES AND 2- AND 3-DIMENSIONAL DIGITAL WAVEGUIDE MESH,2005,,article,Music Technology and Sound Studies,Computer Vision and Pattern Recognition,Computer Science,Physical Sciences,,2,12
W4401480693,SYSTEMATIC REVIEW OF SONIFICATION FOR CONTROLLING AN OBJECT’S POSITION IN SPACE,2024,Cognition and Experience,review,Tactile and Sensory Interactions,Cognitive Neuroscience,Neuroscience,Life Sciences,https://doi.org/10.51217/cogexp_2024_05_02_04,2,5
W2087625034,Adsorption of Ca2+ and La3+ to bilayer membranes: Measurement of the adsorption enthalpy and binding constant with titration calorimetry,1994,Biochimica et Biophysica Acta (BBA) - Biomembranes,article,thermodynamics and calorimetric analyses,Physical and Theoretical Chemistry,Chemistry,Physical Sciences,https://doi.org/10.1016/0005-2736(94)90284-4,108,37
W2787135999,Can Sonification Become a Useful Tool for Medical Data Representation?,2017,Studies in health technology and informatics,book-chapter,Data Visualization and Analytics,Computer Vision and Pattern Recognition,Computer Science,Physical Sciences,https://doi.org/10.3233/978-1-61499-830-3-526,2,0
W4407558787,Effects of Sentiment-Based Sonification on Fairy Tale Listening Experience,2025,Auditory Perception & Cognition,article,"Language, Metaphor, and Cognition",Experimental and Cognitive Psychology,Psychology,Social Sciences,https://doi.org/10.1080/25742442.2025.2463888,2,62
W4412391168,"ST Elevation Sonification of a 12-Lead ECG for the Assessment, Diagnosis, and Monitoring of ST Elevation Myocardial Infarction",2025,Sensors,article,ECG Monitoring and Analysis,Cardiology and Cardiovascular Medicine,Medicine,Health Sciences,https://doi.org/10.3390/s25144373,2,32
W2773816955,Sonification of fluidity - An exploration of perceptual connotations of a particular movement feature,2016,,article,Music and Audio Processing,Signal Processing,Computer Science,Physical Sciences,,2,4
W4407344171,Gesture sonification for enhancing agency: an exploratory study on healthy participants,2025,Frontiers in Psychology,article,Action Observation and Synchronization,Social Psychology,Psychology,Social Sciences,https://doi.org/10.3389/fpsyg.2024.1450365,2,54
W1484075953,The effect of sewage sludge sonification on sanitary factors and pathogenic fungi,2007,Environment Protection Engineering,article,Building materials and conservation,Earth-Surface Processes,Earth and Planetary Sciences,Physical Sciences,,2,6
W4409203711,From traditional algorithms to artificial intelligence: a review of the development of sensory substitution sonification methods,2025,The European Physical Journal Special Topics,article,Tactile and Sensory Interactions,Cognitive Neuroscience,Neuroscience,Life Sciences,https://doi.org/10.1140/epjs/s11734-025-01596-x,3,118
W2029812497,The removal of cholesterol from landschütz ascites cells by high-density apolipoprotein,1973,Biochimica et Biophysica Acta (BBA) - Lipids and Lipid Metabolism,article,Cholesterol and Lipid Metabolism,Surgery,Medicine,Health Sciences,https://doi.org/10.1016/0005-2760(73)90249-x,141,30
W4386814265,"Comparing Performance and Preference of Visually Impaired Individuals in Object Localization: Tactile, Verbal, and Sonification Cueing Modalities",2023,Technologies,article,Tactile and Sensory Interactions,Cognitive Neuroscience,Neuroscience,Life Sciences,https://doi.org/10.3390/technologies11050127,4,30
W4403600686,Low-Power Real-Time Seizure Monitoring Using AI-Assisted Sonification of Neonatal EEG,2024,IEEE Transactions on Emerging Topics in Computing,article,EEG and Brain-Computer Interfaces,Cognitive Neuroscience,Neuroscience,Life Sciences,https://doi.org/10.1109/tetc.2024.3481035,3,39
W2137291094,Determination of reaction variables for the starch xanthide encapsulation of pesticides,1983,Journal of Polymer Science Polymer Chemistry Edition,article,Polymer-Based Agricultural Enhancements,Biomedical Engineering,Engineering,Physical Sciences,https://doi.org/10.1002/pol.1983.170210113,27,18
W4231031726,13C-NMR sonification of human insulin: a method for conversion of amino-acid sequences to music notes,2019,Biointerface Research in Applied Chemistry,article,Microfluidic and Capillary Electrophoresis Applications,Biomedical Engineering,Engineering,Physical Sciences,https://doi.org/10.33263/briac94.077084,3,40
W4406047343,EEG-Based Cognitive Load Estimation of Acoustic Parameters for Data Sonification,2025,IEEE Transactions on Cognitive and Developmental Systems,article,EEG and Brain-Computer Interfaces,Cognitive Neuroscience,Neuroscience,Life Sciences,https://doi.org/10.1109/tcds.2025.3525492,2,66
W4393871019,Sonification methods for enabling augmented data analysis applied to graphene optoelectronics,2024,Applied Research,article,Design Education and Practice,Mechanical Engineering,Engineering,Physical Sciences,https://doi.org/10.1002/appl.202300092,2,11
W2625114350,"Designing, Prototyping and Evaluating Digital Mindfulness Applications: A Case Study of Mindful Breathing for Stress Reduction",2017,Journal of Medical Internet Research,article,Mindfulness and Compassion Interventions,Clinical Psychology,Psychology,Social Sciences,https://doi.org/10.2196/jmir.6955,52,76
W2774231567,Listening to Social Rhythms: Exploring Logged Interactional Data Through Sonification,2016,,book-chapter,Data Visualization and Analytics,Computer Vision and Pattern Recognition,Computer Science,Physical Sciences,https://doi.org/10.4135/9781473983847.n24,2,11
W4415206915,"Feasibility of IMU-Based Wearable Sonification: Toward Personalized, Real-Time Gait Monitoring and Rehabilitation",2025,Biosensors,article,Tactile and Sensory Interactions,Cognitive Neuroscience,Neuroscience,Life Sciences,https://doi.org/10.3390/bios15100698,3,59
W1581044592,Leukotriene A4: preparation and enzymatic conversion in a cell-free system to leukotriene B4.,1982,Journal of Biological Chemistry,article,Pediatric health and respiratory diseases,Emergency Medical Services,Health Professions,Health Sciences,https://doi.org/10.1016/s0021-9258(19)45318-0,86,18
W4385455853,New Design Potentials of Non-mimetic Sonification in Human–Robot Interaction,2023,ACM Transactions on Human-Robot Interaction,article,Tactile and Sensory Interactions,Cognitive Neuroscience,Neuroscience,Life Sciences,https://doi.org/10.1145/3611646,2,27
W2604103570,Sonification of Spin Models. Listening to Phase Transitions in the Ising and Potts Model.,2007,,article,Opinion Dynamics and Social Influence,Statistical and Nonlinear Physics,Physics and Astronomy,Physical Sciences,,2,8
W7166137428,Residual Structure in Painting Sonification: Correlation Patterns in Chromatic and Acoustic Features,2026,Zenodo (CERN European Organization for Nuclear Research),preprint,Aesthetic Perception and Analysis,Cognitive Neuroscience,Neuroscience,Life Sciences,https://doi.org/10.5281/zenodo.20925302,2,0
W4387995661,Synthesis and Optimization of Nanoparticle Chitosan-Tripolyphospate Centella asiatica using Ionic Gelation Method with Difference Sonification Time,2023,Research Journal of Pharmacy and Technology,article,Medicinal Plants and Neuroprotection,Complementary and alternative medicine,Medicine,Health Sciences,https://doi.org/10.52711/0974-360x.2023.00635,4,22
W2467114634,More Feedback Is Better than Less: Learning a Novel Upper Limb Joint Coordination Pattern with Augmented Auditory Feedback,2016,Frontiers in Neuroscience,article,Motor Control and Adaptation,Cognitive Neuroscience,Neuroscience,Life Sciences,https://doi.org/10.3389/fnins.2016.00251,52,36
W2317577766,DEVELOPMENT OF A SIMULATION BASED EXPERIENCE SYSTEM FOR TSUNAMI USING SONIFICATION TECHNOLOGY,2014,Journal of Japan Society of Civil Engineers Ser F3 (Civil Engineering Informatics),article,Speech and Audio Processing,Signal Processing,Computer Science,Physical Sciences,https://doi.org/10.2208/jscejcei.70.i_235,2,2
W2791213856,Implementation of the Visualization and Sonification System of Human Movements based on Intentional Synesthesia,2018,Journal of Korean institute of intelligent systems,article,Color perception and design,Social Psychology,Psychology,Social Sciences,https://doi.org/10.5391/jkiis.2018.28.1.83,2,0
W4396219326,Movement Sonification: Intermodal Transformation of Movement Data to Enhance Motor Learning,2024,Sports Technology,book-chapter,Action Observation and Synchronization,Social Psychology,Psychology,Social Sciences,https://doi.org/10.1007/978-3-662-68703-1_20,2,46
W4409599300,Metrics sonification: The introduction of new ways to present bibliometric data using publication data of Loet Leydesdorff as an example,2025,Scientometrics,article,scientometrics and bibliometrics research,"Statistics, Probability and Uncertainty",Decision Sciences,Social Sciences,https://doi.org/10.1007/s11192-025-05320-3,2,35
W2040373280,Interactive sonification for blind people exploration of geo-referenced data: comparison between a keyboard-exploration and a haptic-exploration interfaces,2006,Cognitive Processing,article,Tactile and Sensory Interactions,Cognitive Neuroscience,Neuroscience,Life Sciences,https://doi.org/10.1007/s10339-006-0137-8,4,0
W2006144938,Localization using nonindividualized head-related transfer functions,1993,The Journal of the Acoustical Society of America,article,Hearing Loss and Rehabilitation,Cognitive Neuroscience,Neuroscience,Life Sciences,https://doi.org/10.1121/1.407089,877,0
W3083760400,Graphical Data Sets as Compositional Structure: Sonification of Color Graphs in <i>RGB</i> for Clarinet and Piano,2020,Leonardo,article,Music Technology and Sound Studies,Computer Vision and Pattern Recognition,Computer Science,Physical Sciences,https://doi.org/10.1162/leon_a_01964,3,0
W2809199446,Rapid Bedside Evaluation of Seizures in the ICU by Listening to the Sound of Brainwaves: A Prospective Observational Clinical Trial of Ceribell’s Brain Stethoscope Function,2018,Neurocritical Care,article,Epilepsy research and treatment,Psychiatry and Mental health,Medicine,Health Sciences,https://doi.org/10.1007/s12028-018-0543-7,46,22
W3139398199,The Role of Sonification as a Code Navigation Aid: Improving Programming Structure Readability and Understandability For Non-Visual Users,2020,RIT Scholar Works (Rochester Institute of Technology),dissertation,Tactile and Sensory Interactions,Cognitive Neuroscience,Neuroscience,Life Sciences,,3,0
W2528297599,Investigation of multiple visualisation techniques and dynamic queries in conjunction with direct sonification to support the browsing of audio resources,2003,University of Limerick Institutional Repository (University of Limerick),dissertation,Music and Audio Processing,Signal Processing,Computer Science,Physical Sciences,https://doi.org/10.34961/3417,2,0
W2066206624,Recruitment of copepod nauplii into the plankton: importance of diapause eggs and benthic processes,1984,Marine Ecology Progress Series,article,Marine and coastal ecosystems,Oceanography,Earth and Planetary Sciences,Physical Sciences,https://doi.org/10.3354/meps015047,145,0
W2978660960,Molecular Sonification of Nuclear Magnetic Resonance Data as a Novel Tool for Sound Creation.,2016,ICMC,article,Music Technology and Sound Studies,Computer Vision and Pattern Recognition,Computer Science,Physical Sciences,,2,0
W4406381016,Effects of Movement Sonification Auditory Feedback on Repetitions and Brain Activity During the Bench Press,2024,The Journal of Strength and Conditioning Research,article,Multisensory perception and integration,Experimental and Cognitive Psychology,Psychology,Social Sciences,https://doi.org/10.1519/jsc.0000000000004927,2,50
W2916760162,Assisting Dumbbell Curls via Interactive Sonification of Arm Movement and Muscular Signals,2019,Ergonomics in Design The Quarterly of Human Factors Applications,article,Tactile and Sensory Interactions,Cognitive Neuroscience,Neuroscience,Life Sciences,https://doi.org/10.1177/1064804619829664,2,15
W4388721733,Toward Improving User Experience and Shared Task Performance with Mobile Robots through Parameterized Nonverbal State Sonification,2023,,book-chapter,EEG and Brain-Computer Interfaces,Cognitive Neuroscience,Neuroscience,Life Sciences,https://doi.org/10.1201/9781003320470-9,3,0
W2750105098,From Particle Data to Particular Sounds: Reflections on The Affordances of Contemporary Sonification Practices,2015,Journal of sonic studies,article,Music Technology and Sound Studies,Computer Vision and Pattern Recognition,Computer Science,Physical Sciences,https://doi.org/10.22501/jss.220323,2,0
W2970992731,New Development of Teaching Concepts in Multimedia Learning for Electrical Power Systems Introducing Sonification,2006,,article,Experimental Learning in Engineering,Media Technology,Engineering,Physical Sciences,,2,2
W1612857394,"Compatibility and Resource Competition between Modalities of Input, Central Processing, and Output",1983,Human Factors The Journal of the Human Factors and Ergonomics Society,article,Human-Automation Interaction and Safety,Social Psychology,Psychology,Social Sciences,https://doi.org/10.1177/001872088302500209,397,29
W2067866527,"Adsorptive removal of methyl orange from aqueous solution with metal-organic frameworks, porous chromium-benzenedicarboxylates",2010,Journal of Hazardous Materials,article,Metal-Organic Frameworks: Synthesis and Applications,Inorganic Chemistry,Chemistry,Physical Sciences,https://doi.org/10.1016/j.jhazmat.2010.05.047,691,44
W3161651943,C. Elegans Meets Data Sonification: Can We Hear Its Elegant Movement?,2011,,article,Innovative Human-Technology Interaction,Human-Computer Interaction,Computer Science,Physical Sciences,https://doi.org/10.5281/zenodo.849896,2,15
W3098369908,Torrents of torment: turbulence as a mechanism of pulsatile tinnitus secondary to venous stenosis revealed by high-fidelity computational fluid dynamics,2020,Journal of NeuroInterventional Surgery,article,Cerebral Venous Sinus Thrombosis,Neurology,Medicine,Health Sciences,https://doi.org/10.1136/neurintsurg-2020-016636,55,33
W4313194083,[Paper] Image Sonification System Based on Auditory Icons and Stereophonic Presentation Considering Image Scenes and Human Action,2022,ITE Transactions on Media Technology and Applications,article,Tactile and Sensory Interactions,Cognitive Neuroscience,Neuroscience,Life Sciences,https://doi.org/10.3169/mta.10.216,3,34
W3202285270,"Hydroacoustic Sonification and Flow Pattern Investigation of Venous Pulsatile Tinnitus Using MEMS Hydrophone Sensing and Dye Flow Visualization Techniques: Pilot 3D Printing, Computational Fluid Dynamics, and Psychoacoustic Study",2021,Sensors and Materials,article,Cerebral Venous Sinus Thrombosis,Neurology,Medicine,Health Sciences,https://doi.org/10.18494/sam.2021.3519,7,19
W4412379965,Enhancing eyes-free interaction in virtual reality using sonification for multiple object selection,2025,Frontiers in Virtual Reality,article,Tactile and Sensory Interactions,Cognitive Neuroscience,Neuroscience,Life Sciences,https://doi.org/10.3389/frvir.2025.1598776,2,37
W2401621684,HOW MUSICAL ARE IMAGES? FROM SOUND REPRESENTATION TO IMAGE SONIFICATION: AN ECO SYSTEMIC APPROACH,2007,,article,Music Technology and Sound Studies,Computer Vision and Pattern Recognition,Computer Science,Physical Sciences,,2,8
W2919350098,Using sonification to improve monitoring of oxygen saturation of premature neonates receiving oxygen support,2018,The University of Queensland,dissertation,Healthcare Technology and Patient Monitoring,Surgery,Medicine,Health Sciences,https://doi.org/10.14264/uql.2018.785,2,0
W2922132587,Hearing attacks in network data: An effectiveness study,2019,Computers & Security,article,Music and Audio Processing,Signal Processing,Computer Science,Physical Sciences,https://doi.org/10.1016/j.cose.2019.03.004,15,64
W130187652,EXPLORE THE MATRIX: BROWSING NUMERICAL DATA TABLES USING SOUND,2005,,article,Tactile and Sensory Interactions,Cognitive Neuroscience,Neuroscience,Life Sciences,,18,8
W1975951639,ExoBuilding,2012,ACM Transactions on Computer-Human Interaction,article,Tactile and Sensory Interactions,Cognitive Neuroscience,Neuroscience,Life Sciences,https://doi.org/10.1145/2395131.2395132,61,29
W4390766897,Concurrent Supra-Postural Auditory-Hand Coordination Task Affects Postural Control: Using Sonification to Explore Environmental Unpredictability in Factors Affecting Fall Risk,2024,Preprints.org,preprint,"Balance, Gait, and Falls Prevention","Physical Therapy, Sports Therapy and Rehabilitation",Health Professions,Health Sciences,https://doi.org/10.20944/preprints202401.0910.v1,2,32
W2521781170,Mechanical properties of ultra-high-performance concrete enhanced with graphite nanoplatelets and carbon nanofibers,2016,Composites Part B Engineering,article,Innovative concrete reinforcement materials,Civil and Structural Engineering,Engineering,Physical Sciences,https://doi.org/10.1016/j.compositesb.2016.09.069,386,34
W4401577099,EchoSee: An Assistive Mobile Application for Real-Time 3D Environment Reconstruction and Sonification Supporting Enhanced Navigation for People with Vision Impairments,2024,Bioengineering,article,Tactile and Sensory Interactions,Cognitive Neuroscience,Neuroscience,Life Sciences,https://doi.org/10.3390/bioengineering11080831,3,54
W3089575237,Real-time audio and visual display of the Coronavirus genome,2020,BMC Bioinformatics,article,Fractal and DNA sequence analysis,Molecular Biology,"Biochemistry, Genetics and Molecular Biology",Life Sciences,https://doi.org/10.1186/s12859-020-03760-7,15,33
W4238065119,"Antigenic properties of bovine, porcine, and ovine erythrocyte stroma after solubilization by sodium dodecyl sulfate and sonification",1969,Molecular Immunology,article,Protein purification and stability,Molecular Biology,"Biochemistry, Genetics and Molecular Biology",Life Sciences,https://doi.org/10.1016/0161-5890(69)90051-0,2,0
W87589087,Online data mining services for dynamic spatial databases II: air quality location based services and sonification,2005,"Portuguese National Funding Agency for Science, Research and Technology (RCAAP Project by FCT)",article,Air Quality Monitoring and Forecasting,Environmental Engineering,Environmental Science,Physical Sciences,,2,11
W2134632849,SPEARCONS: SPEECH-BASED EARCONS IMPROVE NAVIGATION PERFORMANCE IN AUDITORY MENUS,2006,,article,Tactile and Sensory Interactions,Cognitive Neuroscience,Neuroscience,Life Sciences,,143,12
W2912881048,A Review on the Relationship Between Sound and Movement in Sports and Rehabilitation,2019,Frontiers in Psychology,article,Action Observation and Synchronization,Social Psychology,Psychology,Social Sciences,https://doi.org/10.3389/fpsyg.2019.00244,200,360
W1954151425,Sensory Substitution for Force Feedback in Teleoperation,1993,PRESENCE Virtual and Augmented Reality,article,Tactile and Sensory Interactions,Cognitive Neuroscience,Neuroscience,Life Sciences,https://doi.org/10.1162/pres.1993.2.4.344,128,14
W2069430629,Transforming 3D Coloured Pixels into Musical Instrument Notes for Vision Substitution Applications,2007,EURASIP Journal on Image and Video Processing,article,Tactile and Sensory Interactions,Cognitive Neuroscience,Neuroscience,Life Sciences,https://doi.org/10.1155/2007/76204,42,23
W1965067737,Transcortin: A corticosteroid-binding protein of plasma—XII. Immunologic studies on transcortin in guinea-pig tissues,1974,Journal of Steroid Biochemistry,article,Receptor Mechanisms and Signaling,Molecular Biology,"Biochemistry, Genetics and Molecular Biology",Life Sciences,https://doi.org/10.1016/0022-4731(74)90135-6,21,26
W2081989384,Significance and specificity of antibodies to neutrophils detected by western blotting for the serological diagnosis of primary sclerosing cholangitis,1991,Hepatology,article,Liver Diseases and Immunity,Hepatology,Medicine,Health Sciences,https://doi.org/10.1002/hep.1840140632,93,37
W2428883311,Left ventricular free wall and intraventricular pressure-sarcomere length distributions,1980,American Journal of Physiology-Heart and Circulatory Physiology,article,Cardiovascular Function and Risk Factors,Cardiology and Cardiovascular Medicine,Medicine,Health Sciences,https://doi.org/10.1152/ajpheart.1980.239.1.h101,44,0
W2058887767,Evidence for a magnesium-dependent dissociation of bacterial cytoplasmic membrane particles,1965,Biochimica et Biophysica Acta (BBA) - Biophysics including Photosynthesis,article,Legume Nitrogen Fixing Symbiosis,Plant Science,Agricultural and Biological Sciences,Life Sciences,https://doi.org/10.1016/0926-6585(65)90012-9,17,6
W2032541756,"Multichannel speech intelligibility and talker recognition using monaural, binaural, and three-dimensional auditory presentation",2000,The Journal of the Acoustical Society of America,article,Hearing Loss and Rehabilitation,Cognitive Neuroscience,Neuroscience,Life Sciences,https://doi.org/10.1121/1.428503,155,32
W2599599434,Seismic facies analysis through musical attributes,2017,Geophysical Prospecting,article,Music and Audio Processing,Signal Processing,Computer Science,Physical Sciences,https://doi.org/10.1111/1365-2478.12504,28,44
W2009198914,Designing for Attention With Sound: Challenges and Extensions to Ecological Interface Design,2007,Human Factors The Journal of the Human Factors and Ergonomics Society,article,Healthcare Technology and Patient Monitoring,Surgery,Medicine,Health Sciences,https://doi.org/10.1518/001872007x312531,100,79
W2966424161,The sound of the underwater dolphin-kick: developing real-time audio feedback in swimming,2019,Displays,article,Tactile and Sensory Interactions,Cognitive Neuroscience,Neuroscience,Life Sciences,https://doi.org/10.1016/j.displa.2019.08.001,20,36
W3038489480,Evaluating the Clinical Impact of Rapid Response Electroencephalography: The DECIDE Multicenter Prospective Observational Clinical Study*,2020,Critical Care Medicine,article,Epilepsy research and treatment,Psychiatry and Mental health,Medicine,Health Sciences,https://doi.org/10.1097/ccm.0000000000004428,100,51
W2047902461,Purification and characterization of rat liver glutaminase,1987,European Journal of Biochemistry,article,Liver Disease Diagnosis and Treatment,Epidemiology,Medicine,Health Sciences,https://doi.org/10.1111/j.1432-1033.1987.tb10673.x,59,29
W1986474367,"Driving and Side Task Performance: The Effects of Display Clutter, Separation, and Modality",2004,Human Factors The Journal of the Human Factors and Ergonomics Society,article,Human-Automation Interaction and Safety,Social Psychology,Psychology,Social Sciences,https://doi.org/10.1518/hfes.46.4.611.56805,252,83
W124275677,The Sense of Presence within Auditory Virtual Environments,1996,PRESENCE Virtual and Augmented Reality,article,Virtual Reality Applications and Impacts,Human-Computer Interaction,Computer Science,Physical Sciences,https://doi.org/10.1162/pres.1996.5.3.290,277,11
W2070176305,A New Class of Auditory Warning Signals for Complex Systems: Auditory Icons,1999,Human Factors The Journal of the Human Factors and Ergonomics Society,article,Safety Warnings and Signage,Social Psychology,Psychology,Social Sciences,https://doi.org/10.1518/001872099779656734,152,19
W2161601754,Data Karaoke: Sensory and Bodily Skills in Conference Presentations,2015,Science as Culture,article,Multisensory perception and integration,Experimental and Cognitive Psychology,Psychology,Social Sciences,https://doi.org/10.1080/09505431.2015.1052390,39,49
W2045093305,"Paramagnetic Bis(1,4-di-tert-butyl-1,4-diazabutadiene) Adducts of Lithium, Magnesium, and Zinc",1994,Inorganic Chemistry,article,Synthesis and characterization of novel inorganic/organometallic compounds,Inorganic Chemistry,Chemistry,Physical Sciences,https://doi.org/10.1021/ic00089a024,143,0
W2530638482,Listen to the boat motion: acoustic information for elite rowers,2010,,article,Neuroscience and Music Perception,Cognitive Neuroscience,Neuroscience,Life Sciences,,21,16
W2242279449,Listening to the Mind Listening,2006,Media International Australia,article,Tactile and Sensory Interactions,Cognitive Neuroscience,Neuroscience,Life Sciences,https://doi.org/10.1177/1329878x0611800109,9,8
W2002649836,His-tagged tryparedoxin peroxidase of Trypanosoma cruzi as a tool for drug screening,2000,Applied Microbiology and Biotechnology,article,Research on Leishmaniasis Studies,"Public Health, Environmental and Occupational Health",Medicine,Health Sciences,https://doi.org/10.1007/s002530051634,40,17
W2019492195,Determination of adenine nucleotides in soil by ion-paired reverse-phase high-performance liquid chromatography,1989,Journal of Microbiological Methods,article,Amino Acid Enzymes and Metabolism,Biochemistry,"Biochemistry, Genetics and Molecular Biology",Life Sciences,https://doi.org/10.1016/0167-7012(89)90077-8,45,21
W2082634340,Ultrasonically Induced Opening of Polyelectrolyte Microcontainers,2006,Langmuir,article,Polymer Surface Interaction Studies,"Surfaces, Coatings and Films",Materials Science,Physical Sciences,https://doi.org/10.1021/la061047m,184,28
W2101298784,Rendering Localized Spatial Audio in a Virtual Auditory Space,2004,IEEE Transactions on Multimedia,article,Hearing Loss and Rehabilitation,Cognitive Neuroscience,Neuroscience,Life Sciences,https://doi.org/10.1109/tmm.2004.827516,169,86
W2048963473,Interactions in Perceived Quality of Auditory-Visual Displays,2000,PRESENCE Virtual and Augmented Reality,article,Multisensory perception and integration,Experimental and Cognitive Psychology,Psychology,Social Sciences,https://doi.org/10.1162/105474600300040385,63,51
W2135896612,"Comparative study of the effects of auditory, visual and multimodality displays on drivers' performance in advanced traveller information systems",2001,Ergonomics,article,Human-Automation Interaction and Safety,Social Psychology,Psychology,Social Sciences,https://doi.org/10.1080/00140130010011369,246,28
W3174232827,Interactive exploration of a hierarchical spider web structure with sound,2021,Journal on Multimodal User Interfaces,article,Plant and Biological Electrophysiology Studies,Plant Science,Agricultural and Biological Sciences,Life Sciences,https://doi.org/10.1007/s12193-021-00375-x,10,34
W2159295271,Continuous Sonic Feedback from a Rolling Ball,2005,IEEE Multimedia,article,Music Technology and Sound Studies,Computer Vision and Pattern Recognition,Computer Science,Physical Sciences,https://doi.org/10.1109/mmul.2005.24,98,11
W1987829923,Supercritical fluid extraction of isoflavones from soybean flour,2002,Food Chemistry,article,Phytoestrogen effects and research,Pathology and Forensic Medicine,Medicine,Health Sciences,https://doi.org/10.1016/s0308-8146(02)00106-1,125,33
W1950736173,Auditory Information Design,1997,ANU Open Research (Australian National University),dissertation,Data Visualization and Analytics,Computer Vision and Pattern Recognition,Computer Science,Physical Sciences,https://doi.org/10.25911/5d7a2acd2b71d,112,38
W2346970182,Audio-haptic interfaces for digital audio workstations,2016,Journal on Multimodal User Interfaces,article,Tactile and Sensory Interactions,Cognitive Neuroscience,Neuroscience,Life Sciences,https://doi.org/10.1007/s12193-016-0217-8,28,28
W2912767111,Cross-reality environments in smart buildings to advance STEM cyberlearning,2019,International Journal on Interactive Design and Manufacturing (IJIDeM),article,Augmented Reality Applications,Computer Vision and Pattern Recognition,Computer Science,Physical Sciences,https://doi.org/10.1007/s12008-019-00546-x,30,83
W2051326605,Singing function,2011,Journal on Multimodal User Interfaces,article,Tactile and Sensory Interactions,Cognitive Neuroscience,Neuroscience,Life Sciences,https://doi.org/10.1007/s12193-011-0068-2,4,12
W2296646900,Sounding objects,2003,IEEE Multimedia,article,Music Technology and Sound Studies,Computer Vision and Pattern Recognition,Computer Science,Physical Sciences,https://doi.org/10.1109/mmul.2003.1195160,120,34
W4210246753,Simplified Synthesis of Fluoride-Free Ti<sub>3</sub>C<sub>2</sub>T<sub><i>x</i></sub> via Electrochemical Etching toward High-Performance Electrochemical Capacitors,2022,ACS Nano,article,MXene and MAX Phase Materials,Materials Chemistry,Materials Science,Physical Sciences,https://doi.org/10.1021/acsnano.1c09004,263,58
W1991237363,Continuously Informing Vibrotactile Displays in Support of Attention Management and Multitasking in Anesthesiology,2011,Human Factors The Journal of the Human Factors and Ergonomics Society,article,Healthcare Technology and Patient Monitoring,Surgery,Medicine,Health Sciences,https://doi.org/10.1177/0018720811425043,75,25
W1514416384,"Tetrahydrobiopterin, a Cofactor in Mitochondrial Electron Transfer",1972,European Journal of Biochemistry,article,Metabolism and Genetic Disorders,Clinical Biochemistry,"Biochemistry, Genetics and Molecular Biology",Life Sciences,https://doi.org/10.1111/j.1432-1033.1972.tb01946.x,36,19
W2135715728,Audio-Biofeedback for Balance Improvement: An Accelerometry-Based System,2005,IEEE Transactions on Biomedical Engineering,article,"Balance, Gait, and Falls Prevention","Physical Therapy, Sports Therapy and Rehabilitation",Health Professions,Health Sciences,https://doi.org/10.1109/tbme.2005.857673,158,17
W2466517928,Subjective selection of non-individual head-related transfer functions,2003,,article,Hearing Loss and Rehabilitation,Cognitive Neuroscience,Neuroscience,Life Sciences,,67,8
W2024006773,Listening to the Brainstem: Musicianship Enhances Intelligibility of Subcortical Representations for Speech,2015,Journal of Neuroscience,article,Neuroscience and Music Perception,Cognitive Neuroscience,Neuroscience,Life Sciences,https://doi.org/10.1523/jneurosci.3680-14.2015,73,26
W2154733620,Visual Objects in the Auditory System in Sensory Substitution: How Much Information Do We Need?,2014,Multisensory Research,article,Tactile and Sensory Interactions,Cognitive Neuroscience,Neuroscience,Life Sciences,https://doi.org/10.1163/22134808-00002462,23,68
W2466517928,Subjective selection of non-individual head-related transfer functions,2003,,article,Hearing Loss and Rehabilitation,Cognitive Neuroscience,Neuroscience,Life Sciences,,67,8
W3048014122,A multi-modal approach to cognitive training and assistance in minimally invasive surgery,2020,Cognitive Systems Research,article,Augmented Reality Applications,Computer Vision and Pattern Recognition,Computer Science,Physical Sciences,https://doi.org/10.1016/j.cogsys.2020.07.005,17,116
W2159952339,Peptide patterns of laser dissected human trophoblasts analyzed by matrix‐assisted laser desorption/ionisation‐time of flight mass spectrometry,2005,PROTEOMICS,article,Mass Spectrometry Techniques and Applications,Spectroscopy,Chemistry,Physical Sciences,https://doi.org/10.1002/pmic.200400974,26,21
W1984717348,A modification of a method to determine adenosine nucleotides in forest organic layers and mineral soils by ion-paired reversed-phase high-performance liquid chromatography,1997,Journal of Microbiological Methods,article,Amino Acid Enzymes and Metabolism,Biochemistry,"Biochemistry, Genetics and Molecular Biology",Life Sciences,https://doi.org/10.1016/s0167-7012(97)00039-0,44,32
W2177539049,Audio-Based Feedback Techniques for Teaching Touchscreen Gestures,2015,ACM Transactions on Accessible Computing,article,Tactile and Sensory Interactions,Cognitive Neuroscience,Neuroscience,Life Sciences,https://doi.org/10.1145/2764917,19,31
W2104871110,The Power-Velocity Integral at the Vena Contracta,2000,Circulation,article,Cardiovascular Function and Risk Factors,Cardiology and Cardiovascular Medicine,Medicine,Health Sciences,https://doi.org/10.1161/01.cir.102.9.1053,47,43
W2280386867,Speech Auditory Alerts Promote Memory for Alerted Events in a Video-Simulated Self-Driving Car Ride,2016,Human Factors The Journal of the Human Factors and Ergonomics Society,article,Human-Automation Interaction and Safety,Social Psychology,Psychology,Social Sciences,https://doi.org/10.1177/0018720816629279,52,32
W129273190,Presence in human eosinophils of a lysophospholipase similar to that found in the pancreas,1995,Biochemical Journal,article,Eosinophilic Disorders and Syndromes,Rheumatology,Medicine,Health Sciences,https://doi.org/10.1042/bj3090141,40,26
W2165570903,"When is Less More? Attention and Workload in Auditory, Visual, and Redundant Patient-Monitoring Conditions",2001,Proceedings of the Human Factors and Ergonomics Society Annual Meeting,article,Healthcare Technology and Patient Monitoring,Surgery,Medicine,Health Sciences,https://doi.org/10.1177/154193120104501817,79,15
W2335875463,The Perception of Auditory Motion,2016,Trends in Hearing,article,Hearing Loss and Rehabilitation,Cognitive Neuroscience,Neuroscience,Life Sciences,https://doi.org/10.1177/2331216516644254,140,155
W2130228586,Sound and Meaning in Auditory Data Display,2004,Proceedings of the IEEE,article,Tactile and Sensory Interactions,Cognitive Neuroscience,Neuroscience,Life Sciences,https://doi.org/10.1109/jproc.2004.825904,62,30
W1966102675,Sound Synthesis of a Gaussian Quantum Particle in an Infinite Square Well,2014,Computer Music Journal,article,Quantum Mechanics and Applications,"Atomic and Molecular Physics, and Optics",Physics and Astronomy,Physical Sciences,https://doi.org/10.1162/comj_a_00268,7,12
W792814583,"Natural Turn-Taking Needs No Manual: Computational Theory and Model, from Perception to Action",2002,"Text, speech and language technology",book-chapter,"Language, Discourse, Communication Strategies",Language and Linguistics,Arts and Humanities,Social Sciences,https://doi.org/10.1007/978-94-017-2367-1_8,134,53
W1542441392,Auditory-visual cross-modal perception phenomena,1998,Calhoun: The Naval Postgraduate School Institutional Archive (Naval Postgraduate School),dissertation,Multisensory perception and integration,Experimental and Cognitive Psychology,Psychology,Social Sciences,,44,78
W4282935978,StereoPilot: A Wearable Target Location System for Blind and Visually Impaired Using Spatial Audio Rendering,2022,IEEE Transactions on Neural Systems and Rehabilitation Engineering,article,Tactile and Sensory Interactions,Cognitive Neuroscience,Neuroscience,Life Sciences,https://doi.org/10.1109/tnsre.2022.3182661,46,44
W1506442914,Inhibition of mammalian 5-lipoxygenase by aromatic disulfides.,1985,Journal of Biological Chemistry,article,Synthesis and Biological Evaluation,Organic Chemistry,Chemistry,Physical Sciences,https://doi.org/10.1016/s0021-9258(17)39067-1,37,42
W1533448207,Auditory Cognition and Human Performance: Research and Applications,2012,,article,Noise Effects and Management,Speech and Hearing,Health Professions,Health Sciences,,29,0
W2427551199,A PROTON-CYCLOTRON WAVE STORM GENERATED BY UNSTABLE PROTON DISTRIBUTION FUNCTIONS IN THE SOLAR WIND,2016,The Astrophysical Journal,article,Solar and Space Plasma Dynamics,Astronomy and Astrophysics,Physics and Astronomy,Physical Sciences,https://doi.org/10.3847/0004-637x/819/1/6,77,38
W2045439722,Polymerization of Mono‐ and Bi‐functional Diacetylene Derivatives in Monolayers at the Gas–Water Interface,1979,Israel Journal of Chemistry,article,Polydiacetylene-based materials and applications,Organic Chemistry,Chemistry,Physical Sciences,https://doi.org/10.1002/ijch.197900050,86,9
W3113586984,Visual Echolocation Concept for the Colorophone Sensory Substitution Device Using Virtual Reality,2021,Sensors,article,Tactile and Sensory Interactions,Cognitive Neuroscience,Neuroscience,Life Sciences,https://doi.org/10.3390/s21010237,13,23
W1991325763,Effects of in-vehicle warning information displays with or without spatial compatibility on driving behaviors and response performance,2011,Applied Ergonomics,article,Human-Automation Interaction and Safety,Social Psychology,Psychology,Social Sciences,https://doi.org/10.1016/j.apergo.2011.10.005,53,41
W182126549,Network Situational Awareness,2014,"Advances in digital crime, forensics, and cyber terrorism book series",book-chapter,Data Visualization and Analytics,Computer Vision and Pattern Recognition,Computer Science,Physical Sciences,https://doi.org/10.4018/978-1-4666-6324-4.ch021,6,31
W1537887111,Auditory support for resection guidance in navigated liver surgery,2012,International Journal of Medical Robotics and Computer Assisted Surgery,article,Augmented Reality Applications,Computer Vision and Pattern Recognition,Computer Science,Physical Sciences,https://doi.org/10.1002/rcs.1466,42,22
W3176110163,Warning users about cyber threats through sounds,2021,SN Applied Sciences,article,User Authentication and Security Systems,Information Systems,Computer Science,Physical Sciences,https://doi.org/10.1007/s42452-021-04703-4,9,56
W2097327863,Finding Trading Patterns in Stock Market Data,2004,IEEE Computer Graphics and Applications,article,Virtual Reality Applications and Impacts,Human-Computer Interaction,Computer Science,Physical Sciences,https://doi.org/10.1109/mcg.2004.28,71,15
W1985154889,Reticulocyte lipoxygenase changes the passive electrical properties of bovine heart submitochondrial particles,1983,Biochimica et Biophysica Acta (BBA) - Biomembranes,article,Planarian Biology and Electrostimulation,Molecular Biology,"Biochemistry, Genetics and Molecular Biology",Life Sciences,https://doi.org/10.1016/0005-2736(83)90303-6,27,20
W2085078102,Haptic Seat Interfaces for Driver Information and Warning Systems,2011,International Journal of Human-Computer Interaction,article,Human-Automation Interaction and Safety,Social Psychology,Psychology,Social Sciences,https://doi.org/10.1080/10447318.2011.555321,84,20
W2101725632,Data collection and analysis techniques for evaluating the perceptual qualities of auditory stimuli,2005,ACM Transactions on Applied Perception,article,Tactile and Sensory Interactions,Cognitive Neuroscience,Neuroscience,Life Sciences,https://doi.org/10.1145/1101530.1101550,30,34
W2915830007,"Introduction to the Special Issue on Sonic Information Design: Theory, Methods, and Practice, Part 2",2018,Ergonomics in Design The Quarterly of Human Factors Applications,editorial,Innovative Human-Technology Interaction,Human-Computer Interaction,Computer Science,Physical Sciences,https://doi.org/10.1177/1064804618814232,4,4
W2029365580,When bugs sing,2002,Interacting with Computers,article,Tactile and Sensory Interactions,Cognitive Neuroscience,Neuroscience,Life Sciences,https://doi.org/10.1016/s0953-5438(02)00026-7,73,31
W1974348796,Composing for an ensemble of atoms: the metamorphosis of scientific experiment into music,2001,Organised Sound,article,Experimental and Theoretical Physics Studies,Statistical and Nonlinear Physics,Physics and Astronomy,Physical Sciences,https://doi.org/10.1017/s1355771801002102,21,17
W2053456338,Advanced Patient Monitoring Displays: Tools for Continuous Informing,2005,Anesthesia & Analgesia,article,Healthcare Technology and Patient Monitoring,Surgery,Medicine,Health Sciences,https://doi.org/10.1213/01.ane.0000154080.67496.ae,79,73
W2427260984,Translating Slime Mould Responses: A Novel Way to Present Data to the Public,2016,"Emergence, complexity and computation",book-chapter,Slime Mold and Myxomycetes Research,Biomedical Engineering,Engineering,Physical Sciences,https://doi.org/10.1007/978-3-319-26662-6_35,7,33
W3047516569,Manipulating music to communicate automation reliability in conditionally automated driving: A driving simulator study,2020,International Journal of Human-Computer Studies,article,Human-Automation Interaction and Safety,Social Psychology,Psychology,Social Sciences,https://doi.org/10.1016/j.ijhcs.2020.102518,38,82
W4390344966,Outdoor Navigation Assistive System Based on Robust and Real-Time Visual–Auditory Substitution Approach,2023,Sensors,article,Tactile and Sensory Interactions,Cognitive Neuroscience,Neuroscience,Life Sciences,https://doi.org/10.3390/s24010166,25,54
W1980561265,Musical versus Visual Graphs: Cross-Modal Equivalence in Perception of Time Series Data,1995,Human Factors The Journal of the Human Factors and Ergonomics Society,article,Music and Audio Processing,Signal Processing,Computer Science,Physical Sciences,https://doi.org/10.1518/001872095779049264,82,12
W3084322950,Virtual Reality as a Remote Workspace Platform: Opportunities and Challenges,2020,,article,Virtual Reality Applications and Impacts,Human-Computer Interaction,Computer Science,Physical Sciences,,31,46
W4388286254,TactualPlot: Spatializing Data as Sound Using Sensory Substitution for Touchscreen Accessibility,2023,IEEE Transactions on Visualization and Computer Graphics,article,Tactile and Sensory Interactions,Cognitive Neuroscience,Neuroscience,Life Sciences,https://doi.org/10.1109/tvcg.2023.3326937,22,60
W2419544674,Pneumococcus-induced granulocytopenia and pulmonary leukostasis in rabbits.,1981,PubMed,article,Hematological disorders and diagnostics,Emergency Medicine,Medicine,Health Sciences,,26,0
W2021082347,‘Visual’ Acuity of the Congenitally Blind Using Visual-to-Auditory Sensory Substitution,2012,PLoS ONE,article,Tactile and Sensory Interactions,Cognitive Neuroscience,Neuroscience,Life Sciences,https://doi.org/10.1371/journal.pone.0033136,118,45
W1990282485,Auditory Coding of Human Movement Kinematics,2013,Multisensory Research,article,Tactile and Sensory Interactions,Cognitive Neuroscience,Neuroscience,Life Sciences,https://doi.org/10.1163/22134808-00002435,42,39
W2159429349,Auditory Decision Aiding in Supervisory Control of Multiple Unmanned Aerial Vehicles,2009,Human Factors The Journal of the Human Factors and Ergonomics Society,article,Human-Automation Interaction and Safety,Social Psychology,Psychology,Social Sciences,https://doi.org/10.1177/0018720809347106,34,23
W24894039,Audio games: Fun for all? All for fun!,2003,ANZ Journal of Surgery,article,Tactile and Sensory Interactions,Cognitive Neuroscience,Neuroscience,Life Sciences,https://doi.org/10.1111/ans.12567,44,5
W2739453458,Animating elastic rods with sound,2017,ACM Transactions on Graphics,article,Music Technology and Sound Studies,Computer Vision and Pattern Recognition,Computer Science,Physical Sciences,https://doi.org/10.1145/3072959.3073680,19,52
W4313396542,Audiovisual augmentation for coil positioning in transcranial magnetic stimulation,2022,Computer Methods in Biomechanics and Biomedical Engineering Imaging & Visualization,article,Transcranial Magnetic Stimulation Studies,Neurology,Neuroscience,Life Sciences,https://doi.org/10.1080/21681163.2022.2154277,9,33
W4245341397,Seismometer Sounds,1961,The Journal of the Acoustical Society of America,article,Seismology and Earthquake Studies,Artificial Intelligence,Computer Science,Physical Sciences,https://doi.org/10.1121/1.1908843,38,0
W3083117821,Inner Rhythms: <i>Vessels</i> as a Sustained Brain-Body Performance Practice,2020,Leonardo,article,EEG and Brain-Computer Interfaces,Cognitive Neuroscience,Neuroscience,Life Sciences,https://doi.org/10.1162/leon_a_01963,3,5
W1584263795,A comparision of audio & visual analysis of complex time-series data sets,2005,,article,Music Technology and Sound Studies,Computer Vision and Pattern Recognition,Computer Science,Physical Sciences,,14,11
W2125988054,DISTANCE CUES FOR VIRTUAL AUDITORY SPACE,2000,,article,Hearing Loss and Rehabilitation,Cognitive Neuroscience,Neuroscience,Life Sciences,,65,19
W1993646573,Potential for Misidentification of Environmentally Persistent Free Radicals as Molecular Pollutants in Particulate Matter,2010,Environmental Science & Technology,article,Air Quality and Health Impacts,"Health, Toxicology and Mutagenesis",Environmental Science,Physical Sciences,https://doi.org/10.1021/es902648t,129,40
W2750019276,Different Approaches to Aiding Blind Persons in Mobility and Navigation in the “Naviton” and “Sound of Vision” Projects,2017,,book-chapter,Tactile and Sensory Interactions,Cognitive Neuroscience,Neuroscience,Life Sciences,https://doi.org/10.1007/978-3-319-54446-5_15,17,49
W1541647209,The Oxford Handbook of Computer Music,2011,Oxford University Press eBooks,book,Music Technology and Sound Studies,Computer Vision and Pattern Recognition,Computer Science,Physical Sciences,https://doi.org/10.1093/oxfordhb/9780199792030.001.0001,118,37
W2136635628,Designing Systems for the Creation and Evaluation of Dynamic Peripheral Soundscapes: A Usability Study,2004,Proceedings of the Human Factors and Ergonomics Society Annual Meeting,article,Tactile and Sensory Interactions,Cognitive Neuroscience,Neuroscience,Life Sciences,https://doi.org/10.1177/154193120404800505,5,12
W1593837227,A whisper in the woods - an ambient soundscape for peripheral awareness of remote processes,2002,,article,Noise Effects and Management,Speech and Hearing,Health Professions,Health Sciences,,40,20
W2148929028,FUNCTIONAL CHARACTERISTICS OF PROTEIN STABILIZED EMULSIONS: EMULSIFYING BEHAVIOR OF PROTEINS IN A SONIFIER,1980,Journal of Food Science,article,Proteins in Food Systems,Food Science,Agricultural and Biological Sciences,Life Sciences,https://doi.org/10.1111/j.1365-2621.1980.tb07585.x,45,10
W2038588372,Iraq Body Count,2007,Continuum,article,Health and Conflict Studies,General Health Professions,Health Professions,Health Sciences,https://doi.org/10.1080/10304310701630498,47,0
W4320730830,Unsupervised cross-domain translation via deep learning and adversarial attention neural networks and application to music-inspired protein designs,2023,Patterns,article,RNA and protein synthesis mechanisms,Molecular Biology,"Biochemistry, Genetics and Molecular Biology",Life Sciences,https://doi.org/10.1016/j.patter.2023.100692,16,56
W2047228495,Effects of storage on direct estimates of bacterial numbers of preserved seawater samples,1992,Deep Sea Research Part A Oceanographic Research Papers,article,Microbial Community Ecology and Physiology,Ecology,Environmental Science,Physical Sciences,https://doi.org/10.1016/0198-0149(92)90079-9,103,38
W1976791644,A GPU-accelerated immersive audio-visual framework for interaction with molecular dynamics using consumer depth sensors,2014,Faraday Discussions,article,Experimental and Theoretical Physics Studies,Statistical and Nonlinear Physics,Physics and Astronomy,Physical Sciences,https://doi.org/10.1039/c4fd00008k,26,70
W2913988676,Electronic Inspirations,2019,Oxford University Press eBooks,book,Diverse Musicological Studies,Music,Arts and Humanities,Social Sciences,https://doi.org/10.1093/oso/9780190868192.001.0001,20,0
W1552481752,Analysis and Synthesis of Room Reverberation Based on a Statistical Time-Frequency Model,1997,,article,Speech and Audio Processing,Signal Processing,Computer Science,Physical Sciences,,91,39
W2055760121,Screening for T cell-eliciting proteins of Japanese encephalitis virus in a healthy JE-endemic human cohort using recombinant baculovirus-infected insect cell preparations,2003,Archives of Virology,article,Mosquito-borne diseases and control,"Public Health, Environmental and Occupational Health",Medicine,Health Sciences,https://doi.org/10.1007/s00705-003-0118-5,21,33
W1995064831,Ultrasound-Enhanced Dissolution of UO<sub>2</sub>in Supercritical CO<sub>2</sub>Containing a CO<sub>2</sub>-Philic Complexant of Tri-<i>n</i>-butylphosphate and Nitric Acid,2002,Industrial & Engineering Chemistry Research,article,Radioactive element chemistry and processing,Inorganic Chemistry,Chemistry,Physical Sciences,https://doi.org/10.1021/ie010761q,52,18
W96644080,The Hop Sensor : Wireless Motion Sensor,2008,,article,Robotics and Automated Systems,Control and Systems Engineering,Engineering,Physical Sciences,https://doi.org/10.5281/zenodo.1179582,7,4
W2797817877,A Natural User Interface for Gestural Expression and Emotional Elicitation to Access the Musical Intangible Cultural Heritage,2018,Journal on Computing and Cultural Heritage,article,Music Technology and Sound Studies,Computer Vision and Pattern Recognition,Computer Science,Physical Sciences,https://doi.org/10.1145/3127324,12,40
W2188608003,"Auditory seismology on free oscillations, focal mechanisms, explosions and synthetic seismograms",2002,,article,Earthquake Detection and Analysis,Geophysics,Earth and Planetary Sciences,Physical Sciences,,37,6
W2071097422,Using sound to represent spatial data in ArcGIS,2011,Computers & Geosciences,article,Geographic Information Systems Studies,"Geography, Planning and Development",Social Sciences,Social Sciences,https://doi.org/10.1016/j.cageo.2011.12.001,14,33
W2041655305,Where’s Wally? Audio–visual mismatch directs ocular saccades in sensory substitution,2012,Seeing and Perceiving,article,Multisensory perception and integration,Experimental and Cognitive Psychology,Psychology,Social Sciences,https://doi.org/10.1163/187847612x646820,5,0
W1978437855,Exploration of directional-predictive sounds for nonvisual interaction with graphs,2007,Knowledge and Information Systems,article,Tactile and Sensory Interactions,Cognitive Neuroscience,Neuroscience,Life Sciences,https://doi.org/10.1007/s10115-006-0059-x,4,18
W1694265479,The use of zirconium sulphate in the preparation of albumin macroaggregates,1970,The International Journal of Applied Radiation and Isotopes,article,Medical Imaging and Pathology Studies,Pulmonary and Respiratory Medicine,Medicine,Health Sciences,https://doi.org/10.1016/0020-708x(70)90125-0,13,5
W3007959348,Potential benefits of music playing in stroke upper limb motor rehabilitation,2020,Neuroscience & Biobehavioral Reviews,article,Stroke Rehabilitation and Recovery,Rehabilitation,Medicine,Health Sciences,https://doi.org/10.1016/j.neubiorev.2020.02.027,91,178
W2012377683,Experimental infections with coccidiosis and serum antibody quantitation in two breeds of goats,1988,Veterinary Parasitology,article,Coccidia and coccidiosis research,Animal Science and Zoology,Agricultural and Biological Sciences,Life Sciences,https://doi.org/10.1016/0304-4017(88)90014-3,20,24
W2595464218,A case study of auditory navigation in virtual acoustic environments,2000,,article,Hearing Loss and Rehabilitation,Cognitive Neuroscience,Neuroscience,Life Sciences,,34,8
W2156406342,Effects of Localized Auditory Information on Visual Target Detection Performance Using a Helmet-Mounted Display,1998,Human Factors The Journal of the Human Factors and Ergonomics Society,article,Human-Automation Interaction and Safety,Social Psychology,Psychology,Social Sciences,https://doi.org/10.1518/001872098779591304,87,12
W141207001,Perceptual structure of everyday sounds: A multidimensional scaling approach,2001,,article,Multisensory perception and integration,Experimental and Cognitive Psychology,Psychology,Social Sciences,,34,12
W2013808389,Synthesis of Walking Sounds for Alleviating Gait Disturbances in Parkinson's Disease,2013,IEEE Transactions on Neural Systems and Rehabilitation Engineering,article,"Balance, Gait, and Falls Prevention","Physical Therapy, Sports Therapy and Rehabilitation",Health Professions,Health Sciences,https://doi.org/10.1109/tnsre.2013.2285410,83,30
W2021446056,Multimodal motion processing in area V5/MT: Evidence from an artificial class of audio-visual events,2008,Brain Research,article,Multisensory perception and integration,Experimental and Cognitive Psychology,Psychology,Social Sciences,https://doi.org/10.1016/j.brainres.2008.10.067,69,74
W2149826537,Reduction of power and lubricant oil consumption in milling process using a new SiO2 nanolubrication system,2012,The International Journal of Advanced Manufacturing Technology,article,Advanced machining processes and optimization,Mechanical Engineering,Engineering,Physical Sciences,https://doi.org/10.1007/s00170-012-3940-7,124,20
W2332634075,Characterization of Tumor-Specific Transplantation Immunity Reactions in Immunodiffusion Chambers in Vivo,1969,Experimental Biology and Medicine,article,Virus-based gene therapy research,Genetics,"Biochemistry, Genetics and Molecular Biology",Life Sciences,https://doi.org/10.3181/00379727-132-34357,14,0
W4382371001,Inspecting spectra with sound: proof-of-concept and extension to datacubes,2023,RAS Techniques and Instruments,article,Music and Audio Processing,Signal Processing,Computer Science,Physical Sciences,https://doi.org/10.1093/rasti/rzad021,6,26
W2549120448,Investigating three types of continuous auditory feedback in visuo-manual tracking,2016,Experimental Brain Research,article,Tactile and Sensory Interactions,Cognitive Neuroscience,Neuroscience,Life Sciences,https://doi.org/10.1007/s00221-016-4827-x,25,44
W2132087580,A Virtual Display System for Conveying Three-Dimensional Acoustic Information,1988,Proceedings of the Human Factors and Ergonomics Society Annual Meeting,article,Noise Effects and Management,Speech and Hearing,Health Professions,Health Sciences,https://doi.org/10.1177/154193128803200218,94,11
W2154033160,Tactical audio and acoustic rendering in biomedical applications,1999,IEEE Transactions on Information Technology in Biomedicine,article,Tactile and Sensory Interactions,Cognitive Neuroscience,Neuroscience,Life Sciences,https://doi.org/10.1109/4233.767086,37,47
W2416163287,Isolation of the flagellum and characterization of the paraxial structure of Herpetomonas megaseliae.,1984,PubMed,article,Trypanosoma species research and implications,Epidemiology,Medicine,Health Sciences,,16,0
W195846673,Intraoperative Recurrent Laryngeal Nerve Monitoring,1991,Otolaryngology,article,Meningioma and schwannoma management,Epidemiology,Medicine,Health Sciences,https://doi.org/10.1177/019459989110500304,71,18
W2548344165,Doing laboratory ethnography: reflections on method in scientific workplaces,2017,Qualitative Research,article,Geographies of human-animal interactions,"Geography, Planning and Development",Social Sciences,Social Sciences,https://doi.org/10.1177/1468794116678040,45,40
W2018310331,"A user study of auditory, head-up and multi-modal displays in vehicles",2014,Applied Ergonomics,article,Human-Automation Interaction and Safety,Social Psychology,Psychology,Social Sciences,https://doi.org/10.1016/j.apergo.2014.08.008,75,35
W2603310600,'Psysound3': Software for Acoustical and Psychoacoustical Analysis of Sound Recordings,2007,,article,Music and Audio Processing,Signal Processing,Computer Science,Physical Sciences,,56,31
W3195039979,<i>Free Jazz</i> and the “New Thing”,2021,Journal of Musicology,article,Music History and Culture,Music,Arts and Humanities,Social Sciences,https://doi.org/10.1525/jm.2021.38.3.261,18,0
W1974047352,Perceptual recalibration in human sound localization: Learning to remediate front-back reversals,2006,The Journal of the Acoustical Society of America,article,Hearing Loss and Rehabilitation,Cognitive Neuroscience,Neuroscience,Life Sciences,https://doi.org/10.1121/1.2208429,108,54
W2091579489,Review on aspects of artificial tactile feedback in laparoscopic surgery,2009,Medical Engineering & Physics,article,Tactile and Sensory Interactions,Cognitive Neuroscience,Neuroscience,Life Sciences,https://doi.org/10.1016/j.medengphy.2009.06.003,127,153
W2340310814,Computer solutions on sensory substitution for sensory disabled people,2009,Computational intelligence,article,Tactile and Sensory Interactions,Cognitive Neuroscience,Neuroscience,Life Sciences,,11,9
W3003668765,The Oxford Handbook of Algorithmic Music,2018,Oxford University Press eBooks,book,Music Technology and Sound Studies,Computer Vision and Pattern Recognition,Computer Science,Physical Sciences,https://doi.org/10.1093/oxfordhb/9780190226992.001.0001,116,0
W1538762240,THE IMPORTANCE OF HEAD MOVEMENTS FOR BINAURAL ROOM SYNTHESIS,1996,,article,Hearing Loss and Rehabilitation,Cognitive Neuroscience,Neuroscience,Life Sciences,,31,5
W9540587,Survey of Methods for Modeling Sound Propagation in Interactive Virtual Environment Systems,2003,Dentistry today,article,Speech and Audio Processing,Signal Processing,Computer Science,Physical Sciences,,46,87
W3194965282,Deep Sensory Substitution: Noninvasively Enabling Biological Neural Networks to Receive Input from Artificial Neural Networks,2020,arXiv (Cornell University),preprint,Neural dynamics and brain function,Cognitive Neuroscience,Neuroscience,Life Sciences,https://doi.org/10.48550/arxiv.2005.13291,2,28
W2171689108,"Terminal Feedback Outperforms Concurrent Visual, Auditory, and Haptic Feedback in Learning a Complex Rowing-Type Task",2013,Journal of Motor Behavior,article,Motor Control and Adaptation,Cognitive Neuroscience,Neuroscience,Life Sciences,https://doi.org/10.1080/00222895.2013.826169,104,91
W2091591591,Albumin macroaggregates labelled with Tc99m,1966,The International Journal of Applied Radiation and Isotopes,article,Radiopharmaceutical Chemistry and Applications,"Radiology, Nuclear Medicine and Imaging",Medicine,Health Sciences,https://doi.org/10.1016/0020-708x(66)90115-3,11,8
W2122848099,Easy listening to sleep recordings: tools and examples,2004,Sleep Medicine,article,EEG and Brain-Computer Interfaces,Cognitive Neuroscience,Neuroscience,Life Sciences,https://doi.org/10.1016/j.sleep.2004.07.010,22,5
W2102617558,Using music as a signal for biofeedback,2013,International Journal of Psychophysiology,article,Neuroscience and Music Perception,Cognitive Neuroscience,Neuroscience,Life Sciences,https://doi.org/10.1016/j.ijpsycho.2013.04.013,54,47
W4408177703,Wearable multi-sensory haptic devices,2025,Nature Reviews Bioengineering,article,Tactile and Sensory Interactions,Cognitive Neuroscience,Neuroscience,Life Sciences,https://doi.org/10.1038/s44222-025-00274-w,50,215
W23451984,On intelligent image processing methodologies applied to navigation assistance for visually impaired,2002,,dissertation,Tactile and Sensory Interactions,Cognitive Neuroscience,Neuroscience,Life Sciences,,23,0
W2113235547,The multimodal world of medical monitoring displays,2006,Applied Ergonomics,article,Healthcare Technology and Patient Monitoring,Surgery,Medicine,Health Sciences,https://doi.org/10.1016/j.apergo.2006.04.022,72,83
W2329381138,RECENT DEVELOPMENTS IN SLAB: A SOFTWARE-BASED SYSTEM FOR INTERACTIVE SPATIAL SOUND SYNTHESIS,2002,,article,Hearing Loss and Rehabilitation,Cognitive Neuroscience,Neuroscience,Life Sciences,,30,12
W2325764434,More of an Art than a Science: Using Microbial DNA Sequences to Compose Music,2016,Journal of Microbiology and Biology Education,article,Species Distribution and Climate Change,Ecological Modeling,Environmental Science,Physical Sciences,https://doi.org/10.1128/jmbe.v17i1.1028,10,15
W2010604492,Utilization of a Continuous Streptococcal Surface to Measure Interbacterial Adherence in vitro and in vivo,1988,Journal of Dental Research,article,Streptococcal Infections and Treatments,"Public Health, Environmental and Occupational Health",Medicine,Health Sciences,https://doi.org/10.1177/00220345880670120301,30,36
W1977976438,Carbon nanotube reinforced hollow fiber solid/liquid phase microextraction: A novel extraction technique for the measurement of caffeic acid in Echinacea purpurea herbal extracts combined with high-performance liquid chromatography,2010,Journal of Chromatography A,article,Herbal Medicine Research Studies,Complementary and alternative medicine,Medicine,Health Sciences,https://doi.org/10.1016/j.chroma.2010.02.054,129,35
W2141340645,PM—Protein music,1996,Computer applications in the biosciences,article,Monoclonal and Polyclonal Antibodies Research,"Radiology, Nuclear Medicine and Imaging",Medicine,Health Sciences,https://doi.org/10.1093/bioinformatics/12.3.251,21,2
W1989038175,"The StarCAVE, a third-generation CAVE and virtual reality OptIPortal",2008,Future Generation Computer Systems,article,Advanced Optical Imaging Technologies,Media Technology,Engineering,Physical Sciences,https://doi.org/10.1016/j.future.2008.07.015,177,18
W1965695790,The effects of ambient music on simulated anaesthesia monitoring,2005,Anaesthesia,article,Music Therapy and Health,Social Psychology,Psychology,Social Sciences,https://doi.org/10.1111/j.1365-2044.2005.04377.x,29,16
W2885474371,Computer-model-based audio and its influence on science learning by people who are blind,2018,Interactive Learning Environments,article,Tactile and Sensory Interactions,Cognitive Neuroscience,Neuroscience,Life Sciences,https://doi.org/10.1080/10494820.2018.1500378,4,30
W2105107742,Behavioural ecology of the Greater one‐horned rhinoceros <i>(Rhinoceros unicornis)</i>,1982,Journal of Zoology,article,Wildlife Ecology and Conservation,Ecology,Environmental Science,Physical Sciences,https://doi.org/10.1111/j.1469-7998.1982.tb03506.x,139,53
W2165066790,Tweetdreams : Making Music With The Audience And The World Using Real-Time Twitter Data,2011,New Interfaces for Musical Expression,article,Music and Audio Processing,Signal Processing,Computer Science,Physical Sciences,https://doi.org/10.5281/zenodo.1177990,43,10
W4205635234,Haptic Feedback to Assist Blind People in Indoor Environment Using Vibration Patterns,2022,Sensors,article,Tactile and Sensory Interactions,Cognitive Neuroscience,Neuroscience,Life Sciences,https://doi.org/10.3390/s22010361,44,28
W4387779051,Listening to or looking at models: Learning about dynamic complex systems in science among learners who are blind and learners who are sighted,2023,Journal of Computer Assisted Learning,article,Tactile and Sensory Interactions,Cognitive Neuroscience,Neuroscience,Life Sciences,https://doi.org/10.1111/jcal.12886,2,39
W2000257635,Thiol-activated sodium borohydride reduction of carboxylate ester,1975,Tetrahedron Letters,article,Chemical Synthesis and Reactions,Organic Chemistry,Chemistry,Physical Sciences,https://doi.org/10.1016/s0040-4039(00)91429-1,35,4
W4255335337,Real-time audio and visual display of the Coronavirus genome,2020,Research Square,preprint,Image Processing Techniques and Applications,Media Technology,Engineering,Physical Sciences,https://doi.org/10.21203/rs.3.rs-30483/v1,4,27
W4253611526,SENSORY SUBSTITUTION FOR FORCE FEEDBACK IN TELEOPERATION,1993,Elsevier eBooks,book-chapter,Tactile and Sensory Interactions,Cognitive Neuroscience,Neuroscience,Life Sciences,https://doi.org/10.1016/b978-0-08-041900-8.50020-7,25,14
W2324571644,"""VIDEOPLACE"": A Report from the ARTIFICIAL REALITY Laboratory",1985,Leonardo,article,Data Visualization and Analytics,Computer Vision and Pattern Recognition,Computer Science,Physical Sciences,https://doi.org/10.2307/1578043,41,4
W2897810656,"Addressing the Mapping Problem in Sonic Information Design through Embodied Image Schemata, Conceptual Metaphors, and Conceptual Blending",2019,Journal of sonic studies,article,"Language, Metaphor, and Cognition",Experimental and Cognitive Psychology,Psychology,Social Sciences,https://doi.org/10.22501/jss.515156,8,47
W2121484459,Cross‐Reactions between Mycobacteria,1975,Scandinavian Journal of Immunology,article,Mycobacterium research and diagnosis,Epidemiology,Medicine,Health Sciences,https://doi.org/10.1111/j.1365-3083.1975.tb03824.x,79,17
W4387950336,An investigation into the effectiveness of using acoustic touch to assist people who are blind,2023,PLoS ONE,article,Tactile and Sensory Interactions,Cognitive Neuroscience,Neuroscience,Life Sciences,https://doi.org/10.1371/journal.pone.0290431,15,57
W1972541826,Seeing and hearing and space and space and time,1972,Perception & Psychophysics,article,Multisensory perception and integration,Experimental and Cognitive Psychology,Psychology,Social Sciences,https://doi.org/10.3758/bf03212682,60,21
W3109505955,POTENSI BIOPOLIMER DARI EKSTRAKSI NANOSELULOSA DAUN KAPAS SEBAGAI AGEN PENINGKATAN VISKOSITAS PADA INJEKSI POLIMER,2020,Petro Jurnal Ilmiah Teknik Perminyakan,article,Polysaccharides Composition and Applications,Food Science,Agricultural and Biological Sciences,Life Sciences,https://doi.org/10.25105/petro.v9i4.8162,9,0
W2044568136,Action of Ultrasonicated Epinephrine: Potentiation of Isometric Contraction in Isolated Papillary Muscle from Dog Quiescent Heart,1973,Journal of Pharmaceutical Sciences,article,Advanced Sensor and Energy Harvesting Materials,Biomedical Engineering,Engineering,Physical Sciences,https://doi.org/10.1002/jps.2600620508,3,18
W2857065457,Graphically Hearing: Enhancing Understanding of Geospatial Data through an Integrated Auditory and Visual Experience,2018,IEEE Computer Graphics and Applications,article,Data Visualization and Analytics,Computer Vision and Pattern Recognition,Computer Science,Physical Sciences,https://doi.org/10.1109/mcg.2018.042731655,5,11
W2000871024,Optical and atomic force microscopic studies on sonoporation,2002,The Journal of the Acoustical Society of America,article,Microfluidic and Bio-sensing Technologies,Biomedical Engineering,Engineering,Physical Sciences,https://doi.org/10.1121/1.1448340,50,10
W77669910,Auditory feedback through continuous control of crumpling sound synthesis,2008,Human Factors in Computing Systems,article,Music Technology and Sound Studies,Computer Vision and Pattern Recognition,Computer Science,Physical Sciences,,8,19
W59186300,"Manipulation, analysis and retrieval systems for audio signals",2002,,article,Music and Audio Processing,Signal Processing,Computer Science,Physical Sciences,,120,112
W2122400032,Motion Tracking of a Fish as a Novel Way to Control Electronic Music Performance,2015,Leonardo,article,Marine animal studies overview,Ecology,Environmental Science,Physical Sciences,https://doi.org/10.1162/leon_a_01072,2,28
W1588789942,Auditory Morse Analysis of Triangulated Manifolds,1998,,book-chapter,Music Technology and Sound Studies,Computer Vision and Pattern Recognition,Computer Science,Physical Sciences,https://doi.org/10.1007/978-3-662-03567-2_17,28,5
W1997028558,Computer Music Meets Unconventional Computing: Towards Sound Synthesis with In Vitro Neuronal Networks,2009,Computer Music Journal,article,Advanced Memory and Neural Computing,Electrical and Electronic Engineering,Engineering,Physical Sciences,https://doi.org/10.1162/comj.2009.33.1.9,31,30
W3080932046,Portraying the Political: Contemporary Art Exhibitions and Their Engagement with Climate Change Politics,2014,,book-chapter,Climate Change Communication and Perception,Sociology and Political Science,Social Sciences,Social Sciences,https://doi.org/10.4324/9780203752975-18,3,1
W2902435478,Ultrasonic Flaw Detection: Adjustment and Calibration of Equipment Using Samples with Cylindrical Drilling,2018,Russian Journal of Nondestructive Testing,article,Engineering Diagnostics and Reliability,Mechanics of Materials,Engineering,Physical Sciences,https://doi.org/10.1134/s106183091809005x,10,0
W4315481746,The Effects of Natural Sounds and Proxemic Distances on the Perception of a Noisy Domestic Flying Robot,2023,ACM Transactions on Human-Robot Interaction,article,Innovative Human-Technology Interaction,Human-Computer Interaction,Computer Science,Physical Sciences,https://doi.org/10.1145/3579859,14,57
W2951713056,A Review on Visual Water Quality Monitoring System in Precision Aquaculture,2019,Applied Mechanics and Materials,article,Water Quality Monitoring Technologies,Water Science and Technology,Environmental Science,Physical Sciences,https://doi.org/10.4028/www.scientific.net/amm.892.23,7,27
W2014797258,Technetium lung scanning,1969,The International Journal of Applied Radiation and Isotopes,article,Medical Imaging and Pathology Studies,Pulmonary and Respiratory Medicine,Medicine,Health Sciences,https://doi.org/10.1016/0020-708x(69)90169-0,9,3
W2144313611,Efficient and accurate sound propagation using adaptive rectangular decomposition,2009,IEEE Transactions on Visualization and Computer Graphics,article,Digital Filter Design and Implementation,Signal Processing,Computer Science,Physical Sciences,https://doi.org/10.1109/tvcg.2009.27,89,46
W2312417386,Three-Dimensional Auditory Cue Simulation for Crew Station Design/Evaluation,1987,Proceedings of the Human Factors and Ergonomics Society Annual Meeting,article,Human-Automation Interaction and Safety,Social Psychology,Psychology,Social Sciences,https://doi.org/10.1177/154193128703101221,27,3
W2392029795,PERCEPTUAL DISTANCE IN TIMBRE SPACE,2005,,article,Music and Audio Processing,Signal Processing,Computer Science,Physical Sciences,,42,13
W2069885144,Individualization of head-related transfer functions with tournament-style listening test: Listening with other's ears,2006,Nippon Onkyo Gakkaishi/Acoustical science and technology/Nihon Onkyo Gakkaishi,article,Hearing Loss and Rehabilitation,Cognitive Neuroscience,Neuroscience,Life Sciences,https://doi.org/10.1250/ast.27.340,51,5
W3011766335,Auditory augmented process monitoring for cyber physical production systems,2020,Personal and Ubiquitous Computing,article,Tactile and Sensory Interactions,Cognitive Neuroscience,Neuroscience,Life Sciences,https://doi.org/10.1007/s00779-020-01394-3,10,50
W2127678097,Secondary Ion Mass Spectrometry of Polymers: a ToF SIMS Study of Monodispersed PMMA Standards,1997,Surface and Interface Analysis,article,Ion-surface interactions and analysis,Computational Mechanics,Engineering,Physical Sciences,https://doi.org/10.1002/(sici)1096-9918(199704)25:4<261::aid-sia233>3.0.co;2-k,60,0
W3146186587,Efficient and Accurate Sound Propagation Using Adaptive Rectangular Decomposition,2009,IEEE Transactions on Visualization and Computer Graphics,article,Image and Signal Denoising Methods,Computer Vision and Pattern Recognition,Computer Science,Physical Sciences,https://doi.org/10.1109/tvcg.2009.28,85,51
W1965993059,Scale-Free Music of the Brain,2009,PLoS ONE,article,EEG and Brain-Computer Interfaces,Cognitive Neuroscience,Neuroscience,Life Sciences,https://doi.org/10.1371/journal.pone.0005915,56,36
W1600735929,QUALITATIVE ASPECTS OF AUDITORY DIRECT MANIPULATION A CASE STUDY OF THE TOWERS OF HANOI,2001,,article,Tactile and Sensory Interactions,Cognitive Neuroscience,Neuroscience,Life Sciences,,24,12
W804707536,Evaluation of the effects of spatial separation and timbral differences on the identifiability of features of concurrent auditory streams,2011,UPT. Syiah Kuala University Library (Syiah Kuala University),dissertation,Hearing Loss and Rehabilitation,Cognitive Neuroscience,Neuroscience,Life Sciences,,3,38
W1516982928,Acoustic preconditioning of coal combustion fumes for enhancement of electrostatic precipitator performance: I. The acoustic preconditioning system,1995,Coal science and technology,book-chapter,Aerosol Filtration and Electrostatic Precipitation,Electrical and Electronic Engineering,Engineering,Physical Sciences,https://doi.org/10.1016/s0167-9449(06)80190-4,5,7
W2528416655,Utility Versus Creativity in Biomedical Musification,2016,Journal of Creative Music Systems,article,Music Technology and Sound Studies,Computer Vision and Pattern Recognition,Computer Science,Physical Sciences,https://doi.org/10.5920/jcms.2016.02,10,23
W2115077248,"Distribution of sense organs on male antennae of small ermine moths, Yponomeuta spp. (Lepidoptera : Yponomeutidae)",1980,International Journal of Insect Morphology and Embryology,article,Lepidoptera: Biology and Taxonomy,Genetics,"Biochemistry, Genetics and Molecular Biology",Life Sciences,https://doi.org/10.1016/0020-7322(80)90032-x,53,14
W2042787995,Gas chromatographic determination of organic micropollutants in samples of sewage sludge and compost: Behaviour of PCB and PAH during composting,1999,Chemosphere,article,Pharmaceutical and Antibiotic Environmental Impacts,Pollution,Environmental Science,Physical Sciences,https://doi.org/10.1016/s0045-6535(98)00406-8,56,10
W2555088007,Influence of acoustic feedback on boat speed and crew synchronization in elite junior rowing,2016,International Journal of Sports Science & Coaching,article,Sports Performance and Training,Orthopedics and Sports Medicine,Medicine,Health Sciences,https://doi.org/10.1177/1747954116676110,12,31
W34717048,Structure of human high density lipoprotein reassembled in vitro. Radioimmunoassay studies.,1975,Journal of Biological Chemistry,article,"Cancer, Lipids, and Metabolism",Cancer Research,"Biochemistry, Genetics and Molecular Biology",Life Sciences,https://doi.org/10.1016/s0021-9258(19)40906-x,28,36
W1984697832,Effects of Divided Attention and Operating Room Noise on Perception of Pulse Oximeter Pitch Changes,2012,Anesthesiology,article,Healthcare Technology and Patient Monitoring,Surgery,Medicine,Health Sciences,https://doi.org/10.1097/aln.0b013e31827d417b,87,30
W2921494479,The SonicHand Protocol for Rehabilitation of Hand Motor Function: A Validation and Feasibility Study,2019,IEEE Transactions on Neural Systems and Rehabilitation Engineering,article,Stroke Rehabilitation and Recovery,Rehabilitation,Medicine,Health Sciences,https://doi.org/10.1109/tnsre.2019.2905076,34,45
W2142864966,A COMPARISON OF TWO SUBSIDIARY TASKS USED TO MEASURE FATIGUE IN CAR DRIVERS,1965,Ergonomics,article,Sleep and Work-Related Fatigue,Experimental and Cognitive Psychology,Psychology,Social Sciences,https://doi.org/10.1080/00140136508930827,49,6
W3201109886,"Emergent Interfaces: Vague, Complex, Bespoke and Embodied Interaction between Humans and Computers",2021,Applied Sciences,article,Music Technology and Sound Studies,Computer Vision and Pattern Recognition,Computer Science,Physical Sciences,https://doi.org/10.3390/app11188531,12,30
W2003882094,Manual performance of a repeated pattern by older and younger adults with supplementary auditory cues.,1993,Psychology and Aging,article,Motor Control and Adaptation,Cognitive Neuroscience,Neuroscience,Life Sciences,https://doi.org/10.1037/0882-7974.8.3.429,18,49
W2147440173,Sound feedback for the optimization of performance in running,2012,,article,Music Technology and Sound Studies,Computer Vision and Pattern Recognition,Computer Science,Physical Sciences,,6,3
W1994345166,Auditory Alarms: From Alerting to Informing,2000,Proceedings of the Human Factors and Ergonomics Society Annual Meeting,article,Healthcare Technology and Patient Monitoring,Surgery,Medicine,Health Sciences,https://doi.org/10.1177/154193120004400160,28,9
W2114189509,SUBJECTIVE EVALUATION OF AURALIZATION OF PHYSICS-BASED ROOM ACOUSTICS MODELING,2001,,article,Hearing Loss and Rehabilitation,Cognitive Neuroscience,Neuroscience,Life Sciences,,23,12
W2080403942,The Impact of Signal Bandwidth on Auditory Localization: Implications for the Design of Three-Dimensional Audio Displays,1997,Human Factors The Journal of the Human Factors and Ergonomics Society,article,Hearing Loss and Rehabilitation,Cognitive Neuroscience,Neuroscience,Life Sciences,https://doi.org/10.1518/001872097778543895,63,22
W2329296183,Detection by Direct Immunofluorescence of Antibodies to Treponema pallidum in the Cutaneous Infiltrates of Rabbit Syphilomas,1978,The Journal of Infectious Diseases,article,Skin and Cellular Biology Research,Cell Biology,"Biochemistry, Genetics and Molecular Biology",Life Sciences,https://doi.org/10.1093/infdis/138.2.222,7,9
W2146576775,EFFECTS OF AUDITORY ICONS AND EARCONS ON VISUAL CATEGORIZATION: THE BIGGER PICTURE,2001,,article,Multisensory perception and integration,Experimental and Cognitive Psychology,Psychology,Social Sciences,,23,19
W1986861222,Demonstration by Labeled Treponemal Antigen of Specific Antibodies in The Tissue Infiltrates of Secondary Syphilis,1977,Journal of Investigative Dermatology,article,Autoimmune Bullous Skin Diseases,Pathology and Forensic Medicine,Medicine,Health Sciences,https://doi.org/10.1111/1523-1747.ep12510730,4,38
W1998841934,Overview of auditory representations in human-machine interfaces,2013,ACM Computing Surveys,article,Tactile and Sensory Interactions,Cognitive Neuroscience,Neuroscience,Life Sciences,https://doi.org/10.1145/2543581.2543586,70,134
W2038769021,Effects of Frequency on Free-Field Masking,1995,Human Factors The Journal of the Human Factors and Ergonomics Society,article,Hearing Loss and Rehabilitation,Cognitive Neuroscience,Neuroscience,Life Sciences,https://doi.org/10.1518/001872095778995580,29,23
W1772373321,Design of spatialized audio in nomadic environments,1997,,article,Context-Aware Activity Recognition Systems,Computer Vision and Pattern Recognition,Computer Science,Physical Sciences,,23,14
W7679584,DESIGN CONSIDERATIONS FOR IMPROVING THE EFFECTIVENESS OF MULTITALKER SPEECH DISPLAYS,2002,British Journal of Anaesthesia,article,Hearing Loss and Rehabilitation,Cognitive Neuroscience,Neuroscience,Life Sciences,https://doi.org/10.1093/bja/70.2.205,22,14
W2028302088,"Listening to the Cold War: The Nuclear Test Ban Negotiations, Seismology, and Psychoacoustics, 1958–1963",2013,Osiris,article,Seismic Waves and Analysis,Geophysics,Earth and Planetary Sciences,Physical Sciences,https://doi.org/10.1086/671364,47,13
W2517582026,Cross-modal collaborative interaction between visually-impaired and sighted users in the workplace,2012,Bristol Research (University of Bristol),article,Tactile and Sensory Interactions,Cognitive Neuroscience,Neuroscience,Life Sciences,,22,12
W2149683870,"Learnabiltiy of Sound Cues for Environmental Features: Auditory Icons, Earcons, Spearcons, and Speech",2008,,article,Tactile and Sensory Interactions,Cognitive Neuroscience,Neuroscience,Life Sciences,,50,10
W128447131,Measurements of perceptual quality of contact sound models,2002,,article,Hermeneutics and Narrative Identity,Philosophy,Arts and Humanities,Social Sciences,,22,15
W1831408421,Mobile Video-to-Audio Transducer and Motion Detection for Sensory Substitution,2015,Frontiers in ICT,article,Tactile and Sensory Interactions,Cognitive Neuroscience,Neuroscience,Life Sciences,https://doi.org/10.3389/fict.2015.00020,9,38
W2101733545,Navigation performance in a virtual environment with bonephones,2005,,article,Tactile and Sensory Interactions,Cognitive Neuroscience,Neuroscience,Life Sciences,,49,5
W1546305762,Comparison of three dispersion procedures for quantitative recovery of cultivable species of subgingival spirochetes,1987,Journal of Clinical Microbiology,article,Tattoo and Body Piercing Complications,Cultural Studies,Social Sciences,Social Sciences,https://doi.org/10.1128/jcm.25.11.2230-2232.1987,34,0
W146222539,Wearable Real-Time Stereo Vision for the Visually Impaired,2007,,article,Tactile and Sensory Interactions,Cognitive Neuroscience,Neuroscience,Life Sciences,,75,11
W121320114,USABILITY OF NON-SPEECH SOUNDS IN USER INTERFACES,2008,,article,Tactile and Sensory Interactions,Cognitive Neuroscience,Neuroscience,Life Sciences,,21,48
W2150694759,Models of musical instruments from Chua's circuit with time delay,1993,IEEE Transactions on Circuits and Systems II Analog and Digital Signal Processing,article,Chaos control and synchronization,Statistical and Nonlinear Physics,Physics and Astronomy,Physical Sciences,https://doi.org/10.1109/82.246173,30,23
W2030818890,Three-Dimensional Audio Versus Head-Down Traffic Alert and Collision Avoidance System Displays,1996,International Journal of Aviation Psychology,article,Hearing Loss and Rehabilitation,Cognitive Neuroscience,Neuroscience,Life Sciences,https://doi.org/10.1207/s15327108ijap0601_5,66,14
W2165733976,Detection of Serum Antibody Levels Against Infectious Bursal Disease (IBD) Virus Using Indirect Hemagglutination (IHA) Test in Commercial Broilers,2003,International Journal of Poultry Science,article,Virology and Viral Diseases,Epidemiology,Medicine,Health Sciences,https://doi.org/10.3923/ijps.2003.442.445,13,9
W2121026132,Flow quantification in valvular heart disease based on the integral of backscattered acoustic power using Doppler ultrasound,2000,Proceedings of the IEEE,article,Cardiac Valve Diseases and Treatments,Cardiology and Cardiovascular Medicine,Medicine,Health Sciences,https://doi.org/10.1109/5.838068,11,65
W2083262661,Transfer effects on sound localization performances from playing a virtual three-dimensional auditory game,2006,Applied Acoustics,article,Hearing Loss and Rehabilitation,Cognitive Neuroscience,Neuroscience,Life Sciences,https://doi.org/10.1016/j.apacoust.2006.08.007,57,18
W2043774331,Knowing by ear: leveraging human attention abilities in interaction design,2011,Journal on Multimodal User Interfaces,article,Tactile and Sensory Interactions,Cognitive Neuroscience,Neuroscience,Life Sciences,https://doi.org/10.1007/s12193-011-0062-8,26,34
W2036951783,Particulate formation due to freezing humic waters,1978,Water Resources Research,article,Freezing and Crystallization Processes,Mechanics of Materials,Engineering,Physical Sciences,https://doi.org/10.1029/wr014i003p00542,33,23
W2900529643,Sonic Information Design,2018,Journal of sonic studies,article,Design Education and Practice,Mechanical Engineering,Engineering,Physical Sciences,https://doi.org/10.22501/jss.514603,7,0
W3183719664,Combining audio and visual displays to highlight temporal and spatial seismic patterns,2021,Journal on Multimodal User Interfaces,article,Seismic Waves and Analysis,Geophysics,Earth and Planetary Sciences,Physical Sciences,https://doi.org/10.1007/s12193-021-00378-8,3,49
W1972920418,"Cyclic siloxanes in the biological waste water treatment process ? Determination, quantification and possibilities of elimination",1996,Fresenius Journal of Analytical Chemistry,article,Odor and Emission Control Technologies,Process Chemistry and Technology,Chemical Engineering,Physical Sciences,https://doi.org/10.1007/s002169600011,70,1
W3096719213,Acoustic indices perform better when applied at ecologically meaningful time and frequency scales,2020,Methods in Ecology and Evolution,article,Animal Vocal Communication and Behavior,Developmental Biology,"Biochemistry, Genetics and Molecular Biology",Life Sciences,https://doi.org/10.1111/2041-210x.13521,113,67
W3084109652,Introducing the Sounds of Data to the Study of Politics: A Choir of Global Legitimacy Crises,2020,New Political Science,article,Diverse Musicological Studies,Music,Arts and Humanities,Social Sciences,https://doi.org/10.1080/07393148.2020.1809760,20,0
W2522639033,The sound of smile: Auditory biofeedback of facial EMG activity,2016,Displays,article,Tactile and Sensory Interactions,Cognitive Neuroscience,Neuroscience,Life Sciences,https://doi.org/10.1016/j.displa.2016.09.002,18,17
W1772524731,Tactile Cuing to Augment Multisensory Human-Machine Interaction,2015,Ergonomics in Design The Quarterly of Human Factors Applications,article,Tactile and Sensory Interactions,Cognitive Neuroscience,Neuroscience,Life Sciences,https://doi.org/10.1177/1064804615572623,22,18
W2001807494,Ubisemiquinones as obligatory intermediates in the electron transfer from NADH to ubiquinone,1994,European Journal of Biochemistry,article,Coenzyme Q10 studies and effects,Molecular Biology,"Biochemistry, Genetics and Molecular Biology",Life Sciences,https://doi.org/10.1111/j.1432-1033.1994.tb18948.x,41,41
W2596062918,A review-based conceptual analysis of auditory signs and their design,2008,,article,Tactile and Sensory Interactions,Cognitive Neuroscience,Neuroscience,Life Sciences,,19,23
W2180774566,A Camera-Based Mobility Aid for Visually Impaired People,2015,K&uuml;nstliche Intell.,article,Tactile and Sensory Interactions,Cognitive Neuroscience,Neuroscience,Life Sciences,https://doi.org/10.1007/s13218-015-0407-7,33,14
W1509413521,"Adenosine triphosphate quantification as related to cryptobiosis, nematode eggs, and larvae.",1976,PubMed,article,Nematode management and characterization studies,Plant Science,Agricultural and Biological Sciences,Life Sciences,,4,4
W2093717316,Cross-Modal Source Information and Spoken Word Recognition.,2004,Journal of Experimental Psychology Human Perception & Performance,article,Multisensory perception and integration,Experimental and Cognitive Psychology,Psychology,Social Sciences,https://doi.org/10.1037/0096-1523.30.2.378,41,67
W2203289057,Perceptualization of Biomedical Data,2003,,book-chapter,Tactile and Sensory Interactions,Cognitive Neuroscience,Neuroscience,Life Sciences,https://doi.org/10.1002/0471216690.ch7,24,0
W2144695825,Activity of Isepamicin and Selection of Permeability Mutants to  -Lactams during Aminoglycoside Therapy of Experimental Endocarditis Due to Klebsiella pneumoniae CF104 Producing an Aminoglycoside Acetyltransferase 6' Modifying Enzyme and a TEM-3  -Lactamase,1994,The Journal of Infectious Diseases,article,Antibiotics Pharmacokinetics and Efficacy,Pharmacology,Medicine,Health Sciences,https://doi.org/10.1093/infdis/169.6.1318,8,17
W4241545316,Mismatch,2018,The MIT Press eBooks,book,Chemistry and Stereochemistry Studies,Organic Chemistry,Chemistry,Physical Sciences,https://doi.org/10.7551/mitpress/11647.001.0001,92,0
W2794523129,Gestures: Gestural Interaction and Gesturalization,2017,Computational music science,book-chapter,Innovative Human-Technology Interaction,Human-Computer Interaction,Computer Science,Physical Sciences,https://doi.org/10.1007/978-3-319-64481-3_18,4,0
W2089048403,Boundary element simulations of the transfer function of human heads and baffled pinnae using accurate geometric models,2006,Journal of Sound and Vibration,article,Hearing Loss and Rehabilitation,Cognitive Neuroscience,Neuroscience,Life Sciences,https://doi.org/10.1016/j.jsv.2006.06.079,59,36
W4247944342,Hydrolytic Proteins of Sugarcane: The Acid Invertases,1965,The Journal of Agriculture of the University of Puerto Rico,article,Microbial Metabolites in Food Biotechnology,Nutrition and Dietetics,Nursing,Health Sciences,https://doi.org/10.46429/jaupr.v49i3.13030,18,0
W4297967964,Acoustics and Psychoacoustics,2017,,book,Music Technology and Sound Studies,Computer Vision and Pattern Recognition,Computer Science,Physical Sciences,https://doi.org/10.4324/9781315716879,87,0
W2804956325,Design and evaluation of auditory-supported air gesture controls in vehicles,2019,Journal on Multimodal User Interfaces,article,Human-Automation Interaction and Safety,Social Psychology,Psychology,Social Sciences,https://doi.org/10.1007/s12193-019-00298-8,26,121
W2108548515,Room temperature ionic liquids as optical sensor matrix materials for gaseous and dissolved CO2,2005,Sensors and Actuators B Chemical,article,Ionic liquids properties and applications,Catalysis,Chemical Engineering,Physical Sciences,https://doi.org/10.1016/j.snb.2005.11.040,60,22
W2148290521,EFFICIENCY OF SPEARCON-ENHANCED NAVIGATION OF ONE DIMENSIONAL ELECTRONIC MENUS,2008,,article,Tactile and Sensory Interactions,Cognitive Neuroscience,Neuroscience,Life Sciences,,18,14
W2063337414,Preferred Sound Intensity Increase for Sensation of Half Distance,1991,Perceptual and Motor Skills,article,Visual perception and processing mechanisms,Cognitive Neuroscience,Neuroscience,Life Sciences,https://doi.org/10.2466/pms.1991.72.3.1019,29,17
W2963618051,Unsupervised Incremental Learning and Prediction of Audio Signals,2010,,article,Music and Audio Processing,Signal Processing,Computer Science,Physical Sciences,,4,34
W2113259390,Audio-enhanced collaboration at an interactive electronic whiteboard,2001,,article,Interactive and Immersive Displays,Human-Computer Interaction,Computer Science,Physical Sciences,,18,8
W1970165020,A new technique for the preparation of ready-to-use macroaggregated albumin (MAA) kits to be labelled with 99Tc for lung scanning,1983,The International Journal of Applied Radiation and Isotopes,article,Medical Imaging and Pathology Studies,Pulmonary and Respiratory Medicine,Medicine,Health Sciences,https://doi.org/10.1016/0020-708x(83)90050-9,6,11
W4381587653,Inspecting spectra with sound: proof-of-concept &amp; extension to datacubes,2023,arXiv (Cornell University),preprint,Music and Audio Processing,Signal Processing,Computer Science,Physical Sciences,https://doi.org/10.48550/arxiv.2306.10126,3,0
W2106061280,FEASIBILITY OF MULTIPLE NON-SPEECH SOUNDS PRESENTATION USING HEADPHONES,2001,,article,Hearing Loss and Rehabilitation,Cognitive Neuroscience,Neuroscience,Life Sciences,,18,15
W2474744747,Acoustic Gestalt: On the perceptibility of melodic symmetry,2016,Musicae Scientiae,article,Multisensory perception and integration,Experimental and Cognitive Psychology,Psychology,Social Sciences,https://doi.org/10.1177/1029864916637116,12,34
W2226899078,A Stereo Image Processing System For Visually Impaired,2008,Zenodo (CERN European Organization for Nuclear Research),article,Tactile and Sensory Interactions,Cognitive Neuroscience,Neuroscience,Life Sciences,https://doi.org/10.5281/zenodo.1075125,45,16
W2033923509,Effect of advanced traveler information system displays on younger and older drivers’ performance,2000,Displays,article,Human-Automation Interaction and Safety,Social Psychology,Psychology,Social Sciences,https://doi.org/10.1016/s0141-9382(00)00054-8,40,22
W3131499599,Structure and Outcomes of Educational Programs for Training Non-electroencephalographers in Performing and Screening Adult EEG: A Systematic Review,2021,Neurocritical Care,review,EEG and Brain-Computer Interfaces,Cognitive Neuroscience,Neuroscience,Life Sciences,https://doi.org/10.1007/s12028-020-01172-2,16,83
W2089765345,Ribonucleic Acid Antigen from the Reiter Treponeme Used in an ELISA for Antibodies in Syphilis,1982,Scandinavian Journal of Immunology,article,Syphilis Diagnosis and Treatment,Physiology,Medicine,Health Sciences,https://doi.org/10.1111/j.1365-3083.1982.tb00743.x,5,11
W2019750176,Ondas ultrassônicas e pérolas de vidro: um novo método de extração de beta-galactosidase para uso em laboratório,2008,Química Nova,article,Enzyme Production and Characterization,Biotechnology,"Biochemistry, Genetics and Molecular Biology",Life Sciences,https://doi.org/10.1590/s0100-40422008000200028,34,0
W2022098307,Effect of Antibiotics on the Phagocytosis and Killing of Pseudomonas aeruginosa by Rabbit Polymorphonuclear Leukocytes,2009,Chemotherapy,article,Antimicrobial Peptides and Activities,Microbiology,Immunology and Microbiology,Life Sciences,https://doi.org/10.1159/000221927,35,0
W1907552911,Ultrasound enhancement of dissolution kinetics of uranium oxides in supercritical carbon dioxide,2001,Journal of Chemical Technology & Biotechnology,article,Catalysis and Oxidation Reactions,Catalysis,Chemical Engineering,Physical Sciences,https://doi.org/10.1002/jctb.509,33,7
W2010693471,Visual and Auditory Localization as a Function of Azimuth and Elevation,1997,International Journal of Aviation Psychology,article,Tactile and Sensory Interactions,Cognitive Neuroscience,Neuroscience,Life Sciences,https://doi.org/10.1207/s15327108ijap0702_2,23,29
W3181210588,Physical Modeling of the Ancient Greek Wind Musical Instrument Aulos: A Double-Reed Exciter Linked to an Acoustic Resonator,2021,IEEE Access,article,Music Technology and Sound Studies,Computer Vision and Pattern Recognition,Computer Science,Physical Sciences,https://doi.org/10.1109/access.2021.3095720,6,58
W4376646320,Auditory feedback in tele-rehabilitation based on automated gait classification,2023,Personal and Ubiquitous Computing,article,Muscle activation and electromyography studies,Biomedical Engineering,Engineering,Physical Sciences,https://doi.org/10.1007/s00779-023-01723-2,9,47
W2257861854,Radiation Search and Detection by Ear and by Eye,1987,Human Factors The Journal of the Human Factors and Ergonomics Society,article,Human-Automation Interaction and Safety,Social Psychology,Psychology,Social Sciences,https://doi.org/10.1177/001872088702900110,24,8
W2070874222,Determination of synthetic food colorants in fish products by an HPLC-DAD method,2015,Food Chemistry,article,Dye analysis and toxicity,Analytical Chemistry,Chemistry,Physical Sciences,https://doi.org/10.1016/j.foodchem.2015.01.026,51,24
W1988685835,"Vibrotactile Perceived Intensity for Mobile Devices as a Function of Direction, Amplitude, and Frequency",2013,IEEE Transactions on Haptics,article,Tactile and Sensory Interactions,Cognitive Neuroscience,Neuroscience,Life Sciences,https://doi.org/10.1109/toh.2013.2,72,26
W3184372150,Recent approaches for utilization of food components as nano-encapsulation: a review,2021,International Journal of Food Properties,article,Microencapsulation and Drying Processes,Food Science,Agricultural and Biological Sciences,Life Sciences,https://doi.org/10.1080/10942912.2021.1953067,67,125
W1966371306,The Effect of Pretreatment of Saliva on Steroid Hormone Concentrations,1990,Clinical Chemistry and Laboratory Medicine (CCLM),article,Salivary Gland Disorders and Functions,Physiology,Medicine,Health Sciences,https://doi.org/10.1515/cclm.1990.28.12.923,19,29
W2120198644,Use of zinc borohydride for efficient reduction of carboxylic ester to alcohol. Seleclive reduction of aliphatic ester in presence of aromatic ester under sonication,1991,Tetrahedron Letters,article,Chemical synthesis and alkaloids,Organic Chemistry,Chemistry,Physical Sciences,https://doi.org/10.1016/s0040-4039(00)79734-6,22,14
W2736227267,Eyes-Free Art,2017,Proceedings of the ACM on Interactive Mobile Wearable and Ubiquitous Technologies,article,Tactile and Sensory Interactions,Cognitive Neuroscience,Neuroscience,Life Sciences,https://doi.org/10.1145/3130958,57,35
W1988812280,Musical signals from Chua's circuit,1993,IEEE Transactions on Circuits and Systems II Analog and Digital Signal Processing,article,Music Technology and Sound Studies,Computer Vision and Pattern Recognition,Computer Science,Physical Sciences,https://doi.org/10.1109/82.246172,40,18
W4833242,A 3D REAL TIME RENDERING ENGINE FOR BINAURAL SOUND REPRODUCTION,2003,Nature,article,Hearing Loss and Rehabilitation,Cognitive Neuroscience,Neuroscience,Life Sciences,https://doi.org/10.1038/249266a0,16,11
W2149516323,The Role of Participatory Workshops in Investigating Narrative and Sound Ecologies in the Design of an Ambient Intelligence Audio Display,2006,Summit (Simon Fraser University),article,Innovative Human-Technology Interaction,Human-Computer Interaction,Computer Science,Physical Sciences,,16,15
W2072266200,Non-visual interaction with graphs assisted with directional-predictive sounds and vibrations: a comparative study,2007,Universal Access in the Information Society,article,Tactile and Sensory Interactions,Cognitive Neuroscience,Neuroscience,Life Sciences,https://doi.org/10.1007/s10209-007-0105-9,9,18
W2028115554,Inter-Laboratory Round Robin HRTF Measurement Comparison,2015,IEEE Journal of Selected Topics in Signal Processing,article,Hearing Loss and Rehabilitation,Cognitive Neuroscience,Neuroscience,Life Sciences,https://doi.org/10.1109/jstsp.2015.2400417,61,45
W2996836029,The audio abacus,2003,ACM SIGACCESS Accessibility and Computing,article,Tactile and Sensory Interactions,Cognitive Neuroscience,Neuroscience,Life Sciences,https://doi.org/10.1145/1029014.1028634,4,13
W156566891,A COMPARISON OF PERFORMANCES ON SINGLE AND DUAL SENSORY MODE VIGILANCE TASKS,1961,Defense Technical Information Center (DTIC),article,Safety Warnings and Signage,Social Psychology,Psychology,Social Sciences,,19,0
W2023683162,Energetic assessment of trunk postural modifications induced by a wearable audio-biofeedback system,2008,Medical Engineering & Physics,article,"Balance, Gait, and Falls Prevention","Physical Therapy, Sports Therapy and Rehabilitation",Health Professions,Health Sciences,https://doi.org/10.1016/j.medengphy.2008.04.004,38,18
W2399134176,Drug-resistance transfer among rodent plasmodia,1969,Parasitology,article,Malaria Research and Control,"Public Health, Environmental and Occupational Health",Medicine,Health Sciences,https://doi.org/10.1017/s0031182000082391,26,34
W2066260358,Plasma membrane bound high pI peroxidase isoenzymes convert tryptophan to indole-3-acetaldoxime,1990,Phytochemistry,article,Electrochemical sensors and biosensors,Electrical and Electronic Engineering,Engineering,Physical Sciences,https://doi.org/10.1016/0031-9422(90)80088-x,35,16
W4398247409,Immaculate Sounds,2023,,book,Diverse Musicological Studies,Music,Arts and Humanities,Social Sciences,https://doi.org/10.1093/oso/9780197621899.001.0001,2,203
W2156570860,Auditory Preemption versus Multiple Resources: Who Wins in Interruption Management?,2005,Proceedings of the Human Factors and Ergonomics Society Annual Meeting,article,Human-Automation Interaction and Safety,Social Psychology,Psychology,Social Sciences,https://doi.org/10.1177/154193120504900353,50,22
W429282616,DEVELOPMENT OF HUMAN FACTORS GUIDELINES FOR ADVANCED TRAVELER INFORMATION SYSTEMS (ATIS) AND COMMERCIAL VEHICLE OPERATIONS (CVO): HUMAN FACTORS EVALUATION OF THE EFFECTIVENESS OF MULTI-MODALITY DISPLAYS IN ADVANCED TRAVELER INFORMATION SYSTEMS,1999,,article,Human-Automation Interaction and Safety,Social Psychology,Psychology,Social Sciences,,18,12
W2059090620,Extraction and filtering in ultrasonic field: finite element modelling and simulation of the processes,2000,Ultrasonics,article,Electrostatics and Colloid Interactions,Physical and Theoretical Chemistry,Chemistry,Physical Sciences,https://doi.org/10.1016/s0041-624x(99)00163-8,15,5
W2009333345,"Study on effects of temperature, moisture and pH in degradation and degradation kinetics of aldrin, endosulfan, lindane pesticides during full-scale continuous rotary drum composting",2014,Chemosphere,article,Composting and Vermicomposting Techniques,Soil Science,Agricultural and Biological Sciences,Life Sciences,https://doi.org/10.1016/j.chemosphere.2013.12.022,81,25
W2225006073,Human pepsinogen A isozymogen patterns in serum and gastric mucosa,1990,Gastroenterology,article,Helicobacter pylori-related gastroenterology studies,Surgery,Medicine,Health Sciences,https://doi.org/10.1016/0016-5085(90)90460-i,7,24
W181928558,Exploration of non-seen diagrams,1998,,article,Visual and Cognitive Learning Processes,Experimental and Cognitive Psychology,Psychology,Social Sciences,,15,9
W2059824183,Recommendations for enhancing the role of the auditory modality for processing sonar data,2005,Applied Acoustics,article,Underwater Acoustics Research,Oceanography,Earth and Planetary Sciences,Physical Sciences,https://doi.org/10.1016/j.apacoust.2004.11.010,15,50
W2009488535,Desizing of untreated cotton fabric with the conventional and ultrasonic bath procedures by immobilized and native α‐amylase,2010,Starch - Stärke,article,Enzyme Production and Characterization,Biotechnology,"Biochemistry, Genetics and Molecular Biology",Life Sciences,https://doi.org/10.1002/star.201000109,35,11
W2889183776,Comparing Haptic Pattern Matching on Tablets and Phones: Large Screens Are Not Necessarily Better,2018,Optometry and Vision Science,article,Tactile and Sensory Interactions,Cognitive Neuroscience,Neuroscience,Life Sciences,https://doi.org/10.1097/opx.0000000000001274,12,25
W2772479565,Audio-Visual Feedback For Self-Monitoring Posture In Ballet Training,2017,VBN Forskningsportal (Aalborg Universitet),article,Diversity and Impact of Dance,Experimental and Cognitive Psychology,Psychology,Social Sciences,https://doi.org/10.5281/zenodo.1181421,8,8
W1982141461,SOUND AND MUSIC FROM CHUA'S CIRCUIT,1993,Journal of Circuits Systems and Computers,article,Music Technology and Sound Studies,Computer Vision and Pattern Recognition,Computer Science,Physical Sciences,https://doi.org/10.1142/s0218126693000058,16,0
W99879125,SLAB: A SOFTWARE-BASED REAL-TIME VIRTUAL ACOUSTIC ENVIRONMENT RENDERING SYSTEM,2001,,article,Music and Audio Processing,Signal Processing,Computer Science,Physical Sciences,,15,3
W4391167387,SonoUno development: a User-Centered Sonificationsoftware for data analysis,2024,The Journal of Open Source Software,article,Tactile and Sensory Interactions,Cognitive Neuroscience,Neuroscience,Life Sciences,https://doi.org/10.21105/joss.05819,5,15
W125569172,The accuracy of absolute localization judgments for speech stimuli.,1996,PubMed,article,Hearing Loss and Rehabilitation,Cognitive Neuroscience,Neuroscience,Life Sciences,,22,0
W4401809431,Accessible Mathematics: Representation of Functions Through Sound and Touch,2024,IEEE Access,article,Tactile and Sensory Interactions,Cognitive Neuroscience,Neuroscience,Life Sciences,https://doi.org/10.1109/access.2024.3448509,5,20
W2125023524,"Evaluation of Auditory, Visual, and Dual-Mode Displays for Prolonged Sonar Monitoring in Repeated Sessions",1975,Human Factors The Journal of the Human Factors and Ergonomics Society,article,Human-Automation Interaction and Safety,Social Psychology,Psychology,Social Sciences,https://doi.org/10.1177/001872087501700501,54,10
W2315359425,Twenty Years of Cognitive Work Analysis in Health Care,2013,Journal of Cognitive Engineering and Decision Making,article,Patient Safety and Medication Errors,Emergency Medical Services,Health Professions,Health Sciences,https://doi.org/10.1177/1555343413488391,51,76
W2185875873,"Effect of intravenously injected killed pneumococci on leukocytes, complement, and phagocytosis in rabbits",1980,Infection and Immunity,article,Pneumonia and Respiratory Infections,Epidemiology,Medicine,Health Sciences,https://doi.org/10.1128/iai.29.3.1021-1027.1980,7,18
W2063648817,Perceptual evaluation of filters controlling source direction: Customized and generalized HRTFs for binaural synthesis,2003,Nippon Onkyo Gakkaishi/Acoustical science and technology/Nihon Onkyo Gakkaishi,article,Hearing Loss and Rehabilitation,Cognitive Neuroscience,Neuroscience,Life Sciences,https://doi.org/10.1250/ast.24.220,24,34
W2012297616,A multi-sensory system for the investigation of geoscientific data,2002,Computers & Graphics,article,Underwater Acoustics Research,Oceanography,Earth and Planetary Sciences,Physical Sciences,https://doi.org/10.1016/s0097-8493(02)00057-2,21,10
W2517206992,Ruratae: a physics-based audio engine,2014,eScholarship (California Digital Library),dissertation,Music Technology and Sound Studies,Computer Vision and Pattern Recognition,Computer Science,Physical Sciences,,3,0
W2134204712,"Experimental observation of magnetosome chain collapse in magnetotactic bacteria: Sedimentological, paleomagnetic, and evolutionary implications",2006,Earth and Planetary Science Letters,article,Geomagnetism and Paleomagnetism Studies,Molecular Biology,"Biochemistry, Genetics and Molecular Biology",Life Sciences,https://doi.org/10.1016/j.epsl.2006.03.041,103,66
W834719750,Magnetic and Dendritic Catalysts,2015,Accounts of Chemical Research,article,Dendrimers and Hyperbranched Polymers,Polymers and Plastics,Materials Science,Physical Sciences,https://doi.org/10.1021/acs.accounts.5b00039,127,79
W2008460910,Effect of different extraction protocols on anticancer and antioxidant activities of Berberis koreana bark extracts,2009,Journal of Bioscience and Bioengineering,article,Microbial Inactivation Methods,Biotechnology,"Biochemistry, Genetics and Molecular Biology",Life Sciences,https://doi.org/10.1016/j.jbiosc.2008.11.021,57,31
W2566984559,PERCEPTUAL EFFECTS OF AUDITORY INFORMATION ABOUT OWN AND OTHER MOVEMENTS,2012,SMARTech Repository (Georgia Institute of Technology),article,Action Observation and Synchronization,Social Psychology,Psychology,Social Sciences,,14,19
W1974743186,An Alpha Detection and Feedback Control System,1972,Psychophysiology,article,Neural dynamics and brain function,Cognitive Neuroscience,Neuroscience,Life Sciences,https://doi.org/10.1111/j.1469-8986.1972.tb01795.x,20,6
W2109703904,Enhanced Detection with Bimodal Sonar Displays,1989,Human Factors The Journal of the Human Factors and Ergonomics Society,article,Hearing Loss and Rehabilitation,Cognitive Neuroscience,Neuroscience,Life Sciences,https://doi.org/10.1177/001872088903100504,14,13
W2344773850,Enzyme-linked immunosorbent assay for diagnosis of Corynebacterium (Rhodococcus) equi infection in foals,1985,American Journal of Veterinary Research,article,Infectious Disease Case Reports and Treatments,Infectious Diseases,Medicine,Health Sciences,https://doi.org/10.2460/ajvr.1985.46.10.2166,67,0
W2007519957,Using 3D Sound to Improve the Effectiveness of the Advanced Driver Assistance Systems,2002,Personal and Ubiquitous Computing,article,Tactile and Sensory Interactions,Cognitive Neuroscience,Neuroscience,Life Sciences,https://doi.org/10.1007/s007790200016,29,16
W2739879521,Locative Media as Sonic Interaction Design: Walking through Placed Sounds,2015,Wi Journal of Mobile Media,article,Music Technology and Sound Studies,Computer Vision and Pattern Recognition,Computer Science,Physical Sciences,https://doi.org/10.65968/usnm3225,12,17
W26470988,Patterns in auditory menu design,2006,,article,Interactive and Immersive Displays,Human-Computer Interaction,Computer Science,Physical Sciences,,14,15
W2331140704,"A Sense of Place: Charles Ives and ""Putnam's Camp, Redding, Connecticut""",1996,American Music,article,Music History and Culture,Music,Arts and Humanities,Social Sciences,https://doi.org/10.2307/3052601,4,2
W2296042826,Reappropriating Museum Collections: Performing Geology Specimens And Meterology Data As New Instruments For Musical Expression,2014,Zenodo (CERN European Organization for Nuclear Research),article,Music Technology and Sound Studies,Computer Vision and Pattern Recognition,Computer Science,Physical Sciences,https://doi.org/10.5281/zenodo.1178719,4,8
W2052912711,Preparation of Raspberry-Like Adsorbed Silica Nanoparticles via Miniemulsion Polymerization Using a Glycerol-Functionalized Silica Sol,2012,International Journal of Polymeric Materials,article,Mesoporous Materials and Catalysis,Materials Chemistry,Materials Science,Physical Sciences,https://doi.org/10.1080/00914037.2012.719135,16,35
W2355313556,AudioMan: Design and Implementation of Electronic Travel Aid,2007,,article,Tactile and Sensory Interactions,Cognitive Neuroscience,Neuroscience,Life Sciences,,3,0
W2149658184,Tailoring reveals information requirements: the case of anaesthesia alarms,2004,Interacting with Computers,article,Healthcare Technology and Patient Monitoring,Surgery,Medicine,Health Sciences,https://doi.org/10.1016/j.intcom.2003.12.002,47,39
W2148306650,Characterization of cytosolic sialidase from Chinese hamster ovary cells,2001,Carbohydrate Research,article,Viral Infectious Diseases and Gene Expression in Insects,Molecular Biology,"Biochemistry, Genetics and Molecular Biology",Life Sciences,https://doi.org/10.1016/s0008-6215(00)00294-9,12,84
W2331231168,Determination of Paraquat in Marijuana by Reversed-Phase Paired-Ion High Performance Liquid Chromatography,1979,Journal of Chromatographic Science,article,Paraquat toxicity studies and treatments,Surgery,Medicine,Health Sciences,https://doi.org/10.1093/chromsci/17.2.87,36,0
W2020764593,Intelligibility of Speech in a Virtual 3-D Environment,2002,Human Factors The Journal of the Human Factors and Ergonomics Society,article,Hearing Loss and Rehabilitation,Cognitive Neuroscience,Neuroscience,Life Sciences,https://doi.org/10.1518/0018720024497934,19,25
W1634447209,Design of virtual three-dimensional instruments for sound control,1998,,article,Tactile and Sensory Interactions,Cognitive Neuroscience,Neuroscience,Life Sciences,,36,78
W1824194814,Leaving the screen New perspectives in audio-only gaming,2005,,article,Multimedia Communication and Technology,Sociology and Political Science,Social Sciences,Social Sciences,,43,10
W1517776996,Chapter 17 Sound maps: Music and sound in cybercartography,2005,Modern cartography,book-chapter,Tactile and Sensory Interactions,Cognitive Neuroscience,Neuroscience,Life Sciences,https://doi.org/10.1016/s1363-0814(05)80020-6,34,32
W88117868,Some Perspectives on Performed Sound and Music in Virtual Environments,1997,PRESENCE Virtual and Augmented Reality,article,Tactile and Sensory Interactions,Cognitive Neuroscience,Neuroscience,Life Sciences,https://doi.org/10.1162/pres.1997.6.4.482,30,54
W2144487539,EEG analysis in a telemedical virtual world,1999,Future Generation Computer Systems,article,Augmented Reality Applications,Computer Vision and Pattern Recognition,Computer Science,Physical Sciences,https://doi.org/10.1016/s0167-739x(98)00068-5,28,22
W2415485794,Measurement of glutathione requiring enzymes involved in arachidonic acid cascade of rat basophilic leukemia cells.,1984,PubMed,article,Glutathione Transferases and Polymorphisms,Molecular Biology,"Biochemistry, Genetics and Molecular Biology",Life Sciences,,6,0
W2341369563,PARAMETER MAPPING SONIC ARTICULATION AND THE PERCEIVING BODY,2010,,article,Multisensory perception and integration,Experimental and Cognitive Psychology,Psychology,Social Sciences,,16,35
W282047426,Measuring Spatial Perception with Spatial Updating and Action,2008,Psychology Press eBooks,book-chapter,Visual perception and processing mechanisms,Cognitive Neuroscience,Neuroscience,Life Sciences,https://doi.org/10.4324/9780203809891-6,108,1
W2070251253,Open Touch/Sound Maps: A system to convey street data through haptic and auditory feedback,2013,Computers & Geosciences,article,Tactile and Sensory Interactions,Cognitive Neuroscience,Neuroscience,Life Sciences,https://doi.org/10.1016/j.cageo.2013.03.005,39,37
W4388976519,Enhancing Art Gallery Visitors' Experiences through Audio Augmented Reality Technology,2023,Proceedings of the Human Factors and Ergonomics Society Annual Meeting,article,Augmented Reality Applications,Computer Vision and Pattern Recognition,Computer Science,Physical Sciences,https://doi.org/10.1177/21695067231192706,5,18
W1544294876,Identifying where you are in a room: Sensitivity to room acoustics,2003,,article,Hearing Loss and Rehabilitation,Cognitive Neuroscience,Neuroscience,Life Sciences,,15,13
W2110831359,An agenda for research and development of multimodal graphs,2005,,article,Tactile and Sensory Interactions,Cognitive Neuroscience,Neuroscience,Life Sciences,,24,26
W2395176884,Harnessing the Intelligence of Physarum Polycephalum for Unconventional Computing-Aided Musical Composition.,2014,,article,Slime Mold and Myxomycetes Research,Biomedical Engineering,Engineering,Physical Sciences,,13,18
W3021254173,Auditory Interfaces,2008,Elsevier eBooks,book-chapter,Personal Information Management and User Behavior,Information Systems and Management,Decision Sciences,Social Sciences,https://doi.org/10.1016/b978-0-12-374017-5.00005-5,10,98
W2153692424,"Menu Navigation With In-Vehicle Technologies: Auditory Menu Cues Improve Dual Task Performance, Preference, and Workload",2014,International Journal of Human-Computer Interaction,article,Human-Automation Interaction and Safety,Social Psychology,Psychology,Social Sciences,https://doi.org/10.1080/10447318.2014.925774,56,76
W2080482358,The pattern of sarcomere lengths through the left ventricular free wall: differences between open and closed-chest rats,1983,Basic Research in Cardiology,article,Cardiovascular Function and Risk Factors,Cardiology and Cardiovascular Medicine,Medicine,Health Sciences,https://doi.org/10.1007/bf01906466,6,23
W2009800449,On-line Size Exclusion Chromatography and Multiangle Laser Light Scattering of High-Molecular-Weight Rigid Polysaccharides,1995,International Journal of Polymer Analysis and Characterization,article,Polysaccharides and Plant Cell Walls,Plant Science,Agricultural and Biological Sciences,Life Sciences,https://doi.org/10.1080/10236669508233891,16,21
W163371625,Cell-mediated immune response to Babesia equi-transformed lymphoblastoid cells in vitro.,1983,PubMed,article,Vector-borne infectious diseases,Parasitology,Immunology and Microbiology,Life Sciences,,6,15
W2983513535,Basic Concepts in Wearable Computers and Augmented Reality,2001,,book-chapter,Augmented Reality Applications,Computer Vision and Pattern Recognition,Computer Science,Physical Sciences,https://doi.org/10.1201/9780585383590-6,49,1
W2748376870,A Model of Nature Soundscape for Calm Information Display,2017,Interacting with Computers,article,Noise Effects and Management,Speech and Hearing,Health Professions,Health Sciences,https://doi.org/10.1093/iwc/iwx007,6,45
W2890913619,Siamese Style Convolutional Neural Networks for Sound Search by Vocal Imitation,2018,IEEE/ACM Transactions on Audio Speech and Language Processing,article,Music and Audio Processing,Signal Processing,Computer Science,Physical Sciences,https://doi.org/10.1109/taslp.2018.2868428,42,55
W1994184859,Use of Ultrasonic Energy in the Enzymatic Treatment of Cotton Fabric,1998,Industrial & Engineering Chemistry Research,article,Dyeing and Modifying Textile Fibers,Building and Construction,Engineering,Physical Sciences,https://doi.org/10.1021/ie980274j,36,5
W2171321644,PROVIDING A SIZE-INDEPENDENT OVERVIEW OF NON-VISUAL TABLES,2006,,article,Tactile and Sensory Interactions,Cognitive Neuroscience,Neuroscience,Life Sciences,,24,15
W3191904179,New Water and Air Pollution Sensors Added to the Sonic Kayak Citizen Science System for Low Cost Environmental Mapping,2021,Journal of Open Hardware,article,Water Quality Monitoring Technologies,Water Science and Technology,Environmental Science,Physical Sciences,https://doi.org/10.5334/joh.35,6,26
W41886624,STRATEGIES FOR SONIC INTERACTION DESIGN: FROM CONTEXT TO BASIC DESIGN,2008,,article,Innovative Human-Technology Interaction,Human-Computer Interaction,Computer Science,Physical Sciences,,12,16
W2582355921,A graph-based system for the dynamic generation of soundscapes,2009,,article,Music Technology and Sound Studies,Computer Vision and Pattern Recognition,Computer Science,Physical Sciences,,12,26
W1608519465,Sound for the exploration of space physics data,2013,,dissertation,Music Technology and Sound Studies,Computer Vision and Pattern Recognition,Computer Science,Physical Sciences,,28,0
W3004102077,Brain Art,2019,,book,Creativity in Education and Neuroscience,Experimental and Cognitive Psychology,Psychology,Social Sciences,https://doi.org/10.1007/978-3-030-14323-7,24,21
W2148654144,Training effect of a virtual auditory game on sound localization ability of the visually impaired,2005,,article,Tactile and Sensory Interactions,Cognitive Neuroscience,Neuroscience,Life Sciences,,20,4
W2020464594,Estimation of interaural level difference based on anthropometry and its effect on sound localization,2007,The Journal of the Acoustical Society of America,article,Hearing Loss and Rehabilitation,Cognitive Neuroscience,Neuroscience,Life Sciences,https://doi.org/10.1121/1.2785039,27,29
W137368209,Thermolysin- and Chymotrypsin-Catalysed Peptide Synthesis in the Presence of Salt Hydrates,1992,Progress in biotechnology,book-chapter,Chemical Synthesis and Analysis,Molecular Biology,"Biochemistry, Genetics and Molecular Biology",Life Sciences,https://doi.org/10.1016/b978-0-444-89046-7.50075-8,20,2
W2594917419,Software Design for Low-Latency Visuo-Auditory Sensory Substitution on Mobile Devices,2017,Computer and Information Science,article,Tactile and Sensory Interactions,Cognitive Neuroscience,Neuroscience,Life Sciences,https://doi.org/10.5539/cis.v10n2p1,3,22
W204005500,Spatial audio teleconferencing - which way is better,1997,,article,Speech and Audio Processing,Signal Processing,Computer Science,Physical Sciences,,12,11
W2074439470,Multimodal monitoring of Web servers,2002,IEEE Multimedia,article,Speech and dialogue systems,Artificial Intelligence,Computer Science,Physical Sciences,https://doi.org/10.1109/mmul.2002.1022857,17,12
W1510634195,The SuperCollider Book,2011,,article,Music Technology and Sound Studies,Computer Vision and Pattern Recognition,Computer Science,Physical Sciences,,65,0
W2185997958,Creating Meaningful Melodies from Text Messages,2010,,article,Music Technology and Sound Studies,Computer Vision and Pattern Recognition,Computer Science,Physical Sciences,https://doi.org/10.5072/zenodo.208341,5,18
W1976714163,Manometric determination of biological degradability of substances poorly soluble in aqueous environments,1997,International Biodeterioration & Biodegradation,article,Analytical Chemistry and Sensors,Bioengineering,Chemical Engineering,Physical Sciences,https://doi.org/10.1016/s0964-8305(97)00033-4,27,10
W1563666739,Design of Virtual 3D Instruments for Musical Interaction,1999,,article,Tactile and Sensory Interactions,Cognitive Neuroscience,Neuroscience,Life Sciences,https://doi.org/10.20380/gi1999.11,17,7
W2014224395,The use of vocal signals in the social play of barbary macaques,2002,Primates,article,Primate Behavior and Ecology,Social Psychology,Psychology,Social Sciences,https://doi.org/10.1007/bf02629572,36,49
W2008691804,Detection of temporal lobe seizures and identification of lateralisation from audified EEG,2012,Clinical Neurophysiology,article,EEG and Brain-Computer Interfaces,Cognitive Neuroscience,Neuroscience,Life Sciences,https://doi.org/10.1016/j.clinph.2012.02.073,29,24
W2163827236,Monitoring the Anesthetized Patient: An Analysis of Confusions in Vital Sign Reports,2003,Proceedings of the Human Factors and Ergonomics Society Annual Meeting,article,Healthcare Technology and Patient Monitoring,Surgery,Medicine,Health Sciences,https://doi.org/10.1177/154193120304701243,3,8
W4400842024,Game accessibility for visually impaired people: a review,2024,Soft Computing,article,Tactile and Sensory Interactions,Cognitive Neuroscience,Neuroscience,Life Sciences,https://doi.org/10.1007/s00500-024-09827-4,17,54
W2177328977,Arts and Brain-Computer Interfaces (BCIs),2015,Brain-Computer Interfaces,article,EEG and Brain-Computer Interfaces,Cognitive Neuroscience,Neuroscience,Life Sciences,https://doi.org/10.1080/2326263x.2015.1100514,15,9
W2560429335,3Mo: A Model for Music-Based Biofeedback,2016,Frontiers in Neuroscience,article,Neuroscience and Music Perception,Cognitive Neuroscience,Neuroscience,Life Sciences,https://doi.org/10.3389/fnins.2016.00548,39,98
W2402349478,Exploring Sound-Motion Similarity in Musical Experience,2016,Journal of New Music Research,article,Neuroscience and Music Perception,Cognitive Neuroscience,Neuroscience,Life Sciences,https://doi.org/10.1080/09298215.2016.1184689,35,45
W4247751977,ACUTE TOXICITY OF SOME BLUEGREEN ALGAE TO THE PROTOZOAN PARAMECIUM CAUDATUM1,1978,Journal of Phycology,article,Biocrusts and Microbial Ecology,"Ecology, Evolution, Behavior and Systematics",Agricultural and Biological Sciences,Life Sciences,https://doi.org/10.1111/j.0022-3646.1978.00114.x,2,6
W1534904646,The Psychology of Music in Multimedia,2013,,book,Neuroscience and Music Perception,Cognitive Neuroscience,Neuroscience,Life Sciences,https://doi.org/10.1093/acprof:oso/9780199608157.001.0001,50,0
W2019951786,Optical Absorption of Poly(thienylene vinylene)-Conjugated Polymers: Experiment and First Principle Theory,2008,The Journal of Physical Chemistry C,article,Organic Electronics and Photovoltaics,Electrical and Electronic Engineering,Engineering,Physical Sciences,https://doi.org/10.1021/jp711772z,36,34
W2004790668,The Effects of Ecological Auditory Feedback on Rhythmic Walking Interaction,2015,IEEE Multimedia,article,Music Technology and Sound Studies,Computer Vision and Pattern Recognition,Computer Science,Physical Sciences,https://doi.org/10.1109/mmul.2015.17,15,20
W4396938863,Exploring Different Types of Music Cues for Arm Movements in Adults with Parkinson’s,2024,Music Therapy Perspectives,article,Parkinson's Disease Mechanisms and Treatments,Neurology,Medicine,Health Sciences,https://doi.org/10.1093/mtp/miae008,2,51
W1992476469,Sound science,2005,ACM Transactions on Applied Perception,article,Hearing Loss and Rehabilitation,Cognitive Neuroscience,Neuroscience,Life Sciences,https://doi.org/10.1145/1101530.1101531,9,16
W2312649146,Observations on the effect of X-ray alone and in combination with ultrasound on human chromosomes,1981,Human Genetics,article,Carcinogens and Genotoxicity Assessment,Cancer Research,"Biochemistry, Genetics and Molecular Biology",Life Sciences,https://doi.org/10.1007/bf00278939,10,20
W3156830625,The Quenching and Sonication Effect on the Mechanical Strength of Silver Nanowires Synthesized Using the Polyol Method,2021,Molecules,article,Advanced Sensor and Energy Harvesting Materials,Biomedical Engineering,Engineering,Physical Sciences,https://doi.org/10.3390/molecules26082167,6,50
W2074017132,Ultrasonic dispersion of soil in water - the effect of suspension properties on energy dissipation and soil dispersion,1994,Soil Research,article,Soil Moisture and Remote Sensing,Environmental Engineering,Environmental Science,Physical Sciences,https://doi.org/10.1071/sr9941157,47,0
W1572026353,Brain-Computer Interfaces for Communication in Paralysis: A Clinical Experimental Approach,2007,The MIT Press eBooks,book-chapter,EEG and Brain-Computer Interfaces,Cognitive Neuroscience,Neuroscience,Life Sciences,https://doi.org/10.7551/mitpress/7493.003.0006,9,0
W2996676559,<i>Points Further North</i>: An acoustemological cartography of non-place,2019,Journal of New Music Research,article,Sound Studies and Aurality,Experimental and Cognitive Psychology,Psychology,Social Sciences,https://doi.org/10.1080/09298215.2019.1704020,2,17
W4200289831,Audible universe,2021,Nature Astronomy,article,History and Developments in Astronomy,Astronomy and Astrophysics,Physics and Astronomy,Physical Sciences,https://doi.org/10.1038/s41550-021-01582-y,13,6
W2049321451,The Sensorium: A Multimodal Neurofeedback Environment,2010,Advances in Human-Computer Interaction,article,EEG and Brain-Computer Interfaces,Cognitive Neuroscience,Neuroscience,Life Sciences,https://doi.org/10.1155/2011/724204,28,27
W2160628783,AUDITORY AUGMENTATION OF HAPTIC GRAPHS: DEVELOPING A GRAPHIC TOOL FOR TEACHING PRECALCULUS SKILL TO BLIND STUDENTS,2005,,article,Tactile and Sensory Interactions,Cognitive Neuroscience,Neuroscience,Life Sciences,,27,8
W3155255464,Composing by Laypeople: A Broader Perspective Provided by Arithmetic Operation Grammar,2020,Computer Music Journal,article,Music Technology and Sound Studies,Computer Vision and Pattern Recognition,Computer Science,Physical Sciences,https://doi.org/10.1162/comj_a_00550,4,26
W2518542036,Investigating concurrent auditory icon recognition,2006,,article,Multisensory perception and integration,Experimental and Cognitive Psychology,Psychology,Social Sciences,,10,26
W1795201837,The Acoustic Ecology of the First-Person Shooter: The Player Experience of Sound in the First-Person Shooter Computer Game,2008,,book,Digital Games and Media,Sociology and Political Science,Social Sciences,Social Sciences,,27,0
W2051647723,Bioassay of Crude Extracts for the Factor that Prevents Second Matings in Female Musca domestica,1968,Annals of the Entomological Society of America,article,Insect Resistance and Genetics,Molecular Biology,"Biochemistry, Genetics and Molecular Biology",Life Sciences,https://doi.org/10.1093/aesa/61.1.112,30,0
W4281564877,Humor That Harms? Examining Racist Audio-Visual Memetic Media on TikTok During Covid-19,2022,Media and Communication,article,Humor Studies and Applications,Social Psychology,Psychology,Social Sciences,https://doi.org/10.17645/mac.v10i2.5154,45,49
W169883241,AN INDEPENDENT DECLARATIVE 3D AUDIO FORMAT ON THE BASIS OF XML,2003,,article,Music Technology and Sound Studies,Computer Vision and Pattern Recognition,Computer Science,Physical Sciences,,10,2
W2067171842,Rod outer segment phosphodiesterase: Factors affecting the hydrolysis of cyclic-AMP and cyclic-GMP,1974,Experimental Eye Research,article,Phosphodiesterase function and regulation,Molecular Biology,"Biochemistry, Genetics and Molecular Biology",Life Sciences,https://doi.org/10.1016/0014-4835(74)90057-8,36,14
W4394807578,Modifying an Organic Chemistry Esterification Teaching Lab to Be Accessible to Blind and Visually Impaired (BVI) Students,2024,Journal of Chemical Education,article,Various Chemistry Research Topics,Physical and Theoretical Chemistry,Chemistry,Physical Sciences,https://doi.org/10.1021/acs.jchemed.3c01081,5,13
W4056024,Augmented intelligibility in simultaneous multi-talker environments,2003,International Conference on Auditory Display,article,Hearing Loss and Rehabilitation,Cognitive Neuroscience,Neuroscience,Life Sciences,,10,17
W3040305223,Lubrication mechanisms of hexagonal boron nitride nano-additives water-based lubricant for steel–steel contact,2020,Proceedings of the Institution of Mechanical Engineers Part J Journal of Engineering Tribology,article,Lubricants and Their Additives,Mechanical Engineering,Engineering,Physical Sciences,https://doi.org/10.1177/1350650120940173,40,29
W4409689098,Phytochemical profiling of Tagetes erecta L. flowers at various blooming stages through optimized extraction of bioactive compounds for the development of functional juice,2025,Frontiers in Sustainable Food Systems,article,Phytochemistry and Biological Activities,Plant Science,Agricultural and Biological Sciences,Life Sciences,https://doi.org/10.3389/fsufs.2025.1474848,3,80
W4406410889,Hidden Music,2025,Cambridge University Press eBooks,book,Neuroscience and Music Perception,Cognitive Neuroscience,Neuroscience,Life Sciences,https://doi.org/10.1017/9781009258555,7,48
W2071472967,"Enterobacterial Common Antigen: Isolation from Shigella sonnei, Purification and Immunochemical Characterization",1978,European Journal of Biochemistry,article,Escherichia coli research studies,Endocrinology,"Biochemistry, Genetics and Molecular Biology",Life Sciences,https://doi.org/10.1111/j.1432-1033.1978.tb20941.x,38,30
W2132794967,3-D Audio in the Fighter Cockpit Improves Task Performance,2004,International Journal of Aviation Psychology,article,Human-Automation Interaction and Safety,Social Psychology,Psychology,Social Sciences,https://doi.org/10.1207/s15327108ijap1403_2,29,17
W2063681082,A method to account for acoustic microstreaming when predicting bubble growth rates produced by rectified diffusion,1988,The Journal of the Acoustical Society of America,article,Fluid Dynamics and Mixing,Biomedical Engineering,Engineering,Physical Sciences,https://doi.org/10.1121/1.397192,30,0
W2147748530,Auditory Spatial Facilitation of Visual Search Performance: Effect of Cue Precision and Distractor Density,1999,Human Factors The Journal of the Human Factors and Ergonomics Society,article,Multisensory perception and integration,Experimental and Cognitive Psychology,Psychology,Social Sciences,https://doi.org/10.1518/001872099779577354,31,18
W2139060137,Representations and Algorithms for Force-Feedback Display,2013,Proceedings of the IEEE,article,Teleoperation and Haptic Systems,Mechanical Engineering,Engineering,Physical Sciences,https://doi.org/10.1109/jproc.2013.2246131,27,122
W4292544166,The Biological Roots of Music and Dance,2022,Human Nature,article,Primate Behavior and Ecology,Social Psychology,Psychology,Social Sciences,https://doi.org/10.1007/s12110-022-09429-9,16,103
W1500008800,Ecological Interface Design for Anaesthesia Monitoring,2000,AJIS. Australasian journal of information systems/AJIS. Australian journal of information systems/Australian journal of information systems,article,Healthcare Technology and Patient Monitoring,Surgery,Medicine,Health Sciences,https://doi.org/10.3127/ajis.v7i2.268,18,23
W2122080988,Electronic Music for Bio-Molecules Using Short Music Phrases,2007,Leonardo,article,Advanced Text Analysis Techniques,Artificial Intelligence,Computer Science,Physical Sciences,https://doi.org/10.1162/leon.2007.40.2.137,19,11
W2093469430,Definitive Evidence for the Actual Contribution of Yeast in the Transformation of Neutral Precursors of Grape Aromas,2001,Journal of Agricultural and Food Chemistry,article,Fermentation and Sensory Analysis,Food Science,Agricultural and Biological Sciences,Life Sciences,https://doi.org/10.1021/jf010613a,57,25
W2025552030,Technologies and Solutions for Data Display in the Operating Room,2006,Journal of Clinical Monitoring and Computing,article,Augmented Reality Applications,Computer Vision and Pattern Recognition,Computer Science,Physical Sciences,https://doi.org/10.1007/s10877-006-9017-0,26,80
W2295198380,Supercritical carbon dioxide extraction of Ganoderma lucidum spore lipids,2016,LWT,article,Fungal Biology and Applications,Pharmacology,Medicine,Health Sciences,https://doi.org/10.1016/j.lwt.2016.02.019,42,35
W2141870347,The Three ``R''s: Real Students in Real Time Doing Real Work Learning Calculus,2007,,article,Music Technology and Sound Studies,Computer Vision and Pattern Recognition,Computer Science,Physical Sciences,,6,10
W3202733979,Towards Understanding Sensory Substitution for Accessible Visualization: An Interview Study,2021,IEEE Transactions on Visualization and Computer Graphics,article,Tactile and Sensory Interactions,Cognitive Neuroscience,Neuroscience,Life Sciences,https://doi.org/10.1109/tvcg.2021.3114829,58,86
W2998802309,Auditory Coding of Reaching Space,2020,Applied Sciences,article,Tactile and Sensory Interactions,Cognitive Neuroscience,Neuroscience,Life Sciences,https://doi.org/10.3390/app10020429,5,59
W4409210583,Sensing the Inside Out: An Embodied Perspective on Digital Animation Through Motion Capture and Wearables,2025,Sensors,article,Human Motion and Animation,Control and Systems Engineering,Engineering,Physical Sciences,https://doi.org/10.3390/s25072314,4,93
W4392552353,"Pushed by Sound: Effects of Sound and Movement Direction on Body Perception, Experience Quality, and Exercise Support",2024,ACM Transactions on Computer-Human Interaction,article,Multisensory perception and integration,Experimental and Cognitive Psychology,Psychology,Social Sciences,https://doi.org/10.1145/3648616,15,106
W2159932777,Virtual Workbench: Near-Field Virtual Environment System with Applications,1999,PRESENCE Virtual and Augmented Reality,article,Visual perception and processing mechanisms,Cognitive Neuroscience,Neuroscience,Life Sciences,https://doi.org/10.1162/105474699566422,33,36
W2326114782,Audio–Vision Substitution for Blind Individuals: Addressing Human Information Processing Capacity Limitations,2016,IEEE Journal of Selected Topics in Signal Processing,article,Tactile and Sensory Interactions,Cognitive Neuroscience,Neuroscience,Life Sciences,https://doi.org/10.1109/jstsp.2016.2543678,31,73
W3049510729,"Evaluation of efficiency and capacity of thermal, chemical and ultrasonic regeneration of tetracycline exhausted activated carbon",2020,Environmental Technology,article,Pharmaceutical and Antibiotic Environmental Impacts,Pollution,Environmental Science,Physical Sciences,https://doi.org/10.1080/09593330.2020.1811391,41,42
W2117546971,AudioPlusWidgets: Bringing Sound to Software Widgets and Interface Components,2008,,article,Music Technology and Sound Studies,Computer Vision and Pattern Recognition,Computer Science,Physical Sciences,,9,22
W4461479,Extending SMIL with 3D audio,2003,,article,Multimedia Communication and Technology,Sociology and Political Science,Social Sciences,Social Sciences,,9,8
W2068951699,Ecological IVIS design: using EID to develop a novel in-vehicle information system,2010,Theoretical Issues in Ergonomics Science,article,Human-Automation Interaction and Safety,Social Psychology,Psychology,Social Sciences,https://doi.org/10.1080/1463922x.2010.505270,27,42
W4291138601,Seeing Through Sounds: Mapping Auditory Dimensions to Data and Charts for People with Visual Impairments,2022,Computer Graphics Forum,article,Multisensory perception and integration,Experimental and Cognitive Psychology,Psychology,Social Sciences,https://doi.org/10.1111/cgf.14523,29,46
W1496790334,A three-dimensional virtual simulator for aircraft flyover presentation,2003,,article,Noise Effects and Management,Speech and Hearing,Health Professions,Health Sciences,,9,9
W2803455593,Analysing Time Series Data,2007,,article,Time Series Analysis and Forecasting,Signal Processing,Computer Science,Physical Sciences,,4,0
W64581267,Unsupervised learning in a generalized regression framework,2000,PUB – Publications at Bielefeld University (Bielefeld University),dissertation,Neural Networks and Applications,Artificial Intelligence,Computer Science,Physical Sciences,,12,8
W81867417,THE EFFECT OF AUDITORY RENDERING ON PERCEIVED MOVEMENT: LOUDSPEAKER DENSITY AND HRTF,2001,,article,Speech and Audio Processing,Signal Processing,Computer Science,Physical Sciences,,9,6
W2080790827,Dapsone Inhibits the Generation of 5-Lipoxygenase Products in Human Polymorphonuclear Leukocytes,2009,Skin Pharmacology,article,Sphingolipid Metabolism and Signaling,Molecular Biology,"Biochemistry, Genetics and Molecular Biology",Life Sciences,https://doi.org/10.1159/000211346,42,0
W2009011193,Acute Effects of Reducing Vertical Displacement and Step Frequency on Running Economy,2011,The Journal of Strength and Conditioning Research,article,Sports Performance and Training,Orthopedics and Sports Medicine,Medicine,Health Sciences,https://doi.org/10.1519/jsc.0b013e318239f87f,45,17
W1969628092,Facile Synthesis and Ring‐Opening Cross Metathesis of Carbo‐ and Heterocyclic Bicyclo[3.2.1]oct‐6‐en‐3‐ones Using Gaseous Olefinic Reaction Partners,2006,Advanced Synthesis & Catalysis,article,Synthetic Organic Chemistry Methods,Organic Chemistry,Chemistry,Physical Sciences,https://doi.org/10.1002/adsc.200505375,20,42
W2066083843,Representing Colour Through Hearing and Touch in Sensory Substitution Devices,2013,Multisensory Research,article,Tactile and Sensory Interactions,Cognitive Neuroscience,Neuroscience,Life Sciences,https://doi.org/10.1163/22134808-00002434,32,95
W2333113313,Separation of Granule Subpopulations in Human Polymorphonuclear Leukocytes,1990,Biological Chemistry Hoppe-Seyler,article,Cell Adhesion Molecules Research,Immunology and Allergy,Medicine,Health Sciences,https://doi.org/10.1515/bchm3.1990.371.2.611,20,6
W2999027282,Modeling of Individual HRTFs Based on Spatial Principal Component Analysis,2020,IEEE/ACM Transactions on Audio Speech and Language Processing,article,Hearing Loss and Rehabilitation,Cognitive Neuroscience,Neuroscience,Life Sciences,https://doi.org/10.1109/taslp.2020.2967539,32,30
W2943924062,Heavy Metal and the Oratorio,2019,EasyChair preprint,preprint,Music Technology and Sound Studies,Computer Vision and Pattern Recognition,Computer Science,Physical Sciences,https://doi.org/10.29007/lvw6,11,0
W1970028090,Using Sound to Represent Positional Accuracy of Address Locations,2010,The Cartographic Journal,article,Geographic Information Systems Studies,"Geography, Planning and Development",Social Sciences,Social Sciences,https://doi.org/10.1179/000870410x12911302296833,19,21
W1557871352,"Virtual acoustics, aeronautics, and communications.",1998,PubMed,article,Human-Automation Interaction and Safety,Social Psychology,Psychology,Social Sciences,,15,1
W2982457175,A Physical Intelligent Instrument using Recurrent Neural Networks.,2019,Duo Research Archive (University of Oslo),dissertation,Music and Audio Processing,Signal Processing,Computer Science,Physical Sciences,,6,14
W2095554808,The composition of the cell wall of Lactobacillius bifidus var. pennsylvanicus,1965,Archives of Biochemistry and Biophysics,article,Probiotics and Fermented Foods,Food Science,Agricultural and Biological Sciences,Life Sciences,https://doi.org/10.1016/0003-9861(65)90019-6,16,23
W2167548808,JackTrip/SoundWIRE Meets Server Farm,2010,Computer Music Journal,article,Music Technology and Sound Studies,Computer Vision and Pattern Recognition,Computer Science,Physical Sciences,https://doi.org/10.1162/comj_a_00001,19,13
W2890653163,Programming gate-based hardware quantum computers for music,2018,Muzikologija,article,Quantum Computing Algorithms and Architecture,Artificial Intelligence,Computer Science,Physical Sciences,https://doi.org/10.2298/muz1824021k,3,16
W2242125519,Designing and evaluating healthcare ICT innovation: a cognitive engineering view.,2007,PubMed,article,Healthcare Technology and Patient Monitoring,Surgery,Medicine,Health Sciences,,19,16
W4362672043,Agency in Post-traumatic Stress Disorder: Implications for Therapy,2023,,preprint,Psychotherapy Techniques and Applications,Clinical Psychology,Psychology,Social Sciences,https://doi.org/10.31234/osf.io/j2pwk,17,66
W2588959663,The Use of Bright and Dark Types of Humour is Rooted in the Brain,2017,Scientific Reports,article,Humor Studies and Applications,Social Psychology,Psychology,Social Sciences,https://doi.org/10.1038/srep42967,31,60
W2546675361,Concurrent audio-visual feedback for supporting drivers at intersections: A study using two linked driving simulators,2016,Applied Ergonomics,article,Human-Automation Interaction and Safety,Social Psychology,Psychology,Social Sciences,https://doi.org/10.1016/j.apergo.2016.10.010,37,94
W4210831107,Fostering Social Interaction Through Sound Feedback: Sentire,2022,Organised Sound,article,Embodied and Extended Cognition,Cognitive Neuroscience,Neuroscience,Life Sciences,https://doi.org/10.1017/s1355771822000024,4,61
W2188049640,Cross-Modal Correspondences Enhance Performance on a Colour-to-Sound Sensory Substitution Device,2015,Multisensory Research,article,Tactile and Sensory Interactions,Cognitive Neuroscience,Neuroscience,Life Sciences,https://doi.org/10.1163/22134808-00002519,37,70
W2120994608,"Hearing Things and Dancing Numbers: Embodying Transformation, Topology at Tate Modern",2012,Theory Culture & Society,article,"Art, Technology, and Culture",Visual Arts and Performing Arts,Arts and Humanities,Social Sciences,https://doi.org/10.1177/0263276412450468,2,7
W1967559220,Risk of infection by reprocessed and resterilized virus-contaminated catheters; an in-vitro study,2001,European Heart Journal,article,Medical Device Sterilization and Disinfection,Microbiology,Immunology and Microbiology,Life Sciences,https://doi.org/10.1053/euhj.2000.2370,31,30
W4396619451,Parallel Chords: an audio-visual analytics design for parallel coordinates,2024,Personal and Ubiquitous Computing,article,Tactile and Sensory Interactions,Cognitive Neuroscience,Neuroscience,Life Sciences,https://doi.org/10.1007/s00779-024-01795-8,2,83
W2114683697,USING SOUND TO REPRESENT UNCERTAINTY IN FUTURE CLIMATE PROJECTIONS FOR THE UNITED KINGDOM,2011,,article,Noise Effects and Management,Speech and Hearing,Health Professions,Health Sciences,,8,12
W2492944603,"Auditory icons, earcons, and displays: Information and expression through sound",2013,,book-chapter,Tactile and Sensory Interactions,Cognitive Neuroscience,Neuroscience,Life Sciences,https://doi.org/10.1093/acprof:oso/9780199608157.003.0015,7,67
W2952985183,Preparation and dehydration of α-perfluorobutyl carbinols,1990,Tetrahedron Letters,article,Fluorine in Organic Chemistry,Pharmaceutical Science,"Pharmacology, Toxicology and Pharmaceutics",Life Sciences,https://doi.org/10.1016/s0040-4039(00)97912-7,11,4
W2009592818,Microbial Manganese Oxidation in the Lower Mississippi River: Methods and Evidence,2005,Geomicrobiology Journal,article,Geochemistry and Elemental Analysis,Geochemistry and Petrology,Earth and Planetary Sciences,Physical Sciences,https://doi.org/10.1080/01490450590945924,51,27
W627129392,DETECTABILITY OF CRITICALITY AND URGENCY UNDER VARIOUS CONDITIONS OF VISUAL AND AUDITORY INDICATIONS,1997,,article,Human-Automation Interaction and Safety,Social Psychology,Psychology,Social Sciences,,6,0
W2287353653,Perception of Graphical Virtual Environments by Blind Users via Sensory Substitution,2016,PLoS ONE,article,Tactile and Sensory Interactions,Cognitive Neuroscience,Neuroscience,Life Sciences,https://doi.org/10.1371/journal.pone.0147501,33,52
W4281741820,Listening to the Magnetosphere: How Best to Make ULF Waves Audible,2022,Frontiers in Astronomy and Space Sciences,article,Ionosphere and magnetosphere dynamics,Astronomy and Astrophysics,Physics and Astronomy,Physical Sciences,https://doi.org/10.3389/fspas.2022.877172,6,87
W4289205727,Effect of Nanoparticle Size and Concentration on Pool Boiling Heat Transfer with TiO2 Nanofluids on Laser-Textured Copper Surfaces,2022,Nanomaterials,article,Heat Transfer and Boiling Studies,Mechanical Engineering,Engineering,Physical Sciences,https://doi.org/10.3390/nano12152611,37,70
W3214996133,Whole‐Cell‐Mimicking Carrier‐Free Nanovaccines Amplify Immune Responses Against Cancer and Bacterial Infection,2021,Advanced Functional Materials,article,Immunotherapy and Immune Responses,Immunology,Immunology and Microbiology,Life Sciences,https://doi.org/10.1002/adfm.202108917,29,64
W1499693679,Sonically Augmented Found Objects,2008,,article,Music Technology and Sound Studies,Computer Vision and Pattern Recognition,Computer Science,Physical Sciences,https://doi.org/10.5072/zenodo.207975,13,21
W61926279,Traffic and Data Link Displays: Auditory? Visual? or Redundant? A Visual Scanning Analysis,2003,,article,Human-Automation Interaction and Safety,Social Psychology,Psychology,Social Sciences,,13,7
W1534396351,Wireless sensor networks for marginal farming in India,2008,Infoscience (Ecole Polytechnique Fédérale de Lausanne),article,ICT in Developing Communities,Information Systems,Computer Science,Physical Sciences,https://doi.org/10.5075/epfl-thesis-4172,29,84
W2159410846,Designing earcons with musical grammars,1999,ACM SIGCAPH Computers and the Physically Handicapped,article,Tactile and Sensory Interactions,Cognitive Neuroscience,Neuroscience,Life Sciences,https://doi.org/10.1145/569306.569307,16,14
W2077288294,Toward local and global perception modules for vision substitution,2010,Neurocomputing,article,Neuroscience and Neural Engineering,Cellular and Molecular Neuroscience,Neuroscience,Life Sciences,https://doi.org/10.1016/j.neucom.2010.07.022,15,42
W2790522321,A Qualitative Investigation to Underpin the Development of an Electronic Tool to Assess Nutrition Literacy in Australian Adults,2018,Nutrients,article,Health Literacy and Information Accessibility,General Health Professions,Health Professions,Health Sciences,https://doi.org/10.3390/nu10020251,30,44
W2945108519,"EEG KISS: Shared Multi-modal, Multi Brain Computer Interface Experience, in Public Space",2019,,book-chapter,Tactile and Sensory Interactions,Cognitive Neuroscience,Neuroscience,Life Sciences,https://doi.org/10.1007/978-3-030-14323-7_7,13,29
W57832547,Technical aspects of a demonstration tape for three-dimensional sound displays,1990,NASA Technical Reports Server (NASA),article,Hearing Loss and Rehabilitation,Cognitive Neuroscience,Neuroscience,Life Sciences,,7,11
W2977483165,Conductive polyurethane-based powder clear coatings modified with carbon nanotubes,2019,Progress in Organic Coatings,article,Smart Materials for Construction,Pollution,Environmental Science,Physical Sciences,https://doi.org/10.1016/j.porgcoat.2019.105367,18,31
W1976755558,Notes from the Metalevel: An Introduction to Computer Composition,2004,Medical Entomology and Zoology,book,Music Technology and Sound Studies,Computer Vision and Pattern Recognition,Computer Science,Physical Sciences,,18,0
W2954449086,ActivEarring: Spatiotemporal Haptic Cues on the Ears,2019,IEEE Transactions on Haptics,article,Tactile and Sensory Interactions,Cognitive Neuroscience,Neuroscience,Life Sciences,https://doi.org/10.1109/toh.2019.2925799,21,43
W2059747271,Individualization of head related transfer functions using principal component analysis,2014,Applied Acoustics,article,Hearing Loss and Rehabilitation,Cognitive Neuroscience,Neuroscience,Life Sciences,https://doi.org/10.1016/j.apacoust.2014.07.005,31,30
W1978270319,Designing Trend-Monitoring Sounds for Helicopters: Methodological Issues and an Application.,2004,Journal of Experimental Psychology Applied,article,Safety Warnings and Signage,Social Psychology,Psychology,Social Sciences,https://doi.org/10.1037/1076-898x.10.4.203,18,25
W1572846749,ORGANIC WASTE PRODUCTS IN AGRICULTURE ‐ MONITORING THE WASTE CONSTITUENTS PHTHALATE ESTERS IN SOIL‐CROP SYSTEM BY GAS CHROMATOGRAPHY AND ION TRAP TANDEM MASS SPECTROMETRY,2007,Journal of Environmental Engineering and Landscape Management,article,Effects and risks of endocrine disrupting chemicals,"Health, Toxicology and Mutagenesis",Environmental Science,Physical Sciences,https://doi.org/10.3846/16486897.2007.9636938,24,19
W2170082409,Sensory and Cognitive Factors Affecting Automotive Head-Up Display Effectiveness,1999,Transportation Research Record Journal of the Transportation Research Board,article,Human-Automation Interaction and Safety,Social Psychology,Psychology,Social Sciences,https://doi.org/10.3141/1694-02,34,11
W4214553812,pH Responsive Abelmoschus esculentus Mucilage and Administration of Methotrexate: In-Vitro Antitumor and In-Vivo Toxicity Evaluation,2022,International Journal of Molecular Sciences,article,Agricultural Practices and Plant Genetics,Plant Science,Agricultural and Biological Sciences,Life Sciences,https://doi.org/10.3390/ijms23052725,30,71
W1545385656,Granular Synthesis for Display of Time-Varying Probability Densities,2004,,article,Music Technology and Sound Studies,Computer Vision and Pattern Recognition,Computer Science,Physical Sciences,,13,13
W4399369136,"Resonance: A Brain-Computer Interface Assemblage of EEG, Sound, and Therapeutic Clowns for the Detection of Consciousness",2024,Leonardo,article,EEG and Brain-Computer Interfaces,Cognitive Neuroscience,Neuroscience,Life Sciences,https://doi.org/10.1162/leon_a_02547,2,23
W2087845257,Physically Based Sound Synthesis for Large-Scale Virtual Environments,2007,IEEE Computer Graphics and Applications,article,Music Technology and Sound Studies,Computer Vision and Pattern Recognition,Computer Science,Physical Sciences,https://doi.org/10.1109/mcg.2007.16,17,5
W2018759249,Dissonance on audio interfaces,1997,IEEE Expert,article,Tactile and Sensory Interactions,Cognitive Neuroscience,Neuroscience,Life Sciences,https://doi.org/10.1109/64.621221,10,17
W2778530987,Networks of Music and Images,2017,ARCA (Università Ca' Foscari Venezia),article,Image Retrieval and Classification Techniques,Computer Vision and Pattern Recognition,Computer Science,Physical Sciences,,6,0
W3198656788,Sound of databases,2021,Proceedings of the VLDB Endowment,article,Data Visualization and Analytics,Computer Vision and Pattern Recognition,Computer Science,Physical Sciences,https://doi.org/10.14778/3476311.3476322,5,8
W4377014199,Modeling and Quantifying the Impact of Personified Communication on Purchase Behavior in Social Commerce,2023,Preprints.org,preprint,Digital Marketing and Social Media,Sociology and Political Science,Social Sciences,Social Sciences,https://doi.org/10.20944/preprints202305.1295.v1,3,30
W2819222535,Stereosonic vision: Exploring visual-to-auditory sensory substitution mappings in an immersive virtual reality navigation paradigm,2018,PLoS ONE,article,Tactile and Sensory Interactions,Cognitive Neuroscience,Neuroscience,Life Sciences,https://doi.org/10.1371/journal.pone.0199389,54,111
W2582888911,Impact of sample processing on human airways microbial metagenomes,2017,Journal of Biotechnology,article,Gut microbiota and health,Molecular Biology,"Biochemistry, Genetics and Molecular Biology",Life Sciences,https://doi.org/10.1016/j.jbiotec.2017.01.001,12,20
W1799884102,Exploring concurrent auditory icon recognition,2009,,article,Multisensory perception and integration,Experimental and Cognitive Psychology,Psychology,Social Sciences,,7,12
W2128888887,Determinação de fósforo biodisponível em rações de peixes utilizando extração assistida por ultra-som e espectrofotometria no visível,2009,Química Nova,article,Water Quality Monitoring and Analysis,Industrial and Manufacturing Engineering,Environmental Science,Physical Sciences,https://doi.org/10.1590/s0100-40422009000400018,16,7
W2077305043,"Induction of adventitious roots by culture filtrates of the hairy root bacterium, <i>Agrobacterium rhizogenes</i>",1971,Canadian Journal of Microbiology,article,Plant tissue culture and regeneration,Molecular Biology,"Biochemistry, Genetics and Molecular Biology",Life Sciences,https://doi.org/10.1139/m71-224,16,4
W42802203,The virtual bat: Echolocation in virtual reality,2001,,article,Bat Biology and Ecology Studies,"Ecology, Evolution, Behavior and Systematics",Agricultural and Biological Sciences,Life Sciences,,7,26
W186422521,Auditory attention based on differences in median vertical plane position.,2002,OpenGrey (Institut de l'Information Scientifique et Technique),dissertation,Hearing Loss and Rehabilitation,Cognitive Neuroscience,Neuroscience,Life Sciences,,7,7
W2082076147,53 Cross-reacting antibody (AB) to alfalfa seed (AS) and deoxyribonucleic acid (DNA) in systemic lupus erythematosus (SLE),1983,Journal of Allergy and Clinical Immunology,article,Monoclonal and Polyclonal Antibodies Research,"Radiology, Nuclear Medicine and Imaging",Medicine,Health Sciences,https://doi.org/10.1016/0091-6749(83)90177-x,5,0
W4290342726,Auditory Sequences Presented With Spearcons Support Better Multiple Patient Monitoring Than Single-Patient Alarms: A Preclinical Simulation,2022,Human Factors The Journal of the Human Factors and Ergonomics Society,article,Healthcare Technology and Patient Monitoring,Surgery,Medicine,Health Sciences,https://doi.org/10.1177/00187208221116949,11,34
W395214517,Expressive musical icons,2001,,article,Music and Audio Processing,Signal Processing,Computer Science,Physical Sciences,,7,6
W2016598425,Critical aspects of fluorescent age-pigment methodologies: Modification for accurate analysis and age assessments in aquatic organisms,1991,Marine Biology,article,Aquaculture Nutrition and Growth,Aquatic Science,Agricultural and Biological Sciences,Life Sciences,https://doi.org/10.1007/bf01320225,31,68
W3027657859,Elliptical Sound: Audibility and the Space of Reading1,2017,Edinburgh University Press eBooks,book-chapter,Poetry Analysis and Criticism,Literature and Literary Theory,Arts and Humanities,Social Sciences,https://doi.org/10.3366/edinburgh/9781474416368.003.0008,2,0
W3094824219,New water and air pollution sensors added to the Sonic Kayak citizen science system for low cost environmental mapping,2020,bioRxiv (Cold Spring Harbor Laboratory),preprint,Marine animal studies overview,Ecology,Environmental Science,Physical Sciences,https://doi.org/10.1101/2020.11.03.366229,3,32
W1065804,User Interface Preferences in the Design of a Camera-Based Navigation and Wayfinding Aid,2013,Journal of Visual Impairment & Blindness,article,Tactile and Sensory Interactions,Cognitive Neuroscience,Neuroscience,Life Sciences,https://doi.org/10.1177/0145482x1310700205,41,22
W10282353,MULTIMODAL CONVERGENT INFORMATION ENHANCES PERCEPTION ACCURACY OF HUMAN MOVEMENT PATTERNS,2001,Medical economics,article,Multisensory perception and integration,Experimental and Cognitive Psychology,Psychology,Social Sciences,,15,1
W3095320247,Collaborative Tabletops for Blind People,2020,Proceedings of the ACM on Human-Computer Interaction,article,Tactile and Sensory Interactions,Cognitive Neuroscience,Neuroscience,Life Sciences,https://doi.org/10.1145/3427325,17,59
W36965379,"Librarianship, Professionalism, and Social Change.",1982,Library journal,article,Library Science and Information Literacy,Library and Information Sciences,Social Sciences,Social Sciences,https://doi.org/10.1016/j.seizure.2023.03.011,7,0
W2767616760,Nitrogen and phosphorus release from organic wastes and suitability as bio-based fertilizers in a circular economy,2017,Environmental Technology,article,Phosphorus and nutrient management,Industrial and Manufacturing Engineering,Environmental Science,Physical Sciences,https://doi.org/10.1080/09593330.2017.1404136,31,39
W2146820543,Hyper-Shaku (Border-Crossing): Towards The Multi-Modal Gesture-Controlled Hyper-Instrument,2006,,article,Music Technology and Sound Studies,Computer Vision and Pattern Recognition,Computer Science,Physical Sciences,https://doi.org/10.5281/zenodo.1176866,8,11
W1984160206,Electrotactile perception of scatterplots on the fingertips and abdomen,2005,Medical & Biological Engineering & Computing,article,Tactile and Sensory Interactions,Cognitive Neuroscience,Neuroscience,Life Sciences,https://doi.org/10.1007/bf02345967,21,24
W2544261385,PictureSensation – a mobile application to help the blind explore the visual world through touch and sound,2016,Journal of Rehabilitation and Assistive Technologies Engineering,article,Tactile and Sensory Interactions,Cognitive Neuroscience,Neuroscience,Life Sciences,https://doi.org/10.1177/2055668316674582,12,19
W2060772055,Eyes-free interaction with free-hand gestures and auditory menus,2012,International Journal of Human-Computer Studies,article,Tactile and Sensory Interactions,Cognitive Neuroscience,Neuroscience,Life Sciences,https://doi.org/10.1016/j.ijhcs.2012.11.003,29,34
W2406071914,Sensynth: A Mobile Application For Dynamic Sensor To Sound Mapping,2012,,article,Music Technology and Sound Studies,Computer Vision and Pattern Recognition,Computer Science,Physical Sciences,https://doi.org/10.5281/zenodo.1178346,4,11
W4287183677,Real-Time Proxy-Control of Re-Parameterized Peripheral Signals using a Close-Loop Interface,2021,Journal of Visualized Experiments,article,EEG and Brain-Computer Interfaces,Cognitive Neuroscience,Neuroscience,Life Sciences,https://doi.org/10.3791/61943-v,4,41
W2980063141,Toward a Better Understanding of In-Vehicle Auditory Warnings and Background Noise,2019,Human Factors The Journal of the Human Factors and Ergonomics Society,article,Human-Automation Interaction and Safety,Social Psychology,Psychology,Social Sciences,https://doi.org/10.1177/0018720819879311,32,35
W2133841386,Multimodal bivariate thematic maps: Auditory and haptic display,2002,Proceedings of the American Society for Information Science and Technology,article,Spatial Cognition and Navigation,Automotive Engineering,Engineering,Physical Sciences,https://doi.org/10.1002/meet.1450390130,16,11
W4379229027,Flying a Quadcopter—An Audio Entertainment and Training Game for the Visually Impaired,2023,Applied Sciences,article,Tactile and Sensory Interactions,Cognitive Neuroscience,Neuroscience,Life Sciences,https://doi.org/10.3390/app13116769,7,29
W83859102,Universal Usability: Designing Computer Interfaces for Diverse User Populations,2007,,article,Innovative Approaches in Technology and Social Development,Management of Technology and Innovation,"Business, Management and Accounting",Social Sciences,,78,0
W2121567675,A major dissolution event at the close of MIS 5e in the western equatorial Atlantic,2002,Geochemistry Geophysics Geosystems,article,Methane Hydrates and Related Phenomena,Environmental Chemistry,Environmental Science,Physical Sciences,https://doi.org/10.1029/2001gc000210,16,7
W2057016245,Ecdysteroid receptors in a tumorous blood cell line of <i>Drosophila melanogaster</i>,1985,Archives of Insect Biochemistry and Physiology,article,Neurobiology and Insect Physiology Research,Cellular and Molecular Neuroscience,Neuroscience,Life Sciences,https://doi.org/10.1002/arch.940020307,46,40
W2069152358,Mutant for Monascus‐Pigment Production,1981,Journal of Food Science,article,Microbial Metabolism and Applications,Biotechnology,"Biochemistry, Genetics and Molecular Biology",Life Sciences,https://doi.org/10.1111/j.1365-2621.1981.tb15394.x,12,6
W63123476,Using Interference Models to Predict Performance in a Multiple-Task UAV Environment - 2 UAVs,2003,,report,Human-Automation Interaction and Safety,Social Psychology,Psychology,Social Sciences,https://doi.org/10.21236/ada496812,39,82
W105494570,"Richard Cumberland, Comic Force, and Misanthropy",1978,Comparative drama,article,"Literature: history, themes, analysis",Literature and Literary Theory,Arts and Humanities,Social Sciences,https://doi.org/10.1353/cdr.1978.0038,21,7
W2971793065,Vrengt: A Shared Body-Machine Instrument for Music-Dance Performance,2019,Duo Research Archive (University of Oslo),book-chapter,Music Technology and Sound Studies,Computer Vision and Pattern Recognition,Computer Science,Physical Sciences,https://doi.org/10.5281/zenodo.3672918,9,0
W2903080502,Design and validation of an auditory biofeedback system for modification of running parameters,2018,Journal on Multimodal User Interfaces,article,Neuroscience and Music Perception,Cognitive Neuroscience,Neuroscience,Life Sciences,https://doi.org/10.1007/s12193-018-0283-1,28,45
W4396599638,Enhancing Agency in Posttraumatic Stress Disorder Therapies Through Sensorimotor Technologies,2024,Journal of Medical Internet Research,article,Action Observation and Synchronization,Social Psychology,Psychology,Social Sciences,https://doi.org/10.2196/58390,10,236
W826500682,AUTOMOTIVE ERGONOMICS. CHAPTER 14. VISUAL AND MANUAL DEMANDS OF IN- CAR CONTROLS AND DISPLAYS,1993,,article,Human-Automation Interaction and Safety,Social Psychology,Psychology,Social Sciences,,14,0
W2068417717,"Analysis of Male Courtship Patterns and Mating Behavior of Brachymeria intermedia11,3",1978,Annals of the Entomological Society of America,article,Plant and animal studies,"Ecology, Evolution, Behavior and Systematics",Agricultural and Biological Sciences,Life Sciences,https://doi.org/10.1093/aesa/71.6.817,38,0
W1854573962,Continuous auditory feedback for sensorimotor learning,2015,HAL (Le Centre pour la Communication Scientifique Directe),preprint,Tactile and Sensory Interactions,Cognitive Neuroscience,Neuroscience,Life Sciences,https://doi.org/10.13140/rg.2.1.1086.8969,6,0
W1998503057,Single‐ and Multiwalled Carbon Nanotubes with Phosphorus Based Flame Retardants for Textiles,2014,Journal of Nanomaterials,article,Flame retardant materials and properties,Polymers and Plastics,Materials Science,Physical Sciences,https://doi.org/10.1155/2014/727494,22,31
W4298356550,Cell-mediated immune response to Babesia equi-transformed lymphoblastoid cells in vitro,1983,Zentralblatt für Bakteriologie Mikrobiologie und Hygiene 1 Abt Originale A Medizinische Mikrobiologie Infektionskrankheiten und Parasitologie,article,Vector-borne infectious diseases,Parasitology,Immunology and Microbiology,Life Sciences,https://doi.org/10.1016/s0174-3031(83)80155-3,3,21
W2011463297,In vivo molecular imaging of adhesion molecules in experimental autoimmune encephalomyelitis (EAE),2005,Journal of Autoimmunity,article,Multiple Sclerosis Research Studies,Pathology and Forensic Medicine,Medicine,Health Sciences,https://doi.org/10.1016/j.jaut.2005.09.019,29,26
W1878930158,Detection of group B streptococcal antibodies in human sera by radioimmunoassay: concentrations of type-specific antibodies in sera of adults and infants infected with group B streptococci,1978,Journal of Clinical Microbiology,article,Neonatal and Maternal Infections,"Public Health, Environmental and Occupational Health",Medicine,Health Sciences,https://doi.org/10.1128/jcm.7.2.194-201.1978,26,0
W612584930,New Research on Acoustics,2008,Medical Entomology and Zoology,book,Flow Measurement and Analysis,Mechanics of Materials,Engineering,Physical Sciences,,18,0
W4392405735,Exploring Audio Interfaces for Vertical Guidance in Augmented Reality via Hand-Based Feedback,2024,IEEE Transactions on Visualization and Computer Graphics,article,Tactile and Sensory Interactions,Cognitive Neuroscience,Neuroscience,Life Sciences,https://doi.org/10.1109/tvcg.2024.3372040,9,77
W4403461934,Situating data stories in space to entice new audiences to engage with science,2024,Behaviour and Information Technology,article,Data Visualization and Analytics,Computer Vision and Pattern Recognition,Computer Science,Physical Sciences,https://doi.org/10.1080/0144929x.2024.2408361,2,57
W1758579472,Direct detection of influenza virus antigen in nasopharyngeal specimens by direct enzyme immunoassay in comparison with quantitating virus shedding,1992,Journal of Clinical Microbiology,article,Respiratory viral infections research,Epidemiology,Medicine,Health Sciences,https://doi.org/10.1128/jcm.30.4.866-869.1992,37,24
W2090107153,Studies in metamusical methods for sound and image composition,1996,Organised Sound,article,Music Technology and Sound Studies,Computer Vision and Pattern Recognition,Computer Science,Physical Sciences,https://doi.org/10.1017/s135577189600026x,9,12
W2166736111,BINDING BETWEEN COMPONENTS OF THE TUBERCLE BACILLUS AND HUMORAL ANTIBODIES,1969,The Journal of Experimental Medicine,article,Mycobacterium research and diagnosis,Epidemiology,Medicine,Health Sciences,https://doi.org/10.1084/jem.130.5.931,33,56
W2471611347,Enabling technologies for audio augmented reality systems,2014,Aaltodoc (Aalto University),dissertation,Augmented Reality Applications,Computer Vision and Pattern Recognition,Computer Science,Physical Sciences,,11,0
W2945563517,Geomusic as a New Pedagogical and Outreach Resource: Interpreting Geoheritage with All the Senses,2019,Geoheritage,article,Geology and Paleoclimatology Research,Atmospheric Science,Earth and Planetary Sciences,Physical Sciences,https://doi.org/10.1007/s12371-019-00364-3,10,25
W4400130294,Alkaline water electrolysis: Ultrasonic field and hydrogen bubble formation,2024,International Journal of Hydrogen Energy,article,Hybrid Renewable Energy Systems,Energy Engineering and Power Technology,Energy,Physical Sciences,https://doi.org/10.1016/j.ijhydene.2024.06.263,33,23
W2189127194,Scalable Auditory Data Signatures for Discovery Oriented Browsing in an Expressive Context,2008,,article,Music and Audio Processing,Signal Processing,Computer Science,Physical Sciences,,10,8
W31915243,Individualized and generalized earphone correction filters for spatil sound reproduction,2003,,article,Hearing Loss and Rehabilitation,Cognitive Neuroscience,Neuroscience,Life Sciences,https://doi.org/10.1136/heartjnl-2016-310812corr1,6,19
W1738748271,"Report on the In-vehicle Auditory Interactions Workshop: Taxonomy, Challenges, and Approaches",2015,Digital Commons - Michigan Tech (Michigan Technological University),article,Human-Automation Interaction and Safety,Social Psychology,Psychology,Social Sciences,,4,0
W1984633726,Shhhh. Listen to the data,2012,Physics Today,article,Plant and Biological Electrophysiology Studies,Plant Science,Agricultural and Biological Sciences,Life Sciences,https://doi.org/10.1063/pt.3.1550,7,0
W4220879404,Proteome-wide and matrisome-specific atlas of the human ovary computes fertility biomarker candidates and open the way for precision oncofertility,2022,Matrix Biology,article,Reproductive Biology and Fertility,"Public Health, Environmental and Occupational Health",Medicine,Health Sciences,https://doi.org/10.1016/j.matbio.2022.03.005,40,94
W4200525800,"Physicochemical Properties, Fatty Acid Composition, Volatile Compounds of Blueberries, Cranberries, Raspberries, and Cuckooflower Seeds Obtained Using Sonication Method",2021,Molecules,article,Edible Oils Quality and Analysis,Organic Chemistry,Chemistry,Physical Sciences,https://doi.org/10.3390/molecules26247446,24,37
W2201745394,SoundScript – Supporting the Acquisition of Character Writing by Multisensory Integration,2015,The Open Psychology Journal,article,Tactile and Sensory Interactions,Cognitive Neuroscience,Neuroscience,Life Sciences,https://doi.org/10.2174/1874350101508010230,15,45
W2970157931,Adding Acoustical to Visual Movement Patterns to Retest Whether Imitation Is Goal- or Pattern-Directed,2019,Perceptual and Motor Skills,article,Action Observation and Synchronization,Social Psychology,Psychology,Social Sciences,https://doi.org/10.1177/0031512519870418,4,38
W2030223906,The function of NADH-semidehydroascorbate reductase and ascorbic acid in corticosteroid hydroxylation,1987,Molecular and Cellular Endocrinology,article,Hormonal Regulation and Hypertension,"Endocrinology, Diabetes and Metabolism",Medicine,Health Sciences,https://doi.org/10.1016/0303-7207(87)90194-8,3,56
W2039798184,Augmentation of Bactericidal Action of Germicides with Ultrasound,1964,The Journal of the Acoustical Society of America,article,Microbial Inactivation Methods,Biotechnology,"Biochemistry, Genetics and Molecular Biology",Life Sciences,https://doi.org/10.1121/1.1919351,7,0
W2991575813,Exploring Design Constructs In Sound Design With A Focus On Perceived Affordance,2019,Proceedings of the Human Factors and Ergonomics Society Annual Meeting,article,Tactile and Sensory Interactions,Cognitive Neuroscience,Neuroscience,Life Sciences,https://doi.org/10.1177/1071181319631340,5,22
W2607152227,The localization of non-individualized virtual sounds by hearing impaired listeners,2017,The Journal of the Acoustical Society of America,article,Hearing Loss and Rehabilitation,Cognitive Neuroscience,Neuroscience,Life Sciences,https://doi.org/10.1121/1.4979462,24,34
W2414135360,Die Lipide von Endomycopsis vernalis bei verschiedener Stickstoff-Ern�hrung,1974,Archives of Microbiology,article,Fungal Biology and Applications,Pharmacology,Medicine,Health Sciences,https://doi.org/10.1007/bf00455948,7,46
W49512172,Soundscape Generation for Virtual Environments using Community-Provided Audio Databases,2010,,article,Tactile and Sensory Interactions,Cognitive Neuroscience,Neuroscience,Life Sciences,,16,9
W310756386,Cellular adsorption of pulmonary surface-active material.,1967,Journal of Applied Physiology,article,Electrospun Nanofibers in Biomedical Applications,Biomaterials,Materials Science,Physical Sciences,https://doi.org/10.1152/jappl.1967.22.5.982,17,0
W2032087125,Designing an Interactive Audio Interface for Climate Science,2015,IEEE Multimedia,article,Music Technology and Sound Studies,Computer Vision and Pattern Recognition,Computer Science,Physical Sciences,https://doi.org/10.1109/mmul.2015.23,6,16
W1512910326,Sonic mediatization of the book: affordances of the audiobook,2013,MedieKultur Journal of media and communication research,article,"Media, Communication, and Education",Communication,Social Sciences,Social Sciences,https://doi.org/10.7146/mediekultur.v29i54.7284,20,41
W4242621561,Designing an Interactive Audio Interface for Climate Science,2015,IEEE Multimedia,article,Multisensory perception and integration,Experimental and Cognitive Psychology,Psychology,Social Sciences,https://doi.org/10.1109/mmul.2015.4,6,18
W2093183881,Gestalt Principles in Multimodal Data Representation,2015,IEEE Computer Graphics and Applications,article,Action Observation and Synchronization,Social Psychology,Psychology,Social Sciences,https://doi.org/10.1109/mcg.2015.29,20,26
W2188151273,Synergistic and Sustained Anti - Inflammatory Activity of Guguul with the Ibuprofen: A Preliminary Study,2010,International Journal of Pharma and Bio Sciences,article,Pharmacological Effects of Medicinal Plants,Pharmacology,Medicine,Health Sciences,,16,3
W2021066256,Sensorial Countermeasures for Vestibular Spatial Disorientation,2014,Aviation Space and Environmental Medicine,article,Vestibular and auditory disorders,Neurology,Neuroscience,Life Sciences,https://doi.org/10.3357/asem.3735.2014,22,0
W2086291072,Quantitative Comparison of Alternative Sensory Displays for Mobility Aids for the Blind,1983,IEEE Transactions on Biomedical Engineering,article,Neuroscience and Neural Engineering,Cellular and Molecular Neuroscience,Neuroscience,Life Sciences,https://doi.org/10.1109/tbme.1983.325053,18,10
W2561931717,The Analysis of Sound Attributes on Sensibility Dimensions,2006,,article,Color perception and design,Social Psychology,Psychology,Social Sciences,,5,10
W3094928323,Method of early pedestrian warning in developing intelligent transportation system infrastructure,2020,Transportation research procedia,article,Transportation Systems and Logistics,Civil and Structural Engineering,Engineering,Physical Sciences,https://doi.org/10.1016/j.trpro.2020.10.083,18,33
W2002109824,Acoustic Signals in Domestic Chicken (&lt;i&gt;Gallus gallus&lt;/i&gt;): A Tool for Teaching Veterinary Ethology and Implication for language learning,2012,Ethiopian Veterinary Journal,article,Animal Vocal Communication and Behavior,Developmental Biology,"Biochemistry, Genetics and Molecular Biology",Life Sciences,https://doi.org/10.4314/evj.v16i2.7,23,18
W2345482437,"ConfChem Conference on Interactive Visualizations for Chemistry Teaching and Learning: Accessibility for PhET Interactive Simulations—Progress, Challenges, and Potential",2016,Journal of Chemical Education,article,Experience-Based Knowledge Management,Artificial Intelligence,Computer Science,Physical Sciences,https://doi.org/10.1021/acs.jchemed.5b00772,12,2
W2923958083,Learning Room Acoustics by Design: A Project-Based Experience,2019,Zenodo (CERN European Organization for Nuclear Research),article,Educational Environments and Student Outcomes,Education,Social Sciences,Social Sciences,https://doi.org/10.5281/zenodo.2579130,15,12
W2988692461,Real-time digital of virtual acoustic environments,1990,ACM SIGGRAPH Computer Graphics,article,Tactile and Sensory Interactions,Cognitive Neuroscience,Neuroscience,Life Sciences,https://doi.org/10.1145/91394.91431,7,9
W2904074285,The role of dynamic cue in auditory vertical localisation,2018,Applied Acoustics,article,Hearing Loss and Rehabilitation,Cognitive Neuroscience,Neuroscience,Life Sciences,https://doi.org/10.1016/j.apacoust.2018.12.002,20,27
W3171154431,"Effects of Non-Speech Auditory Cues on Control Transition Behaviors in Semi-Automated Vehicles: Empirical Study, Modeling, and Validation",2021,International Journal of Human-Computer Interaction,article,Human-Automation Interaction and Safety,Social Psychology,Psychology,Social Sciences,https://doi.org/10.1080/10447318.2021.1937876,24,64
W1971618594,1H NMR as a Tool for the Structure Elucidation of Moenomycin Antibiotics,1996,Magnetic Resonance in Chemistry,article,Antibiotic Resistance in Bacteria,Molecular Medicine,"Biochemistry, Genetics and Molecular Biology",Life Sciences,https://doi.org/10.1002/(sici)1097-458x(199612)34:12<1031::aid-omr10>3.0.co;2-7,9,0
W2104522110,In Vitro Effect of Topical Fluorides on Sealant Materials,1992,Journal of Esthetic and Restorative Dentistry,article,Structural Analysis of Composite Materials,Mechanical Engineering,Engineering,Physical Sciences,https://doi.org/10.1111/j.1708-8240.1992.tb00678.x,25,13
W4301954683,Use of sound and aerial chases in sexual recognition in Neotropical Hamadryas butterflies (Nymphalidae),2010,Journal of Research on the Lepidoptera,article,Lepidoptera: Biology and Taxonomy,Genetics,"Biochemistry, Genetics and Molecular Biology",Life Sciences,https://doi.org/10.5962/p.266510,16,9
W3093172834,Clustering and classification of virus sequence through music communication protocol and wavelet transform,2020,Genomics,article,Advanced Chemical Sensor Technologies,Biomedical Engineering,Engineering,Physical Sciences,https://doi.org/10.1016/j.ygeno.2020.10.009,15,50
W2952852719,Sonic Kayaks: Environmental monitoring and experimental music by citizens,2017,PLoS Biology,article,Marine animal studies overview,Ecology,Environmental Science,Physical Sciences,https://doi.org/10.1371/journal.pbio.2004044,14,24
W2069503781,qPCR-based mitochondrial DNA quantification: Influence of template DNA fragmentation on accuracy,2012,Biochemical and Biophysical Research Communications,article,Molecular Biology Techniques and Applications,Molecular Biology,"Biochemistry, Genetics and Molecular Biology",Life Sciences,https://doi.org/10.1016/j.bbrc.2012.05.121,29,41
W2417941455,Pseudomonas aureofaciens in soil: survival and recovery efficiency.,1994,PubMed,article,Electrokinetic Soil Remediation Techniques,Electrical and Electronic Engineering,Engineering,Physical Sciences,,12,0
W1979855257,Affective processing in positive schizotypy: Loose control of social-emotional information,2014,Brain and Cognition,article,Neuroscience and Music Perception,Cognitive Neuroscience,Neuroscience,Life Sciences,https://doi.org/10.1016/j.bandc.2014.10.008,17,101
W3196128407,Hybrid Harmony: A Multi-Person Neurofeedback Application for Interpersonal Synchrony,2021,Frontiers in Neuroergonomics,article,Action Observation and Synchronization,Social Psychology,Psychology,Social Sciences,https://doi.org/10.3389/fnrgo.2021.687108,26,74
W1515961213,How scientific visualization can benefit from virtual environments,1994,"Centrum Wiskunde & Informatica (CWI), the national research institute for mathematics and computer science in the Netherlands",article,Data Visualization and Analytics,Computer Vision and Pattern Recognition,Computer Science,Physical Sciences,,10,0
W1974567598,"N. April 16, 2006",2006,Leonardo Music Journal,article,Advanced Computational Techniques and Applications,Artificial Intelligence,Computer Science,Physical Sciences,https://doi.org/10.1162/lmj.2006.16.71b,6,0
W2086395629,Search Space Reduction via Multi-Sensory Directional Cueing,2004,Proceedings of the Human Factors and Ergonomics Society Annual Meeting,article,Tactile and Sensory Interactions,Cognitive Neuroscience,Neuroscience,Life Sciences,https://doi.org/10.1177/154193120404801712,11,7
W2291366,ACOUSTICS AND PERCEPTION OF SOUND IN EVERYDAY ENVIRONMENTS,2003,,article,Hearing Loss and Rehabilitation,Cognitive Neuroscience,Neuroscience,Life Sciences,,20,43
W4396792671,Impacts of information quantity and display formats on driving behaviors in a connected vehicle environment,2024,Accident Analysis & Prevention,article,Human-Automation Interaction and Safety,Social Psychology,Psychology,Social Sciences,https://doi.org/10.1016/j.aap.2024.107621,12,88
W1993860894,Supporting Anesthetic Monitoring through Tactile Display of Physiological Parameters,2009,Proceedings of the Human Factors and Ergonomics Society Annual Meeting,article,Healthcare Technology and Patient Monitoring,Surgery,Medicine,Health Sciences,https://doi.org/10.1177/154193120905302202,8,19
W2535584608,Cultural differences in preference of auditory emoticons: USA and South Korea,2015,Digital Commons - Michigan Tech (Michigan Technological University),article,Digital Communication and Language,Human-Computer Interaction,Computer Science,Physical Sciences,,5,0
W4324363986,The EEG pen-on-paper sound: History and recent advances,2023,Seizure,article,EEG and Brain-Computer Interfaces,Cognitive Neuroscience,Neuroscience,Life Sciences,https://doi.org/10.1016/j.seizure.2023.03.011,5,30
W69794140,THE APPLICATION OF VIRTUAL ACOUSTIC TECHNIQUES FOR THE DEVELOPMENT OF AN AUDITORY NAVIGATION BEACON USED IN BUILDING EMERGENCY EGRESS,2001,,article,Speech and Audio Processing,Signal Processing,Computer Science,Physical Sciences,,5,7
W2763411199,Evaluating the Use of Sound in Static Program Comprehension,2017,ACM Transactions on Applied Perception,article,Software Engineering Research,Information Systems,Computer Science,Physical Sciences,https://doi.org/10.1145/3129456,2,46
W2016763723,Auditory perception of 3D size,2004,ACM Transactions on Applied Perception,article,Multisensory perception and integration,Experimental and Cognitive Psychology,Psychology,Social Sciences,https://doi.org/10.1145/1024083.1024086,7,37
W2748622947,Congruency effects with dynamic auditory stimuli: design implications,1997,,article,Neuroscience and Music Perception,Cognitive Neuroscience,Neuroscience,Life Sciences,,5,16
W4387116456,Musical messages – Creating a bespoke climate story for the Outer Hebrides,2023,Climate Services,article,Climate variability and models,Global and Planetary Change,Environmental Science,Physical Sciences,https://doi.org/10.1016/j.cliser.2023.100407,3,24
W130663125,Interaction patterns for auditory user interfaces,2005,,article,Tactile and Sensory Interactions,Cognitive Neuroscience,Neuroscience,Life Sciences,,16,26
W148198918,Multimodal feedback for tilt controlled speed dependent automatic zooming,2004,,article,Tactile and Sensory Interactions,Cognitive Neuroscience,Neuroscience,Life Sciences,,12,4
W1521296817,Efficient listening with two ears: Dichotic time compression and spatialization,1994,,article,Speech and Audio Processing,Signal Processing,Computer Science,Physical Sciences,,5,15
W2127412378,"Prevention of Vascular Graft Infections with Antibiotic Graft Impregnation Prior to Implantation: In Vitro Comparison between Daptomycin, Rifampin and Nebacetin",2012,European Journal of Vascular and Endovascular Surgery,article,Infectious Aortic and Vascular Conditions,Surgery,Medicine,Health Sciences,https://doi.org/10.1016/j.ejvs.2011.12.029,37,35
W2677107446,The Entanglement of Arts and Sciences. On the Transaction Costs of Transdisciplinary Research Settings,2017,Journal for Artistic Research,article,Museums and Cultural Heritage,Museology,Arts and Humanities,Social Sciences,https://doi.org/10.22501/jar.12219,12,0
W2804632400,Accessible electronic games for blind children and young people,2018,British Journal of Educational Technology,article,Tactile and Sensory Interactions,Cognitive Neuroscience,Neuroscience,Life Sciences,https://doi.org/10.1111/bjet.12628,18,17
W257180627,The Measurement and Analysis of Acoustic Noise as a Random Variable,1990,Review of Progress in Quantitative Nondestructive Evaluation,book-chapter,Flow Measurement and Analysis,Mechanics of Materials,Engineering,Physical Sciences,https://doi.org/10.1007/978-1-4684-5772-8_78,12,16
W4380342473,"Auditory Icons, Earcons, Spearcons, and Speech: A Systematic Review and Meta-Analysis of Brief Audio Alerts in Human-Machine Interfaces",2023,Auditory Perception & Cognition,review,Safety Warnings and Signage,Social Psychology,Psychology,Social Sciences,https://doi.org/10.1080/25742442.2023.2219201,27,84
W3109087975,Sonic Bodies,2020,Performance Research,article,Visual Culture and Art Theory,Visual Arts and Performing Arts,Arts and Humanities,Social Sciences,https://doi.org/10.1080/13528165.2020.1842029,3,14
W2944637395,Xronomorph: Algorithmic Generation Of Perfectly Balanced And Well-Formed Rhythms,2016,Zenodo (CERN European Organization for Nuclear Research),article,Advanced Materials and Mechanics,Mechanical Engineering,Engineering,Physical Sciences,https://doi.org/10.5281/zenodo.1176081,11,13
W2883339537,Surgical soundtracks: automatic acoustic augmentation of surgical procedures,2018,International Journal of Computer Assisted Radiology and Surgery,article,Tactile and Sensory Interactions,Cognitive Neuroscience,Neuroscience,Life Sciences,https://doi.org/10.1007/s11548-018-1827-2,9,21
W2083148053,"Auditory, Visual, and Bimodal Data Link Displays and How They Support Pilot Performance",2013,Aviation Space and Environmental Medicine,article,Human-Automation Interaction and Safety,Social Psychology,Psychology,Social Sciences,https://doi.org/10.3357/asem.3365.2013,5,9
W2029814241,Temporal limits of level dominance in a sample discrimination task,2007,The Journal of the Acoustical Society of America,article,Visual perception and processing mechanisms,Cognitive Neuroscience,Neuroscience,Life Sciences,https://doi.org/10.1121/1.2710345,12,6
W4400134741,RainMind: Investigating Dynamic Natural Soundscape of Physiological Data to Promote Self-Reflection for Stress Management,2024,International Journal of Human-Computer Interaction,article,Color perception and design,Social Psychology,Psychology,Social Sciences,https://doi.org/10.1080/10447318.2024.2364468,7,93
W2125441216,Sediment produced from abrasion of the branching stony coral Oculina varicosa,1983,Journal of Sedimentary Research,article,Coral and Marine Ecosystems Studies,Ecology,Environmental Science,Physical Sciences,https://doi.org/10.1306/212f82ba-2b24-11d7-8648000102c1865d,16,0
W1264160096,COGNITIVE-MAP FORMATION OF BLIND PERSONS IN A VIRTUAL SOUND ENVIRONMENT,2006,,article,Spatial Cognition and Navigation,Automotive Engineering,Engineering,Physical Sciences,,21,11
W2943883140,"Listening for Johannesburg: secret affinities, wondrous resonances",2019,Anthropology Southern Africa,article,South African History and Culture,Sociology and Political Science,Social Sciences,Social Sciences,https://doi.org/10.1080/23323256.2019.1575252,2,36
W159212328,Modeling Slow Lead Vehicle Lane Changing,2003,VTechWorks (Virginia Tech),dissertation,Traffic control and management,Control and Systems Engineering,Engineering,Physical Sciences,,42,76
W2512652444,Distance rendering and perception of nearby virtual sound sources with a near-field filter model,2016,Applied Acoustics,article,Hearing Loss and Rehabilitation,Cognitive Neuroscience,Neuroscience,Life Sciences,https://doi.org/10.1016/j.apacoust.2016.08.015,17,82
W3034080095,Emulsified silicone oil is taken up by and induces pro-inflammatory response in primary retinal microglia,2020,Graefe s Archive for Clinical and Experimental Ophthalmology,article,Retinal and Macular Surgery,"Radiology, Nuclear Medicine and Imaging",Medicine,Health Sciences,https://doi.org/10.1007/s00417-020-04763-z,22,32
W2782179716,"Medieval Sources for George Benjamin’s and Martin Crimp’s Written on Skin (2012): Cansos, Vidas, Razos, and Songbooks of Guillem de Cabestaing",2017,The Opera Quarterly,article,Medieval European Literature and History,Language and Linguistics,Arts and Humanities,Social Sciences,https://doi.org/10.1093/oq/kbx032,2,0
W1992546475,Relative Activities and Characteristics of Some Oxidative Respiratory Enzymes from Conidia of <i>Verticillium albo-atrum</i>,1967,PLANT PHYSIOLOGY,article,Enzyme function and inhibition,Molecular Biology,"Biochemistry, Genetics and Molecular Biology",Life Sciences,https://doi.org/10.1104/pp.42.11.1472,2,5
W18603626,Online Map Interface For Creative And Interactive,2010,New Interfaces for Musical Expression,article,3D Modeling in Geospatial Applications,Building and Construction,Engineering,Physical Sciences,https://doi.org/10.5281/zenodo.1177876,5,0
W2084288798,Perceptual characterization of motion evoked by sounds for synthesis control purposes,2013,ACM Transactions on Applied Perception,article,Neuroscience and Music Perception,Cognitive Neuroscience,Neuroscience,Life Sciences,https://doi.org/10.1145/2422105.2422106,25,48
W4379534217,Fabrication and Different Characterization of Graphene Nano Platelets Reinforced Epoxy Nano Composites,2023,Archives of Metallurgy and Materials,article,Polymer Nanocomposite Synthesis and Irradiation,Polymers and Plastics,Materials Science,Physical Sciences,https://doi.org/10.24425/amm.2023.143675,12,33
W4240854344,Auditory Augmentation,2010,International Journal of Ambient Computing and Intelligence,article,Interactive and Immersive Displays,Human-Computer Interaction,Computer Science,Physical Sciences,https://doi.org/10.4018/jaci.2010040102,14,16
W2045982487,Emotional and behavioural responses to auditory interfaces in commercial vehicles,2013,International Journal of Vehicle Noise and Vibration,article,Color perception and design,Social Psychology,Psychology,Social Sciences,https://doi.org/10.1504/ijvnv.2013.053818,13,28
W4248941597,Synthesis of Spatially Extended Virtual Source with Time-Frequency Decomposition of Mono Signals,2014,Journal of the Audio Engineering Society,article,Geophysics and Sensor Technology,Ocean Engineering,Engineering,Physical Sciences,https://doi.org/10.17743/jaes.2014.0031,14,25
W3161686633,Coastal Futures Conservatory,2021,Environmental Humanities,article,Ecocriticism and Environmental Literature,Literature and Literary Theory,Arts and Humanities,Social Sciences,https://doi.org/10.1215/22011919-8867274,9,69
W2201384196,Recent studies on the effect of signal frequency on auditory vertical localization,2005,,article,Hearing Loss and Rehabilitation,Cognitive Neuroscience,Neuroscience,Life Sciences,,8,29
W2498555564,Robust Manufacturing Control,2012,Lecture notes in production engineering,book,Manufacturing Process and Optimization,Industrial and Manufacturing Engineering,Engineering,Physical Sciences,https://doi.org/10.1007/978-3-642-30749-2,27,0
W4296625855,Shared Musical Lives,2022,,book,Music Therapy and Health,Social Psychology,Psychology,Social Sciences,https://doi.org/10.1093/oso/9780197618356.001.0001,3,86
W2081489714,Enhanced Vertical Perception through Head-Related Impulse Response Customization Based on Pinna Response Tuning in the Median Plane,2008,IEICE Transactions on Fundamentals of Electronics Communications and Computer Sciences,article,Hearing Loss and Rehabilitation,Cognitive Neuroscience,Neuroscience,Life Sciences,https://doi.org/10.1093/ietfec/e91-a.1.345,18,22
W2621231483,Spearcons for Patient Monitoring: Laboratory Investigation Comparing Earcons and Spearcons,2017,Human Factors The Journal of the Human Factors and Ergonomics Society,article,Healthcare Technology and Patient Monitoring,Surgery,Medicine,Health Sciences,https://doi.org/10.1177/0018720817697536,27,23
W2942446308,World cloud: A prototype data choralification of text documents,2019,Journal of New Music Research,article,Music and Audio Processing,Signal Processing,Computer Science,Physical Sciences,https://doi.org/10.1080/09298215.2019.1606255,11,25
W2978058539,Multisensory Cues for Encoding Urgency of System Hazards: Effect of Operator Experience on Perceived Urgency,2019,The International Journal of Aerospace Psychology,article,Human-Automation Interaction and Safety,Social Psychology,Psychology,Social Sciences,https://doi.org/10.1080/24721840.2019.1657357,4,57
W2399854424,Myeloperoxidase (MPO) Isozymes of Normal Neutrophils from Normal Persons and Reactive Neutrophils from Patients with Neutrophilia; Using 10% Native PAGE and Activity Stain for MPO,2003,The Korean Journal of Hematology,article,"Neutrophil, Myeloperoxidase and Oxidative Mechanisms",Immunology,Immunology and Microbiology,Life Sciences,,2,0
W2251996480,Editorial: The Role of Sound in Motor Perception and Execution,2015,The Open Psychology Journal,editorial,Action Observation and Synchronization,Social Psychology,Psychology,Social Sciences,https://doi.org/10.2174/1874350101508010171,12,21
W4280563370,Doped Polyaniline/Graphene Composites for Photothermoelectric Detectors,2022,ACS Applied Nano Materials,article,Advanced Thermoelectric Materials and Devices,Materials Chemistry,Materials Science,Physical Sciences,https://doi.org/10.1021/acsanm.2c01039,24,44
W2091489479,The Effect of Nondialyzable Material (NDM) Cranberry Extract on Formation of Contact Lens Biofilm by<i>Staphylococcus epidermidis</i>,2011,Investigative Ophthalmology & Visual Science,article,Ocular Surface and Contact Lens,"Public Health, Environmental and Occupational Health",Medicine,Health Sciences,https://doi.org/10.1167/iovs.10-5335,17,41
W2763075545,Multimodal Information Presentation in Support of NextGen Operations,2017,The International Journal of Aerospace Psychology,article,Human-Automation Interaction and Safety,Social Psychology,Psychology,Social Sciences,https://doi.org/10.1080/10508414.2017.1365608,19,20
W2746245381,Corrosion behaviour in saline solution of pulsed‐electrodeposited zinc‐nickel‐ceria nanocomposite coatings,2017,Materials and Corrosion,article,Electrodeposition and Electroless Coatings,Electrical and Electronic Engineering,Engineering,Physical Sciences,https://doi.org/10.1002/maco.201709419,11,61
W2186906491,Bauhaus Legacy in Research through Design: The Case of Basic Sonic Interaction Design,2014,AirIuav (Università Iuav di Venezia),article,Design Education and Practice,Mechanical Engineering,Engineering,Physical Sciences,,13,70
W2162343603,MINIMIZING INFORMATION OVERLOAD IN A COMMUNICATIONS SYSTEM UTILIZING TEMPORAL SCALING AND SERIALIZATION,2006,,article,Speech and Audio Processing,Signal Processing,Computer Science,Physical Sciences,,4,3
W2091700899,<i>Aeromonas salmonicida:</i> determination of an antigen associated with protective immunity and evaluation of an experimental bacterin,1983,Journal of Fish Diseases,article,Aquaculture disease management and microbiota,Immunology,Immunology and Microbiology,Life Sciences,https://doi.org/10.1111/j.1365-2761.1983.tb00063.x,54,17
W2397925409,Auditory navigation with a tubular acoustic model for interactive distance cues and personalized head-related transfer functions,2016,Journal on Multimodal User Interfaces,article,Hearing Loss and Rehabilitation,Cognitive Neuroscience,Neuroscience,Life Sciences,https://doi.org/10.1007/s12193-016-0221-z,9,41
W2058881680,Histamine synthesis in intact and disrupted rat mast cells,1982,Biochemical Pharmacology,article,Polyamine Metabolism and Applications,Molecular Biology,"Biochemistry, Genetics and Molecular Biology",Life Sciences,https://doi.org/10.1016/0006-2952(82)90003-x,13,39
W829214858,SPATIALIZED ANONYMOUS AUDIO FOR BROWSING SENSOR NETWORKS VIA VIRTUAL WORLDS,2013,,article,Tactile and Sensory Interactions,Cognitive Neuroscience,Neuroscience,Life Sciences,,4,23
W2130503989,SPEECH INTERFACE IMPLEMENTATION FOR XML BROWSER,2001,,article,Multimedia Communication and Technology,Sociology and Political Science,Social Sciences,Social Sciences,,4,6
W822734522,COMPARISON OF ALTERNATIVE METHODS FOR PRESENTING TRIP NAVIGATIONAL INFORMATION TO MOTORISTS,1990,,article,Spatial Cognition and Navigation,Automotive Engineering,Engineering,Physical Sciences,,6,0
W2414374598,Sonic Shapes: Visualizing Vocal Expression,2013,,article,Music and Audio Processing,Signal Processing,Computer Science,Physical Sciences,,4,25
W2131523693,Large variability of the intracellular ATP content of human islets isolated from different donors,1999,Journal of Molecular Medicine,article,Pancreatic function and diabetes,Surgery,Medicine,Health Sciences,https://doi.org/10.1007/s001090050310,28,18
W2525038081,Powerchord: Exploring Ambient Audio Feedback on Energy Use,2016,,book-chapter,Music Technology and Sound Studies,Computer Vision and Pattern Recognition,Computer Science,Physical Sciences,https://doi.org/10.1007/978-3-319-33527-8_23,8,28
W2074907175,Revolutionizing human-computer interfaces,2012,interactions,article,Cloud Computing and Remote Desktop Technologies,Hardware and Architecture,Computer Science,Physical Sciences,https://doi.org/10.1145/2065327.2065336,4,3
W2132648925,Short- and long-term weathering rates of a feldspar fraction isolated from an arid zone soil,1996,Chemical Geology,article,Geology and Paleoclimatology Research,Atmospheric Science,Earth and Planetary Sciences,Physical Sciences,https://doi.org/10.1016/s0009-2541(96)00049-6,23,25
W2096553371,"Titratable acidity of organo-mineral complexes as affected by mode of preparation, drying and stability of aggregates",1991,Canadian Journal of Soil Science,article,Diatoms and Algae Research,Biomaterials,Materials Science,Physical Sciences,https://doi.org/10.4141/cjss91-028,5,0
W2065894627,Custom made wireless systems for interactive footstep sounds synthesis,2014,Applied Acoustics,article,Music and Audio Processing,Signal Processing,Computer Science,Physical Sciences,https://doi.org/10.1016/j.apacoust.2014.03.005,11,37
W2555554089,Composing alarms: considering the musical aspects of auditory alarm design,2016,Neurocase,article,Healthcare Technology and Patient Monitoring,Surgery,Medicine,Health Sciences,https://doi.org/10.1080/13554794.2016.1253751,15,49
W214198191,Single Object Sensor: A Simplified Binaural Mobility Aid,1977,Journal of Visual Impairment & Blindness,article,Tactile and Sensory Interactions,Cognitive Neuroscience,Neuroscience,Life Sciences,https://doi.org/10.1177/0145482x7707100505,7,2
W4213451202,Analysis of Reject Water Formed in the Mechanical Dewatering Process of Digested Sludge Conditioned by Physical and Chemical Methods,2022,Energies,article,Constructed Wetlands for Wastewater Treatment,Industrial and Manufacturing Engineering,Environmental Science,Physical Sciences,https://doi.org/10.3390/en15051678,18,51
W3147706553,The Use of Smart Home Speakers by the Elderly: Exploratory Analyses and Potential for Big Data,2021,Big Data Research,article,Technology Use by Older Adults,Demography,Social Sciences,Social Sciences,https://doi.org/10.1016/j.bdr.2021.100224,15,63
W1993347470,FURTHER STUDIES ON THE RELATIONSHIP OF THE THYMUS TO HEMOPOIESIS1,1972,Transplantation,article,Ophthalmology and Eye Disorders,Pathology and Forensic Medicine,Medicine,Health Sciences,https://doi.org/10.1097/00007890-197203000-00001,18,0
W4241041842,Real-Time Perceptual Simulation of Moving Sources: Application to the Leslie Cabinet and 3D Sound Immersion,2008,EURASIP Journal on Audio Speech and Music Processing,article,Advanced Vision and Imaging,Computer Vision and Pattern Recognition,Computer Science,Physical Sciences,https://doi.org/10.1186/1687-4722-2008-849696,9,0
W2613204039,Sound Properties Associated With Equiluminant Colours,2017,Multisensory Research,article,Multisensory perception and integration,Experimental and Cognitive Psychology,Psychology,Social Sciences,https://doi.org/10.1163/22134808-00002567,27,81
W3184370606,<i>The Blued Trees Symphony</i> as Transdisciplinary Mediation for Environmental Policy,2021,Media+Environment,article,Environmental Philosophy and Ethics,Nature and Landscape Conservation,Environmental Science,Physical Sciences,https://doi.org/10.1525/001c.25256,2,44
W1989658747,On the 3D normal tire/off-road vibro-contact problem with friction,2014,Mechanical Systems and Signal Processing,article,"Adhesion, Friction, and Surface Interactions",Mechanics of Materials,Engineering,Physical Sciences,https://doi.org/10.1016/j.ymssp.2014.09.009,5,42
W2898391819,Das sonische Kapital. Sound in den digitalen Medien,2017,SPIEL,article,Cybernetics and Technology in Society,History and Philosophy of Science,Arts and Humanities,Social Sciences,https://doi.org/10.3726/spiel.2017.02.02,9,0
W4401703994,The sound of science,2024,EMBO Reports,article,Big Data Technologies and Applications,Information Systems and Management,Decision Sciences,Social Sciences,https://doi.org/10.1038/s44319-024-00230-6,3,10
W2083850871,Support system for handwriting characters and drawing figures for the blind using feedback of sound imaging signals,1990,Journal of Microcomputer Applications,article,Tactile and Sensory Interactions,Cognitive Neuroscience,Neuroscience,Life Sciences,https://doi.org/10.1016/0745-7138(90)90020-8,6,4
W1550534346,"Investigating the Use of 3D Graphics, Haptics (Touch), and Sound for Highway Location Planning",2009,Computer-Aided Civil and Infrastructure Engineering,article,Tactile and Sensory Interactions,Cognitive Neuroscience,Neuroscience,Life Sciences,https://doi.org/10.1111/j.1467-8667.2008.00591.x,14,44
W2075724410,Ultrasonic Modification of Polymers. I. Degradations of Polystyrene in the Presence of Various Poly(alkyl Methacrylates),1982,Journal of Macromolecular Science Part A - Chemistry,article,Advanced Physical and Chemical Molecular Interactions,Physical and Theoretical Chemistry,Chemistry,Physical Sciences,https://doi.org/10.1080/00222338208074435,16,34
W2127008876,Determination of phosphorus in turbid waters using alkaline potassium peroxodisulphate digestion,1995,Analytica Chimica Acta,article,Water Quality and Pollution Assessment,Water Science and Technology,Environmental Science,Physical Sciences,https://doi.org/10.1016/0003-2670(95)00271-z,31,19
W2088936937,The sound of photographic image,2011,AI & Society,article,"Literature, Film, and Journalism Analysis",Literature and Literary Theory,Arts and Humanities,Social Sciences,https://doi.org/10.1007/s00146-011-0347-1,6,0
W4281390027,When to use vibrotactile displays? A meta-analysis for the role of vibrotactile displays in human–computer interaction,2022,Applied Ergonomics,review,Tactile and Sensory Interactions,Cognitive Neuroscience,Neuroscience,Life Sciences,https://doi.org/10.1016/j.apergo.2022.103802,21,102
W2741977442,Sound joined actions in rowing and swimming,2017,Advances in interaction studies,book-chapter,Action Observation and Synchronization,Social Psychology,Psychology,Social Sciences,https://doi.org/10.1075/ais.8.08sch,3,44
W2529890780,The design of interactive audio soccer,2007,,article,Music Technology and Sound Studies,Computer Vision and Pattern Recognition,Computer Science,Physical Sciences,,10,0
W2149801515,Most earcons do not interfere with spoken passage comprehension,2008,Applied Cognitive Psychology,article,Tactile and Sensory Interactions,Cognitive Neuroscience,Neuroscience,Life Sciences,https://doi.org/10.1002/acp.1457,10,51
W2763657707,"Obstacle Detection Display for Visually Impaired: Coding of Direction, Distance, and Height on a Vibrotactile Waist Band",2017,Frontiers in ICT,article,Tactile and Sensory Interactions,Cognitive Neuroscience,Neuroscience,Life Sciences,https://doi.org/10.3389/fict.2017.00023,23,77
W2625736983,"Conversions: Sound and Sight, Military and Civilian",2011,Oxford University Press eBooks,book,Cybernetics and Technology in Society,History and Philosophy of Science,Arts and Humanities,Social Sciences,https://doi.org/10.1093/oxfordhb/9780195388947.013.0059,5,10
W1503147396,Testing A Novel Gesture-Based Mixing Interface,2013,Journal of the Audio Engineering Society,article,Tactile and Sensory Interactions,Cognitive Neuroscience,Neuroscience,Life Sciences,,9,16
W1995813721,Population changes in latent avian malaria infections associated with season and corticosterone treatment.,1970,PubMed,article,Bird parasitology and diseases,Parasitology,Immunology and Microbiology,Life Sciences,,53,9
W2154393540,Proceedings of the International Conference on New Interfaces for Musical Expression,2011,Duo Research Archive (University of Oslo),book,Music Technology and Sound Studies,Computer Vision and Pattern Recognition,Computer Science,Physical Sciences,,444,0
W2462237703,"Meiofaunal Densities and Copepod Species Composition in a Louisiana, U.S.A., Estuary",1985,Transactions of the American Microscopical Society,article,Marine Biology and Ecology Research,Oceanography,Earth and Planetary Sciences,Physical Sciences,https://doi.org/10.2307/3226485,28,22
W2755199130,Teleoperated path following and trajectory tracking of unmanned vehicles using spatial auditory guidance system,2017,Applied Acoustics,article,Teleoperation and Haptic Systems,Mechanical Engineering,Engineering,Physical Sciences,https://doi.org/10.1016/j.apacoust.2017.07.001,16,94
W2158314465,The Chesapeake Bay Virtual Environment (CBVE): Initial Results From the Prototypical System,1996,The International Journal of Supercomputer Applications and High Performance Computing,article,Marine and fisheries research,Global and Planetary Change,Environmental Science,Physical Sciences,https://doi.org/10.1177/109434209601000207,14,26
W2112911902,Advanced Oxidation for Treatment of Aqueous Extracts from EDTA Extraction of Pb and Zn Contaminated Soil,2006,Journal of Environmental Engineering,article,Heavy metals in environment,Pollution,Environmental Science,Physical Sciences,https://doi.org/10.1061/(asce)0733-9372(2006)132:10(1376),16,18
W3157881184,Effect of Filler Concentration and Time Sonication of ZnO Composite for Radar Absorbing Material Applications,2021,Materials science forum,article,Electromagnetic wave absorption materials,"Electronic, Optical and Magnetic Materials",Materials Science,Physical Sciences,https://doi.org/10.4028/www.scientific.net/msf.1028.249,6,17
W2075940121,The Effect of Advanced Traveler Information Display Modality on Driver Performance,2000,Proceedings of the Human Factors and Ergonomics Society Annual Meeting,article,Human-Automation Interaction and Safety,Social Psychology,Psychology,Social Sciences,https://doi.org/10.1177/154193120004402002,5,2
W2884332044,The Odor Characterizations and Reproductions in Machine Olfactions: A Review,2018,Sensors,article,Olfactory and Sensory Function Studies,Sensory Systems,Neuroscience,Life Sciences,https://doi.org/10.3390/s18072329,12,90
W4404574620,Interactive multimodal integral field spectroscopy,2024,RAS Techniques and Instruments,article,Advanced Chemical Sensor Technologies,Biomedical Engineering,Engineering,Physical Sciences,https://doi.org/10.1093/rasti/rzae049,3,36
W1990411935,Auditory Icons as Warning and Advisory Signals in the U.S. Army Battlefield Combat Identification System (BCIS),1995,Proceedings of the Human Factors and Ergonomics Society Annual Meeting,article,Human-Automation Interaction and Safety,Social Psychology,Psychology,Social Sciences,https://doi.org/10.1177/154193129503901507,11,6
W2990898239,New forms: Anthropocene Festivals and experimental environmental governance,2019,Environment and Planning E Nature and Space,article,Climate Change Communication and Perception,Sociology and Political Science,Social Sciences,Social Sciences,https://doi.org/10.1177/2514848619886974,15,78
W4313136773,CHANDRA'S ACCESSIBLE UNIVERSE: FROM SIGHT TO SOUND &amp; TOUCH,2022,Revista Mexicana de Astronomía y Astrofísica Serie de Conferencias,article,Tactile and Sensory Interactions,Cognitive Neuroscience,Neuroscience,Life Sciences,https://doi.org/10.22201/ia.14052059p.2022.54.11,3,1
W2032748907,Preparation of Uniform Microspheres and Microcapsules by Modified Emulsification Process,2010,Macromolecular Symposia,article,Innovative Microfluidic and Catalytic Techniques Innovation,Biomedical Engineering,Engineering,Physical Sciences,https://doi.org/10.1002/masy.201050206,15,15
W1980840255,Evidence for the formation of endothelin by lysed red blood cells from endogenous precursor,1994,European Journal of Pharmacology,article,Nitric Oxide and Endothelin Effects,Physiology,Medicine,Health Sciences,https://doi.org/10.1016/0014-2999(94)90273-9,17,41
W2506698749,BioMuse to Bondage: Corporeal Interaction in Performance and Exhibition,2012,Palgrave Macmillan UK eBooks,book-chapter,Music Technology and Sound Studies,Computer Vision and Pattern Recognition,Computer Science,Physical Sciences,https://doi.org/10.1057/9781137283337_13,7,0
W812793520,Listen to the Sound of Data,2015,,book-chapter,Music and Audio Processing,Signal Processing,Computer Science,Physical Sciences,https://doi.org/10.1007/978-3-319-14998-1_19,6,25
W2914778548,The Vibrating Universe: Astronomy for the Deaf,2019,Journal of Science Education and Technology,article,Tactile and Sensory Interactions,Cognitive Neuroscience,Neuroscience,Life Sciences,https://doi.org/10.1007/s10956-018-9761-1,14,18
W3154157249,Dance Is More Than Meets the Eye—How Can Dance Performance Be Made Accessible for a Non-sighted Audience?,2021,Frontiers in Psychology,article,Action Observation and Synchronization,Social Psychology,Psychology,Social Sciences,https://doi.org/10.3389/fpsyg.2021.643848,17,115
W2113467633,Sculpting a sound space with information properties,1996,Organised Sound,article,Noise Effects and Management,Speech and Hearing,Health Professions,Health Sciences,https://doi.org/10.1017/s1355771896000040,15,11
W1983742752,Instrumentation System for Blind Mobility Aid Simulation and Evaluation,1978,IEEE Transactions on Biomedical Engineering,article,Tactile and Sensory Interactions,Cognitive Neuroscience,Neuroscience,Life Sciences,https://doi.org/10.1109/tbme.1978.326292,7,11
W54685797,"USING MULTIPLE, ROLE-RELATED PERSPECTIVES IN THE DESIGN OF ALARM SOUNDS FOR SAFETY CRITICAL CONTEXT",2009,,article,Phonocardiography and Auscultation Techniques,Pulmonary and Respiratory Medicine,Medicine,Health Sciences,,3,11
W2477022446,Auditory Support for Situation Awareness in Video Surveillance,2012,SMARTech Repository (Georgia Institute of Technology),article,Hearing Loss and Rehabilitation,Cognitive Neuroscience,Neuroscience,Life Sciences,,3,13
W2966489494,The Sonipy Framework: Getting Started,2019,Human-computer interaction series,book-chapter,Computational Physics and Python Applications,Artificial Intelligence,Computer Science,Physical Sciences,https://doi.org/10.1007/978-3-030-01497-1_6,3,6
W760189395,Effects of Interface Type on Navigation in a Virtual Spatial Auditory Environment,2010,,article,Tactile and Sensory Interactions,Cognitive Neuroscience,Neuroscience,Life Sciences,,7,7
W1493427807,AWESOME SOUND DESIGN TOOL: A WEB BASED UTILITY THAT INVITES END USERS INTO THE AUDIO DESIGN PROCESS,2009,,article,Noise Effects and Management,Speech and Hearing,Health Professions,Health Sciences,,3,7
W1517005634,Sonically-Enhanced Mouse Gestures in the Firefox Browser,2006,,article,Innovative Human-Technology Interaction,Human-Computer Interaction,Computer Science,Physical Sciences,,3,13
W2949503449,"Synthesis of 3-Benzyl-1,3-thiazolidines by [2+3]-Cycloaddition of sonochemically generated Azomethine Ylides with Thiocarbonyl Compounds",2003,Zurich Open Repository and Archive (University of Zurich),article,Organic Chemistry Cycloaddition Reactions,Organic Chemistry,Chemistry,Physical Sciences,,9,0
W2607577152,Continuous Auditory Feedback of Eye Movements: An Exploratory Study toward Improving Oculomotor Control,2017,Frontiers in Neuroscience,article,Visual perception and processing mechanisms,Cognitive Neuroscience,Neuroscience,Life Sciences,https://doi.org/10.3389/fnins.2017.00197,11,34
W2589230682,Design and Evaluation of Lyricons (Lyrics + Earcons) for Semantic and Aesthetic Improvements of Auditory Cues,2014,Digital Commons - Michigan Tech (Michigan Technological University),article,Multisensory perception and integration,Experimental and Cognitive Psychology,Psychology,Social Sciences,,3,4
W4400285359,The Application of Tannic Acid-Coated Magnetite Nanoparticles for Recovery of Microplastics from the Water System,2024,Water Conservation Science and Engineering,article,Microplastics and Plastic Pollution,Pollution,Environmental Science,Physical Sciences,https://doi.org/10.1007/s41101-024-00275-7,23,79
W4252853660,Depth of Sequential Auditory Information Processing,1969,The Journal of the Acoustical Society of America,article,Time Series Analysis and Forecasting,Signal Processing,Computer Science,Physical Sciences,https://doi.org/10.1121/1.1911815,4,0
W4254181825,MR-Guided Focused Ultrasound in Fibroid Treatment – Results of the 3rd Radiological-Gynecological Expert Meeting,2017,RöFo - Fortschritte auf dem Gebiet der Röntgenstrahlen und der bildgebenden Verfahren,article,Uterine Myomas and Treatments,Obstetrics and Gynecology,Medicine,Health Sciences,https://doi.org/10.1055/s-0043-108994,6,6
W1677705107,DETECTION AND LOCALIZATION OF SPEECH IN THE PRESENCE OF COMPETING SPEECH SIGNALS,2006,,article,Hearing Loss and Rehabilitation,Cognitive Neuroscience,Neuroscience,Life Sciences,,12,6
W66507853,Excitatory Multimodal Interaction on Mobile Devices,2006,,article,Tactile and Sensory Interactions,Cognitive Neuroscience,Neuroscience,Life Sciences,,7,11
W1901333266,N‐V‐related fluorescence of the monoenergetic high‐energy electron‐irradiated diamond nanoparticles,2015,physica status solidi (a),article,Diamond and Carbon-based Materials Research,Materials Chemistry,Materials Science,Physical Sciences,https://doi.org/10.1002/pssa.201532180,10,25
W2974499935,Bridging Audio and Augmented Reality towards a new Generation of Serious Audio‑only Games,2019,The Electronic Journal of e-Learning,article,Tactile and Sensory Interactions,Cognitive Neuroscience,Neuroscience,Life Sciences,https://doi.org/10.34190/jel.17.2.07,18,63
W196083859,DIRECTIONAL QUALITY OF 3-D AMPLITUDE PANNED VIRTUAL SOURCES,2001,,article,Interactive and Immersive Displays,Human-Computer Interaction,Computer Science,Physical Sciences,,3,8
W825976216,"Human operator response speed, frequency, and flexibility - A review, analysis and device demonstration",1967,NASA Technical Reports Server (NASA),article,Human-Automation Interaction and Safety,Social Psychology,Psychology,Social Sciences,,3,0
W162887044,An Environment and Studies for Exploring Auditory Representations of Multidimensional Data,1995,,book-chapter,Music and Audio Processing,Signal Processing,Computer Science,Physical Sciences,https://doi.org/10.1007/978-3-642-79057-7_5,5,65
W2465654022,"ANESTHESIA MONITORING, ALARM PROLIFERATION, AND ECOLOGICAL INTERFACE DESIGN",2000,,article,Healthcare Technology and Patient Monitoring,Surgery,Medicine,Health Sciences,,6,16
W3113092446,"The additive efficacy of therapeutic low‐intensity pulsed ultrasound in the treatment of vitiligo: A randomized, left‐right comparison clinical trial",2020,Dermatologic Therapy,article,melanin and skin pigmentation,Cell Biology,"Biochemistry, Genetics and Molecular Biology",Life Sciences,https://doi.org/10.1111/dth.14648,7,41
W3001932326,Concordia: A musical XR instrument for playing the solar system,2020,Journal of New Music Research,article,Advanced Data Storage Technologies,Computer Networks and Communications,Computer Science,Physical Sciences,https://doi.org/10.1080/09298215.2020.1714666,5,16
W3193113010,Design for Immersive Experience: Role of Spatial Audio in Extended Reality Applications,2021,"Smart innovation, systems and technologies",book-chapter,Virtual Reality Applications and Impacts,Human-Computer Interaction,Computer Science,Physical Sciences,https://doi.org/10.1007/978-981-16-0119-4_69,20,28
W2132044408,Dynamic Auditory Preview for Visually Guided Target Aiming,1995,Proceedings of the Human Factors and Ergonomics Society Annual Meeting,article,Tactile and Sensory Interactions,Cognitive Neuroscience,Neuroscience,Life Sciences,https://doi.org/10.1177/154193129503902112,10,3
W4397031816,Musical protein: Mapping the time sequence of music onto the spatial architecture of proteins,2024,Computer Methods and Programs in Biomedicine,article,Fractal and DNA sequence analysis,Molecular Biology,"Biochemistry, Genetics and Molecular Biology",Life Sciences,https://doi.org/10.1016/j.cmpb.2024.108233,20,40
W2000204816,"Touching bouba, hearing kiki. Image resolution and sound symbolism in visual-to-auditory sensory substitution",2013,Multisensory Research,article,Multisensory perception and integration,Experimental and Cognitive Psychology,Psychology,Social Sciences,https://doi.org/10.1163/22134808-000s0044,2,1
W2551198475,EcoSonic: Auditory peripheral monitoring of fuel consumption for fuel-efficient driving,2016,Displays,article,Vehicle emissions and performance,Automotive Engineering,Engineering,Physical Sciences,https://doi.org/10.1016/j.displa.2016.11.002,9,30
W2945074385,"Evaluating BCI for Musical Expression: Historical Approaches, Challenges and Benefits",2019,,book-chapter,Neuroscience and Music Perception,Cognitive Neuroscience,Neuroscience,Life Sciences,https://doi.org/10.1007/978-3-030-14323-7_5,2,70
W4407226281,Flexible PDMS-NdFeB Composite Membrane for Haptic Force Perception,2025,ACS Applied Electronic Materials,article,Advanced Sensor and Energy Harvesting Materials,Biomedical Engineering,Engineering,Physical Sciences,https://doi.org/10.1021/acsaelm.5c00070,14,34
W2326370234,Plasminogen Activator Activity of Rat Lysosomes,1968,Experimental Biology and Medicine,article,Protease and Inhibitor Mechanisms,Cancer Research,"Biochemistry, Genetics and Molecular Biology",Life Sciences,https://doi.org/10.3181/00379727-129-33429,9,0
W69692378,From Auditory and Visual to Immersive Neurofeedback: Application to Diagnosis of Alzheimer’s Disease,2014,,book-chapter,EEG and Brain-Computer Interfaces,Cognitive Neuroscience,Neuroscience,Life Sciences,https://doi.org/10.1007/978-1-4614-8151-5_4,5,104
W3108603608,RAW: Exploring Control Structures for Muscle-based Interaction in Collective Improvisation,2020,Duo Research Archive (University of Oslo),book-chapter,Music Technology and Sound Studies,Computer Vision and Pattern Recognition,Computer Science,Physical Sciences,https://doi.org/10.5281/zenodo.4813484,8,30
W2382675204,An Automatic Navigation System Based on SVM Image Segmentation for the Blind,2010,Journal of Northeastern University,article,Image Processing Techniques and Applications,Media Technology,Engineering,Physical Sciences,,6,0
W2512436278,<i>Surrounded</i>: A Series of Sound Installations That Combine Plant Electrophysiology and 3D Sonic Art,2016,Leonardo,article,Plant and Biological Electrophysiology Studies,Plant Science,Agricultural and Biological Sciences,Life Sciences,https://doi.org/10.1162/leon_a_01338,3,13
W2199444055,Hybrid human-computing distributed sense-making: extending the soa paradigm for dynamic adjudication and optimization of human and computer roles,2013,ProQuest LLC eBooks,book-chapter,Context-Aware Activity Recognition Systems,Computer Vision and Pattern Recognition,Computer Science,Physical Sciences,,3,0
W1548960447,Factors Influencing the Performance Advantage of Speech Technology,1981,Proceedings of the Human Factors and Ergonomics Society Annual Meeting,article,Speech and dialogue systems,Artificial Intelligence,Computer Science,Physical Sciences,https://doi.org/10.1177/1071181381025001185,8,10
W4308921332,Hearing is believing,2022,Nature Astronomy,article,Noise Effects and Management,Speech and Hearing,Health Professions,Health Sciences,https://doi.org/10.1038/s41550-022-01848-z,2,0
W1979365579,A Deoxyribonuclease from Rabbit Leucocytes.,1966,Experimental Biology and Medicine,article,Clinical Nutrition and Gastroenterology,Nutrition and Dietetics,Nursing,Health Sciences,https://doi.org/10.3181/00379727-121-30859,4,0
W1974455815,Film and theatre-based approaches for sonic interaction design,2013,Digital Creativity,article,Music Technology and Sound Studies,Computer Vision and Pattern Recognition,Computer Science,Physical Sciences,https://doi.org/10.1080/14626268.2012.752754,8,34
W1980167768,New Perspective in Recent Solid Acid Catalyst,2006,Materials science forum,article,Zeolite Catalysis and Synthesis,Inorganic Chemistry,Chemistry,Physical Sciences,https://doi.org/10.4028/www.scientific.net/msf.517.117,9,17
W2911754830,The Limitations of Being a Copycat: Learning Golf Putting Through Auditory and Visual Guidance,2019,Frontiers in Psychology,article,Action Observation and Synchronization,Social Psychology,Psychology,Social Sciences,https://doi.org/10.3389/fpsyg.2019.00092,15,60
W2208215505,Kinectofon: Performing With Shapes In Planes,2013,Duo Research Archive (University of Oslo),book-chapter,Human Motion and Animation,Control and Systems Engineering,Engineering,Physical Sciences,https://doi.org/10.5281/zenodo.1178563,5,6
W3021218285,Speed of sound ultrasound: comparison with proton density fat fraction assessed with Dixon MRI for fat content quantification of the lower extremity,2020,European Radiology,article,Body Composition Measurement Techniques,Physiology,Medicine,Health Sciences,https://doi.org/10.1007/s00330-020-06885-8,24,41
W2320434475,Structure Consideration of Platinum Nanoparticles Constructing Nanostructures Obtained by Electrochemical Dealloying of a Cu–Pt Alloy,2013,Journal of Nanoscience and Nanotechnology,article,Nanoporous metals and alloys,Materials Chemistry,Materials Science,Physical Sciences,https://doi.org/10.1166/jnn.2013.7413,6,0
W2055034543,A cocktail party effect in the median plane?,1999,The Journal of the Acoustical Society of America,article,Hearing Loss and Rehabilitation,Cognitive Neuroscience,Neuroscience,Life Sciences,https://doi.org/10.1121/1.426572,10,0
W139196012,TEMPORAL PERSPECTIVE FROM AUDITORY PERCEPTION,2008,WORLD SCIENTIFIC eBooks,book-chapter,Multisensory perception and integration,Experimental and Cognitive Psychology,Psychology,Social Sciences,https://doi.org/10.1142/9789812792426_0021,4,1
W4309736067,Development of a Toxic Lead Ionic Sensor Using Carboxyl-Functionalized MWCNTs in Real Water Sample Analyses,2022,Sensors,article,Electrochemical Analysis and Applications,Electrochemistry,Chemistry,Physical Sciences,https://doi.org/10.3390/s22228976,12,97
W2549214777,Using a Sequence of Earcons to Monitor Multiple Simulated Patients,2016,Human Factors The Journal of the Human Factors and Ergonomics Society,article,Healthcare Technology and Patient Monitoring,Surgery,Medicine,Health Sciences,https://doi.org/10.1177/0018720816670986,13,43
W2034711526,Multimedia exploratory data analysis for geospatial data mining: The case for augmented seriation,2001,Journal of the American Society for Information Science and Technology,article,Data Visualization and Analytics,Computer Vision and Pattern Recognition,Computer Science,Physical Sciences,https://doi.org/10.1002/asi.1119.abs,8,21
W3111200535,Free radical detection in water after processing by means of high voltage electrical discharges and high power ultrasound,2020,Journal of Food Processing and Preservation,article,Advanced Chemical Sensor Technologies,Biomedical Engineering,Engineering,Physical Sciences,https://doi.org/10.1111/jfpp.15176,14,34
W2562829537,Spatial accuracy of binaural synthesis from rigid spherical microphone array recordings,2016,Nippon Onkyo Gakkaishi/Acoustical science and technology/Nihon Onkyo Gakkaishi,article,Speech and Audio Processing,Signal Processing,Computer Science,Physical Sciences,https://doi.org/10.1250/ast.38.23,9,31
W4408723231,MUSIC-DRIVEN BIOFEEDBACK FOR ENHANCING DEADLIFT TECHNIQUE.,2025,INTERNATIONAL JOURNAL OF SCIENTIFIC RESEARCH,article,Music Technology and Sound Studies,Computer Vision and Pattern Recognition,Computer Science,Physical Sciences,https://doi.org/10.36106/ijsr/0225081,4,0
W616082995,Understanding Images: Finding Meaning in Digital Imagery,2011,,article,Advanced Image and Video Retrieval Techniques,Computer Vision and Pattern Recognition,Computer Science,Physical Sciences,,7,0
W3125168083,Anthropometric-based clustering of pinnae and its application in personalizing HRTFs,2021,International Journal of Industrial Ergonomics,article,Hearing Loss and Rehabilitation,Cognitive Neuroscience,Neuroscience,Life Sciences,https://doi.org/10.1016/j.ergon.2020.103076,12,47
W2182377365,"The Design of an Audio Film: Portraying Story, Action and Interaction through Sound",2009,,article,Subtitles and Audiovisual Media,Language and Linguistics,Arts and Humanities,Social Sciences,,9,12
W4384641343,Analysis by synthesis of engine sounds for the design of dynamic auditory feedback of electric vehicles,2023,Acta Acustica,article,Vehicle Noise and Vibration Control,Automotive Engineering,Engineering,Physical Sciences,https://doi.org/10.1051/aacus/2023031,5,25
W3088170012,Action observation improves sit-to-walk in patients with Parkinson's disease and freezing of gait. Biomechanical analysis of performance,2020,Parkinsonism & Related Disorders,article,"Balance, Gait, and Falls Prevention","Physical Therapy, Sports Therapy and Rehabilitation",Health Professions,Health Sciences,https://doi.org/10.1016/j.parkreldis.2020.09.029,18,14
W2943915666,Synthesis of Redox-Light Responsive Alginate Nano Hydrogel to Produce Smart Textile,2019,Fibers and Polymers,article,Advanced Sensor and Energy Harvesting Materials,Biomedical Engineering,Engineering,Physical Sciences,https://doi.org/10.1007/s12221-019-8905-0,14,16
W2982665448,Live Writing : Writing As A Real-Time Audiovisual Performance,2016,Zenodo (CERN European Organization for Nuclear Research),article,Music Technology and Sound Studies,Computer Vision and Pattern Recognition,Computer Science,Physical Sciences,https://doi.org/10.5281/zenodo.1176059,8,15
W2964465641,Multisensory integration in percussion performance,2010,HAL (Le Centre pour la Communication Scientifique Directe),preprint,Multisensory perception and integration,Experimental and Cognitive Psychology,Psychology,Social Sciences,,11,0
W2042148440,Cell surface binding simian virus 40 large t antigen becomes anchored and stably linked to lipid of the target cells,1984,Virology,article,Polyomavirus and related diseases,Oncology,Medicine,Health Sciences,https://doi.org/10.1016/0042-6822(84)90176-4,14,21
W4388798252,Beyond Virtual Reality: Towards Screen-Free Interfaces for Post-traumatic Stress Disorder Interventions,2023,,preprint,Virtual Reality Applications and Impacts,Human-Computer Interaction,Computer Science,Physical Sciences,https://doi.org/10.31234/osf.io/24beh,3,87
W2555943323,An on-road evaluation of connected motorcycle crash warning interface with different motorcycle types,2016,Transportation Research Part C Emerging Technologies,article,Human-Automation Interaction and Safety,Social Psychology,Psychology,Social Sciences,https://doi.org/10.1016/j.trc.2016.11.005,16,33
W3131374412,Properties of Milk Treated with High-Power Ultrasound and Bactofugation,2021,Food Technology and Biotechnology,article,Microbial Inactivation Methods,Biotechnology,"Biochemistry, Genetics and Molecular Biology",Life Sciences,https://doi.org/10.17113/ftb.59.01.21.6721,13,33
W2142163749,The Effects of Modality and Stress across Task Type on Human Performance,1987,Proceedings of the Human Factors and Ergonomics Society Annual Meeting,article,Visual perception and processing mechanisms,Cognitive Neuroscience,Neuroscience,Life Sciences,https://doi.org/10.1177/154193128703100507,8,7
W2549998403,Perovskite Nanoplatelets: Tuning the Optical Properties of Perovskite Nanoplatelets through Composition and Thickness by Ligand‐Assisted Exfoliation (Adv. Mater. 43/2016),2016,Advanced Materials,article,Perovskite Materials and Applications,Electrical and Electronic Engineering,Engineering,Physical Sciences,https://doi.org/10.1002/adma.201670299,5,0
W4285542158,Better act than see: individual differences in sensorimotor contingencies acquisition and (meta)cognitive strategies between users of a colour-to-sound sensory substitution device,2021,SSRN Electronic Journal,preprint,Tactile and Sensory Interactions,Cognitive Neuroscience,Neuroscience,Life Sciences,https://doi.org/10.2139/ssrn.4113324,2,96
W164611358,Strike on Stage : a Percussion and Media Performance,2011,arXiv (Cornell University),preprint,Interactive and Immersive Displays,Human-Computer Interaction,Computer Science,Physical Sciences,https://doi.org/10.48550/arxiv.2012.00250,5,2
W19509286,Supporting Soundscape Design in Virtual Environments with Content-based Audio Retrieval,2009,Journal of Virtual Worlds Research,article,Music and Audio Processing,Signal Processing,Computer Science,Physical Sciences,https://doi.org/10.4101/jvwr.v2i3.635,5,5
W2549968089,Creating Tangible Spatial-Musical Images From Physical Performance Gestures,2015,Zenodo (CERN European Organization for Nuclear Research),article,Music Technology and Sound Studies,Computer Vision and Pattern Recognition,Computer Science,Physical Sciences,https://doi.org/10.5281/zenodo.1179013,6,12
W2021859403,"Isolation of 1-methyliminazole-4-acetic acid, a metabolic product of histamine, from human urine",1963,Biochimica et Biophysica Acta,article,Polyamine Metabolism and Applications,Molecular Biology,"Biochemistry, Genetics and Molecular Biology",Life Sciences,https://doi.org/10.1016/0006-3002(63)91008-4,10,5
W4210508411,The Politics of Aesthetic Preference in Participatory Music,2022,Organised Sound,article,Music History and Culture,Music,Arts and Humanities,Social Sciences,https://doi.org/10.1017/s1355771822000012,13,27
W2247793894,A study of dendritic ionic liquid crystals: Using (S)-4-citronellyloxybenzoic acid and polypropylene imine dendrimers,2016,Journal of Molecular Liquids,article,Dendrimers and Hyperbranched Polymers,Polymers and Plastics,Materials Science,Physical Sciences,https://doi.org/10.1016/j.molliq.2015.12.070,10,32
W4237288659,Multimedia exploratory data analysis for geospatial data mining: The case for augmented seriation,2001,Journal of the American Society for Information Science and Technology,article,Geographic Information Systems Studies,"Geography, Planning and Development",Social Sciences,Social Sciences,https://doi.org/10.1002/asi.1119,7,22
W3021078426,Smart textiles in the performing arts,2018,,book-chapter,"Crafts, Textile, and Design",Museology,Arts and Humanities,Social Sciences,https://doi.org/10.1201/9781315100210-57,5,1
W2968068048,The impact of concurrent linguistic tasks on participants’ identification of spearcons,2019,Applied Ergonomics,article,Healthcare Technology and Patient Monitoring,Surgery,Medicine,Health Sciences,https://doi.org/10.1016/j.apergo.2019.102895,9,55
W4394612787,In-vehicle displays for driving automation: a scoping review of display design and evaluation using driver gaze measures,2024,Transport Reviews,article,Human-Automation Interaction and Safety,Social Psychology,Psychology,Social Sciences,https://doi.org/10.1080/01441647.2024.2336921,9,80
W2085503177,Use of ultrasonic degradation and nuclear magnetic resonance as tools for the elucidation of composition of rubber-reinforced plastics,1992,Materials Letters,article,NMR spectroscopy and applications,Nuclear and High Energy Physics,Physics and Astronomy,Physical Sciences,https://doi.org/10.1016/0167-577x(92)90212-3,5,9
W3096652517,Creating Music With Fuzzy Logic,2020,Frontiers in Artificial Intelligence,article,Music Technology and Sound Studies,Computer Vision and Pattern Recognition,Computer Science,Physical Sciences,https://doi.org/10.3389/frai.2020.00059,11,75
W3014245064,Audomni: Super-Scale Sensory Supplementation to Increase the Mobility of Blind and Low-Vision Individuals—A Pilot Study,2020,IEEE Transactions on Neural Systems and Rehabilitation Engineering,article,Tactile and Sensory Interactions,Cognitive Neuroscience,Neuroscience,Life Sciences,https://doi.org/10.1109/tnsre.2020.2985626,15,51
W2070222883,Technique for the purification of the hyphae of Filobasidiella neoformans,1981,Mycopathologia,article,Infectious Diseases and Mycology,Small Animals,Veterinary,Health Sciences,https://doi.org/10.1007/bf00575088,5,24
W4205768053,The biological roots of music and dance: Extending the credible signaling hypothesis to predator deterrence,2022,,preprint,Animal Vocal Communication and Behavior,Developmental Biology,"Biochemistry, Genetics and Molecular Biology",Life Sciences,https://doi.org/10.31234/osf.io/yvcqg,4,99
W1987343983,An<i>in vitro</i>assay for assessing the effects of dietary components such as fiber on lipase-catalyzed hydrolysis of long-chain triacylglycerols,1994,International Journal of Food Sciences and Nutrition,article,Diet and metabolism studies,Physiology,Medicine,Health Sciences,https://doi.org/10.3109/09637489409166156,7,52
W1972952227,Endogenous levels of β-carotene in human buccal mucosa cells by reversed-phase high-performance liquid chromatography,1990,Journal of Chromatography B Biomedical Sciences and Applications,article,Biochemical Analysis and Sensing Techniques,Nutrition and Dietetics,Nursing,Health Sciences,https://doi.org/10.1016/s0378-4347(00)82482-2,9,13
W2074654285,VOCAL AND OTHER BEHAVIOUR OF THE GREEN BARBET IN KENYA,1980,Ostrich,article,Wildlife Ecology and Conservation,Ecology,Environmental Science,Physical Sciences,https://doi.org/10.1080/00306525.1980.9633569,6,10
W2310146458,Measurement and validation of bone-conduction adjustment functions in virtual 3D audio displays,2009,SMARTech Repository (Georgia Institute of Technology),dissertation,Hearing Loss and Rehabilitation,Cognitive Neuroscience,Neuroscience,Life Sciences,,10,54
W2013259192,"Supporting drivers in concurrent lane and speed tracking tasks with novel visual, auditory, and tactile speedometer displays",2013,Proceedings of the Human Factors and Ergonomics Society Annual Meeting,article,Human-Automation Interaction and Safety,Social Psychology,Psychology,Social Sciences,https://doi.org/10.1177/1541931213571429,8,10
W1519388409,Using Sound to Reduce Visual Distraction from In-vehicle Human–Machine Interfaces,2015,Traffic Injury Prevention,article,Human-Automation Interaction and Safety,Social Psychology,Psychology,Social Sciences,https://doi.org/10.1080/15389588.2015.1020111,24,10
W2333132358,"Sonochemically Synthesized 3D Assemblies of Close-Packed In<sub>2</sub>S<sub>3</sub>Quantum Dots: Structure, Size Dependent Optical and Electrical Properties",2013,The Journal of Physical Chemistry C,article,Quantum Dots Synthesis And Properties,Materials Chemistry,Materials Science,Physical Sciences,https://doi.org/10.1021/jp310047t,23,51
W4315631060,Sounds of Health,2022,Proceedings of the ACM on Interactive Mobile Wearable and Ubiquitous Technologies,article,Tactile and Sensory Interactions,Cognitive Neuroscience,Neuroscience,Life Sciences,https://doi.org/10.1145/3570346,14,43
W3094268961,MTD: A Multimodal Dataset of Musical Themes for MIR Research,2020,Transactions of the International Society for Music Information Retrieval,article,Music and Audio Processing,Signal Processing,Computer Science,Physical Sciences,https://doi.org/10.5334/tismir.68,9,46
W2002154295,The Use of Sound for Data Exploration,2000,Bulletin of the American Society for Information Science and Technology,article,Data Visualization and Analytics,Computer Vision and Pattern Recognition,Computer Science,Physical Sciences,https://doi.org/10.1002/bult.173,9,0
W2015847900,Modelling storms in sound: the Atmospherics/Weather Works project,2004,Organised Sound,article,Music Technology and Sound Studies,Computer Vision and Pattern Recognition,Computer Science,Physical Sciences,https://doi.org/10.1017/s1355771804000251,4,1
W3092414245,Vrengt: A Shared Body-Machine Instrument for Music-Dance Performance,2019,arXiv (Cornell University),preprint,Music Technology and Sound Studies,Computer Vision and Pattern Recognition,Computer Science,Physical Sciences,https://doi.org/10.48550/arxiv.2010.03779,3,39
W2185627829,"A Simulator-Based Investigation of Visual, Auditory, and Mixed-Modality Display of Vehicle Dynamic State Information to Commercial Motor Vehicle Operators",1997,VTechWorks (Virginia Tech),dissertation,Human-Automation Interaction and Safety,Social Psychology,Psychology,Social Sciences,,9,51
W2325955913,The Sensorium: Psychophysiological Evaluation of Responses to a Multimodal Neurofeedback Environment,2016,Applied Psychophysiology and Biofeedback,article,Mindfulness and Compassion Interventions,Clinical Psychology,Psychology,Social Sciences,https://doi.org/10.1007/s10484-016-9332-2,14,25
W2410045933,Oxygen-dependent effect of microsomes on the binding of doxorubicin to rat hepatic nuclear DNA.,1987,Molecular Pharmacology,article,DNA and Nucleic Acid Chemistry,Molecular Biology,"Biochemistry, Genetics and Molecular Biology",Life Sciences,https://doi.org/10.1016/s0026-895x(25)10437-9,14,0
W4403714050,A multimodal approach to data analysis in astronomy: <scp>sonouno</scp> applications in photometry and spectroscopy,2024,RAS Techniques and Instruments,article,Flow Measurement and Analysis,Mechanics of Materials,Engineering,Physical Sciences,https://doi.org/10.1093/rasti/rzae042,2,22
W2043278038,Studies on Sensory Feedback: III the Effects of Display Gain on Tracking Performance,1965,Quarterly Journal of Experimental Psychology,article,Ergonomics and Musculoskeletal Disorders,Social Psychology,Psychology,Social Sciences,https://doi.org/10.1080/17470216508416433,5,42
W125810682,Robotics in Reality-Based Modeling,2000,,book-chapter,Advanced Vision and Imaging,Computer Vision and Pattern Recognition,Computer Science,Physical Sciences,https://doi.org/10.1007/978-1-4471-0765-1_43,4,30
W2024135873,Modeling geoscience data in a multisensory virtual environment,2004,Computing in Science & Engineering,article,Teleoperation and Haptic Systems,Mechanical Engineering,Engineering,Physical Sciences,https://doi.org/10.1109/mcise.2004.1255828,3,2
W1525671428,The Sonic Representation of Mathematical Data,2006,Arrow - TU Dublin (Technological University Dublin),dissertation,Music Technology and Sound Studies,Computer Vision and Pattern Recognition,Computer Science,Physical Sciences,https://doi.org/10.21427/d70w39,3,124
W4389675032,Introduction to the Special Issue on Sound in Human-Robot Interaction,2023,ACM Transactions on Human-Robot Interaction,editorial,Robot Manipulation and Learning,Control and Systems Engineering,Engineering,Physical Sciences,https://doi.org/10.1145/3632185,14,19
W2073738997,Spatial Multisensory Cueing to Support Visual Target-Acquisition Performance,2012,Proceedings of the Human Factors and Ergonomics Society Annual Meeting,article,Multisensory perception and integration,Experimental and Cognitive Psychology,Psychology,Social Sciences,https://doi.org/10.1177/1071181312561380,7,7
W82922310,Analysis/synthesis and spatialization of noisy environmental sounds,2009,HAL (Le Centre pour la Communication Scientifique Directe),preprint,Music Technology and Sound Studies,Computer Vision and Pattern Recognition,Computer Science,Physical Sciences,,2,26
W1591473556,Rhetorical Schemes for Audio Communication,2008,,article,Tactile and Sensory Interactions,Cognitive Neuroscience,Neuroscience,Life Sciences,,2,16
W68592957,IDENTIFICATION OF ENVIRONMENTAL SOUNDS: ROLE OF RHYTHMIC PROPERTIES,2006,,article,Noise Effects and Management,Speech and Hearing,Health Professions,Health Sciences,,2,9
W2522299162,Full automation in live-electronics: advantages and disadvantages,2009,,article,Music Technology and Sound Studies,Computer Vision and Pattern Recognition,Computer Science,Physical Sciences,,2,0
W5055321,SONIC TRIPTYCHON OF THE HUMAN BRAIN,2010,,article,Neural dynamics and brain function,Cognitive Neuroscience,Neuroscience,Life Sciences,https://doi.org/10.1152/ajplegacy.1972.223.3.644,2,4
W2893290864,Characterizing Driver Trust in Vehicle Control Algorithm Parameters,2018,Proceedings of the Human Factors and Ergonomics Society Annual Meeting,article,Human-Automation Interaction and Safety,Social Psychology,Psychology,Social Sciences,https://doi.org/10.1177/1541931218621413,7,14
W1994831901,Development of reactor design aid tool using virtual reality technology,2006,Fusion Engineering and Design,article,Nuclear reactor physics and engineering,Aerospace Engineering,Engineering,Physical Sciences,https://doi.org/10.1016/j.fusengdes.2006.07.043,9,4
W2528253595,SONIC EXPLORATIONS WITH EARTHQUAKE DATA,2008,,article,"Media, Communication, and Education",Communication,Social Sciences,Social Sciences,,2,4
W2732893848,Trajectory capture in frontal plane geometry for visually impaired,2006,,article,Tactile and Sensory Interactions,Cognitive Neuroscience,Neuroscience,Life Sciences,,2,10
W2793095322,Head-up Displays (HUD) in driving,2018,arXiv (Cornell University),preprint,Human-Automation Interaction and Safety,Social Psychology,Psychology,Social Sciences,https://doi.org/10.48550/arxiv.1803.08383,10,13
W4399384971,Comparison of visual and multisensory augmented reality for precise manual manipulation tasks,2024,Displays,article,Augmented Reality Applications,Computer Vision and Pattern Recognition,Computer Science,Physical Sciences,https://doi.org/10.1016/j.displa.2024.102768,4,63
W940624271,"How Many Auditory Icons, in a Control Room Environment, Can You Learn?",2014,KTH Publication Database DiVA (KTH Royal Institute of Technology),article,Safety Warnings and Signage,Social Psychology,Psychology,Social Sciences,,2,9
W3084641905,"Optimization, modeling, and characterization of water treatment sludge modified by ultrasound-assisted acid activation for enhancing of turbidity removal",2020,Environment Development and Sustainability,article,Coagulation and Flocculation Studies,Water Science and Technology,Environmental Science,Physical Sciences,https://doi.org/10.1007/s10668-020-00971-z,8,54
W4367845979,Formulation and tribological performance of engine oil blended with various non‐edible vegetable oils,2023,Lubrication Science,article,Lubricants and Their Additives,Mechanical Engineering,Engineering,Physical Sciences,https://doi.org/10.1002/ls.1654,8,60
W2102397845,"USER, SOUND CONTEXT AND USE CONTEXT: WHAT ARE THEIR ROLES IN 3D SOUND METAPHORS DESIGN?",2001,,article,Multisensory perception and integration,Experimental and Cognitive Psychology,Psychology,Social Sciences,,2,25
W96320506,Enumeration of Acidithiobacillus ferrooxidans adhered to agglomerated ores in bioleaching processes,2002,World Journal of Microbiology and Biotechnology,article,Metal Extraction and Bioleaching,Biomedical Engineering,Engineering,Physical Sciences,https://doi.org/10.1023/a:1021254524436,8,13
W2803063202,Advances in PhET Interactive Simulations: Interoperable and Accessible,2018,,book-chapter,Augmented Reality Applications,Computer Vision and Pattern Recognition,Computer Science,Physical Sciences,https://doi.org/10.1007/978-3-319-76935-6_6,13,22
W2997856531,"Spatial soundscape superposition, Part II: Signals and systems",2020,Nippon Onkyo Gakkaishi/Acoustical science and technology/Nihon Onkyo Gakkaishi,article,Noise Effects and Management,Speech and Hearing,Health Professions,Health Sciences,https://doi.org/10.1250/ast.41.297,3,35
W4283387438,Quantifying Susceptibility to Solidification Cracking in Oscillated CM247LC Superalloy Welds via Varestraint Testing,2022,Metals and Materials International,article,High Temperature Alloys and Creep,Mechanical Engineering,Engineering,Physical Sciences,https://doi.org/10.1007/s12540-022-01250-4,15,39
W2172341938,Making the Invisible Audible: Acoustic Interfaces for the Management of Wireless Sensor Networks,2008,Infoscience (Ecole Polytechnique Fédérale de Lausanne),article,Tactile and Sensory Interactions,Cognitive Neuroscience,Neuroscience,Life Sciences,,2,18
W2808855915,Uneasy listening: El subutilizado arte de sonificar datos para contar historias de injusticias sociales,2017,Revista Diseña,article,"Literature, Culture, and Aesthetics",Museology,Arts and Humanities,Social Sciences,https://doi.org/10.7764/disena.11.202-219,3,0
W2068749948,Audition and the sense of presence in virtual environments,1999,The Journal of the Acoustical Society of America,article,Virtual Reality Applications and Impacts,Human-Computer Interaction,Computer Science,Physical Sciences,https://doi.org/10.1121/1.425525,3,0
W2413667087,Prioritizing foreground selection of natural chirp sounds by tempo and spectral centroid,2016,Journal on Multimodal User Interfaces,article,Multisensory perception and integration,Experimental and Cognitive Psychology,Psychology,Social Sciences,https://doi.org/10.1007/s12193-016-0223-x,9,45
W2546697930,Teleoperated trajectory tracking of remotely operated vehicles using spatial auditory interface,2016,IFAC-PapersOnLine,article,Teleoperation and Haptic Systems,Mechanical Engineering,Engineering,Physical Sciences,https://doi.org/10.1016/j.ifacol.2016.10.327,6,25
W3016104015,"ElectroMagnetic Music: a new tool for attracting people's interest in Geosciences, while sensitizing them to planet sustainability",2020,Geoscience Communication,article,Seismic Waves and Analysis,Geophysics,Earth and Planetary Sciences,Physical Sciences,https://doi.org/10.5194/gc-3-329-2020,10,30
W105133301,Auditory Warnings and Displays: An Overview,2019,,book-chapter,Safety Warnings and Signage,Social Psychology,Psychology,Social Sciences,https://doi.org/10.4324/9780429455742-1,6,1
W1983039620,3D Audio Display for Pararescue Jumpers,2007,Proceedings of the Human Factors and Ergonomics Society Annual Meeting,article,Aerospace and Aviation Technology,Aerospace Engineering,Engineering,Physical Sciences,https://doi.org/10.1177/154193120705101916,5,8
W3040849411,Assessment of Emotional States Through Physiological Signals and Its Application in Music Therapy for Disabled People,2020,IEEE Access,article,EEG and Brain-Computer Interfaces,Cognitive Neuroscience,Neuroscience,Life Sciences,https://doi.org/10.1109/access.2020.3008269,14,43
W1976483778,Typical data and cluster analysis on head-related transfer functions from Chinese subjects,2015,Applied Acoustics,article,Hearing Loss and Rehabilitation,Cognitive Neuroscience,Neuroscience,Life Sciences,https://doi.org/10.1016/j.apacoust.2015.01.022,13,39
W4321443625,Data embodiment: approaching the body as a choreographic medium for performing abstract data,2023,International Journal of Performance Arts and Digital Media,article,Innovative Human-Technology Interaction,Human-Computer Interaction,Computer Science,Physical Sciences,https://doi.org/10.1080/14794713.2023.2175105,8,16
W2244817778,Endogenous Biologically Inspired Art of Complex Systems,2016,IEEE Computer Graphics and Applications,article,Virtual Reality Applications and Impacts,Human-Computer Interaction,Computer Science,Physical Sciences,https://doi.org/10.1109/mcg.2016.12,4,11
W1969058867,Documents mean more than just paper!,1997,Mathematical and Computer Modelling,article,"Mathematics, Computing, and Information Processing",Computational Theory and Mathematics,Computer Science,Physical Sciences,https://doi.org/10.1016/s0895-7177(97)00103-9,10,9
W1553395017,Synthesis of Spatially Extended Virtual Sources with Time-Frequency Decomposition of Mono Signals,2014,,article,Hearing Loss and Rehabilitation,Cognitive Neuroscience,Neuroscience,Life Sciences,,7,25
W2495151487,Information Data Fusion and Computer Network Defense,2011,IGI Global eBooks,book-chapter,Cognitive Science and Education Research,Cognitive Neuroscience,Neuroscience,Life Sciences,https://doi.org/10.4018/978-1-4666-0104-8.ch009,7,33
W4385226142,Sound Design for Paintings in Virtual Art Exhibitions,2023,Research Square,preprint,Music Technology and Sound Studies,Computer Vision and Pattern Recognition,Computer Science,Physical Sciences,https://doi.org/10.21203/rs.3.rs-3165055/v1,5,19
W2405294336,Preparation and Characterization of Carbon Nanofiber Composite Coated Fabric-Heating Elements,2015,Journal of the Korean Society of Clothing and Textiles,article,Advanced Sensor and Energy Harvesting Materials,Biomedical Engineering,Engineering,Physical Sciences,https://doi.org/10.5850/jksct.2015.39.2.247,11,8
W7250848,Responsive Sensate Environments: Past and Future Directions,2005,,book-chapter,3D Surveying and Cultural Heritage,Geology,Earth and Planetary Sciences,Physical Sciences,https://doi.org/10.1007/1-4020-3698-1_34,5,7
W1782359741,Histamine Release in the Dog After Leukocyte Lysate Injection,1971,Infection and Immunity,article,Mast cells and histamine,Immunology,Immunology and Microbiology,Life Sciences,https://doi.org/10.1128/iai.4.3.228-231.1971,9,11
W2017999789,Modeling the multi-sensory design space,2001,,article,Tactile and Sensory Interactions,Cognitive Neuroscience,Neuroscience,Life Sciences,,9,11
W2324890409,Rhythmic Walking Interaction with Auditory Feedback: Ecological Approaches in a Tempo Following Experiment,2015,IEEE Multimedia,article,Music Technology and Sound Studies,Computer Vision and Pattern Recognition,Computer Science,Physical Sciences,https://doi.org/10.1109/mmul.2015.27,4,16
W2901749056,Interactive mobile robot in a dynamic environment,2018,IFAC-PapersOnLine,article,Robotics and Sensor-Based Localization,Aerospace Engineering,Engineering,Physical Sciences,https://doi.org/10.1016/j.ifacol.2018.11.331,5,20
W1973448179,Measuring the Performance of Visual to Auditory Information Conversion,2013,PLoS ONE,article,Tactile and Sensory Interactions,Cognitive Neuroscience,Neuroscience,Life Sciences,https://doi.org/10.1371/journal.pone.0063042,3,28
W3099780260,Modeling of Individual HRTFs Based on Spatial Principal Component Analysis,2020,,article,Technology and Human Factors in Education and Health,"Public Health, Environmental and Occupational Health",Medicine,Health Sciences,,9,33
W1545802590,Developing an interactive overview for non-visual exploration of tabular numerical information,2009,OpenGrey (Institut de l'Information Scientifique et Technique),dissertation,Tactile and Sensory Interactions,Cognitive Neuroscience,Neuroscience,Life Sciences,,4,114
W27549113,EGGS in Action.,2011,New Interfaces for Musical Expression,article,Music Technology and Sound Studies,Computer Vision and Pattern Recognition,Computer Science,Physical Sciences,,5,8
W4391351983,Enhancing Perceptual—Motor Skills in Sports: The Role of Ecological Sounds,2024,Journal of Intelligence,article,Action Observation and Synchronization,Social Psychology,Psychology,Social Sciences,https://doi.org/10.3390/jintelligence12020015,8,52
W1969807657,Living with alarms: the audio environment in an intensive care unit,2011,AI & Society,article,Healthcare Technology and Patient Monitoring,Surgery,Medicine,Health Sciences,https://doi.org/10.1007/s00146-011-0344-4,3,3
W1499014042,An Application of Lunar GIS with Visualized and Auditory Japan’s Lunar Explorer “Kaguya” Data,2009,,book-chapter,Tactile and Sensory Interactions,Cognitive Neuroscience,Neuroscience,Life Sciences,https://doi.org/10.1007/978-90-481-3660-5_27,2,2
W2014189250,Mitigating Accident Risk in Farm Tractors,2008,Ergonomics in Design The Quarterly of Human Factors Applications,article,Agriculture and Farm Safety,Plant Science,Agricultural and Biological Sciences,Life Sciences,https://doi.org/10.1518/106480408x282737,4,9
W2186176482,Spatial audition in a static virtual environment : the role of auditory-visual interaction,2024,HAL (Le Centre pour la Communication Scientifique Directe),article,Multisensory perception and integration,Experimental and Cognitive Psychology,Psychology,Social Sciences,https://doi.org/10.20385/1860-2037/6.2009.5,6,37
W2094352413,Serological relationship of a Japanese Babesia species and Babesia bigemina by the complement fixation and capillary-tube agglutination tests,1979,Veterinary Parasitology,article,Vector-borne infectious diseases,Parasitology,Immunology and Microbiology,Life Sciences,https://doi.org/10.1016/0304-4017(79)90037-2,6,7
W3158724358,Acoustic Feedback in Gait Rehabilitation—Pre-Post Effects in Patients With Unilateral Hip Arthroplasty,2021,Frontiers in Sports and Active Living,article,"Balance, Gait, and Falls Prevention","Physical Therapy, Sports Therapy and Rehabilitation",Health Professions,Health Sciences,https://doi.org/10.3389/fspor.2021.654546,7,49
W4402081406,From operational to strategic modelling: A continuous multi-scale approach for last-mile analysis,2024,Transportation Research Part E Logistics and Transportation Review,article,Urban and Freight Transport Logistics,Building and Construction,Engineering,Physical Sciences,https://doi.org/10.1016/j.tre.2024.103738,10,77
W2134480764,Auditory External Representations: Exploring and Evaluating the Design and Learnability of an Auditory UML Diagram,2007,,article,Usability and User Interface Design,Human-Computer Interaction,Computer Science,Physical Sciences,,2,9
W2762025550,On Data-Driven Approaches to Head-Related-Transfer Function Personalization,2017,RMIT Research Repository (RMIT University Library),article,Speech Recognition and Synthesis,Artificial Intelligence,Computer Science,Physical Sciences,https://doi.org/10.17743/aesconv.2017.978-1-942220-18-3,5,0
W4401456453,Head-up Displays Improve Drivers’ Performance and Subjective Perceptions with the In-Vehicle Gesture Interaction System,2024,International Journal of Human-Computer Interaction,article,Human-Automation Interaction and Safety,Social Psychology,Psychology,Social Sciences,https://doi.org/10.1080/10447318.2024.2387397,7,47
W2903915379,Gestural qualities in music and outward bodily responses,2017,,book-chapter,Action Observation and Synchronization,Social Psychology,Psychology,Social Sciences,https://doi.org/10.4324/9781315569628-5,3,1
W4396609000,Toward an Auditory Virtual Observatory,2024,Journal of the Audio Engineering Society,article,Time Series Analysis and Forecasting,Signal Processing,Computer Science,Physical Sciences,https://doi.org/10.17743/jaes.2022.0146,2,31
W2344615509,Sensor evaluation for real-time pace and step detection for sonic interaction,2010,Ghent University Academic Bibliography (Ghent University),report,Music Technology and Sound Studies,Computer Vision and Pattern Recognition,Computer Science,Physical Sciences,,2,8
W2281107810,VIRTUAL AUDITORY MYOGRAPHY OF TIMPANI-PLAYING AVATARS,2010,,article,Tactile and Sensory Interactions,Cognitive Neuroscience,Neuroscience,Life Sciences,,2,27
W2033833181,A study of ferritin iron formation in the rabbit alveolar macrophage,1973,Experimental Cell Research,article,Iron Metabolism and Disorders,Hematology,Medicine,Health Sciences,https://doi.org/10.1016/0014-4827(73)90042-6,6,11
W2985082472,"Supporting Multitracking Performance With Novel Visual, Auditory, and Tactile Displays",2019,IEEE Transactions on Human-Machine Systems,article,Human-Automation Interaction and Safety,Social Psychology,Psychology,Social Sciences,https://doi.org/10.1109/thms.2019.2947580,9,34
W2012852413,Strategy of fabricating enriched gold nanoparticles based on electrochemical methods,2011,Materials Letters,article,Electrochemical Analysis and Applications,Electrochemistry,Chemistry,Physical Sciences,https://doi.org/10.1016/j.matlet.2011.03.036,6,11
W3098444695,Holding the Cosmos in Your Hand: Developing 3D Modeling and Printing Pipelines for Communications and Research,2020,Frontiers in Earth Science,article,Plant and Biological Electrophysiology Studies,Plant Science,Agricultural and Biological Sciences,Life Sciences,https://doi.org/10.3389/feart.2020.590295,5,61
W4391352207,Ecomprovisation: Project <i>Markarian 335</i>,2023,Organised Sound,article,Architecture and Computational Design,Architecture,Engineering,Physical Sciences,https://doi.org/10.1017/s1355771823000651,4,37
W2405553465,The Soundtrack: Putting Music in its Place.,2007,Bournemouth University Research Online (Bournemouth University),article,Music and Audio Processing,Signal Processing,Computer Science,Physical Sciences,,5,3
W4238297543,Transmission: A Telepresence Interface for Neural and Kinetic Interaction,2014,Leonardo,article,Music Technology and Sound Studies,Computer Vision and Pattern Recognition,Computer Science,Physical Sciences,https://doi.org/10.1162/leon_a_00843,5,0
W4238340301,PREFERRED SOUND INTENSITY INCREASE FOR SENSATION OF HALF DISTANCE,1991,Perceptual and Motor Skills,article,Color perception and design,Social Psychology,Psychology,Social Sciences,https://doi.org/10.2466/pms.72.3.1019-1029,3,0
W3193908215,Poly(tannin urethane)-Stabilized Multiwalled Carbon Nanotube Aqueous Dispersion for Antistatic Coating,2021,Industrial & Engineering Chemistry Research,article,Advanced Sensor and Energy Harvesting Materials,Biomedical Engineering,Engineering,Physical Sciences,https://doi.org/10.1021/acs.iecr.1c02880,14,33
W2099324991,Variable 4: A Dynamical Composition for Weather Systems,2011,Goldsmiths (University of London),article,Music Technology and Sound Studies,Computer Vision and Pattern Recognition,Computer Science,Physical Sciences,https://doi.org/10.25602/gold.00006506,3,15
W2093461501,Normal and abnormal coordination of movements: A polymyographic approach,1966,Journal of the Neurological Sciences,article,Neurological disorders and treatments,Neurology,Medicine,Health Sciences,https://doi.org/10.1016/0022-510x(66)90044-x,10,1
W2334458590,An Instrumented Ankle-Foot Orthosis with Auditory Biofeedback for Blind and Sighted Individuals,2015,IEEE Multimedia,article,Muscle activation and electromyography studies,Biomedical Engineering,Engineering,Physical Sciences,https://doi.org/10.1109/mmul.2015.21,3,0
W2012437462,Efficient Approximation of Head-Related Transfer Functions in Subbands for Accurate Sound Localization,2015,IEEE/ACM Transactions on Audio Speech and Language Processing,article,Hearing Loss and Rehabilitation,Cognitive Neuroscience,Neuroscience,Life Sciences,https://doi.org/10.1109/taslp.2015.2425219,7,43
W2790619349,Spatialized audio improves call sign recognition during multi-aircraft control,2018,Applied Ergonomics,article,Human-Automation Interaction and Safety,Social Psychology,Psychology,Social Sciences,https://doi.org/10.1016/j.apergo.2018.02.007,7,39
W3033193059,"Liquified protein vibrations, classification and cross-paradigm <i>de novo</i> image generation using deep neural networks",2020,Nano Futures,article,Microfluidic and Bio-sensing Technologies,Biomedical Engineering,Engineering,Physical Sciences,https://doi.org/10.1088/2399-1984/ab9a27,14,34
W4404970494,Convective Drying with the Application of Ultrasonic Pre-Treatment: The Effect of Applied Conditions on the Selected Properties of Dried Apples,2024,Foods,article,Food Drying and Modeling,Food Science,Agricultural and Biological Sciences,Life Sciences,https://doi.org/10.3390/foods13233893,9,38
W1981284647,Additional studies of histoplasmin formation,1966,Mycopathologia,article,Legume Nitrogen Fixing Symbiosis,Plant Science,Agricultural and Biological Sciences,Life Sciences,https://doi.org/10.1007/bf02130354,8,13
W2326525232,"Manifold effects of palmitoylcarnitine on endoplasmic reticulum metabolism: 11β-hydroxysteroid dehydrogenase 1, flux through hexose-6-phosphate dehydrogenase and NADPH concentration",2011,Biochemical Journal,article,Hormonal Regulation and Hypertension,"Endocrinology, Diabetes and Metabolism",Medicine,Health Sciences,https://doi.org/10.1042/bj20102069,11,47
W2581887616,Toward adapting spatial audio displays for use with bone conduction: the cancellation of bone-conducted and air-conducted sound waves.,2006,UPT. Syiah Kuala University Library (Syiah Kuala University),dissertation,Hearing Loss and Rehabilitation,Cognitive Neuroscience,Neuroscience,Life Sciences,,3,25
W4399605774,Émile Jaques-Dalcroze as a visionary pioneer of Neurologic Music Therapy,2016,Approaches An Interdisciplinary Journal of Music Therapy,article,Neurology and Historical Studies,Neurology,Neuroscience,Life Sciences,https://doi.org/10.56883/aijmt.2016.332,6,0
W2037673007,Audiovisual Harmony: The realtime audiovisualisation of a single data source in <i>Construction in Zhuangzi</i>,2012,Organised Sound,article,Multisensory perception and integration,Experimental and Cognitive Psychology,Psychology,Social Sciences,https://doi.org/10.1017/s1355771812000076,4,40
W46943982,On Mapping EEG Information into Music,2014,,book-chapter,Neuroscience and Music Perception,Cognitive Neuroscience,Neuroscience,Life Sciences,https://doi.org/10.1007/978-1-4471-6584-2_10,6,51
W1513888342,"Socio-ec(h)o: Focus, listening and collaboration in the experience of ambient intelligent environments",2010,Summit (Simon Fraser University),article,Data Visualization and Analytics,Computer Vision and Pattern Recognition,Computer Science,Physical Sciences,,2,16
W3041088092,Biological Measures that Reflect Auditory Perception,2015,NTT technical review,article,Color perception and design,Social Psychology,Psychology,Social Sciences,https://doi.org/10.53829/ntr201511fa3,3,2
W2097293467,<i>In Vitro</i>Observation of Air Bubbles during Delivery of Various Detachable Aneurysm Embolization Coils,2012,Korean Journal of Radiology,article,Intracranial Aneurysms: Treatment and Complications,Neurology,Medicine,Health Sciences,https://doi.org/10.3348/kjr.2012.13.4.412,9,24
W2010950088,The effects of some salicylate analogues on human blood platelets: 2. The role of platelet acetylation in the inhibition of platelet aggregation,1974,Life Sciences,article,Antiplatelet Therapy and Cardiovascular Diseases,Cardiology and Cardiovascular Medicine,Medicine,Health Sciences,https://doi.org/10.1016/0024-3205(74)90450-0,9,9
W4391165733,Modeling of Individual Head-Related Transfer Functions (HRTFs) Based on Spatiotemporal and Anthropometric Features Using Deep Neural Networks,2024,IEEE Access,article,Hearing Loss and Rehabilitation,Cognitive Neuroscience,Neuroscience,Life Sciences,https://doi.org/10.1109/access.2024.3358202,9,34
W3002849069,Hair nicotine concentration of cats with gastrointestinal lymphoma and unaffected control cases,2020,Veterinary Record,article,Smoking Behavior and Cessation,Physiology,Medicine,Health Sciences,https://doi.org/10.1136/vr.105564,8,24
W4292485499,Studi Awal Sonifikasi Pada Data Gerak Parabola Berbantuan Arduino Uno R3 Atmega328,2022,JIPFRI (Jurnal Inovasi Pendidikan Fisika dan Riset Ilmiah),article,Experimental and Theoretical Physics Studies,Statistical and Nonlinear Physics,Physics and Astronomy,Physical Sciences,https://doi.org/10.30599/jipfri.v6i1.1483,3,17
W2324715280,Identifying the Temporal Patterning Confusions in Audio Displays: Developing Guidelines for Complex Audio Displays,1991,Proceedings of the Human Factors and Ergonomics Society Annual Meeting,article,Safety Warnings and Signage,Social Psychology,Psychology,Social Sciences,https://doi.org/10.1177/154193129103501034,2,8
W2770457274,<i>At the End of Night</i>: explorations of Antarctica and Space in the sound art of Philip Samartzis,2017,The Polar Journal,article,Polar Research and Ecology,Ecology,Environmental Science,Physical Sciences,https://doi.org/10.1080/2154896x.2017.1373911,7,9
W2055059744,Sonic Trampoline: How Audio Feedback Impacts the User's Experience of Jumping,2015,IEEE Multimedia,article,Music Technology and Sound Studies,Computer Vision and Pattern Recognition,Computer Science,Physical Sciences,https://doi.org/10.1109/mmul.2015.13,3,10
W2577481829,Hair nicotine concentration measurement in cats and its relationship to owner‐reported environmental tobacco smoke exposure,2017,Journal of Small Animal Practice,article,Human-Animal Interaction Studies,Genetics,"Biochemistry, Genetics and Molecular Biology",Life Sciences,https://doi.org/10.1111/jsap.12616,9,41
W2759162409,TIME-DOMAIN ANALYSIS / SYNTHESIS OF THE EXCITATION SIGNAL IN A SOURCE / FILTER MODEL OF CONTACT SOUNDS,2008,,article,Music Technology and Sound Studies,Computer Vision and Pattern Recognition,Computer Science,Physical Sciences,,4,18
W2884327842,Orchestrations of consciousness in the universe: Consciousness and electronic music applied to Xenolinguistics and Adnyamathanha aboriginal songs,2018,Technoetic Arts,article,Space Science and Extraterrestrial Life,Astronomy and Astrophysics,Physics and Astronomy,Physical Sciences,https://doi.org/10.1386/tear.16.1.113_1,2,0
W2325575494,Sonic trampoline: the effect of audio feedback on the user experience during an exercise of jumping,2015,IEEE Multimedia,article,Music Technology and Sound Studies,Computer Vision and Pattern Recognition,Computer Science,Physical Sciences,https://doi.org/10.1109/mmul.2015.29,3,0
W1512234659,Collaborating through sounds : audio-only interaction with diagrams,2010,Queen Mary Research Online (Queen Mary University of London),dissertation,Tactile and Sensory Interactions,Cognitive Neuroscience,Neuroscience,Life Sciences,,4,15
W3137582290,Application of ecoacoustic monitoring in the field of biodiversity science.,2021,PubMed,article,Animal Vocal Communication and Behavior,Developmental Biology,"Biochemistry, Genetics and Molecular Biology",Life Sciences,https://doi.org/10.13287/j.1001-9332.202103.032,6,0
W2360137255,Designing and Deploying Meaningful Auditory Alarms for Control Systems,2017,,book-chapter,Healthcare Technology and Patient Monitoring,Surgery,Medicine,Health Sciences,https://doi.org/10.1007/978-3-319-51941-8_12,6,43
W2330140607,Use of Participatory Design to Enhance Accessibility of Slate-Type Devices,2012,Proceedings of the Human Factors and Ergonomics Society Annual Meeting,article,Usability and User Interface Design,Human-Computer Interaction,Computer Science,Physical Sciences,https://doi.org/10.1177/1071181312561288,5,12
W2413582895,Aggregation of microspheres in blood flow measurements.,1991,PubMed,article,Cardiac Arrhythmias and Treatments,Cardiology and Cardiovascular Medicine,Medicine,Health Sciences,,2,0
W4211249361,High Fidelity Haptic Rendering,2006,Synthesis lectures on computer graphics and animation,article,Teleoperation and Haptic Systems,Mechanical Engineering,Engineering,Physical Sciences,https://doi.org/10.2200/s00045ed1v01y200609cgr002,7,59
W4224285446,"Wave-like behaviour in (0,1) binary sequences",2022,Scientific Reports,article,Fractal and DNA sequence analysis,Molecular Biology,"Biochemistry, Genetics and Molecular Biology",Life Sciences,https://doi.org/10.1038/s41598-022-18360-z,4,15
W2606231405,trees: Pinus sylvestris,2016,Journal for Artistic Research,article,Plant and Biological Electrophysiology Studies,Plant Science,Agricultural and Biological Sciences,Life Sciences,https://doi.org/10.22501/jar.215961,3,0
W1931273666,"Sonic Interaction Design. Catalogue of an Exhibition at Norwegian Museum of Science, Technology and Medicine",2011,,article,Music Technology and Sound Studies,Computer Vision and Pattern Recognition,Computer Science,Physical Sciences,,5,0
W2056042409,Using bisensory feedback displays for space teleoperation,1991,Acta Astronautica,article,Tactile and Sensory Interactions,Cognitive Neuroscience,Neuroscience,Life Sciences,https://doi.org/10.1016/0094-5765(91)90189-c,3,30
W2185068083,Speech and Non-Speech Audio: Navigational Information and Cognitive Load,2007,,article,Tactile and Sensory Interactions,Cognitive Neuroscience,Neuroscience,Life Sciences,,2,19
W2063395869,Solubilization of 3-hydroxy-3-methylglutaryl coenzyme A reductase from rat and chicken liver microsomes,1978,Analytical Biochemistry,article,Plant biochemistry and biosynthesis,Molecular Biology,"Biochemistry, Genetics and Molecular Biology",Life Sciences,https://doi.org/10.1016/0003-2697(78)90779-0,8,11
W4283015899,Loudness affects motion: asymmetric volume of auditory feedback results in asymmetric gait in healthy young adults,2022,BMC Musculoskeletal Disorders,article,Motor Control and Adaptation,Cognitive Neuroscience,Neuroscience,Life Sciences,https://doi.org/10.1186/s12891-022-05503-6,16,84
W2769613965,Hydroxyapatite Coating on Alloys CoCrMo-TiN with Sol-Gel Method,2016,Indonesian Journal of Fundamental and Applied Chemistry,article,Bone Tissue Engineering Materials,Biomedical Engineering,Engineering,Physical Sciences,https://doi.org/10.24845/ijfac.v1.i3.55,2,7
W70980070,Challenges to Real-Time Decision Support in Health Care,2008,,article,Patient Safety and Medication Errors,Emergency Medical Services,Health Professions,Health Sciences,,16,27
W48151510,Sound kitchen: designing a chemically controlled musical performance,2003,,article,Music Technology and Sound Studies,Computer Vision and Pattern Recognition,Computer Science,Physical Sciences,https://doi.org/10.5072/zenodo.205269,3,0
W2596175649,Q-Switched Ytterbium doped fiber laser with graphene oxide embedded in polyethylene oxide film based saturable absorber,2015,Journal of Optoelectronics and Advanced Materials,article,Advanced Fiber Laser Technologies,"Atomic and Molecular Physics, and Optics",Physics and Astronomy,Physical Sciences,,5,0
W2070061330,Reflections on sonic browsing,2005,ACM Transactions on Applied Perception,article,Music and Audio Processing,Signal Processing,Computer Science,Physical Sciences,https://doi.org/10.1145/1101530.1101549,2,24
W2118359256,"Auditory Progress Bars: The effects of Feedback, Endpoint and Free Response on Estimations of Time Remaining",2012,Proceedings of the Human Factors and Ergonomics Society Annual Meeting,article,Human-Automation Interaction and Safety,Social Psychology,Psychology,Social Sciences,https://doi.org/10.1177/1071181312561335,3,12
W2026041664,Perception and replication of planar sonic gestures,2012,ACM Transactions on Applied Perception,article,Tactile and Sensory Interactions,Cognitive Neuroscience,Neuroscience,Life Sciences,https://doi.org/10.1145/2355598.2355601,4,57
W3188620338,Mood of the Planet: Challenging Visions of Big Data in the Arts,2021,Cognitive Computation,article,Aesthetic Perception and Analysis,Cognitive Neuroscience,Neuroscience,Life Sciences,https://doi.org/10.1007/s12559-020-09766-w,4,23
W3204545170,Chemical composition: Hearing insect defensive volatiles,2021,Patterns,article,Insect Pheromone Research and Control,Insect Science,Agricultural and Biological Sciences,Life Sciences,https://doi.org/10.1016/j.patter.2021.100352,5,80
W4408403039,Protocol for chromatin immunoprecipitation of chromatin-binding proteins in Schizosaccharomyces pombe using a dual-crosslinking approach,2025,STAR Protocols,article,Genomics and Chromatin Dynamics,Molecular Biology,"Biochemistry, Genetics and Molecular Biology",Life Sciences,https://doi.org/10.1016/j.xpro.2025.103695,3,15
W2592575041,A study on variability of anthropometric data of various pinna patterns of human ear for individualization of head related transfer function,2017,,book-chapter,Consumer Perception and Purchasing Behavior,Marketing,"Business, Management and Accounting",Social Sciences,https://doi.org/10.1201/9781315400624-57,4,2
W2510242620,Measuring Cognitive Efficiency of Novel Speedometer Displays,2016,Proceedings of the Human Factors and Ergonomics Society Annual Meeting,article,Human-Automation Interaction and Safety,Social Psychology,Psychology,Social Sciences,https://doi.org/10.1177/1541931213601442,4,10
W2336384768,Sensory Substitution for Visually Disabled People: Computer Solutions,2010,,article,Tactile and Sensory Interactions,Cognitive Neuroscience,Neuroscience,Life Sciences,,5,26
W3016473533,‘Visual’ acuity of the congenitally blind using visual-to-auditory sensory substitution,2012,Seeing and Perceiving,article,Tactile and Sensory Interactions,Cognitive Neuroscience,Neuroscience,Life Sciences,https://doi.org/10.1163/187847612x648206,6,0
W4253188127,Supporting Anesthetic Monitoring through Tactile Display of Physiological Parameters,2009,Proceedings of the Human Factors and Ergonomics Society Annual Meeting,article,Healthcare Technology and Patient Monitoring,Surgery,Medicine,Health Sciences,https://doi.org/10.1518/107118109x12524444081313,2,0
W1966453714,Audio formatting—Making spoken text and math comprehensible,1997,International Journal of Speech Technology,article,Visual and Cognitive Learning Processes,Experimental and Cognitive Psychology,Psychology,Social Sciences,https://doi.org/10.1007/bf02215801,9,4
W2513613876,The NA3 Audio Server,1994,,article,Music Technology and Sound Studies,Computer Vision and Pattern Recognition,Computer Science,Physical Sciences,,2,0
W4226411964,The Design of Interactive Real-Time Audio Feedback Systems for Application in Sports,2022,,book-chapter,Music Technology and Sound Studies,Computer Vision and Pattern Recognition,Computer Science,Physical Sciences,https://doi.org/10.4324/9781003205111-6,2,0
W4238287638,Audio formatting—Making spoken text and math comprehensible,1995,International Journal of Speech Technology,article,Multimedia Communication and Technology,Sociology and Political Science,Social Sciences,Social Sciences,https://doi.org/10.1007/bf02277177,9,1
W3189827477,Electronic_Khipu_: Thinking in Experimental Sound from an Ancestral Andean Interface,2020,Computer Music Journal,article,Music Technology and Sound Studies,Computer Vision and Pattern Recognition,Computer Science,Physical Sciences,https://doi.org/10.1162/comj_a_00561,7,31
W4205368384,A User Centred Inclusive Web Framework for Astronomy,2019,Proceedings of the International Astronomical Union,article,"Radio, Podcasts, and Digital Media",Communication,Social Sciences,Social Sciences,https://doi.org/10.1017/s1743921321000272,2,1
W2808295420,User-independent Accelerometer Gesture Recognition for Participatory Mobile Music,2018,Journal of the Audio Engineering Society,article,Music Technology and Sound Studies,Computer Vision and Pattern Recognition,Computer Science,Physical Sciences,https://doi.org/10.17743/jaes.2018.0026,4,24
W2081795272,Comparison between a dorsal and a belt tactile display prototype for decoding physiological events in the operating room,2009,Journal of Clinical Monitoring and Computing,article,Healthcare Technology and Patient Monitoring,Surgery,Medicine,Health Sciences,https://doi.org/10.1007/s10877-009-9175-y,11,20
W3007079640,Visual-to-auditory sensory substitution alters language asymmetry in both sighted novices and experienced visually impaired users,2020,Applied Ergonomics,article,Tactile and Sensory Interactions,Cognitive Neuroscience,Neuroscience,Life Sciences,https://doi.org/10.1016/j.apergo.2020.103072,11,77
W2886835738,STRATEGI PROMOSI MELALUI MEDIA PERIKLANAN DESA WISATA KUBU GADANG KOTA PADANG PANJANG,2018,JURNAL PENDIDIKAN DAN KELUARGA,article,SMEs Development and Digital Marketing,Demography,Social Sciences,Social Sciences,https://doi.org/10.24036/jpk/vol9-iss2/119,12,0
W2525999881,Internal representations of auditory frequency: Behavioral studies of format and malleability by instructions,2009,SMARTech Repository (Georgia Institute of Technology),dissertation,Neuroscience and Music Perception,Cognitive Neuroscience,Neuroscience,Life Sciences,,2,0
W2040232999,“Cognitive Efficiency” in Display Media: A First Investigation of Basic Signal Dimensions,2012,Proceedings of the Human Factors and Ergonomics Society Annual Meeting,article,Human-Automation Interaction and Safety,Social Psychology,Psychology,Social Sciences,https://doi.org/10.1177/1071181312561392,2,18
W2944953080,Your Brain on Art: A New Paradigm to Study Artistic Creativity Based on the ‘Exquisite Corpse’ Using Mobile Brain-Body Imaging,2019,,book-chapter,EEG and Brain-Computer Interfaces,Cognitive Neuroscience,Neuroscience,Life Sciences,https://doi.org/10.1007/978-3-030-14323-7_10,7,53
W4380301524,Evaluating the catalytic effect of Fe@Fe2O3-modified granulated cork as an innovative heterogeneous catalyst in electro-fenton degradation of benzoquinone in different aqueous matrices,2023,Chemosphere,article,Advanced oxidation water treatment,Water Science and Technology,Environmental Science,Physical Sciences,https://doi.org/10.1016/j.chemosphere.2023.139209,9,64
W2206636186,Technological advancements in sport psychology,2014,PUB – Publications at Bielefeld University (Bielefeld University),book-chapter,EEG and Brain-Computer Interfaces,Cognitive Neuroscience,Neuroscience,Life Sciences,https://doi.org/10.4324/9781315880198-75,3,0
W1991201218,Evaluation of Multiparameter Vibrotactile Display Designs to Support Physiological Monitoring Performance in Anesthesiology,2011,Proceedings of the Human Factors and Ergonomics Society Annual Meeting,article,Human-Automation Interaction and Safety,Social Psychology,Psychology,Social Sciences,https://doi.org/10.1177/1071181311551061,4,15
W4396997740,Personalised music as a treatment for epilepsy,2024,Epilepsy & Behavior,article,Music Therapy and Health,Social Psychology,Psychology,Social Sciences,https://doi.org/10.1016/j.yebeh.2024.109829,6,36
W3042437648,Investigation on the mechanical and stealth behavior of CNT based polymer composites,2020,Materials Today Proceedings,article,Electromagnetic wave absorption materials,"Electronic, Optical and Magnetic Materials",Materials Science,Physical Sciences,https://doi.org/10.1016/j.matpr.2020.06.152,6,14
W24468112,School-to-Work Partnerships and Employer Participation: Evidence on Persistence and Attrition from the National Employer Survey.,1999,Chemosphere,article,Education Systems and Policy,Education,Social Sciences,Social Sciences,https://doi.org/10.1016/j.chemosphere.2013.12.022,9,13
W2951582018,Autoencoding sensory substitution,2019,arXiv (Cornell University),preprint,Neural dynamics and brain function,Cognitive Neuroscience,Neuroscience,Life Sciences,https://doi.org/10.13140/rg.2.2.10576.87048,9,162
W2010702681,Antibody response in six HACEK endocarditis cases under therapy,1998,Apmis,article,Infective Endocarditis Diagnosis and Management,Epidemiology,Medicine,Health Sciences,https://doi.org/10.1111/j.1699-0463.1998.tb01383.x,14,18
W3199322465,Pre-Trained-Based Individualization Model for Real-Time Spatial Audio Rendering System,2021,IEEE Access,article,Hearing Loss and Rehabilitation,Cognitive Neuroscience,Neuroscience,Life Sciences,https://doi.org/10.1109/access.2021.3113133,8,42
W80094222,"Making Things Growl, Purr and Sing",2014,,book-chapter,Psychological Well-being and Life Satisfaction,Social Psychology,Psychology,Social Sciences,https://doi.org/10.1007/978-1-4939-0536-2_8,2,6
W2008118376,An innovative method for quality control of conjugated Haemophilus influenzae vaccines: A short review of two-dimensional nanoparticle electrophoresis,2009,Journal of Chromatography A,article,Monoclonal and Polyclonal Antibodies Research,"Radiology, Nuclear Medicine and Imaging",Medicine,Health Sciences,https://doi.org/10.1016/j.chroma.2009.08.027,6,37
W2054075606,Perceptual Validation Experiments for Evaluating the Quality of Wavelet-Synthesized Sounds,2002,PRESENCE Virtual and Augmented Reality,article,Tactile and Sensory Interactions,Cognitive Neuroscience,Neuroscience,Life Sciences,https://doi.org/10.1162/105474602320935847,4,22
W2554218146,INFLUENCE OF INTERACTIVE AUDITORY FEEDBACK ON THE HAPTIC PERCEPTION OF VIRTUAL OBJECTS,2007,,article,Tactile and Sensory Interactions,Cognitive Neuroscience,Neuroscience,Life Sciences,,2,6
W2524883184,What is the sound of the Earth? First steps into EMusic,2016,First Break,article,Seismic Waves and Analysis,Geophysics,Earth and Planetary Sciences,Physical Sciences,https://doi.org/10.3997/1365-2397.34.4.84067,3,0
W4407595080,Multi-faceted sensory substitution using wearable technology for curb alerting: a pilot investigation with persons with blindness and low vision,2025,Disability and Rehabilitation Assistive Technology,article,Tactile and Sensory Interactions,Cognitive Neuroscience,Neuroscience,Life Sciences,https://doi.org/10.1080/17483107.2025.2463541,3,50
W2082098534,Translation from Neurobiological Data to Music Parameters,2003,Annals of the New York Academy of Sciences,article,Neuroscience and Music Perception,Cognitive Neuroscience,Neuroscience,Life Sciences,https://doi.org/10.1196/annals.1284.039,10,38
W4410695092,Acoustic Technics,2015,Lexington Books,book,Music Technology and Sound Studies,Computer Vision and Pattern Recognition,Computer Science,Physical Sciences,https://doi.org/10.5040/9781666983616,3,0
W4406924594,Quantum computing for swarm robotics: a local-to-global approach,2025,Philosophical Transactions of the Royal Society A Mathematical Physical and Engineering Sciences,article,Quantum Computing Algorithms and Architecture,Artificial Intelligence,Computer Science,Physical Sciences,https://doi.org/10.1098/rsta.2024.0139,5,35
W166655857,Spatial Audio Displays for Improving Safety and Enhancing Situation Awareness in General Aviation Environments,2005,Defense Technical Information Center (DTIC),article,Noise Effects and Management,Speech and Hearing,Health Professions,Health Sciences,,6,14
W1493921411,Audio Cues to Assist Visual Search in Robotic System Operator Control Unit Displays,2005,,report,Human-Automation Interaction and Safety,Social Psychology,Psychology,Social Sciences,https://doi.org/10.21236/ada441023,6,13
W2800669962,A Spectro-Gestural-Morphological Analysis of a Musical-Tactile Score,2018,SpringerBriefs in applied sciences and technology,book-chapter,Music Technology and Sound Studies,Computer Vision and Pattern Recognition,Computer Science,Physical Sciences,https://doi.org/10.1007/978-4-431-56844-5_5,2,7
W4402599028,Investigating the effect of auditory takeover request signals frequency on drivers from an acute stress perspective,2024,Transportation Research Part F Traffic Psychology and Behaviour,article,Human-Automation Interaction and Safety,Social Psychology,Psychology,Social Sciences,https://doi.org/10.1016/j.trf.2024.09.008,6,71
W2296580416,GRAPHENE OXIDE-POLYETHYLENE OXIDE (PEO) FILM AS SATURABLE ABSORBER ON MODE-LOCKED ERBIUM DOPED FIBER LASER GENERATION,2016,Jurnal Teknologi,article,Advanced Fiber Laser Technologies,"Atomic and Molecular Physics, and Optics",Physics and Astronomy,Physical Sciences,https://doi.org/10.11113/jt.v78.7457,3,20
W4294278344,Spatial Sound,2022,,book,Music Technology and Sound Studies,Computer Vision and Pattern Recognition,Computer Science,Physical Sciences,https://doi.org/10.1201/9781003081500,3,0
W2003136923,Touch-enabled haptic modeling of deformable multi-resolution surfaces,2007,Virtual Reality,article,Teleoperation and Haptic Systems,Mechanical Engineering,Engineering,Physical Sciences,https://doi.org/10.1007/s10055-006-0065-z,4,31
W1880787359,Flexible touch sensor for evaluating geometric properties of virtual shapes through sound,2015,Virtual and Physical Prototyping,article,Tactile and Sensory Interactions,Cognitive Neuroscience,Neuroscience,Life Sciences,https://doi.org/10.1080/17452759.2015.1046036,3,20
W2073970711,Raman microprobe characterization of urea: <i>n</i>‐paraffin inclusion compounds,1981,Journal of Raman Spectroscopy,article,Porphyrin and Phthalocyanine Chemistry,Materials Chemistry,Materials Science,Physical Sciences,https://doi.org/10.1002/jrs.1250110206,3,14
W2950467574,"16th Sound and Music Computing Conference SMC 2019 (28–31 May 2019, Malaga, Spain)",2019,Applied Sciences,article,Music and Audio Processing,Signal Processing,Computer Science,Physical Sciences,https://doi.org/10.3390/app9122492,3,0
W2988500677,Real-Time Auditory Biofeedback System for Learning a Novel Arm Trajectory: A Usability Study,2019,,book-chapter,Stroke Rehabilitation and Recovery,Rehabilitation,Medicine,Health Sciences,https://doi.org/10.1007/978-3-319-64301-4_18,6,24
W4283649339,"Degradation of Diazepam with Gamma Radiation, High Frequency Ultrasound and UV Radiation Intensified with H2O2 and Fenton Reagent",2022,Processes,article,Advanced oxidation water treatment,Water Science and Technology,Environmental Science,Physical Sciences,https://doi.org/10.3390/pr10071263,6,42
W4238946907,Auditory Augmentation,2011,IGI Global eBooks,book-chapter,Interactive and Immersive Displays,Human-Computer Interaction,Computer Science,Physical Sciences,https://doi.org/10.4018/978-1-4666-0038-6.ch008,4,18
W3111347667,Narcissus and Echo:<i>Reflections on an Art-Science Collaboration</i>,2020,Leonardo,article,Anatomy and Medical Technology,Biomedical Engineering,Engineering,Physical Sciences,https://doi.org/10.1162/leon_a_02009,2,30
W2551704751,Blind driving by means of auditory feedback,2016,IFAC-PapersOnLine,article,Human-Automation Interaction and Safety,Social Psychology,Psychology,Social Sciences,https://doi.org/10.1016/j.ifacol.2016.10.612,9,50
W2319255921,Comparison of Two Voice Synthesis Systems as to Speech Intelligibility in Aircraft Cockpit Engine Noise,2004,Proceedings of the Human Factors and Ergonomics Society Annual Meeting,article,Hearing Loss and Rehabilitation,Cognitive Neuroscience,Neuroscience,Life Sciences,https://doi.org/10.1177/154193120404800128,4,7
W3093847607,Adding Sound to Medical Data,2020,Studies in health technology and informatics,book-chapter,Phonocardiography and Auscultation Techniques,Pulmonary and Respiratory Medicine,Medicine,Health Sciences,https://doi.org/10.3233/shti200614,2,0
W4402401640,A Framework for Multimodal Medical Image Interaction,2024,IEEE Transactions on Visualization and Computer Graphics,article,Image Retrieval and Classification Techniques,Computer Vision and Pattern Recognition,Computer Science,Physical Sciences,https://doi.org/10.1109/tvcg.2024.3456163,7,51
W3205874153,Auditory–Visual Cross-Modality Interaction and Illusions,2002,,article,Color perception and design,Social Psychology,Psychology,Social Sciences,https://doi.org/10.1201/9780585399102-33,9,0
W4386818299,Auditory vertical localization in the median plane with conflicting dynamic interaural time difference and other elevation cues,2023,The Journal of the Acoustical Society of America,article,Hearing Loss and Rehabilitation,Cognitive Neuroscience,Neuroscience,Life Sciences,https://doi.org/10.1121/10.0020909,5,28
W2560210239,Can VoiceScapes Assist in Menu Navigation?,2015,Proceedings of the Human Factors and Ergonomics Society Annual Meeting,article,Digital Accessibility for Disabilities,Human Factors and Ergonomics,Social Sciences,Social Sciences,https://doi.org/10.1177/1541931215591157,3,19
W2332106184,Points of View,1999,Journal of Internet Cataloging,article,Data Visualization and Analytics,Computer Vision and Pattern Recognition,Computer Science,Physical Sciences,https://doi.org/10.1300/j141v02n01_04,3,0
W4402626427,The Effect of Internal and external imagery on learning badminton long serve skill: The role of visual and audiovisual imagery,2024,PLoS ONE,article,Sport Psychology and Performance,Developmental and Educational Psychology,Psychology,Social Sciences,https://doi.org/10.1371/journal.pone.0309473,7,51
W4389986529,Evaluation of different feedback designs for target guidance in human controlled robotic cranes: A comparison between high and low performance groups,2023,Applied Ergonomics,article,Human-Automation Interaction and Safety,Social Psychology,Psychology,Social Sciences,https://doi.org/10.1016/j.apergo.2023.104204,4,53
W1976613690,Protein Kinase A-mediated Phosphorylation of Connexin36 in Mouse Retina Results in Decreased Gap Junctional Communication between AII Amacrine Cells,2006,Journal of Biological Chemistry,article,Connexins and lens biology,Molecular Biology,"Biochemistry, Genetics and Molecular Biology",Life Sciences,https://doi.org/10.1074/jbc.m606396200,133,39
W2493542261,Multiple Resource Time Sharing Models,2004,,book-chapter,Human-Automation Interaction and Safety,Social Psychology,Psychology,Social Sciences,https://doi.org/10.1201/9780203489925-51,18,7
W4226383841,Introduction: A Comprehensive Approach to Interactive Sports Technologies,2022,,book-chapter,Educational Games and Gamification,Developmental and Educational Psychology,Psychology,Social Sciences,https://doi.org/10.4324/9781003205111-1,2,0
W4376639655,"Art, technology and the Internet of Living Things",2023,AI & Society,article,Data Visualization and Analytics,Computer Vision and Pattern Recognition,Computer Science,Physical Sciences,https://doi.org/10.1007/s00146-023-01667-4,5,4
W4245790983,Scientific Documents,2019,Human-computer interaction series,book-chapter,Tactile and Sensory Interactions,Cognitive Neuroscience,Neuroscience,Life Sciences,https://doi.org/10.1007/978-1-4471-7440-0_22,4,33
W2745503046,Multiple Paths: Towards a Performance Practice in Computer Music,2015,,article,Music Technology and Sound Studies,Computer Vision and Pattern Recognition,Computer Science,Physical Sciences,https://doi.org/10.22501/acpa.80097,11,0
W838369200,RHYTHMIC GAIT SIGNATURES FROM VIDEO WITHOUT MOTION CAPTURE,2010,,article,Gait Recognition and Analysis,Biomedical Engineering,Engineering,Physical Sciences,,3,13
W2014020074,Extractable zinc in particle size fractions of soils from Western-Australia and Queensland,1990,Soil Research,article,Plant Micronutrient Interactions and Effects,Plant Science,Agricultural and Biological Sciences,Life Sciences,https://doi.org/10.1071/sr9900387,14,20
W15914162,Content-ESL across the USA. Volume III: A Training Packet. A Descriptive Study of Content-ESL Practices.,1995,Journal of Colloid and Interface Science,article,Second Language Learning and Teaching,Literature and Literary Theory,Arts and Humanities,Social Sciences,https://doi.org/10.1016/j.jcis.2005.01.101,2,0
W2289844295,Innovating science communication: the structure supporting ATLAS Education &amp; Outreach,2016,Nuclear and Particle Physics Proceedings,article,Astrophysics and Cosmic Phenomena,Nuclear and High Energy Physics,Physics and Astronomy,Physical Sciences,https://doi.org/10.1016/j.nuclphysbps.2015.09.204,5,1
W4407755783,Mixed reality representation of hazard zones while collaborating with a robot: sense of control over own safety,2025,Virtual Reality,article,Human-Automation Interaction and Safety,Social Psychology,Psychology,Social Sciences,https://doi.org/10.1007/s10055-025-01107-2,3,55
W1570452018,Advanced technologies for communicating with motorists: a synthesis of human factors and traffic management issues,1992,,article,Human-Automation Interaction and Safety,Social Psychology,Psychology,Social Sciences,,3,0
W4322772925,Shape detection beyond the visual field using a visual-to-auditory sensory augmentation device,2023,Frontiers in Human Neuroscience,article,Tactile and Sensory Interactions,Cognitive Neuroscience,Neuroscience,Life Sciences,https://doi.org/10.3389/fnhum.2023.1058617,8,64
W2562565892,Base-Metal Nanoparticle-Catalyzed Hydrogen Release from Ammine Yttrium and Lanthanum Borohydrides,2017,Chemistry of Materials,article,Hydrogen Storage and Materials,Materials Chemistry,Materials Science,Physical Sciences,https://doi.org/10.1021/acs.chemmater.6b04585,6,56
W2751720023,"Sustainable CeO2/ZrO2 Mixed Oxide Catalyst For the Green Synthesis of Highly Functionalized 1,4-Dihydropyridine-2,3-dicarboxylate Derivatives",2017,Current Organic Synthesis,article,Multicomponent Synthesis of Heterocycles,Organic Chemistry,Chemistry,Physical Sciences,https://doi.org/10.2174/1570179414666170905153052,10,0
W2572374618,Developing a navigational 3D audio game with hierarchical levels of difficulty for the visually impaired players.,2015,RoCHI,article,Tactile and Sensory Interactions,Cognitive Neuroscience,Neuroscience,Life Sciences,,4,16
W66087608,Calcium and ATPase activity during hepatic intoxication with thioacetamide.,1986,PubMed,article,Liver Disease Diagnosis and Treatment,Epidemiology,Medicine,Health Sciences,,3,0
W2906033225,THE TOUCH OF THE STETHOSCOPE: SHAPING CONTEXT IN INTIMATE PERFORMANCE,2018,Tempo,article,"Medical, Sociocultural, and Biopolitical Studies",Political Science and International Relations,Social Sciences,Social Sciences,https://doi.org/10.1017/s0040298218000669,3,4
W2899382206,The Double Skin/Double Mind Interactive Installation,2011,,preprint,Human Motion and Animation,Control and Systems Engineering,Engineering,Physical Sciences,https://doi.org/10.22501/jar.8247,3,0
W3209586149,Introduction,2017,,book-chapter,Music Technology and Sound Studies,Computer Vision and Pattern Recognition,Computer Science,Physical Sciences,https://doi.org/10.4324/9781315569628-1,3,1
W4385557901,Activity and Safety of Cinchonine Nanostructured Lipid Carriers as a Hair Growth Stimulant in Mice Model of Androgenetic Alopecia,2023,Sains Malaysiana,article,Hair Growth and Disorders,Urology,Medicine,Health Sciences,https://doi.org/10.17576/jsm-2023-5206-05,7,47
W2278460523,Microbiological evaluation of different reprocessing methods for cuffed and un-cuffed tracheostomy tubes in home-care and hospital setting,2016,PubMed,article,Medical Device Sterilization and Disinfection,Microbiology,Immunology and Microbiology,Life Sciences,https://doi.org/10.3205/dgkh000262,7,16
W2785701866,Investigation of the Best Method for Extraction of Phenolic Compounds from Echinaceae purpurea L. (Moench),2009,DOAJ (DOAJ: Directory of Open Access Journals),article,Herbal Medicine Research Studies,Complementary and alternative medicine,Medicine,Health Sciences,,5,0
W2412273183,Characterization of primary biliary cirrhosis (PBC) specific mitochondrial determinants by immunoblotting,1985,Journal of Hepatology,article,Liver Diseases and Immunity,Hepatology,Medicine,Health Sciences,https://doi.org/10.1016/s0168-8278(85)80243-9,5,0
W279382126,AsTeR: Audio System for Technical Readings,1994,Information technology and disabilities,article,Multimedia Communication and Technology,Sociology and Political Science,Social Sciences,Social Sciences,,19,0
W2943605551,"DETERMINATION OF POLYCYCLIC AROMATIC HYDROCARBONS AND HEAVY METAL CONTENTS OF BARBECUE BEEF, FISH AND CHICKEN",2018,DOAJ (DOAJ: Directory of Open Access Journals),article,Heavy Metals in Plants,Analytical Chemistry,Chemistry,Physical Sciences,,5,0
W2529519723,Between the real and the imaginary: ecostructural approaches to composing with field recordings and acoustic instruments,2016,Australasian Journal of Paramedicine,article,Music Technology and Sound Studies,Computer Vision and Pattern Recognition,Computer Science,Physical Sciences,,2,0
W2070105937,The effects of multimodal display aids on human performance,1997,Computers & Industrial Engineering,article,Ergonomics and Musculoskeletal Disorders,Social Psychology,Psychology,Social Sciences,https://doi.org/10.1016/s0360-8352(97)00073-9,3,2
W4221094513,Strong Inhibition of Silver-doped TiO2 Nanoparticles Against P. palmivora in Visible Light,2022,BioNanoScience,article,TiO2 Photocatalysis and Solar Cells,"Renewable Energy, Sustainability and the Environment",Energy,Physical Sciences,https://doi.org/10.1007/s12668-022-00963-5,4,37
W2737029839,Sonic Kayaks: Environmental monitoring and experimental music by citizens,2017,bioRxiv (Cold Spring Harbor Laboratory),preprint,Marine animal studies overview,Ecology,Environmental Science,Physical Sciences,https://doi.org/10.1101/167833,4,39
W2406280959,Tempolenses with Variable Magnification for Sonic Representation of Medical Data. Application for Cardiac Signals,2013,Studies in health technology and informatics,book-chapter,Heart Rate Variability and Autonomic Control,Cardiology and Cardiovascular Medicine,Medicine,Health Sciences,https://doi.org/10.3233/978-1-61499-240-0-78,2,3
W2953759066,"High Static, Dead Lines: Sonic Spectres & the Object Hereafter",2017,,article,Diverse Musicological Studies,Music,Arts and Humanities,Social Sciences,,2,0
W2407134206,Pengaruh Penambahan Ion Cu2+ Terhadap Laju Pertumbuhan Fitoplankton Chlorella vulgaris,2014,Hasanuddin University Repository,article,Heavy Metal Pollution Remediation,Water Science and Technology,Environmental Science,Physical Sciences,,3,0
W3129821665,Modelling of mechanical properties of Pa6 based reinforced graphite and graphite nano platelets composites using different aspect ratio,2021,Journal of Engineering Design and Technology,article,Fiber-reinforced polymer composites,Mechanical Engineering,Engineering,Physical Sciences,https://doi.org/10.1108/jedt-04-2020-0112,2,60
W1957332763,Building Korean Head-related Transfer Function Database,2014,Transactions of the Korean Society for Noise and Vibration Engineering,article,Hearing Loss and Rehabilitation,Cognitive Neuroscience,Neuroscience,Life Sciences,https://doi.org/10.5050/ksnve.2014.24.4.282,4,4
W4384823615,Quinacridone Red and Violet: An Infrared Surprise,2023,Journal of Chemical Education,article,Cultural Heritage Materials Analysis,Archeology,Arts and Humanities,Social Sciences,https://doi.org/10.1021/acs.jchemed.3c00316,2,12
W3043647569,Sex Differences in Maintaining the Requested Handgrip Force Enhanced by Auditory or Visual Feedback,2020,International Journal of Environmental Research and Public Health,article,Neuroscience and Music Perception,Cognitive Neuroscience,Neuroscience,Life Sciences,https://doi.org/10.3390/ijerph17145158,4,34
W3176364458,Un-silencing an Experimental Technique: Listening to the Electrical Penetration Graph,2021,Science Technology & Human Values,article,Plant and Biological Electrophysiology Studies,Plant Science,Agricultural and Biological Sciences,Life Sciences,https://doi.org/10.1177/01622439211023552,3,33
W3130843591,Can the application of certain music information retrieval methods contribute to the machine learning classification of electrocardiographic signals?,2021,Heliyon,article,Phonocardiography and Auscultation Techniques,Pulmonary and Respiratory Medicine,Medicine,Health Sciences,https://doi.org/10.1016/j.heliyon.2021.e06257,4,51
W2885119903,‘There are still songs to sing beyond mankind’: Sounds of a troubled world = songs for serenity,2018,Social Science Information,article,Posthumanist Ethics and Activism,Cultural Studies,Social Sciences,Social Sciences,https://doi.org/10.1177/0539018418791054,3,2
W4396613753,"Inclusive multisensory science and immunology books for blind, low‐vision and diverse‐needs audiences",2024,Immunology and Cell Biology,article,Science Education and Perceptions,Developmental and Educational Psychology,Psychology,Social Sciences,https://doi.org/10.1111/imcb.12758,4,5
W2392326280,Haptic Sculpturing in the Virtual Volume Space,2002,Chinese Journal of Computers,article,Teleoperation and Haptic Systems,Mechanical Engineering,Engineering,Physical Sciences,,2,0
W1978670624,The Impact of Spatialized Communications on Team Navigation,2012,Proceedings of the Human Factors and Ergonomics Society Annual Meeting,article,Spatial Cognition and Navigation,Automotive Engineering,Engineering,Physical Sciences,https://doi.org/10.1177/1071181312561045,2,21
W16156068,"Improved Vehicle Safety and How Technology Will Get Us There, Hopefully",2008,,book-chapter,Human-Automation Interaction and Safety,Social Psychology,Psychology,Social Sciences,https://doi.org/10.1007/978-0-387-79582-9_1,2,19
W2051448812,A loudspeaker design for sound image localization on large flat screens,2010,Nippon Onkyo Gakkaishi/Acoustical science and technology/Nihon Onkyo Gakkaishi,article,Speech and Audio Processing,Signal Processing,Computer Science,Physical Sciences,https://doi.org/10.1250/ast.31.278,2,9
W2896894091,Comparison of effectiveness of epidural analgesia and monitored anesthesia care for high-intensity focused ultrasound treatment of adenomyosis,2018,International Journal of Hyperthermia,article,Endometriosis Research and Treatment,Reproductive Medicine,Medicine,Health Sciences,https://doi.org/10.1080/02656736.2018.1516300,6,38
W2970524191,Music and Mirror Neuron System,2019,,book-chapter,Action Observation and Synchronization,Social Psychology,Psychology,Social Sciences,https://doi.org/10.1007/978-3-030-23580-2_7,4,75
W2324486852,Operational Evaluation of a Construction Robot Tele-operation with Force Feedback,2011,TRANSACTIONS OF THE JAPAN FLUID POWER SYSTEM SOCIETY,article,Teleoperation and Haptic Systems,Mechanical Engineering,Engineering,Physical Sciences,https://doi.org/10.5739/jfps.43.8,4,4
W1795037632,Brain Networks of Motor Behavior Assessed by Principal Component Analysis,1998,Elsevier eBooks,book-chapter,Functional Brain Connectivity Studies,Cognitive Neuroscience,Neuroscience,Life Sciences,https://doi.org/10.1016/b978-012161340-2/50026-3,6,15
W2014522056,Toxic interactions between clozapine and ampicillin,1996,Analytica Chimica Acta,article,Electrochemical Analysis and Applications,Electrochemistry,Chemistry,Physical Sciences,https://doi.org/10.1016/0003-2670(95)00503-x,3,17
W2964889860,Knowledge and Information,2019,Human-computer interaction series,book-chapter,Action Observation and Synchronization,Social Psychology,Psychology,Social Sciences,https://doi.org/10.1007/978-3-030-01497-1_3,3,80
W4402402080,Precise Tool to Target Positioning Widgets (TOTTA) in Spatial Environments: A Systematic Review,2024,IEEE Transactions on Visualization and Computer Graphics,review,Augmented Reality Applications,Computer Vision and Pattern Recognition,Computer Science,Physical Sciences,https://doi.org/10.1109/tvcg.2024.3456206,5,63
W2982377821,Musician And Mega-Machine: Compositions Driven By Real-Time Particle Collision Data From The Atlas Detector,2016,Zenodo (CERN European Organization for Nuclear Research),article,Particle Detector Development and Performance,Nuclear and High Energy Physics,Physics and Astronomy,Physical Sciences,https://doi.org/10.5281/zenodo.1176011,2,4
W1625981380,DISCO: An object-oriented system for music composition and sound design,2000,arXiv (Cornell University),preprint,Music Technology and Sound Studies,Computer Vision and Pattern Recognition,Computer Science,Physical Sciences,https://doi.org/10.48550/arxiv.cs/0007006,2,5
W1980934634,Do the work stress factors of women telephone operators change with the shift schedules?,2004,International Journal of Industrial Ergonomics,article,Ergonomics and Musculoskeletal Disorders,Social Psychology,Psychology,Social Sciences,https://doi.org/10.1016/j.ergon.2003.11.004,19,22
W1623551264,Use of Virtual Environment Training Technology for Individual Combat Simulation,1993,Defense Technical Information Center (DTIC),article,Occupational Health and Performance,Occupational Therapy,Health Professions,Health Sciences,,3,1
W1486498185,Localization Performance with Synthesized Directional Audio (U),1990,,report,Hearing Loss and Rehabilitation,Cognitive Neuroscience,Neuroscience,Life Sciences,https://doi.org/10.21236/ada230316,3,0
W4243783245,Performing Algorithms,2018,Oxford University Press eBooks,book,Music Technology and Sound Studies,Computer Vision and Pattern Recognition,Computer Science,Physical Sciences,https://doi.org/10.1093/oxfordhb/9780190226992.013.32,2,0
W7127570194,Water-mediated hydrogen bonds and local side-chain interactions in the cooperative collapse and expansion of PNIPAM oligomers,2026,Proceedings of the National Academy of Sciences,article,"Hydrogels: synthesis, properties, applications",Molecular Medicine,"Biochemistry, Genetics and Molecular Biology",Life Sciences,https://doi.org/10.1073/pnas.2523755123,3,52
W2625989399,[Comparative study of crystallization processes in case of glycine crystallization].,2012,PubMed,article,Crystallization and Solubility Studies,Materials Chemistry,Materials Science,Physical Sciences,,3,0
W1994678551,Validating of a transoesophageal ultrasonic-Doppler-probe to the detection of air in the venous blood,1998,Der Anaesthesist,article,Cardiovascular and Diving-Related Complications,Pulmonary and Respiratory Medicine,Medicine,Health Sciences,https://doi.org/10.1007/s001010050577,4,2
W2398616874,Searching for Sources from a Fixed Point in a Virtual Auditory Environment,2011,,article,Tactile and Sensory Interactions,Cognitive Neuroscience,Neuroscience,Life Sciences,,2,5
W2078009752,Combined Mobility System for the Blind,1969,Nature,article,Tactile and Sensory Interactions,Cognitive Neuroscience,Neuroscience,Life Sciences,https://doi.org/10.1038/2221301a0,2,2
W2462861502,One–two punches to eliminate depredation by marine mammals on fish caught or raised for human consumption,2016,Animal Conservation,article,Marine animal studies overview,Ecology,Environmental Science,Physical Sciences,https://doi.org/10.1111/acv.12291,3,12
W2078009752,Combined Mobility System for the Blind,1969,Nature,article,Tactile and Sensory Interactions,Cognitive Neuroscience,Neuroscience,Life Sciences,https://doi.org/10.1038/2221301a0,2,2
W2057869022,Balz-Schiemann decomposition under mild conditions,1985,Journal of Fluorine Chemistry,article,Fluorine in Organic Chemistry,Pharmaceutical Science,"Pharmacology, Toxicology and Pharmaceutics",Life Sciences,https://doi.org/10.1016/s0022-1139(00)83441-7,2,0
W3188875847,"Evaluation of Aliphatic Hydrocarbons in Surface Sediments of Lagoa Mirim (RS, Brazil)",2021,Bulletin of Environmental Contamination and Toxicology,article,Toxic Organic Pollutants Impact,"Health, Toxicology and Mutagenesis",Environmental Science,Physical Sciences,https://doi.org/10.1007/s00128-021-03343-z,2,34
W4390542070,Development and validation of an art-inspired multimodal interactive technology system for a multi-component intervention for older people: a pilot study,2024,Frontiers in Computer Science,article,Multisensory perception and integration,Experimental and Cognitive Psychology,Psychology,Social Sciences,https://doi.org/10.3389/fcomp.2023.1290589,7,16
W4402459167,Gravitational music: a mathematical-musical model for the popularization of gravitational waves,2024,Physics Education,article,Cognitive Science and Education Research,Cognitive Neuroscience,Neuroscience,Life Sciences,https://doi.org/10.1088/1361-6552/ad7347,2,18
W4214742289,"On the use of nuclear magnetic resonance spectroscopy in music composition- principles, practice and possibilities",2021,Journal of New Music Research,article,NMR spectroscopy and applications,Nuclear and High Energy Physics,Physics and Astronomy,Physical Sciences,https://doi.org/10.1080/09298215.2022.2043389,2,38
W4392204020,Influence of sonication pretreatment on antiradical and anti-ACE activity of protein hydrolysates from fermented pork loins,2024,Meat Science,article,Protein Hydrolysis and Bioactive Peptides,Molecular Biology,"Biochemistry, Genetics and Molecular Biology",Life Sciences,https://doi.org/10.1016/j.meatsci.2024.109472,4,40
W2889292407,Vocalizing large time series efficiently,2018,Proceedings of the VLDB Endowment,article,Time Series Analysis and Forecasting,Signal Processing,Computer Science,Physical Sciences,https://doi.org/10.14778/3236187.3236206,4,26
W2158627380,"SEISMOTOOL: An Easy Way to See, Listen, and Analyze Seismograms",2014,Seismological Research Letters,article,earthquake and tectonic studies,Geophysics,Earth and Planetary Sciences,Physical Sciences,https://doi.org/10.1785/0220130028,2,16
W2398839660,High Pressure Liquid Chromatographic Determination of Ethopabate in Feeds,1977,Journal of AOAC INTERNATIONAL,article,Insect and Pesticide Research,Insect Science,Agricultural and Biological Sciences,Life Sciences,https://doi.org/10.1093/jaoac/60.5.1048,2,0
W3208765379,Determination of aliphatic hydrocarbons in surface sediments of Mangueira Lagoon (RS—Brazil),2021,Environmental Earth Sciences,article,Toxic Organic Pollutants Impact,"Health, Toxicology and Mutagenesis",Environmental Science,Physical Sciences,https://doi.org/10.1007/s12665-021-10010-3,4,51
W368783663,The human factors aspects of alarms in human supervisory control tasks.,1992,Aston Publications Explorer (Aston University),dissertation,Healthcare Technology and Patient Monitoring,Surgery,Medicine,Health Sciences,https://doi.org/10.48780/publications.aston.ac.uk.00010865,4,0
W1587320091,Developing object-oriented multimedia software : based on the MET++ application framework,1996,Medical Entomology and Zoology,article,Multimedia Communication and Technology,Sociology and Political Science,Social Sciences,Social Sciences,,31,0
W1941998250,Binaural technology for application to active noise reduction communication headsets: design considerations,2000,Canadian acoustics,article,Hearing Loss and Rehabilitation,Cognitive Neuroscience,Neuroscience,Life Sciences,,2,28
W4407572379,3D-printed resins used in occlusal splints modified with graphene nanoplatelets,2025,Discover Materials,article,Graphene and Nanomaterials Applications,Biomedical Engineering,Engineering,Physical Sciences,https://doi.org/10.1007/s43939-025-00217-7,4,43
W4321435877,Pseudorandom: generative animation as performance in <i>Emergent</i> (2020–2022),2023,International Journal of Performance Arts and Digital Media,article,Innovative Human-Technology Interaction,Human-Computer Interaction,Computer Science,Physical Sciences,https://doi.org/10.1080/14794713.2023.2179784,2,28
W2944170626,Action of Ultrasound Therapy in Altering Motor Nerve Conduction Velocity of Ulnar Nerve,2019,Biomedical & Pharmacology Journal,article,Peripheral Nerve Disorders,"Radiology, Nuclear Medicine and Imaging",Medicine,Health Sciences,https://doi.org/10.13005/bpj/1708,6,20
W4401828026,SONOICE! a Sonar–Voice dynamic user interface for assisting individuals with blindness and visual impairment in pinpointing elements in 2D tactile readers,2024,Frontiers in Rehabilitation Sciences,article,Tactile and Sensory Interactions,Cognitive Neuroscience,Neuroscience,Life Sciences,https://doi.org/10.3389/fresc.2024.1368983,5,84
W2748119271,On auditory-visual interaction in real and virtual environments,2004,mediaTUM – the media and publications repository of the Technical University Munich (Technical University Munich),article,Music Technology and Sound Studies,Computer Vision and Pattern Recognition,Computer Science,Physical Sciences,,5,0
W2113986013,Circulating Images: From Aotearoa to Shanghai,2008,IEEE Multimedia,article,Cultural Heritage Management and Preservation,Archeology,Arts and Humanities,Social Sciences,https://doi.org/10.1109/mmul.2008.2,2,2
W4231926929,Uncanny Feedback,2019,Oxford University Press eBooks,book-chapter,Music Technology and Sound Studies,Computer Vision and Pattern Recognition,Computer Science,Physical Sciences,https://doi.org/10.1093/oso/9780190853990.003.0004,2,0
W2981656215,Enhancing the Sounds of Urgency: Lessons From Music and Aviation on Human Response to Critical Auditory Stimuli,2019,Anesthesia & Analgesia,article,Healthcare Technology and Patient Monitoring,Surgery,Medicine,Health Sciences,https://doi.org/10.1213/ane.0000000000004310,4,16
W2051476498,See-Through-Sound,2014,Journal of Information Technology Research,article,Tactile and Sensory Interactions,Cognitive Neuroscience,Neuroscience,Life Sciences,https://doi.org/10.4018/jitr.2014010105,2,10
W1969216899,The sound of sunlight,2010,Screen,article,Photography and Visual Culture,History,Arts and Humanities,Social Sciences,https://doi.org/10.1093/screen/hjq005,2,0
W4309297177,THE UNIVERSE IN WORDS: ASTRONOMY FOR ALL THROUGH AUDIO DESCRIPTION WITHIN THE OUTREACH PROJECT ASTROACCESIBLE,2022,Revista Mexicana de Astronomía y Astrofísica Serie de Conferencias,article,Subtitles and Audiovisual Media,Language and Linguistics,Arts and Humanities,Social Sciences,https://doi.org/10.22201/ia.14052059p.2022.54.25,2,7
W2643153028,Staying active despite pain: Investigating feedback mechanisms to support physical activity in people with chronic musculoskeletal pain,2016,UCL Discovery (University College London),dissertation,Action Observation and Synchronization,Social Psychology,Psychology,Social Sciences,,2,0
W147189281,Informative vibrotactile displays to support attention and task management in anesthesiology,2010,Deep Blue (University of Michigan),dissertation,Augmented Reality Applications,Computer Vision and Pattern Recognition,Computer Science,Physical Sciences,,7,0
W4408636524,Investigation of rotary magnetic field for the fabrication of microfluidic channel using MAECDM process,2025,Proceedings of the Institution of Mechanical Engineers Part B Journal of Engineering Manufacture,article,Advanced Machining and Optimization Techniques,Electrical and Electronic Engineering,Engineering,Physical Sciences,https://doi.org/10.1177/09544054251326117,3,37
W4230893181,Photophonics,2013,SoundEffects - An Interdisciplinary Journal of Sound and Sound Experience,article,Visual Culture and Art Theory,Visual Arts and Performing Arts,Arts and Humanities,Social Sciences,https://doi.org/10.7146/se.v3i1-2.15645,2,30
W4405604227,Community Data,2024,,book,Health and Medical Studies,General Health Professions,Health Professions,Health Sciences,https://doi.org/10.1093/oso/9780198911630.001.0001,3,0
W4388101749,Mixed Reality Representation of Hazard Zones while Collaborating with a Robot: Sense of Control over Own Safety,2023,Research Square,preprint,Human-Automation Interaction and Safety,Social Psychology,Psychology,Social Sciences,https://doi.org/10.21203/rs.3.rs-3498014/v1,2,59
W2163367063,A Fuzzy-Logic Mapper for Audiovisual Media,2006,Computer Music Journal,article,Multisensory perception and integration,Experimental and Cognitive Psychology,Psychology,Social Sciences,https://doi.org/10.1162/014892606776021263,9,43
W2167950485,Multimodal Excitatory Interfaces with Automatic Content Classification,2009,Human-computer interaction series,book-chapter,Tactile and Sensory Interactions,Cognitive Neuroscience,Neuroscience,Life Sciences,https://doi.org/10.1007/978-1-84882-733-2_12,2,20
W2981801385,Stolen Voices Is a Slowly Unfolding Eavesdrop on the East Coast of the UK,2019,Arts,article,Geographies of human-animal interactions,"Geography, Planning and Development",Social Sciences,Social Sciences,https://doi.org/10.3390/arts8040140,6,29
W2739614704,"µuSE (Multidimensional, User-Oriented Synthetic Environment): a Functionality-based, Human Computer Interface",1995,International Journal of Virtual Reality,article,Context-Aware Activity Recognition Systems,Computer Vision and Pattern Recognition,Computer Science,Physical Sciences,https://doi.org/10.20870/ijvr.1995.1.1.2601,3,0
W4283766374,Opening the black boxes: financial algorithms and multi-paradigmatic research in information technology,2022,Journal of Systems and Information Technology,article,Financial Markets and Investment Strategies,Finance,"Economics, Econometrics and Finance",Social Sciences,https://doi.org/10.1108/jsit-01-2020-0006,4,54
W2769283696,Klima|Anlage—Performing Climate Data,2018,Climate change management,book-chapter,Climate Change Communication and Perception,Sociology and Political Science,Social Sciences,Social Sciences,https://doi.org/10.1007/978-3-319-98294-6_21,4,23
W4362670294,AI Color Organ: Piano Music Visualization using Onset Detection and HistoGAN,2023,Highlights in Science Engineering and Technology,article,Music and Audio Processing,Signal Processing,Computer Science,Physical Sciences,https://doi.org/10.54097/hset.v39i.6539,2,7
W650889214,The Resonant Interface: HCI Foundations for Interaction Design,2007,,book,Usability and User Interface Design,Human-Computer Interaction,Computer Science,Physical Sciences,,70,0
W7754938,Embedded Smarthouse Bathroom Entertainment Systems for Improving Quality of Life,2014,Human-computer interaction series,book-chapter,Interactive and Immersive Displays,Human-Computer Interaction,Computer Science,Physical Sciences,https://doi.org/10.1007/978-1-4471-6446-3_6,2,37
W4403050436,"Citizen science, accessibility, art &amp; science, critical thinking, policy and engagement: thoughts and lessons learned from the REINFORCE experience",2024,The European Physical Journal Plus,article,"Radio, Podcasts, and Digital Media",Communication,Social Sciences,Social Sciences,https://doi.org/10.1140/epjp/s13360-024-05313-w,3,42
W2952787989,The Waterviz for Hubbard Brook,2018,,book-chapter,Archaeology and Natural History,Anthropology,Social Sciences,Social Sciences,https://doi.org/10.1201/b22355-25,2,0
W2013389030,Comparative Studies on the Properties of LATS and TSH,1970,Endocrinologia Japonica,article,Neuropeptides and Animal Physiology,Cellular and Molecular Neuroscience,Neuroscience,Life Sciences,https://doi.org/10.1507/endocrj1954.17.131,5,2
W1616433774,Multimodal displays for target localization in a flight task,1999,PhDT,article,Human-Automation Interaction and Safety,Social Psychology,Psychology,Social Sciences,,2,0
W3205603142,FORMULATION AND CHARACTERISATION OF MUCOADHESIVE DENTAL APPLICATIONS CONTAINING BENZYDAMINE HYDROCHLORIDE,2021,Progress on Chemistry and application of Chitin and its Derivatives,article,Polysaccharides Composition and Applications,Food Science,Agricultural and Biological Sciences,Life Sciences,https://doi.org/10.15259/pcacd.26.006,2,0
W2318560697,Comparison of the P300 and Other Workload Assessment Techniques in a Simulated Flight Task,2003,Proceedings of the Human Factors and Ergonomics Society Annual Meeting,article,Human-Automation Interaction and Safety,Social Psychology,Psychology,Social Sciences,https://doi.org/10.1177/154193120304700373,2,4
W618902284,COMMUNICATION OF CRITICALITY AND URGENCY BY ASSIGNMENT OF VISUAL AND AUDITORY QUALITIES FOR IN-VEHICLE DISPLAY,1999,"PROCEEDINGS OF 6TH WORLD CONGRESS ON INTELLIGENT TRANSPORT SYSTEMS (ITS), HELD TORONTO, CANADA, NOVEMBER 8-12, 1999",article,Human-Automation Interaction and Safety,Social Psychology,Psychology,Social Sciences,,2,0
W7165661325,A tritone-centered self-duality: the set class 6-30 and its order-12 neo-Riemannian dual,2026,Zenodo (CERN European Organization for Nuclear Research),preprint,Mathematical Dynamics and Fractals,Mathematical Physics,Mathematics,Physical Sciences,https://doi.org/10.5281/zenodo.20820961,2,0
W2394223791,Ultrasonic-Assisted Extraction and Characterization of Potato Starch,2013,Food Science,article,Food composition and properties,Nutrition and Dietetics,Nursing,Health Sciences,,2,0
W1414935629,Combining Visual and Auditory Data Exploration for finding structure in high-dimensional data,2001,PUB – Publications at Bielefeld University (Bielefeld University),article,Music and Audio Processing,Signal Processing,Computer Science,Physical Sciences,,2,2
W4313408435,Design and Implementation of a Real-Time Color Recognition System for the Visually Impaired,2022,Arabian Journal for Science and Engineering,article,Tactile and Sensory Interactions,Cognitive Neuroscience,Neuroscience,Life Sciences,https://doi.org/10.1007/s13369-022-07506-w,3,44
W3120948202,"Machinability studies on Al7075-based hybrid composites reinforced with SiC, graphene and CNT",2021,International Journal of Machining and Machinability of Materials,article,Aluminum Alloys Composites Properties,Mechanical Engineering,Engineering,Physical Sciences,https://doi.org/10.1504/ijmmm.2021.10034800,2,0
W149988133,AUDITORY ALARM DESIGN FOR NASA CEV APPLICATIONS,2007,,article,Noise Effects and Management,Speech and Hearing,Health Professions,Health Sciences,,3,8
W2263966166,Multimodal Perceptual Training for Improving Spatial Auditory Performance in Blind and Sighted Listeners,2015,Archives of Acoustics,article,Hearing Loss and Rehabilitation,Cognitive Neuroscience,Neuroscience,Life Sciences,https://doi.org/10.1515/aoa-2015-0049,2,34
W2548993246,Hybrid Real/Mimetic Sound Works,2016,Australasian Journal of Paramedicine,article,Music Technology and Sound Studies,Computer Vision and Pattern Recognition,Computer Science,Physical Sciences,https://doi.org/10.5281/zenodo.1289587,3,4
W2886488631,Influence of Ultrasonic Disintegration on Efficiency of Methane Fermentation of Sida hermaphrodita Silage,2018,Journal of Ecological Engineering,article,Coal Combustion and Slurry Processing,Mechanical Engineering,Engineering,Physical Sciences,https://doi.org/10.12911/22998993/89820,4,17
W131536638,Hearing—Physiology and psychophysics,1973,Journal of Psychosomatic Research,article,Noise Effects and Management,Speech and Hearing,Health Professions,Health Sciences,https://doi.org/10.1016/0022-3999(73)90033-0,2,0
W2056885446,Masking between Spatially Separated Sounds,1992,Proceedings of the Human Factors and Ergonomics Society Annual Meeting,article,Hearing Loss and Rehabilitation,Cognitive Neuroscience,Neuroscience,Life Sciences,https://doi.org/10.1518/107118192786751925,3,9
W2316072690,Effect of heat treatment on the emulsifying properties of carp myosin.,1987,NIPPON SUISAN GAKKAISHI,article,Proteins in Food Systems,Food Science,Agricultural and Biological Sciences,Life Sciences,https://doi.org/10.2331/suisan.53.665,2,3
W4387946970,SyncFusion: Multimodal Onset-synchronized Video-to-Audio Foley Synthesis,2023,arXiv (Cornell University),preprint,Music and Audio Processing,Signal Processing,Computer Science,Physical Sciences,https://doi.org/10.48550/arxiv.2310.15247,2,0
W3129567332,Demonstrating change from a drop-in space soundscape exhibit by using graffiti walls both before and after,2021,Geoscience Communication,article,Public Spaces through Art,Urban Studies,Social Sciences,Social Sciences,https://doi.org/10.5194/gc-4-57-2021,3,26
W1590623306,"Gesture-Based Communication in Human-Computer Interaction: 5th International Gesture Workshop, GW 2003, Genova, Italy, April 15-17, 2003, Selected Revised Papers",2004,,article,Hand Gesture Recognition Systems,Human-Computer Interaction,Computer Science,Physical Sciences,https://doi.org/10.1007/b95740,10,0
W2180024822,Sound perception and design in multimodal environments,2015,KTH Publication Database DiVA (KTH Royal Institute of Technology),dissertation,Design Education and Practice,Mechanical Engineering,Engineering,Physical Sciences,https://doi.org/10.13140/rg.2.1.3849.6728,4,0
W2065537706,STEREO IMAGE PROCESSING PROCEDURE FOR VISION REHABILITATION,2008,Applied Artificial Intelligence,article,Tactile and Sensory Interactions,Cognitive Neuroscience,Neuroscience,Life Sciences,https://doi.org/10.1080/08839510802226777,3,19
W63887074,Expression and purification of recombinant HIV-1 tat protein using HIV-1-tat specific monoclonal antibodies.,2000,PubMed,article,Bacteriophages and microbial interactions,Ecology,Environmental Science,Physical Sciences,,2,0
W1591694400,"Ecology, sexual selection and variable mating tactics in fallow deer (Dama dama)",1998,,article,Animal Behavior and Reproduction,"Ecology, Evolution, Behavior and Systematics",Agricultural and Biological Sciences,Life Sciences,,4,0
W4289433261,Predicting Global HRTFs From Scanned Head Geometry Using Deep Learning and Compact Representations,2022,arXiv (Cornell University),preprint,Hearing Loss and Rehabilitation,Cognitive Neuroscience,Neuroscience,Life Sciences,https://doi.org/10.48550/arxiv.2207.14352,3,0
W4392295876,Data Visualization for People of All Ages,2024,,book,Technology Use by Older Adults,Demography,Social Sciences,Social Sciences,https://doi.org/10.1201/9781003309376,3,0
W4252406922,Cockpit Engineering,2017,,book,Advanced Aircraft Design and Technologies,Global and Planetary Change,Environmental Science,Physical Sciences,https://doi.org/10.4324/9781315260020,3,0
W2736550969,Identification of Sounds with Multiple Timbres,1993,Proceedings of the Human Factors and Ergonomics Society Annual Meeting,article,Music and Audio Processing,Signal Processing,Computer Science,Physical Sciences,https://doi.org/10.1177/154193129303700905,3,6
W2183991150,Is pitch perception and discrimination of vowels language-dependent and influenced by the vowels spectral properties? Daniel Pape,2005,,article,Neuroscience and Music Perception,Cognitive Neuroscience,Neuroscience,Life Sciences,,2,18
W4390442807,Performance Evaluation of Hybrid MQL-Brass Nano-Fluid Coolant on Aisi 304 SS for Efficient Machining Operation,2023,ABUAD Journal of Engineering Research and Development (AJERD),article,Advanced Machining and Optimization Techniques,Electrical and Electronic Engineering,Engineering,Physical Sciences,https://doi.org/10.53982/ajerd.2023.0602.20-j,2,32
W3017442223,"Hydrophobisation effectiveness of building ceramics, polymeric inorganic ultrasound integrated with the addition of fillers",2015,Budownictwo i Architektura,article,Surface Modification and Superhydrophobicity,"Surfaces, Coatings and Films",Materials Science,Physical Sciences,https://doi.org/10.35784/bud-arch.1517,2,10
W2510800373,LOST IN THE FUNHOUSE OF FAME: CHAUCER AND POSTMODERNISM*,2016,,article,Medieval Literature and History,Classics,Arts and Humanities,Social Sciences,,4,2
W4289709370,Sounding Spider: An Efficient Way for Representing Uncertainties in High\n Dimensions,2018,arXiv (Cornell University),preprint,Air Quality Monitoring and Forecasting,Environmental Engineering,Environmental Science,Physical Sciences,https://doi.org/10.48550/arxiv.1808.01217,2,0
W2074624780,Surface treatment and characterization of functionalized latex particles and inorganic pigment particles used in the study of film formation from pigmented latex systems,2005,Journal of Applied Polymer Science,article,Surface Modification and Superhydrophobicity,"Surfaces, Coatings and Films",Materials Science,Physical Sciences,https://doi.org/10.1002/app.22485,2,17
W3099670628,Comparison of microbial activity of selected biopreparations and leachates for composting,2020,Desalination and Water Treatment,article,Composting and Vermicomposting Techniques,Soil Science,Agricultural and Biological Sciences,Life Sciences,https://doi.org/10.5004/dwt.2020.25630,2,18
W2066682228,Theoretical Applications of Biofeedback Hand Temperature Training to Prepared (Lamaze) Childbirth Training,1973,Perceptual and Motor Skills,article,Music Therapy and Health,Social Psychology,Psychology,Social Sciences,https://doi.org/10.2466/pms.1973.37.1.326,3,3
W3123805594,I M P R O V E D P E R F O R M A N C E O F W O O D P O LY M E R NANOCOMPOSITE IMPREGNATED WITH METAL OXIDE NANOPARTICLE-REINFORCED PHENOL FORMALDEHYDE RESIN,2021,JOURNAL OF TROPICAL FOREST SCIENCE,article,Transition Metal Oxide Nanomaterials,Polymers and Plastics,Materials Science,Physical Sciences,https://doi.org/10.26525/jtfs2021.33.1.77,2,23
W2518747406,The brain stethoscope: A device that turns brain activity into sound,2015,Epilepsy & Behavior,article,Music Therapy and Health,Social Psychology,Psychology,Social Sciences,https://doi.org/10.1016/j.yebeh.2015.02.051,2,0
W3006876323,A multimodal auditory equal-loudness comparison of air and bone conducted sounds,2020,Journal on Multimodal User Interfaces,article,Multisensory perception and integration,Experimental and Cognitive Psychology,Psychology,Social Sciences,https://doi.org/10.1007/s12193-020-00320-4,2,25
W2068583635,Auditory Azimuthal Localization Performance in Water as a Function of Prior Exposure,2013,Human Factors The Journal of the Human Factors and Ergonomics Society,article,Tactile and Sensory Interactions,Cognitive Neuroscience,Neuroscience,Life Sciences,https://doi.org/10.1177/0018720813503366,2,44
W2570298312,An Investigation of Auditory Icons and Brake Response Times in a Commercial Truck-Cab Environment,1998,VTechWorks (Virginia Tech),dissertation,Safety Warnings and Signage,Social Psychology,Psychology,Social Sciences,,6,64
W2766459970,Reading and Writing in the Digital Age: Exploring Two Classes in a Maltese Primary School,2017,"White Rose eTheses Online (University of Leeds, The University of Sheffield, University of York)",dissertation,Education and Technology Integration,Education,Social Sciences,Social Sciences,,4,0
W1237592489,"Visualization, measurement, and interpolation of head -related transfer functions (HRTF's) with applications in electro -acoustic music.",2001,Deep Blue (University of Michigan),dissertation,Hearing Loss and Rehabilitation,Cognitive Neuroscience,Neuroscience,Life Sciences,,4,123
W4405337232,Sleep stages classification based on feature extraction from music of brain,2024,Heliyon,article,Music and Audio Processing,Signal Processing,Computer Science,Physical Sciences,https://doi.org/10.1016/j.heliyon.2024.e41147,2,84
W240827797,Advanced Binaural Sonar Display Using Spatial Vernier Beamforming,2005,,report,Noise Effects and Management,Speech and Hearing,Health Professions,Health Sciences,https://doi.org/10.21236/ada436604,2,14
W4404850772,Applications of technology innovations in music therapy practice,2024,Nordic Journal of Music Therapy,article,Music Therapy and Health,Social Psychology,Psychology,Social Sciences,https://doi.org/10.1080/08098131.2024.2430786,2,56
W4404580431,Effects of spectral peaks and notches in head-related transfer function on median plane sound localization with dynamic binaural playback,2024,Applied Acoustics,article,Hearing Loss and Rehabilitation,Cognitive Neuroscience,Neuroscience,Life Sciences,https://doi.org/10.1016/j.apacoust.2024.110424,2,34
W4400109610,Perceptual coupling in human dyads: Kinematics does not affect interpersonal synchronization,2024,Heliyon,article,Action Observation and Synchronization,Social Psychology,Psychology,Social Sciences,https://doi.org/10.1016/j.heliyon.2024.e33831,2,109
W2079011819,Aspects of Chronic Oral Treatment with Thyrotropin-Releasing Hormone: The Hypothalamic-Pituitary-Thyroid Axis in Rats,2008,Pharmacology,article,Thyroid Disorders and Treatments,"Endocrinology, Diabetes and Metabolism",Medicine,Health Sciences,https://doi.org/10.1159/000138835,4,0
W3169600386,Giant Step: The heartbeat and words of Neil Armstrong returned to the moon,2021,Acta Astronautica,article,History and Developments in Astronomy,Astronomy and Astrophysics,Physics and Astronomy,Physical Sciences,https://doi.org/10.1016/j.actaastro.2021.05.040,4,2
W3200625921,Development and Performance Evaluation of Silica Nano-Cutting Fluids From Rice Husk Ash (RHA) for Metalworking and Machining Operations,2021,Journal of Bio- and Tribo-Corrosion,article,Concrete and Cement Materials Research,Civil and Structural Engineering,Engineering,Physical Sciences,https://doi.org/10.1007/s40735-021-00582-9,2,20
W3082959246,The Effect of Audiovisual Integration on Performance Accuracy and Learning in Motor Task,2015,DOAJ (DOAJ: Directory of Open Access Journals),article,Sport Psychology and Performance,Developmental and Educational Psychology,Psychology,Social Sciences,https://doi.org/10.22122/jrrs.v11i1.2176,2,0
W1581575288,A Model of Head-Related Transfer Functions based on a State-Space Analysis,2008,Deep Blue (University of Michigan),dissertation,Hearing Loss and Rehabilitation,Cognitive Neuroscience,Neuroscience,Life Sciences,,2,121
W4413932784,Auditory and visual alarm designs impact clinicians’ perceived cognitive workload,2025,Journal of Clinical Monitoring and Computing,article,Healthcare Technology and Patient Monitoring,Surgery,Medicine,Health Sciences,https://doi.org/10.1007/s10877-025-01351-6,3,19
W3168616161,Particle Post – Letters from the Universe: A sound installation through cosmic muons,2021,Acta Astronautica,article,Space Science and Extraterrestrial Life,Astronomy and Astrophysics,Physics and Astronomy,Physical Sciences,https://doi.org/10.1016/j.actaastro.2021.06.014,2,12
W4386421831,A Method for the Isolation of Thymoquinone from Black Caraway Seed Oil (&lt;i&gt;Nigella sativa&lt;/i&gt; L.),2023,Drug development & registration,article,Nigella sativa pharmacological applications,Complementary and alternative medicine,Medicine,Health Sciences,https://doi.org/10.33380/2305-2066-2023-12-3-29-40,4,20
W2799326964,"Art/Science Collaborations: New Explorations of Ecological Systems, Values, and their Feedbacks",2018,Bulletin of the Ecological Society of America,article,"Innovation, Sustainability, Human-Machine Systems",Sociology and Political Science,Social Sciences,Social Sciences,https://doi.org/10.1002/bes2.1384,18,0
W2735273283,Editor's Introduction,2017,Feminist Media Histories,article,"Philosophy, History, and Historiography",History,Arts and Humanities,Social Sciences,https://doi.org/10.1525/fmh.2017.3.3.1,8,11
W2169038467,Player relationships as mediated through sound in immersive multi-player computer games,2010,Comunicar,article,Digital Games and Media,Sociology and Political Science,Social Sciences,Social Sciences,https://doi.org/10.3916/c34-2010-02-07,5,24
W4200163971,The Emergence of Interactive Music: The Vision and Presence of Joel Chadabe,2021,Leonardo,article,Music Technology and Sound Studies,Computer Vision and Pattern Recognition,Computer Science,Physical Sciences,https://doi.org/10.1162/leon_a_02180,2,9
W1494076545,"Algorithms, Microtonality, Performance: Eleven Musical Compositions",2010,Research Online (University of Wollongong),dissertation,Music Technology and Sound Studies,Computer Vision and Pattern Recognition,Computer Science,Physical Sciences,,2,35
W2801826779,PENGARUH VARIASI LAMA PENGERINGAN DAN VOLUME LARUTAN GRAPHENE OXIDE BERBAHAN DASARABU SEKAM PADI TERHADAP KUAT TEKAN DAN POROSITASBATA RINGAN JENIS CELLULAR LIGHTWEIGT CONCRETE,2018,,dissertation,Material Selection and Properties,Materials Chemistry,Materials Science,Physical Sciences,,3,0
W4384932229,Feeling Analogue,2023,,book-chapter,Music Technology and Sound Studies,Computer Vision and Pattern Recognition,Computer Science,Physical Sciences,https://doi.org/10.4324/9780367816070-5,2,0
W2729791738,Display Behavior of Male Ruffed Grouse (<i>Bonasa umbellus</i>) In Two Key Cover Types In Minnesota,2017,The Wilson Journal of Ornithology,article,Ecology and Vegetation Dynamics Studies,Nature and Landscape Conservation,Environmental Science,Physical Sciences,https://doi.org/10.1676/15-127.1,2,58
W2533213585,Karakterisasi Konduktivitas Termal Nanofluida Oksida Berbasis Fluida Dasar H2O,2016,DOAJ (DOAJ: Directory of Open Access Journals),article,Engineering and Technology Innovations,Electrical and Electronic Engineering,Engineering,Physical Sciences,,4,0
W4392386925,"Nanocomposites graphène-polymère thermoplastique: Fabrication et étude des propriétés structurales, thermiques, rhéologiques et mécaniques",2012,HAL (Le Centre pour la Communication Scientifique Directe),dissertation,Nanotechnology research and applications,Biomedical Engineering,Engineering,Physical Sciences,,2,0
W2030745369,The Survival-promoting Peptide Y-P30 Enhances Binding of Pleiotrophin to Syndecan-2 and -3 and Supports Its Neuritogenic Activity,2008,Journal of Biological Chemistry,article,Proteoglycans and glycosaminoglycans research,Cell Biology,"Biochemistry, Genetics and Molecular Biology",Life Sciences,https://doi.org/10.1074/jbc.m800963200,45,41
W4320066493,PENINGKATAN KETERAMPILAN MENYIKAT GIGI PADA ANAK TUNANETRA DI SEKOLAH LUAR BIASA KOTA JAMBI DENGAN MENGGUNAKAN METODE MULTISENSORY DENTAL EDUCATION,2022,SELAPARANG Jurnal Pengabdian Masyarakat Berkemajuan,article,Public Health and Nutrition,"Pediatrics, Perinatology and Child Health",Medicine,Health Sciences,https://doi.org/10.31764/jpmb.v6i3.10618,3,7
W2341931962,"Pulse Oximetry: Perception, Pitch, Psychoacoustics, and Pedagogy",2016,Anesthesia & Analgesia,article,Healthcare Technology and Patient Monitoring,Surgery,Medicine,Health Sciences,https://doi.org/10.1213/ane.0000000000001203,3,25
W4310543144,Folate-receptor-targeted laser-activable poly(lactide-co-glycolic acid) nanoparticles loaded with paclitaxel/indocyanine green for photoacoustic/ultrasound imaging and chemo/photothermal therapy,2018,DOAJ (DOAJ: Directory of Open Access Journals),article,Nanoplatforms for cancer theranostics,Biomedical Engineering,Engineering,Physical Sciences,,2,0
W2079525730,γ-Aminobutyric Acid Type B Receptors Are Constitutively Internalized via the Clathrin-dependent Pathway and Targeted to Lysosomes for Degradation,2007,Journal of Biological Chemistry,article,Cellular transport and secretion,Cell Biology,"Biochemistry, Genetics and Molecular Biology",Life Sciences,https://doi.org/10.1074/jbc.m702626200,54,37
W2073197630,Degradation of Membrane-bound Ganglioside GM2 by β-Hexosaminidase A,2001,Journal of Biological Chemistry,article,Lysosomal Storage Disorders Research,Physiology,Medicine,Health Sciences,https://doi.org/10.1074/jbc.m007970200,66,32
W2046593260,Dehydrogenases from All Three Domains of Life Cleave RNA,2002,Journal of Biological Chemistry,article,RNA modifications and cancer,Molecular Biology,"Biochemistry, Genetics and Molecular Biology",Life Sciences,https://doi.org/10.1074/jbc.m208717200,46,32
W1979824772,"X‐ray structure of human gankyrin, the product of a gene linked to hepatocellular carcinoma",2004,Proteins Structure Function and Bioinformatics,article,Ubiquitin and proteasome pathways,Molecular Biology,"Biochemistry, Genetics and Molecular Biology",Life Sciences,https://doi.org/10.1002/prot.20028,29,32
W629929118,"Industrial ergonomics, HCI, and applied cognitive psychology",2001,Ashgate eBooks,book,Human-Automation Interaction and Safety,Social Psychology,Psychology,Social Sciences,,3,0
W109707789,The Morall as an Elizabethan Dramatic Kind: An Exploratory Essay,1971,Comparative drama,article,Renaissance and Early Modern Studies,History,Arts and Humanities,Social Sciences,https://doi.org/10.1353/cdr.1971.0012,2,12
W1900709369,Composing with soundscapes : capturing and analysing urban audio for a Raw Musical interpretation,2015,"Portuguese National Funding Agency for Science, Research and Technology (RCAAP Project by FCT)",dissertation,Noise Effects and Management,Speech and Hearing,Health Professions,Health Sciences,,2,0
W2057723954,Identification and Functional Characterization of Adipose-specific Phospholipase A2 (AdPLA),2008,Journal of Biological Chemistry,article,Adipose Tissue and Metabolism,Physiology,Medicine,Health Sciences,https://doi.org/10.1074/jbc.m804146200,170,39
W1966610845,"Transmembrane Domain II of the Na+/Proline Transporter PutP of Escherichia coli Forms Part of a Conformationally Flexible, Cytoplasmic Exposed Aqueous Cavity within the Membrane",2003,Journal of Biological Chemistry,article,Bacterial Genetics and Biotechnology,Genetics,"Biochemistry, Genetics and Molecular Biology",Life Sciences,https://doi.org/10.1074/jbc.m308253200,30,41
W1695425345,Morphology Control of Ordered Mesoporous Carbons for High Capacity Lithium Sulfur Batteries,2011,Elektronische Hochschulschriften der LMU München (Ludwig-Maximilians-Universität München),dissertation,Advanced Battery Materials and Technologies,Electrical and Electronic Engineering,Engineering,Physical Sciences,https://doi.org/10.5282/edoc.13321,2,0
W7148462025,RIGEL - Learning From Life - Communities of Learning via a Connected Curriculum,2009,Zenodo (CERN European Organization for Nuclear Research),article,Science Education and Pedagogy,Education,Social Sciences,Social Sciences,https://doi.org/10.5281/zenodo.19334228,2,0
W4393028023,Art is Science is Art: Strengthening Connections Between Entomology and the Arts,2024,American Entomologist,article,Animal and Plant Science Education,Social Psychology,Psychology,Social Sciences,https://doi.org/10.1093/ae/tmae001,3,37
W2318465668,Brown adipose tissue takes up plasma triglycerides mostly after lipolysis,2014,Journal of Lipid Research,article,Adipose Tissue and Metabolism,Physiology,Medicine,Health Sciences,https://doi.org/10.1194/jlr.m052746,176,20
W2067647181,Computer-Based Teaching Machines,1962,The Journal of Educational Research,article,Experimental Learning in Engineering,Media Technology,Engineering,Physical Sciences,https://doi.org/10.1080/00220671.1962.10882864,7,0
W2045767540,A Truncating Mutation of CEP135 Causes Primary Microcephaly and Disturbed Centrosomal Function,2012,The American Journal of Human Genetics,article,Microtubule and mitosis dynamics,Cell Biology,"Biochemistry, Genetics and Molecular Biology",Life Sciences,https://doi.org/10.1016/j.ajhg.2012.03.016,173,30
W2149269883,Human Keratinocyte ATP2C1 Localizes to the Golgi and Controls Golgi Ca2+ Stores,2003,Journal of Investigative Dermatology,article,Genetic and rare skin diseases.,Genetics,"Biochemistry, Genetics and Molecular Biology",Life Sciences,https://doi.org/10.1046/j.1523-1747.2003.12528.x,159,56
W2056641718,Selective Activation of G Protein Subtypes in the Vomeronasal Organ upon Stimulation with Urine-derived Compounds,1999,Journal of Biological Chemistry,article,Olfactory and Sensory Function Studies,Sensory Systems,Neuroscience,Life Sciences,https://doi.org/10.1074/jbc.274.8.4655,152,45
W4323967725,Plasma amyloid-beta oligomer and phosphorylated tau: diagnostic tools for progressive Alzheimer’s disease,2023,Neural Regeneration Research,article,Alzheimer's disease research and treatments,Physiology,Medicine,Health Sciences,https://doi.org/10.4103/1673-5374.371361,11,16
W2038987220,Sound and Speech in Information Retrieval: An Introduction,2000,Bulletin of the American Society for Information Science and Technology,article,Advanced Text Analysis Techniques,Artificial Intelligence,Computer Science,Physical Sciences,https://doi.org/10.1002/bult.169,3,0
W2067411581,The C Terminus of SecA Is Involved in Both Lipid Binding and SecB Binding,1995,Journal of Biological Chemistry,article,Cellular transport and secretion,Cell Biology,"Biochemistry, Genetics and Molecular Biology",Life Sciences,https://doi.org/10.1074/jbc.270.14.7902,146,43
W2965949915,Nature’s Way: Hierarchical Strengthening through Weakness,2019,Matter,article,Calcium Carbonate Crystallization and Inhibition,Biomaterials,Materials Science,Physical Sciences,https://doi.org/10.1016/j.matt.2019.07.011,18,10
W2132948186,"Characterization of p87PIKAP, a Novel Regulatory Subunit of Phosphoinositide 3-Kinase γ That Is Highly Expressed in Heart and Interacts with PDE3B",2006,Journal of Biological Chemistry,article,Phosphodiesterase function and regulation,Molecular Biology,"Biochemistry, Genetics and Molecular Biology",Life Sciences,https://doi.org/10.1074/jbc.m512502200,123,29
W2031860444,"γ2-Adaptin, a Novel Ubiquitin-interacting Adaptor, and Nedd4 Ubiquitin Ligase Control Hepatitis B Virus Maturation",2006,Journal of Biological Chemistry,article,Ubiquitin and proteasome pathways,Molecular Biology,"Biochemistry, Genetics and Molecular Biology",Life Sciences,https://doi.org/10.1074/jbc.m603517200,100,50
W2148376857,Decreased fatty acid esterification compensates for the reduced lipolytic activity in hormone-sensitive lipase-deficient white adipose tissue,2003,Journal of Lipid Research,article,Adipose Tissue and Metabolism,Physiology,Medicine,Health Sciences,https://doi.org/10.1194/jlr.m300190-jlr200,115,45
W4212868282,Tracing the Anthropocene in Southeast Asian film and artists’ moving image,2021,Screen,article,Ecocriticism and Environmental Literature,Literature and Literary Theory,Arts and Humanities,Social Sciences,https://doi.org/10.1093/screen/hjab057,3,0
W2046928973,Comparison of Lipoteichoic Acid from Different Serotypes of Streptococcus pneumoniae,2006,Journal of Biological Chemistry,article,Pneumonia and Respiratory Infections,Epidemiology,Medicine,Health Sciences,https://doi.org/10.1074/jbc.m602676200,97,42
W2001311543,The Retinal G Protein-coupled Receptor (RGR) Enhances Isomerohydrolase Activity Independent of Light,2005,Journal of Biological Chemistry,article,Retinal Development and Disorders,Molecular Biology,"Biochemistry, Genetics and Molecular Biology",Life Sciences,https://doi.org/10.1074/jbc.m503603200,93,54
W1968039715,Human Polymorphic Variants of the NEIL1 DNA Glycosylase,2007,Journal of Biological Chemistry,article,RNA and protein synthesis mechanisms,Molecular Biology,"Biochemistry, Genetics and Molecular Biology",Life Sciences,https://doi.org/10.1074/jbc.m610626200,82,33
W2152517387,An improved method to determine serine palmitoyltransferase activity,2009,Journal of Lipid Research,article,Lipid metabolism and biosynthesis,Biochemistry,"Biochemistry, Genetics and Molecular Biology",Life Sciences,https://doi.org/10.1194/jlr.d900001-jlr200,41,30
W2036019532,The UBA Domains of NUB1L Are Required for Binding but Not for Accelerated Degradation of the Ubiquitin-like Modifier FAT10,2006,Journal of Biological Chemistry,article,Ubiquitin and proteasome pathways,Molecular Biology,"Biochemistry, Genetics and Molecular Biology",Life Sciences,https://doi.org/10.1074/jbc.m603063200,69,50
W1493913484,Information and Atmospheres: Exploring the Relationship between the Natural Environment and Information Aesthetics,2012,M/C Journal,article,Visual Culture and Art Theory,Visual Arts and Performing Arts,Arts and Humanities,Social Sciences,https://doi.org/10.5204/mcj.482,2,8
W2019700215,Hepatic de Novo Synthesis of Glucose 6-Phosphate Is Not Affected in Peroxisome Proliferator-activated Receptor α-Deficient Mice but Is Preferentially Directed toward Hepatic Glycogen Stores after a Short Term Fast,2004,Journal of Biological Chemistry,article,Metabolism and Genetic Disorders,Clinical Biochemistry,"Biochemistry, Genetics and Molecular Biology",Life Sciences,https://doi.org/10.1074/jbc.m310067200,54,24
W1591803885,Syntheses and Uses of Isotopically Labelled Enamines,2004,,book-chapter,Chemical Reactions and Isotopes,Pharmaceutical Science,"Pharmacology, Toxicology and Pharmaceutics",Life Sciences,https://doi.org/10.1002/0470024763.ch20,2,0
W2076413815,Source of Phosphate in the Enzymic Reaction as a Point of Distinction among Aminoglycoside 2″-Phosphotransferases,2009,Journal of Biological Chemistry,article,Biochemical and Molecular Research,Molecular Biology,"Biochemistry, Genetics and Molecular Biology",Life Sciences,https://doi.org/10.1074/jbc.m808148200,40,43
W2564417333,"Taking Back the Laugh: Comedic Alibis, Funny Fails",2016,Critical Inquiry,article,Humor Studies and Applications,Social Psychology,Psychology,Social Sciences,https://doi.org/10.1086/689658,20,10
W2071533645,"Production, Secretion, and Biological Activity of the C-Terminal Flanking Peptide of Human Progastrin",2006,Gastroenterology,article,Helicobacter pylori-related gastroenterology studies,Surgery,Medicine,Health Sciences,https://doi.org/10.1053/j.gastro.2006.08.040,22,54
W3105331436,ESC: Sonic Adventure in the Anthropocene,2020,Journal of the American Musicological Society,article,Ecocriticism and Environmental Literature,Literature and Literary Theory,Arts and Humanities,Social Sciences,https://doi.org/10.1525/jams.2020.73.2.442,4,0
